parameter,value
function,WFG6
dimension,24
population_size,120
max_generation,2000
seed,1
constraint,0
output_filename,results/WFG6
bits_per_variable,16
total_bits,384
crossover_rate,1
bit_mutation_rate,0.01
M,2
k,4
l,20

snapshot_generation_200
index,bit0,bit1,bit2,bit3,bit4,bit5,bit6,bit7,bit8,bit9,bit10,bit11,bit12,bit13,bit14,bit15,bit16,bit17,bit18,bit19,bit20,bit21,bit22,bit23,bit24,bit25,bit26,bit27,bit28,bit29,bit30,bit31,bit32,bit33,bit34,bit35,bit36,bit37,bit38,bit39,bit40,bit41,bit42,bit43,bit44,bit45,bit46,bit47,bit48,bit49,bit50,bit51,bit52,bit53,bit54,bit55,bit56,bit57,bit58,bit59,bit60,bit61,bit62,bit63,bit64,bit65,bit66,bit67,bit68,bit69,bit70,bit71,bit72,bit73,bit74,bit75,bit76,bit77,bit78,bit79,bit80,bit81,bit82,bit83,bit84,bit85,bit86,bit87,bit88,bit89,bit90,bit91,bit92,bit93,bit94,bit95,bit96,bit97,bit98,bit99,bit100,bit101,bit102,bit103,bit104,bit105,bit106,bit107,bit108,bit109,bit110,bit111,bit112,bit113,bit114,bit115,bit116,bit117,bit118,bit119,bit120,bit121,bit122,bit123,bit124,bit125,bit126,bit127,bit128,bit129,bit130,bit131,bit132,bit133,bit134,bit135,bit136,bit137,bit138,bit139,bit140,bit141,bit142,bit143,bit144,bit145,bit146,bit147,bit148,bit149,bit150,bit151,bit152,bit153,bit154,bit155,bit156,bit157,bit158,bit159,bit160,bit161,bit162,bit163,bit164,bit165,bit166,bit167,bit168,bit169,bit170,bit171,bit172,bit173,bit174,bit175,bit176,bit177,bit178,bit179,bit180,bit181,bit182,bit183,bit184,bit185,bit186,bit187,bit188,bit189,bit190,bit191,bit192,bit193,bit194,bit195,bit196,bit197,bit198,bit199,bit200,bit201,bit202,bit203,bit204,bit205,bit206,bit207,bit208,bit209,bit210,bit211,bit212,bit213,bit214,bit215,bit216,bit217,bit218,bit219,bit220,bit221,bit222,bit223,bit224,bit225,bit226,bit227,bit228,bit229,bit230,bit231,bit232,bit233,bit234,bit235,bit236,bit237,bit238,bit239,bit240,bit241,bit242,bit243,bit244,bit245,bit246,bit247,bit248,bit249,bit250,bit251,bit252,bit253,bit254,bit255,bit256,bit257,bit258,bit259,bit260,bit261,bit262,bit263,bit264,bit265,bit266,bit267,bit268,bit269,bit270,bit271,bit272,bit273,bit274,bit275,bit276,bit277,bit278,bit279,bit280,bit281,bit282,bit283,bit284,bit285,bit286,bit287,bit288,bit289,bit290,bit291,bit292,bit293,bit294,bit295,bit296,bit297,bit298,bit299,bit300,bit301,bit302,bit303,bit304,bit305,bit306,bit307,bit308,bit309,bit310,bit311,bit312,bit313,bit314,bit315,bit316,bit317,bit318,bit319,bit320,bit321,bit322,bit323,bit324,bit325,bit326,bit327,bit328,bit329,bit330,bit331,bit332,bit333,bit334,bit335,bit336,bit337,bit338,bit339,bit340,bit341,bit342,bit343,bit344,bit345,bit346,bit347,bit348,bit349,bit350,bit351,bit352,bit353,bit354,bit355,bit356,bit357,bit358,bit359,bit360,bit361,bit362,bit363,bit364,bit365,bit366,bit367,bit368,bit369,bit370,bit371,bit372,bit373,bit374,bit375,bit376,bit377,bit378,bit379,bit380,bit381,bit382,bit383,x0,x1,x2,x3,x4,x5,x6,x7,x8,x9,x10,x11,x12,x13,x14,x15,x16,x17,x18,x19,x20,x21,x22,x23,f0,f1,rank,crowding_distance,constraint_violation,evaluated
0,0,0,0,0,0,0,0,1,1,1,0,1,1,1,1,1,0,0,0,0,0,0,1,1,0,0,0,0,0,0,0,0,1,1,1,1,1,0,1,1,1,0,0,1,0,0,1,1,1,1,1,1,1,1,1,1,1,1,1,1,1,0,1,0,1,1,0,0,1,0,1,1,0,1,0,0,1,1,1,0,1,1,0,0,0,1,0,0,0,1,1,0,1,1,0,0,0,0,0,1,1,1,0,0,0,0,1,1,1,1,0,1,1,1,0,0,0,1,0,0,1,1,1,1,0,0,0,0,0,0,1,0,0,0,0,0,0,1,0,0,0,0,1,0,0,0,1,0,0,0,0,0,0,1,0,1,1,1,0,1,0,0,0,1,1,1,1,0,0,0,1,1,1,0,0,1,1,1,0,0,1,0,0,0,0,0,0,1,1,1,0,0,1,1,0,0,0,1,1,1,1,1,0,1,1,0,0,1,0,0,0,1,1,1,0,1,1,1,1,1,0,1,1,1,0,0,0,1,1,1,0,1,0,1,1,1,0,0,1,0,1,1,0,0,1,0,0,0,1,1,0,1,0,0,1,1,1,1,0,0,1,0,0,1,0,0,0,0,0,1,1,0,0,0,0,1,1,1,0,1,1,1,0,0,0,1,0,0,1,1,0,0,1,0,0,0,0,1,1,1,1,1,1,1,1,1,0,0,1,0,0,0,0,0,1,1,0,1,0,1,1,0,1,1,1,1,1,1,1,1,0,1,0,1,0,0,0,0,0,1,1,1,1,0,0,0,1,0,1,1,1,0,1,1,0,0,1,0,0,1,0,1,0,1,0,1,0,1,1,1,0,0,0,1,1,1,1,1,0,0,0,1,1,0,0.014618142977035172,0.046875715266651408,5.8963607232776374,7.9993896391241321,7.941710536354619,9.2074158846417955,1.5443045700770579,12.308781567101549,2.2681620508125429,2.528419928282597,2.5972991531242848,18.760540169375144,20.297337300679025,3.2774547951476309,3.4506752117189285,25.103410391393911,26.698832684824904,4.1858548867017626,29.761593041886016,31.282825970855267,31.472281986724653,5.1872129396505686,36.177401388570992,37.458091096360725,2.0944664602621423,0.15793377011538517,0,inf,0,1
1,0,0,0,0,1,0,1,1,0,0,1,1,1,1,1,0,0,0,0,0,1,0,1,1,0,1,1,1,0,0,1,0,0,0,0,0,1,0,1,1,1,0,0,1,0,0,1,0,0,0,0,0,1,0,1,1,0,1,0,0,0,1,1,1,1,1,0,0,1,0,1,1,0,0,0,1,0,0,0,1,1,1,0,0,1,0,1,0,1,0,1,1,1,0,1,1,0,0,1,0,0,0,0,1,0,0,0,1,1,1,0,1,1,1,0,0,1,0,0,0,1,0,1,0,0,1,0,0,0,0,1,0,0,0,0,0,1,1,0,1,0,0,0,1,0,0,1,0,0,0,0,1,1,1,0,1,1,0,0,1,0,0,0,1,1,1,1,0,0,1,0,1,1,1,0,0,1,1,0,0,1,0,0,0,0,1,0,1,1,1,0,0,1,1,0,0,0,1,1,1,0,1,0,1,1,0,1,1,0,0,0,1,1,1,0,1,1,0,0,0,0,0,1,1,0,0,0,1,1,1,0,1,1,1,1,0,0,0,1,0,1,1,0,0,1,0,0,0,1,1,0,1,0,0,1,0,1,1,0,0,1,0,0,1,0,0,0,1,0,1,0,0,0,0,0,1,1,1,0,1,1,1,0,0,0,1,0,0,1,1,0,0,1,0,0,0,0,1,1,1,1,1,1,1,1,1,0,0,1,0,0,0,0,0,1,1,0,1,0,1,1,0,1,1,1,1,1,1,1,1,0,1,0,1,0,0,0,0,0,1,1,1,1,0,0,0,1,0,1,1,1,0,1,1,0,0,1,0,0,1,0,1,0,1,0,1,0,1,1,1,0,0,0,1,1,1,1,1,0,0,0,1,1,0,0.087830930037384597,0.17883573662928207,0.27118333714808879,0.35242236972610058,7.9324025329976342,9.5031357289997711,1.8109102006561382,12.54023041123064,2.3074387731746393,2.6443884946974898,2.609048599984741,18.78397802700847,20.247348744945448,3.2278934920271611,3.5019455252918288,25.102922102693217,26.706095979247731,4.1858548867017626,29.761593041886016,31.282825970855267,31.472281986724653,5.1872129396505686,36.177401388570992,37.458091096360725,0.15582710296055954,4.0954030550336551,0,inf,0,1
2,1,0,0,1,1,1,1,1,1,1,0,0,0,1,0,0,1,0,1,0,1,0,0,0,1,1,1,0,0,0,0,1,0,0,1,1,0,0,1,0,1,1,0,1,0,0,1,0,0,0,1,1,0,0,1,1,1,0,0,1,0,1,1,1,1,1,0,0,1,0,1,1,0,0,1,0,1,0,0,1,1,1,0,0,1,1,0,0,1,0,1,0,1,1,0,1,0,0,0,1,1,1,0,0,1,0,1,1,1,1,0,1,1,1,0,0,0,1,0,1,1,1,1,1,0,0,1,1,0,0,1,0,0,0,0,0,0,1,1,1,0,0,1,0,0,0,1,0,0,0,0,0,0,1,0,1,1,1,0,1,0,0,0,1,1,1,1,0,0,0,1,1,0,0,0,1,1,1,0,0,1,0,0,0,0,1,0,1,1,1,0,0,1,1,0,0,0,1,1,1,0,1,0,1,1,0,1,1,0,0,0,1,1,1,0,1,1,0,0,1,0,1,1,1,0,0,0,1,1,1,0,1,0,0,1,0,0,0,0,0,1,1,0,0,1,0,1,0,1,1,0,0,1,1,1,1,1,1,0,0,1,0,0,1,1,0,0,1,1,1,1,1,0,0,0,1,1,1,0,0,1,1,1,0,0,1,0,1,1,1,0,0,1,0,0,0,0,1,1,1,0,0,1,1,1,1,0,0,1,0,0,0,1,0,1,1,0,1,0,0,1,0,1,1,1,1,1,1,1,1,0,1,0,1,0,0,0,0,0,1,1,1,1,0,0,0,1,0,1,1,1,0,1,1,0,0,1,0,0,1,0,1,0,0,0,0,0,1,1,1,0,0,0,1,1,1,1,1,0,0,0,1,0,1,1.2481879911497673,2.6387731746395056,1.1911192492561227,1.6122072175173572,7.9360646982528413,9.5943236438544304,1.571648737315938,12.372014953841459,2.2813458457312885,2.528419928282597,2.5946135652704663,18.78397802700847,20.247348744945448,3.2364385442893111,3.4131380178530555,25.351461051346607,26.778210116731518,4.0633554589150833,29.754634927901122,31.360341802090485,31.472281986724653,5.1872129396505686,36.163363088426031,37.457358663309684,1.5764713011596125,2.7919569517995377,0,0.064472617022370157,0,1
3,1,0,0,0,1,0,1,0,0,1,0,0,1,1,1,1,0,1,0,1,0,0,0,0,1,0,1,0,1,1,0,0,0,1,1,1,0,0,1,1,1,1,0,1,0,1,1,1,1,1,0,0,1,0,0,1,0,1,1,1,1,0,1,1,1,1,0,0,0,1,1,1,1,0,0,0,1,0,0,0,1,1,0,0,0,1,0,0,1,1,1,0,1,1,0,1,0,0,0,1,1,1,0,0,1,0,1,1,1,1,0,1,1,1,0,0,0,1,0,0,1,0,1,1,0,0,0,0,0,0,1,0,0,0,0,0,1,0,0,0,0,0,1,0,0,0,1,0,0,0,0,0,0,1,0,1,1,1,0,1,0,0,0,1,1,1,1,0,0,1,0,1,0,0,0,0,1,1,0,0,1,0,1,0,1,1,0,1,1,1,1,0,1,1,0,0,0,1,1,1,0,1,0,1,1,0,1,1,0,0,0,1,1,1,0,1,1,0,0,0,0,0,0,1,0,0,0,1,1,1,0,1,1,1,1,1,0,0,1,0,1,1,0,0,1,0,0,0,1,1,0,1,0,0,1,1,1,1,0,0,1,0,0,1,0,0,0,1,0,1,0,0,0,0,0,1,1,1,0,1,1,1,0,0,0,1,0,0,1,1,0,0,1,0,0,0,0,1,1,1,1,1,1,1,1,1,0,0,1,0,0,0,0,0,1,1,0,1,0,1,1,0,1,1,1,1,1,1,1,1,0,1,0,1,0,0,0,0,0,1,1,1,1,0,0,0,1,0,1,1,1,0,1,1,0,0,1,0,0,1,0,0,0,0,0,1,0,1,1,1,0,0,0,1,1,1,1,1,0,0,0,1,0,0,1.0805523765926603,1.260517280842298,2.7150377660791944,6.2963607232776377,7.7943083848325321,9.2310368505378815,1.571648737315938,12.293156328679332,2.2857404440375371,2.528419928282597,2.6050202182040132,19.019089036392767,20.247348744945448,3.2270389868009461,3.509269855802243,25.103410391393911,26.706095979247731,4.1858548867017626,29.761593041886016,31.282825970855267,31.472281986724653,5.1872129396505686,36.121248187991149,37.456626230258642,1.5302947516801206,2.8763594236285392,0,0.056021734501727774,0,1
4,0,0,1,0,1,0,1,0,1,1,0,0,1,1,0,1,0,0,0,0,0,0,1,1,0,0,0,0,0,0,0,0,1,1,1,1,1,0,1,1,1,0,0,1,0,1,1,1,1,1,1,1,1,1,1,1,1,1,1,1,1,0,1,0,1,1,0,0,1,0,1,1,0,1,0,0,1,1,1,0,1,1,0,0,1,0,0,0,1,1,0,0,1,1,0,0,0,0,0,1,1,1,1,0,0,0,1,1,1,1,0,1,1,1,0,0,1,0,0,0,1,0,1,0,0,0,0,1,0,0,1,0,0,0,0,0,0,0,0,0,0,0,1,0,0,0,1,0,0,0,0,0,0,1,0,1,1,1,0,1,0,0,0,1,1,1,1,0,0,1,0,1,0,0,0,0,1,1,0,0,1,0,1,0,1,1,1,1,1,1,1,0,1,1,0,0,0,1,1,1,0,1,0,0,1,0,1,1,0,0,0,1,1,1,0,1,1,1,1,0,0,0,1,1,0,0,0,1,1,1,0,1,0,0,1,0,0,0,0,0,1,1,0,0,1,0,0,0,1,1,0,1,0,0,1,0,1,1,0,0,1,0,0,1,0,0,0,1,0,1,1,0,0,0,0,1,1,1,0,1,1,1,0,0,0,1,0,1,1,1,0,0,1,0,0,0,0,0,1,1,1,1,1,1,1,1,0,0,1,0,0,0,0,0,1,1,1,1,0,1,1,0,1,1,1,1,1,1,1,1,0,1,0,1,0,0,0,0,0,1,1,1,1,0,0,0,1,0,1,0,1,0,1,1,0,0,1,0,0,1,0,1,0,1,1,1,0,1,1,1,0,0,0,1,1,1,1,1,0,0,0,1,0,1,0.33438620584420536,0.046875715266651408,5.8967269398031581,7.9993896391241321,7.941710536354619,9.4124971389333947,1.6536812390325779,12.539497978179599,2.2505836575875486,2.528419928282597,2.6050202182040132,19.03080796520943,20.241000991836422,3.268909742885481,3.4131380178530555,25.102922102693217,26.707133592736707,4.1864042114900437,29.72448310063325,31.28770885786221,31.472281986724653,5.1845273517967501,36.183016708628976,37.457358663309684,2.0888215889875954,0.26531851479272339,0,0.055547542131632897,0,1
5,0,0,0,0,0,0,0,1,1,1,1,0,0,1,0,0,0,0,0,0,1,0,0,0,1,0,1,0,0,0,1,0,0,0,0,0,1,1,1,0,1,1,0,1,0,1,0,1,0,0,0,0,1,0,1,1,0,1,0,0,0,1,1,1,1,1,0,0,0,1,1,1,1,1,0,0,1,0,1,0,1,1,0,0,0,1,0,0,0,1,1,0,1,1,0,0,0,0,0,1,1,1,0,0,0,0,1,1,1,1,0,1,1,1,0,0,0,1,0,0,1,1,1,1,0,0,0,0,0,0,1,0,0,0,0,0,0,1,0,0,0,0,1,0,0,0,1,0,0,0,0,0,0,1,0,1,1,1,0,1,0,0,0,1,1,1,1,1,0,0,1,1,0,0,0,1,1,1,0,0,1,0,0,0,0,1,0,1,1,1,0,0,1,1,0,0,0,1,1,1,1,1,0,1,1,0,0,1,0,0,0,1,1,1,0,1,1,1,1,1,0,1,1,1,0,0,0,1,1,1,0,1,0,1,1,1,0,0,1,0,1,1,0,0,1,0,0,0,1,1,0,1,0,0,1,0,1,1,0,0,1,0,0,1,0,0,0,0,0,1,1,0,0,0,0,1,1,1,0,0,1,1,1,0,0,1,0,1,1,1,0,0,1,0,0,0,0,1,1,1,0,0,1,1,1,1,0,0,1,0,0,0,1,0,1,1,0,1,0,0,1,0,1,1,1,1,1,1,1,1,0,1,0,1,0,0,0,0,0,1,1,1,1,0,0,0,1,0,1,1,1,0,1,1,0,0,1,0,0,1,0,1,0,0,0,0,0,1,1,1,0,0,0,1,1,1,1,1,0,0,0,1,1,0,0.014770733196002136,0.13488975356679636,0.34763103685053787,0.35242236972610058,7.8043793392843517,9.2074158846417955,1.5443045700770579,12.308781567101549,2.2681620508125429,2.528419928282597,2.6805523765926602,18.78397802700847,20.297337300679025,3.2774547951476309,3.4506752117189285,25.102922102693217,26.698832684824904,4.0633554589150833,29.754634927901122,31.360341802090485,31.472281986724653,5.1872129396505686,36.163363088426031,37.458091096360725,0.24117537016997234,4.0838088340785248,0,0.051100776090879388,0,1
6,0,0,0,0,0,1,1,0,1,0,1,0,1,0,1,0,0,0,0,0,1,0,0,0,1,1,1,0,0,0,1,1,1,0,0,0,1,0,1,0,1,1,1,1,1,0,1,0,0,1,0,0,0,1,0,1,1,1,0,0,1,0,1,1,1,1,0,0,0,1,1,1,1,1,0,0,1,0,1,1,1,1,0,0,0,1,0,0,1,1,1,0,1,1,0,0,0,0,0,1,1,1,0,0,1,0,1,1,1,1,0,1,1,1,0,0,0,1,0,0,1,0,1,1,0,0,0,0,0,0,1,0,0,0,0,0,0,1,0,0,0,0,1,0,0,0,1,0,0,0,0,0,0,1,0,1,1,1,0,0,0,0,0,1,1,1,1,0,0,1,0,1,0,0,0,0,1,1,0,0,1,0,1,0,1,1,0,1,1,1,0,0,1,1,0,0,0,1,1,1,0,1,0,1,1,0,1,1,0,0,0,1,1,1,0,1,1,1,1,0,0,0,1,0,0,0,0,1,1,1,0,1,0,0,1,0,0,0,0,0,1,1,0,0,1,0,0,0,1,1,0,1,0,1,1,0,1,1,0,0,1,0,0,1,0,0,0,1,0,1,1,0,0,0,0,1,1,1,0,1,1,1,0,0,0,1,0,1,1,1,0,0,1,0,0,1,0,0,1,1,1,1,1,1,1,1,0,0,1,0,0,0,0,0,1,1,1,1,0,0,1,0,1,1,1,1,1,1,1,1,0,1,0,1,0,0,0,0,0,1,1,1,1,1,0,0,1,0,1,1,1,1,1,1,0,0,1,0,0,1,0,1,0,0,1,0,0,0,1,1,0,0,0,1,1,1,1,1,0,0,0,1,0,0,0.052063782711528193,0.13885709925993744,3.2573128862439917,2.1810635538261995,7.8045319295033186,9.2308537422751211,1.571648737315938,12.293156328679332,2.2681620508125429,2.5281147478446631,2.6050202182040132,19.018356603341726,20.247348744945448,3.2684824902723735,3.4131380178530555,25.104875257495994,26.707133592736707,4.1864042114900437,29.872922865644313,31.287098496986342,31.472281986724653,5.3597619592584111,36.168276493476768,37.456626230258642,1.3827694662120569,3.1557119389112493,0,0.050339217368010072,0,1
7,0,1,0,0,1,0,0,0,1,1,1,0,0,1,0,0,0,0,0,0,1,0,0,0,1,0,1,0,0,0,1,1,1,0,0,0,1,1,1,0,1,1,1,1,1,0,1,1,0,1,0,0,0,1,0,1,1,1,0,0,1,0,1,1,1,1,0,0,1,0,1,0,0,0,1,1,1,0,1,1,1,1,0,0,1,0,1,0,1,1,0,0,1,1,1,0,0,0,0,1,1,1,1,0,0,0,1,1,0,1,0,1,1,1,0,0,0,1,0,1,1,1,1,0,0,0,0,0,0,0,1,0,0,0,0,0,0,1,0,1,1,0,1,0,0,0,1,0,0,0,0,0,0,1,0,1,1,1,0,1,0,0,0,1,1,1,1,1,0,0,1,1,0,0,0,1,1,1,0,0,1,0,0,0,0,0,0,1,1,1,0,0,1,1,0,0,0,1,1,1,0,1,0,1,1,0,0,1,0,0,0,1,1,1,0,1,1,1,1,0,1,0,1,1,0,0,0,1,1,1,0,1,1,1,1,0,0,0,1,0,1,1,0,0,1,0,0,0,1,1,0,1,0,0,1,0,1,1,0,0,1,0,0,1,0,0,1,1,0,1,0,0,0,0,0,1,1,1,0,1,1,1,0,0,0,1,0,0,1,1,0,0,1,0,0,0,0,1,1,1,1,1,1,1,1,1,0,0,1,0,0,0,0,0,1,1,0,0,0,0,1,0,1,1,1,1,1,1,1,1,0,1,1,1,0,0,0,0,0,1,1,1,1,0,1,0,0,0,1,1,0,0,1,1,0,0,1,0,0,1,0,0,0,0,0,1,0,1,1,1,0,0,0,1,1,1,1,1,0,1,0,1,0,1,0.56946669718471044,0.13495078965438315,3.3511558709086748,2.1810635538261995,7.899748226138704,9.5066147859922179,1.6519722285801479,12.367376211184864,2.2747539482719157,2.528419928282597,2.6805523765926602,18.760540169375144,20.24655527580682,3.272327763790341,3.5019455252918288,25.102922102693217,26.722697795071337,4.1858548867017626,29.761593041886016,31.279774166475928,31.477409018081943,5.2503242542153048,36.121248187991149,37.469077592126347,1.3470444390634781,3.2038747608642963,0,0.048026382251240785,0,1
8,1,0,1,1,1,1,1,0,0,0,1,0,0,0,1,1,1,0,0,0,0,0,1,1,0,0,1,0,0,1,0,1,1,1,1,1,1,0,0,0,1,1,0,1,0,0,1,1,0,1,1,1,1,1,0,1,1,1,0,1,0,0,0,1,1,1,0,0,1,0,1,1,1,0,0,0,1,0,1,1,1,1,0,0,1,0,0,0,1,1,0,0,1,1,1,0,0,0,0,1,1,1,1,0,0,0,1,1,1,1,0,1,1,1,0,0,0,1,0,0,1,0,1,1,0,0,0,0,0,0,1,0,0,0,0,0,0,1,0,0,0,0,1,0,0,0,1,0,0,0,0,0,0,1,0,1,1,1,0,0,0,0,0,1,1,1,1,0,0,1,0,1,0,0,0,0,1,1,0,0,1,0,1,0,1,1,0,1,1,1,0,0,1,1,0,0,0,1,1,1,0,1,0,1,1,0,1,1,0,0,0,1,1,1,0,1,1,1,1,0,0,0,1,0,0,0,0,1,1,1,0,1,0,0,1,0,0,0,0,0,1,1,0,0,1,0,0,0,1,1,0,1,0,1,1,0,1,1,0,0,1,0,0,1,0,0,0,1,0,1,1,0,0,0,0,1,1,1,0,0,1,1,0,0,0,1,0,1,1,1,0,0,1,0,0,1,0,0,1,1,1,1,1,1,1,1,0,0,1,0,0,0,0,0,1,1,1,1,0,0,1,0,1,1,1,1,1,1,1,1,0,1,0,1,0,0,0,0,0,1,1,1,1,1,0,0,1,0,1,1,1,1,1,1,0,0,1,0,0,1,0,1,0,0,1,0,0,0,1,1,0,0,0,1,1,1,1,1,0,1,0,1,0,0,1.4854657816433967,2.0491645685511557,5.8319066147859919,3.9318226901655602,7.9510185397116038,9.4128633554589154,1.6536812390325779,12.293156328679332,2.2681620508125429,2.5281147478446631,2.6050202182040132,19.018356603341726,20.247348744945448,3.2684824902723735,3.4131380178530555,25.104875257495994,26.707133592736707,4.0457770656900891,29.872922865644313,31.287098496986342,31.472281986724653,5.3597619592584111,36.168276493476768,37.468345159075305,1.7254695786344789,2.4152936895796215,0,0.047736795151277281,0,1
9,0,0,1,0,1,0,0,0,1,0,1,0,0,1,0,0,0,0,0,0,1,0,0,0,1,0,1,1,0,0,1,0,0,0,1,0,1,1,1,0,1,1,0,1,0,1,0,1,0,0,0,0,1,0,1,1,0,1,1,0,0,1,1,1,1,1,0,0,0,1,1,1,1,1,0,0,1,1,1,1,1,1,0,0,0,1,0,0,1,1,1,0,1,1,0,1,0,0,0,1,1,1,0,1,0,0,1,0,1,1,0,1,1,1,0,0,1,0,0,0,1,0,1,1,0,0,1,1,0,0,1,0,0,0,0,0,0,1,0,0,0,0,1,0,0,0,1,0,0,0,0,0,0,1,0,1,1,1,0,1,0,0,0,1,1,1,1,1,0,0,1,1,0,0,0,1,1,1,0,0,1,0,0,0,0,1,0,1,1,1,0,0,1,1,0,0,0,1,1,1,0,1,0,1,1,0,0,1,0,0,0,1,1,1,0,1,1,1,1,0,0,1,1,1,0,0,0,1,1,1,0,1,0,1,1,1,0,0,1,0,1,1,0,0,1,0,0,0,1,1,0,1,0,0,1,0,1,1,0,0,1,0,1,1,0,0,0,0,0,1,1,1,0,0,0,1,1,1,0,1,1,1,0,0,1,1,0,1,1,1,0,0,1,0,0,0,0,1,1,1,1,1,1,1,1,1,0,0,1,0,1,0,0,0,1,1,0,1,0,1,1,0,1,1,1,1,1,1,1,1,0,1,0,1,0,0,0,0,0,1,1,1,1,0,0,0,0,0,1,0,1,0,1,1,0,0,1,0,0,1,0,1,0,0,0,0,0,1,1,1,0,0,0,1,1,1,1,1,1,0,0,1,0,1,0.31750972762645913,0.13586633096818493,1.0976424811169603,0.35632867933165485,7.8051422903791865,9.2310368505378815,1.5955748836499579,12.543892576485847,2.2681620508125429,2.528419928282597,2.6805523765926602,18.78397802700847,20.24655527580682,3.270618753337911,3.4506752117189285,25.102922102693217,26.964980544747082,4.1907988097962923,29.761593041886016,31.595330739299609,31.472281986724653,5.1630426489662016,36.163363088426031,37.480796520943009,0.57268327141304176,3.9759915076246592,0,0.047380112351075698,0,1
10,0,0,0,0,1,0,0,0,1,1,1,0,0,1,0,0,0,0,0,0,0,0,0,0,1,0,1,0,0,0,1,0,0,0,1,0,1,1,1,0,1,1,0,1,0,1,0,1,0,0,0,0,1,0,1,1,0,1,0,0,0,1,1,1,1,1,0,0,0,1,1,1,1,1,0,0,1,0,1,0,1,1,0,0,1,0,1,0,0,0,0,0,1,0,0,1,0,0,0,1,1,1,0,1,0,0,1,1,1,1,0,1,1,1,0,0,0,1,0,0,1,0,1,1,1,0,1,0,0,0,1,0,0,0,0,0,0,1,0,0,0,0,1,0,0,0,1,0,0,0,0,0,0,1,0,1,1,1,1,1,0,0,0,1,1,1,1,1,0,0,1,1,0,0,0,1,1,1,0,0,1,0,0,0,0,1,0,1,0,1,0,0,1,1,0,0,0,1,1,1,0,1,0,1,1,0,0,1,0,0,0,1,1,1,0,1,1,1,1,0,0,1,1,1,0,0,0,1,1,1,0,1,0,1,1,0,0,0,0,0,1,1,0,0,1,0,0,0,1,1,0,1,0,0,1,0,1,1,0,0,1,0,0,1,0,0,0,1,0,1,0,0,0,0,0,1,1,1,0,1,1,1,0,0,0,1,0,0,1,1,0,0,1,0,0,0,0,1,1,1,1,1,1,1,1,1,0,0,1,0,0,0,0,0,1,1,0,1,0,1,1,0,1,1,1,1,1,1,1,1,0,1,0,1,0,0,0,0,0,1,1,1,1,0,0,0,1,0,1,1,1,0,1,1,0,0,1,0,0,1,0,1,0,1,0,1,0,1,1,1,0,0,0,1,1,1,1,1,0,0,0,1,1,0,0.069459067673762115,0.0098878461890592809,1.0976424811169603,0.35242236972610058,7.8043793392843517,9.4705424582284277,1.5989929045548179,12.295597772182804,2.2681620508125429,2.5290302891584648,2.6805523765926602,18.781048294804304,20.24655527580682,3.270618753337911,3.4424353398947125,25.102922102693217,26.706095979247731,4.1858548867017626,29.761593041886016,31.282825970855267,31.472281986724653,5.1872129396505686,36.177401388570992,37.458091096360725,0.51670903960110393,3.9992778101599602,0,0.044821585081351846,0,1
11,0,0,0,1,0,1,1,0,1,1,1,0,0,0,0,1,0,1,0,0,1,0,0,0,1,0,1,0,0,1,1,0,1,1,1,1,1,0,1,1,1,1,0,1,0,0,1,1,1,1,1,0,1,1,0,1,0,1,1,0,1,0,0,0,1,1,0,0,1,0,0,1,0,0,0,0,0,0,1,0,1,1,0,0,1,0,1,0,1,0,0,0,1,1,0,1,0,0,0,1,1,1,0,1,0,0,1,0,0,1,0,1,1,1,0,0,1,1,0,0,1,0,1,1,0,0,1,0,0,0,1,0,0,0,0,0,1,0,0,1,1,1,1,0,0,0,1,0,0,0,0,0,0,1,0,1,1,1,0,1,0,0,0,1,1,1,1,1,0,0,1,1,0,0,0,1,1,1,0,0,1,0,0,0,0,1,0,1,1,1,1,0,1,1,0,0,0,1,1,1,0,1,0,1,1,1,0,1,0,0,0,1,1,1,0,1,1,1,1,0,0,1,1,0,0,0,0,1,1,1,0,1,0,1,1,1,0,0,1,0,1,1,0,0,1,0,0,0,1,1,0,1,0,0,1,0,1,1,0,0,1,0,1,1,0,0,0,0,0,1,0,1,0,0,0,1,1,1,0,1,1,1,0,0,1,1,0,1,1,1,0,0,1,0,0,0,0,1,1,1,1,1,1,1,1,1,0,0,1,0,1,0,0,0,1,1,0,1,0,1,1,0,1,1,1,1,1,1,1,1,0,1,0,1,0,0,0,0,0,1,1,1,1,0,0,0,1,0,1,1,1,0,1,1,0,0,1,0,0,1,0,1,0,1,0,1,0,1,1,1,0,0,0,1,1,1,1,1,0,0,0,1,1,0,0.17874418249790189,1.1351491569390402,5.9022201876859688,7.4190585183489741,7.8519874876020443,9.4947127489127947,1.5938658731975279,12.793652246890975,2.293430991073472,2.528419928282597,2.6805523765926602,18.784710460059511,20.248142214084076,3.2701915007248035,3.4506752117189285,25.102922102693217,26.963942931258106,4.1907988097962923,29.761593041886016,31.595330739299609,31.472281986724653,5.1872129396505686,36.177401388570992,37.458091096360725,2.0687865854265501,0.76112204055448707,0,0.044699342405209792,0,1
12,0,0,0,1,0,1,1,1,1,0,1,1,1,1,1,1,0,1,0,0,0,0,1,1,0,0,1,0,0,1,1,1,1,1,0,1,1,1,1,1,1,0,0,1,0,0,1,1,1,1,1,1,1,1,0,1,1,1,0,1,0,0,1,1,1,1,0,0,1,0,1,0,1,0,0,0,1,0,1,1,1,1,0,0,1,0,0,0,1,1,0,0,1,1,1,0,0,0,0,1,1,1,1,0,0,0,1,1,1,1,0,1,1,1,0,0,0,1,0,1,1,1,1,0,0,1,0,0,0,0,1,0,0,0,0,0,0,1,0,1,1,0,1,0,0,0,1,0,0,0,0,0,0,1,0,1,1,1,0,1,0,0,0,1,1,1,1,1,0,0,1,1,0,0,0,1,1,1,0,0,1,0,0,0,0,1,0,0,1,1,0,0,1,1,0,0,0,1,1,0,0,1,0,1,1,0,1,1,0,0,0,1,1,1,0,1,1,0,0,0,0,0,1,1,0,0,0,1,1,1,0,1,1,1,1,0,0,0,1,0,1,1,0,0,1,0,0,0,1,1,0,1,0,0,1,1,1,1,0,0,1,0,0,1,0,0,0,1,0,1,0,0,0,0,0,1,1,1,0,1,1,1,0,0,0,1,0,0,1,1,0,0,1,0,0,0,0,1,1,1,1,1,1,1,1,1,0,0,1,0,0,0,0,0,1,1,0,1,0,1,1,0,1,1,1,1,1,1,1,1,0,1,0,1,0,0,0,0,0,1,1,1,1,0,0,0,1,0,1,1,1,0,1,1,0,0,1,0,0,1,0,1,0,0,0,1,0,1,1,1,0,0,0,1,1,1,1,1,0,0,0,1,1,0,0.1855191882200351,1.0492713817044328,5.2401007095445182,7.9321278706034946,7.9119554436560611,9.4128633554589154,1.6536812390325779,12.368352788586252,2.2747539482719157,2.528419928282597,2.6805523765926602,18.778118562600138,20.145784695201037,3.2278934920271611,3.5019455252918288,25.103410391393911,26.706095979247731,4.1858548867017626,29.761593041886016,31.282825970855267,31.472281986724653,5.1872129396505686,36.166170748455023,37.458091096360725,2.0568537915295444,0.81846720503976667,0,0.044362649287077026,0,1
13,1,0,0,1,1,0,1,0,1,1,1,0,1,1,0,1,1,0,1,0,1,0,0,0,1,0,1,1,1,0,0,1,1,1,1,1,1,0,0,0,1,0,0,1,0,0,1,1,0,0,0,1,1,0,1,1,0,1,0,0,0,1,0,1,1,1,0,0,0,1,1,1,1,1,0,0,1,0,1,1,1,1,0,0,0,1,0,0,1,1,1,0,1,1,1,0,0,0,0,1,1,1,1,0,0,0,1,1,1,1,0,1,1,1,0,0,0,1,0,1,1,1,1,1,0,0,0,0,0,0,1,0,0,0,0,0,0,1,1,0,0,0,1,0,0,0,1,0,0,0,0,0,0,0,0,1,0,1,0,1,0,0,0,1,1,1,1,1,0,1,1,1,1,1,0,1,1,1,0,0,1,0,0,0,0,1,0,1,1,1,0,0,1,1,0,0,0,1,1,1,0,1,0,1,1,0,1,1,0,0,0,1,1,1,0,1,1,0,0,0,0,0,1,1,0,0,0,1,1,1,0,1,1,0,1,0,0,0,1,0,1,1,0,0,1,0,0,0,1,1,0,1,0,0,1,0,1,1,0,0,1,0,0,0,0,0,0,1,0,1,0,0,0,0,0,1,1,1,0,1,1,1,0,0,0,1,0,0,1,1,0,0,1,0,0,0,0,1,1,1,1,1,1,1,1,1,0,0,1,0,0,0,0,0,1,1,0,0,0,0,1,0,1,1,1,1,1,1,1,1,0,1,0,1,0,0,0,0,0,1,1,1,1,0,1,0,1,0,1,1,1,0,1,1,0,0,1,0,0,1,0,0,0,0,0,1,0,1,1,1,0,0,0,1,1,1,1,1,0,0,0,1,0,1,1.2103761348897535,2.6363317311360341,5.8260471503776605,0.85218585488670173,7.8045319295033186,9.2312199588006418,1.6536812390325779,12.371282520790418,2.27695124742504,2.5064469367513542,2.7060654612039365,18.78397802700847,20.247348744945448,3.2278934920271611,3.4726482032501718,25.102922102693217,26.573281452658886,4.1858548867017626,29.761593041886016,31.279774166475928,31.472281986724653,5.2731517509727626,36.121248187991149,37.457358663309684,1.9525278403505673,1.5399355123760508,0,0.043587529385569181,0,1
14,1,0,0,1,1,0,0,0,1,0,1,1,1,1,0,1,1,0,1,0,1,0,0,0,1,0,1,1,0,1,1,0,1,1,0,1,1,0,1,1,1,1,0,1,0,0,1,1,1,1,0,0,1,1,0,1,0,0,0,0,1,0,0,1,1,1,0,0,1,0,0,1,0,0,0,0,0,1,0,0,1,1,0,0,1,0,1,0,1,0,1,0,1,0,0,1,0,0,0,1,1,1,0,1,0,0,1,1,0,0,0,1,1,1,0,0,0,1,0,1,0,1,1,1,0,0,1,0,0,0,1,0,0,0,0,0,0,1,0,0,1,0,1,0,0,0,1,0,0,0,0,0,0,1,0,1,1,1,0,1,0,0,0,1,1,1,1,0,0,1,0,1,0,0,0,0,1,1,0,0,1,0,1,0,0,1,0,1,1,1,0,0,1,1,0,0,0,1,1,1,0,1,0,1,1,0,1,1,0,0,0,1,1,1,0,1,1,1,1,0,0,0,1,1,0,0,0,1,1,1,0,1,0,1,1,0,0,0,0,0,1,1,0,0,1,0,0,0,1,1,0,1,0,0,1,0,1,1,0,0,1,0,0,1,0,0,0,1,0,1,1,0,0,0,0,1,1,1,0,1,1,1,0,0,0,1,0,1,1,1,0,0,1,0,0,0,0,1,1,1,1,1,1,1,1,1,0,0,1,0,0,0,0,0,1,1,0,1,0,1,1,0,1,1,1,1,1,1,1,1,1,1,0,1,0,0,0,0,0,1,1,1,1,0,0,0,1,0,1,1,0,0,1,1,0,0,1,0,0,1,0,1,0,1,0,1,0,1,1,1,0,0,0,1,1,1,1,1,0,0,0,1,0,0,1.1932860303654536,2.6361486228732738,5.1522087434195463,6.4074464026855882,7.8522926680399783,9.4998397802700847,1.5964293888761729,12.340520332646678,2.2703593499656671,2.528419928282597,2.6050202182040132,18.971480888075074,20.247348744945448,3.268909742885481,3.4424353398947125,25.102922102693217,26.707133592736707,4.1864042114900437,29.761593041886016,31.282825970855267,31.492790112153813,5.1858701457236593,36.177401388570992,37.456626230258642,1.4542127700454428,3.0197952509070842,0,0.043339691420480997,0,1
15,0,0,0,0,1,0,1,0,1,1,1,0,0,1,0,0,0,0,0,0,1,0,1,0,1,0,1,0,0,0,1,0,0,0,0,0,1,1,1,0,1,1,0,1,0,1,0,1,0,0,0,0,1,0,1,1,0,1,0,0,0,1,1,1,1,1,0,0,0,1,1,0,1,1,0,0,1,0,1,0,1,1,0,0,0,1,0,0,1,1,1,0,1,1,0,1,0,0,0,1,1,1,0,0,1,1,1,1,1,1,0,0,1,1,0,0,0,1,0,1,1,1,1,0,0,0,0,0,0,0,1,0,0,0,0,0,0,1,0,1,1,0,1,0,0,0,1,0,0,0,0,0,0,1,0,1,1,1,0,1,0,0,0,1,1,1,1,1,0,0,1,1,0,0,0,1,1,1,0,0,1,0,0,0,0,1,0,1,0,1,0,0,1,1,0,0,0,1,1,1,0,1,0,1,1,0,0,1,0,0,0,1,1,1,0,1,1,1,1,0,0,1,1,1,0,0,0,1,1,1,0,1,0,1,1,1,0,0,0,1,1,1,0,0,1,0,0,0,1,1,0,1,0,0,1,1,1,1,0,0,1,0,0,1,0,0,0,0,0,1,1,0,0,0,0,1,1,1,0,1,1,1,0,1,1,1,0,0,1,1,0,0,1,0,0,0,0,1,1,1,1,1,1,1,1,1,0,0,1,0,0,0,0,0,1,1,0,1,0,1,1,0,1,1,1,1,1,1,1,1,0,1,1,1,0,0,0,0,0,1,1,1,1,0,0,0,1,0,1,1,1,0,1,1,0,0,1,0,0,1,0,1,0,1,0,1,0,1,1,1,0,0,0,1,1,1,1,1,0,0,0,1,1,0,0.085084306095979251,0.16614023041123063,0.34763103685053787,0.35242236972610058,7.765316243228809,9.2310368505378815,1.5851071946288242,12.367376211184864,2.2747539482719157,2.528419928282597,2.6805523765926602,18.781048294804304,20.24655527580682,3.270618753337911,3.4502174410620277,25.103410391393911,26.698832684824904,4.1990386816205083,29.761593041886016,31.282825970855267,31.477409018081943,5.1872129396505686,36.177401388570992,37.458091096360725,0.18143407584898347,4.0870621657007149,0,0.043048043550471073,0,1
16,0,0,0,0,0,1,1,1,1,1,1,1,1,1,1,1,1,1,0,0,0,0,1,1,0,0,1,0,0,1,0,1,0,1,1,1,1,0,1,1,1,1,0,0,0,0,1,1,0,1,1,1,1,1,0,1,1,1,0,1,0,0,1,1,1,1,0,0,1,0,1,1,1,0,0,0,1,0,1,1,1,1,0,0,1,0,0,0,1,1,0,0,1,1,1,0,0,0,0,1,1,1,1,0,0,1,1,1,1,1,0,1,1,1,0,0,0,1,1,1,0,1,1,0,0,0,0,0,0,0,1,0,0,0,0,0,0,1,1,0,0,0,1,0,0,0,1,0,0,0,0,0,0,1,0,1,0,1,0,1,0,0,0,1,1,1,1,1,0,1,1,1,0,0,0,1,1,1,0,0,1,0,0,0,0,1,0,1,1,1,0,0,1,1,0,0,0,1,1,1,0,1,0,1,1,0,1,1,0,0,0,1,1,1,0,1,1,0,0,0,0,0,1,1,0,0,0,1,1,1,0,1,1,0,1,0,0,0,1,0,1,1,0,0,1,0,0,0,1,1,0,1,0,0,1,0,1,1,0,0,1,0,0,0,0,0,0,1,0,1,0,0,0,0,0,1,1,1,0,1,1,1,0,0,0,1,0,0,1,1,0,0,1,0,0,0,0,1,1,1,1,1,1,1,1,1,0,0,1,0,0,0,0,0,1,1,0,1,0,1,1,0,1,1,1,1,1,1,1,1,0,1,1,1,0,0,0,0,0,1,1,1,1,0,0,0,1,0,1,1,1,0,1,1,0,0,1,0,0,1,0,1,0,1,0,1,0,1,1,1,0,0,0,1,1,1,1,1,0,0,0,1,1,0,0.062470435645075151,3.0491798275730524,2.9007095445181963,3.9320668345159073,7.9510185397116038,9.4128633554589154,1.6673533226520179,12.461127641718166,2.27695124742504,2.5259784847791256,2.7020370794232087,18.78397802700847,20.247348744945448,3.2278934920271611,3.4726482032501718,25.102922102693217,26.573281452658886,4.1858548867017626,29.761593041886016,31.282825970855267,31.477409018081943,5.1872129396505686,36.177401388570992,37.458091096360725,1.7394178080509892,2.3538016797265597,0,0.042967562854586153,0,1
17,0,0,0,0,0,0,1,1,1,1,1,0,0,1,1,0,0,0,0,0,1,0,0,0,1,0,1,0,0,0,1,0,0,0,0,0,1,1,1,1,1,0,1,1,1,1,1,0,0,1,0,1,1,1,1,0,1,1,1,1,1,0,0,1,1,1,0,0,1,0,1,1,0,1,0,1,0,0,1,0,1,1,0,0,1,0,1,0,1,0,1,0,1,0,0,1,0,0,0,1,1,1,0,1,0,0,1,1,0,1,0,1,1,1,0,0,1,1,0,0,1,0,1,1,0,0,1,0,0,0,1,0,0,0,0,0,0,0,1,0,0,1,1,0,0,0,1,0,0,0,0,0,0,0,0,1,0,1,0,1,0,0,0,1,1,1,1,0,0,1,1,1,1,1,0,1,1,1,0,0,1,0,0,0,0,1,0,1,1,0,0,0,1,1,0,0,0,1,1,1,0,1,0,1,1,0,1,1,0,0,0,1,1,1,0,1,1,0,0,0,0,0,1,1,0,0,0,1,1,1,0,1,1,0,1,0,0,0,1,0,1,1,0,0,1,0,0,0,1,1,0,1,0,0,1,0,1,1,0,0,1,0,0,1,0,0,0,1,0,1,0,0,0,0,0,1,1,1,0,1,1,1,0,0,0,1,0,0,1,1,0,0,1,0,0,0,0,1,1,1,1,1,1,1,1,1,0,0,1,0,0,0,0,0,1,1,0,1,0,1,1,0,1,1,1,1,1,1,1,1,1,1,0,1,0,0,0,0,0,1,1,1,1,0,0,0,1,0,1,1,1,0,1,1,0,0,1,0,0,1,0,1,0,1,0,1,0,1,1,1,0,0,0,1,1,1,1,1,1,0,0,1,1,0,0.030457007705806057,0.13488975356679636,0.36896314946211944,2.9679407949950409,7.9423208972304868,9.4998397802700847,1.5972838941023879,12.793652246890975,2.2604715037766079,2.5064469367513542,2.6201266498817426,18.782513160906387,20.247348744945448,3.2278934920271611,3.4726482032501718,25.102922102693217,26.706095979247731,4.1858548867017626,29.761593041886016,31.282825970855267,31.492790112153813,5.1872129396505686,36.177401388570992,37.481528953994051,0.90865032750095087,3.7467004984516241,0,0.042185520545242779,0,1
18,0,0,0,1,0,1,1,1,0,1,1,0,1,1,1,1,0,0,0,0,0,0,1,0,0,1,1,0,0,1,1,1,1,1,1,0,1,1,1,1,1,1,0,1,0,0,1,1,1,1,1,1,1,0,0,0,1,1,0,1,0,0,1,1,1,1,0,0,1,0,1,1,1,1,0,0,1,0,1,1,1,1,0,0,1,0,1,0,1,1,0,0,0,1,1,1,0,0,0,1,1,1,0,1,1,1,0,1,0,1,0,0,1,1,0,0,1,0,0,0,1,0,1,0,0,0,0,0,0,0,1,0,0,0,0,0,0,1,0,0,0,0,1,0,0,0,1,0,0,0,0,0,0,1,0,1,1,1,0,1,0,0,0,1,1,1,1,0,0,0,1,1,0,0,0,1,1,1,0,0,1,0,0,0,0,1,0,1,1,1,0,0,1,1,0,0,0,1,1,1,0,1,0,0,1,0,1,1,0,0,0,1,1,1,0,1,1,1,1,0,0,0,1,1,0,0,0,1,1,1,0,1,0,0,1,0,0,0,1,0,1,1,0,0,1,0,0,0,1,1,0,1,0,0,1,0,1,1,0,0,1,0,1,1,0,0,0,1,0,1,1,0,0,0,0,1,1,1,0,1,1,1,0,0,0,1,0,1,1,1,0,0,1,0,0,0,0,1,1,1,1,1,1,1,1,1,0,0,1,0,0,0,0,0,1,1,1,1,0,0,1,0,1,1,1,1,1,1,1,1,0,1,0,1,0,0,0,0,0,1,1,1,1,0,0,0,0,0,1,0,1,0,1,1,0,0,1,0,0,1,0,1,0,0,0,0,0,1,1,1,0,0,0,1,1,1,1,1,1,0,0,1,0,0,0.18307774471656366,0.037537193865873196,5.6209658960860605,7.7758754863813229,7.9607843137254894,9.5053330281528954,1.6312504768444342,12.539253833829251,2.2681620508125429,2.528419928282597,2.5946135652704663,18.78397802700847,20.241000991836422,3.268909742885481,3.4140535591668573,25.102922102693217,26.972762645914397,4.1864042114900437,29.761593041886016,31.287098496986342,31.472281986724653,5.1630426489662016,36.163363088426031,37.480064087891968,2.0857825469186659,0.42147720306912057,0,0.041519139245643197,0,1
19,1,0,0,0,1,0,1,1,1,1,1,0,1,1,1,0,1,1,0,1,0,0,0,0,1,0,1,0,1,0,1,0,1,1,1,0,0,1,1,0,1,0,1,1,1,0,1,0,0,1,0,0,0,0,0,1,0,1,0,1,0,1,0,0,1,1,0,0,1,0,0,1,0,1,0,0,0,0,1,0,1,1,0,0,0,1,1,0,1,0,1,0,1,1,1,1,0,0,0,1,1,1,0,0,1,1,0,1,0,1,0,0,1,1,0,0,1,0,0,0,1,0,1,0,0,0,0,0,0,0,1,0,0,0,0,0,0,1,0,0,0,0,1,0,0,0,1,0,0,0,0,0,0,1,0,1,1,1,0,1,0,0,0,1,1,1,1,0,0,1,0,1,0,0,0,0,1,1,0,0,1,0,1,0,1,1,0,1,1,1,1,0,1,1,0,0,0,1,1,1,0,0,0,1,1,0,1,1,0,0,0,1,1,1,0,1,1,1,0,1,0,0,1,1,0,0,0,1,1,1,0,1,0,0,1,0,0,0,0,0,1,1,0,0,1,0,0,0,1,0,0,1,0,0,1,0,1,1,0,0,1,0,0,1,0,0,0,1,0,1,0,0,0,0,0,1,1,1,0,1,1,1,0,0,0,1,0,0,1,1,0,0,1,0,0,0,0,1,1,1,1,1,1,1,1,1,0,0,1,0,0,0,0,0,1,1,0,0,0,0,1,0,1,1,1,1,1,1,1,1,0,1,0,1,0,0,0,0,0,1,1,1,1,0,0,0,1,0,1,1,1,0,1,1,0,0,1,0,0,1,0,0,0,0,0,1,0,1,1,1,0,0,0,1,1,1,1,1,0,0,0,1,0,1,1.0932173647669183,3.2604257267109178,5.4077363241016254,2.0415350576028075,7.86175326161593,9.3134355687800419,1.5765621423666742,12.539253833829251,2.2681620508125429,2.528419928282597,2.6050202182040132,19.019089036392767,20.221957732509345,3.262073701075761,3.4131380178530555,25.071671625848783,26.706095979247731,4.1858548867017626,29.761593041886016,31.279774166475928,31.472281986724653,5.1872129396505686,36.121248187991149,37.457358663309684,1.8630944138263821,1.9449645714306592,0,0.041267663618710433,0,1
20,0,0,0,0,0,1,0,1,1,1,1,1,1,1,1,1,1,1,0,0,0,0,1,1,0,0,1,0,0,1,0,1,0,1,0,1,1,0,1,1,1,1,0,0,0,0,1,1,0,1,1,1,1,1,0,1,1,1,0,1,0,0,1,1,1,1,0,0,1,0,1,1,1,0,0,1,1,0,1,1,1,1,0,0,1,0,0,0,1,1,0,0,1,1,1,0,0,0,0,1,1,1,1,0,0,1,1,1,1,1,0,1,1,1,0,0,0,1,1,1,0,1,1,0,0,0,0,0,0,0,1,0,0,0,0,0,0,1,1,0,1,0,1,0,0,0,1,0,0,0,0,0,0,1,0,1,0,1,0,1,0,0,0,1,1,1,1,0,0,1,0,1,0,0,0,0,1,1,0,0,1,0,1,0,1,1,1,1,1,1,1,0,1,1,0,0,0,1,1,1,0,0,0,1,1,0,1,1,0,0,0,1,1,1,0,1,1,1,1,0,0,0,1,1,0,0,0,1,1,1,0,1,0,0,1,0,0,0,0,0,1,1,0,0,1,0,0,0,1,1,0,1,0,0,1,0,1,1,0,0,1,0,0,1,0,0,0,1,0,1,1,0,0,0,0,1,1,1,0,1,1,1,0,0,0,1,0,1,1,1,0,0,1,0,0,0,0,0,1,1,1,1,1,1,1,1,0,0,1,0,0,0,0,0,1,1,1,1,0,0,1,0,1,1,1,1,1,1,1,1,0,1,0,1,0,0,0,0,0,1,1,1,1,0,0,0,1,0,1,0,1,0,1,1,0,0,1,0,0,1,0,1,0,1,1,1,0,1,1,1,0,0,0,1,1,1,1,1,0,0,0,1,0,1,0.046845197222858015,3.0491798275730524,2.1506981002517738,3.9320668345159073,7.9534599832150752,9.4128633554589154,1.6673533226520179,12.461127641718166,2.2791485465781642,2.5259784847791256,2.6050202182040132,19.03080796520943,20.221957732509345,3.268909742885481,3.4131380178530555,25.102922102693217,26.707133592736707,4.1864042114900437,29.72448310063325,31.287098496986342,31.472281986724653,5.1845273517967501,36.183016708628976,37.457358663309684,1.7699025319067414,2.2699351855812298,0,0.041229121222967929,0,1
21,0,0,0,0,1,0,1,1,1,0,1,1,1,1,1,0,0,0,0,0,1,0,1,1,0,1,1,1,1,1,1,0,0,1,1,0,1,0,1,0,0,1,1,0,0,1,1,0,0,0,0,1,1,0,1,1,0,1,0,0,0,1,1,1,1,1,0,0,1,0,0,1,0,0,1,1,0,0,0,1,1,1,0,0,1,0,1,0,1,1,1,1,1,1,1,1,0,0,1,0,0,0,0,1,0,0,1,1,1,0,0,1,1,1,0,0,0,1,0,1,1,1,1,1,0,0,0,0,0,0,1,0,0,0,0,0,0,1,1,0,0,0,1,0,0,0,1,0,0,0,0,0,0,0,0,1,1,1,0,1,0,0,0,1,1,1,1,1,0,0,1,1,0,0,0,1,1,1,0,0,1,0,0,0,0,1,0,1,1,1,0,0,1,1,0,0,0,1,1,1,0,1,0,1,1,0,1,1,0,0,0,1,1,1,0,1,1,0,0,0,1,0,1,1,0,0,0,1,1,1,0,1,1,1,1,0,0,0,1,0,1,1,0,0,1,0,0,0,1,1,0,0,0,0,1,0,1,1,0,0,1,0,0,1,0,0,0,1,0,1,1,0,0,0,0,1,1,1,0,1,1,1,0,0,0,1,0,1,1,1,0,0,1,0,0,0,0,1,1,1,1,1,1,1,1,1,0,0,1,0,0,0,0,0,1,1,1,1,0,1,1,0,1,1,1,1,1,1,1,1,0,1,0,1,0,0,0,0,0,1,1,1,1,0,0,0,1,0,1,1,1,0,1,1,0,0,1,0,0,1,0,1,0,1,0,1,0,1,1,1,0,0,0,1,1,1,1,1,0,0,0,1,1,0,0.091737239642938881,0.17956816968032349,2.4937514305333028,0.85242999923704887,7.8591592278934916,9.5155870908674753,1.8168917372396431,12.371282520790418,2.27695124742504,2.5088883802548256,2.6805523765926602,18.78397802700847,20.247348744945448,3.2313115129320211,3.5019455252918288,25.095109483482108,26.707133592736707,4.1864042114900437,29.761593041886016,31.28770885786221,31.472281986724653,5.1872129396505686,36.177401388570992,37.458091096360725,0.99048131773226966,3.6698067123229645,0,0.040949127405047608,0,1
22,1,0,1,1,1,0,1,0,1,1,1,0,1,1,1,1,0,1,0,1,1,0,0,0,1,0,1,0,1,0,0,0,1,0,0,0,0,1,1,1,1,0,1,0,0,0,0,1,0,1,0,0,1,0,1,1,0,1,0,1,0,0,1,1,1,1,0,0,1,0,0,0,1,1,0,0,1,1,0,0,1,1,0,0,1,0,1,1,1,0,1,0,1,1,1,0,0,0,0,1,1,1,1,0,0,0,1,1,0,1,0,1,1,1,0,0,0,1,0,1,1,1,1,1,0,0,1,0,0,0,1,0,0,0,0,0,0,1,0,0,0,0,1,0,0,0,1,0,0,0,0,0,0,1,0,1,1,1,0,1,0,0,0,1,1,1,1,0,0,1,0,1,0,0,0,0,1,1,0,0,1,0,1,0,1,1,1,1,1,1,1,0,1,1,0,0,0,1,1,1,0,0,0,1,1,0,1,1,0,0,0,1,1,1,0,1,1,0,0,0,0,0,1,1,0,0,0,1,1,1,0,1,1,1,1,0,0,0,1,0,1,1,0,0,1,0,0,0,1,1,0,1,0,0,1,1,1,1,0,0,1,0,0,1,0,0,0,1,0,1,0,0,0,0,0,1,1,1,0,1,1,1,0,1,0,1,0,0,1,1,0,0,1,0,0,0,0,1,1,1,1,1,1,0,1,1,0,0,1,0,0,0,0,0,1,1,0,1,0,1,1,0,1,1,1,1,1,1,1,1,0,1,0,1,0,0,0,0,0,1,1,1,1,0,0,0,1,0,1,1,1,0,1,1,0,0,1,0,0,1,0,1,0,0,0,1,0,1,1,1,0,0,0,1,1,1,1,1,0,0,0,1,1,0,1.4604409857328144,1.3852750438696879,3.178850995651179,2.3539177538719769,7.8437476157778283,9.5476310368505377,1.6519722285801479,12.371770809491112,2.2681620508125429,2.528419928282597,2.6050202182040132,19.03080796520943,20.221957732509345,3.2278934920271611,3.5019455252918288,25.103410391393911,26.706095979247731,4.1946440833142598,29.761013199053941,31.282825970855267,31.472281986724653,5.1872129396505686,36.166170748455023,37.458091096360725,1.4802985659714327,2.9719424430750752,0,0.040763771452700201,0,1
23,0,0,0,0,1,0,1,1,0,0,1,1,1,1,1,0,0,0,0,0,1,0,1,1,0,1,1,1,0,1,1,1,1,1,1,0,1,1,1,1,1,1,0,1,0,0,1,1,1,1,1,1,1,0,0,0,1,1,0,1,0,0,1,1,1,1,0,0,1,0,1,1,1,1,0,0,1,0,1,1,1,1,0,0,1,0,1,0,1,1,0,0,0,1,1,1,0,0,0,1,1,1,0,0,1,1,0,1,0,1,0,0,1,1,0,0,1,0,0,0,1,0,1,0,0,0,0,0,0,0,1,0,0,0,0,0,0,1,0,0,0,0,1,0,0,0,1,0,0,0,0,0,0,1,0,1,1,1,0,1,0,0,0,1,1,1,1,0,0,0,1,1,0,0,0,1,1,1,0,0,1,0,0,0,0,1,0,1,1,1,0,0,1,1,0,0,0,1,1,0,0,1,0,1,1,0,1,1,0,0,0,1,1,1,0,1,1,0,0,0,0,0,1,1,0,0,0,1,1,1,0,1,1,1,1,0,0,0,1,0,1,1,0,0,1,0,0,0,1,1,0,1,0,0,1,1,1,1,0,0,1,0,0,1,0,0,0,1,0,1,0,0,0,0,0,1,1,1,0,1,1,1,0,0,0,1,0,0,1,1,0,0,1,0,0,0,0,1,1,1,1,1,1,1,1,1,0,0,1,0,0,0,0,0,1,1,0,1,0,1,1,0,1,1,1,1,1,1,1,1,0,1,0,1,0,0,0,0,0,1,1,1,1,0,0,0,1,0,1,1,1,0,1,1,0,0,1,0,0,1,0,1,0,0,0,1,0,1,1,1,0,0,0,1,1,1,1,1,0,0,0,1,1,0,0.087830930037384597,0.17914091706721599,5.6209658960860605,7.7758754863813229,7.9607843137254894,9.5053330281528954,1.5765621423666742,12.539253833829251,2.2681620508125429,2.528419928282597,2.5946135652704663,18.78397802700847,20.145784695201037,3.2278934920271611,3.5019455252918288,25.103410391393911,26.706095979247731,4.1858548867017626,29.761593041886016,31.282825970855267,31.472281986724653,5.1872129396505686,36.166170748455023,37.458091096360725,2.0820926658487178,0.5001986858599432,0,0.04072380445455135,0,1
24,0,0,0,0,1,0,1,0,0,0,0,1,1,0,1,0,0,0,0,0,1,1,1,1,0,1,1,1,0,0,1,0,0,0,0,0,1,0,1,1,1,0,1,1,0,0,1,0,0,0,0,1,1,0,1,1,0,1,0,0,0,1,1,1,1,1,0,0,0,1,0,1,1,1,0,0,1,0,1,0,1,1,0,0,0,1,0,0,1,1,1,0,1,0,1,0,0,0,0,1,1,1,1,0,0,0,1,1,1,1,0,1,1,1,0,0,1,0,0,0,1,0,1,0,0,0,0,1,0,0,1,0,0,0,0,0,0,0,1,0,0,0,1,0,0,0,1,0,0,0,0,1,1,1,0,1,1,0,0,1,0,0,0,1,1,1,1,0,0,1,0,1,1,1,0,0,1,1,0,0,1,0,0,0,0,1,0,1,1,1,0,0,1,1,0,0,0,1,1,1,0,1,0,1,1,0,1,1,0,0,0,1,1,1,0,1,1,0,0,0,0,0,1,1,0,0,0,1,1,1,0,1,1,1,1,1,0,0,1,0,1,1,0,0,1,0,0,0,1,1,0,1,0,0,0,0,1,1,0,0,1,0,0,1,0,0,0,1,0,1,0,0,0,0,0,1,1,1,0,1,1,1,0,0,0,1,0,0,1,1,0,0,1,0,0,0,0,1,1,1,1,1,1,0,1,1,0,0,1,0,0,0,0,0,1,1,0,1,0,1,1,0,1,1,1,1,1,1,1,1,0,1,0,1,0,0,0,0,0,1,1,1,1,0,0,1,1,0,1,1,1,0,1,1,0,0,1,0,0,1,0,1,0,1,0,1,0,1,1,1,0,0,0,1,1,1,1,1,0,0,0,1,1,0,0.078919661249713891,0.24133669031815061,0.27411306935225449,0.85242999923704887,7.7262531471732663,9.2304875257496004,1.6536812390325779,12.539497978179599,2.2593728542000457,2.6443884946974898,2.609048599984741,18.78397802700847,20.247348744945448,3.2278934920271611,3.509269855802243,25.101945525291828,26.706095979247731,4.1858548867017626,29.761013199053941,31.282825970855267,31.472281986724653,5.2301823453116656,36.177401388570992,37.458091096360725,0.30549106091353229,4.0679939643466039,0,0.040246533272649349,0,1
25,0,0,0,0,1,0,1,0,1,1,1,0,1,1,1,0,1,1,0,0,1,1,0,1,1,0,0,0,0,0,1,0,1,1,0,0,0,1,1,0,1,0,1,1,0,0,1,1,0,1,0,0,0,0,1,1,0,1,0,0,0,1,1,1,1,1,0,0,1,0,0,1,0,1,0,1,0,0,1,1,1,1,0,0,1,0,1,0,0,0,0,0,1,0,0,1,0,0,0,1,1,1,0,1,0,0,1,1,1,1,0,1,1,1,0,0,0,1,0,0,1,0,1,1,0,0,0,0,0,0,1,0,0,0,0,0,0,1,0,0,0,0,1,0,0,0,1,0,0,0,0,0,0,1,0,1,1,1,0,1,0,0,0,1,1,1,1,1,0,0,1,1,0,0,0,1,1,1,0,0,1,0,0,0,0,1,0,1,1,1,0,0,1,1,0,0,0,1,1,1,0,1,0,1,1,0,0,1,0,0,0,1,1,1,0,1,1,0,0,1,0,1,1,1,0,0,0,1,1,1,0,1,0,1,1,0,0,0,0,0,1,1,0,0,1,0,0,0,1,1,0,0,0,0,1,1,1,1,0,0,1,0,0,0,0,1,0,1,0,1,1,0,0,0,0,1,1,1,0,1,1,1,0,0,0,1,1,1,1,1,0,0,1,0,0,0,0,1,1,1,1,1,1,1,1,1,0,0,1,0,0,0,0,0,1,1,0,1,0,1,1,0,1,1,1,1,1,1,1,1,0,1,0,1,0,0,0,0,0,1,1,1,1,0,0,0,1,0,1,1,1,0,1,1,0,0,1,0,0,1,0,1,0,1,0,1,0,1,1,1,0,0,0,1,1,1,1,1,0,0,0,1,1,0,0.085389486533913178,3.2111085679407951,4.6570840009155416,2.1024490730144199,7.8643472953383684,9.4705424582284277,1.5989929045548179,12.293156328679332,2.2681620508125429,2.528419928282597,2.6805523765926602,18.78397802700847,20.24655527580682,3.2364385442893111,3.4424353398947125,25.095597772182803,26.607522697795073,4.1875028610666059,29.761593041886016,31.282825970855267,31.472281986724653,5.1872129396505686,36.177401388570992,37.458091096360725,1.9356055425439345,1.6384119825374339,0,0.039661585717859896,0,1
26,1,0,0,0,1,0,1,0,1,0,0,0,0,0,1,1,0,1,0,0,0,0,1,0,1,0,1,0,1,1,0,0,1,1,1,1,0,1,1,0,1,0,0,1,1,0,1,1,0,1,0,0,0,0,1,1,0,1,0,0,0,1,1,1,1,1,0,0,1,0,0,1,0,1,0,1,0,0,1,1,1,1,0,0,1,0,1,0,0,0,0,0,1,0,0,1,0,0,0,1,1,1,0,1,0,0,1,1,1,1,0,1,1,1,0,0,0,1,0,0,1,0,1,1,1,0,0,0,0,0,1,0,0,0,0,0,0,1,0,0,0,0,1,0,0,0,1,0,0,0,0,0,0,1,0,1,1,1,0,1,0,0,0,1,1,1,1,1,0,0,1,1,0,0,0,1,1,1,0,0,1,0,0,0,0,1,0,1,1,1,0,0,1,1,0,0,0,1,1,1,0,1,0,1,1,0,0,1,0,0,0,1,1,1,0,1,1,1,0,1,0,1,1,1,0,0,0,1,1,1,0,1,0,1,1,0,0,0,1,0,1,1,0,0,1,0,0,0,1,1,0,1,0,0,1,0,1,1,0,0,1,0,0,1,0,0,0,0,0,1,0,1,0,0,0,1,1,1,0,1,1,1,0,0,1,1,0,0,1,1,0,0,1,0,0,0,0,1,1,1,1,1,1,1,1,1,0,0,1,0,0,0,0,0,1,1,0,0,0,0,1,0,1,1,1,1,1,1,1,1,0,1,0,1,0,0,0,0,0,1,1,1,1,0,1,0,1,0,1,1,1,0,1,1,0,0,1,0,0,1,0,0,0,0,0,1,0,1,1,1,0,0,0,1,1,1,1,1,0,0,0,1,0,1,1.0821393148699168,1.0417639429312582,5.7799038681620507,2.1024490730144199,7.8643472953383684,9.4705424582284277,1.5989929045548179,12.29510948348211,2.2681620508125429,2.528419928282597,2.6805523765926602,18.78397802700847,20.24655527580682,3.263782711528191,3.4433508812085143,25.102922102693217,26.698313878080416,4.1902494850080112,29.761593041886016,31.279774166475928,31.472281986724653,5.2731517509727626,36.121248187991149,37.457358663309684,1.8442483016595421,2.0176535082117661,0,0.039288076135918594,0,1
27,0,0,0,0,1,0,1,0,0,0,1,0,1,0,0,0,0,0,0,1,0,0,1,0,0,1,1,1,1,0,1,0,0,1,0,1,1,1,1,1,1,1,1,0,0,1,1,1,0,0,1,0,1,0,1,1,0,1,1,1,0,0,0,0,1,1,0,0,1,0,0,1,0,0,0,0,1,1,1,0,1,1,0,0,1,0,0,0,1,1,0,0,1,1,0,1,0,0,0,1,1,1,0,0,1,1,1,1,1,1,0,1,1,1,0,0,0,1,0,0,1,0,1,1,0,0,0,0,0,0,1,0,0,0,0,0,0,1,0,0,0,0,1,0,0,0,1,0,0,0,0,0,0,1,0,1,1,1,0,1,0,0,0,1,1,1,1,1,0,0,1,1,0,0,0,1,1,1,0,0,1,0,0,0,0,0,0,1,1,1,0,0,1,1,0,0,0,1,1,1,0,1,0,1,1,0,0,1,0,0,0,1,1,1,0,1,1,1,1,0,1,0,1,1,0,0,0,1,1,1,0,1,1,1,1,0,0,0,1,0,1,1,0,0,1,0,0,0,1,1,0,1,0,0,1,0,1,1,0,0,1,0,0,1,0,0,1,1,0,1,0,0,0,0,0,1,1,1,0,1,1,1,0,0,0,1,0,0,1,1,0,0,1,0,0,0,0,1,1,1,1,1,1,1,1,1,0,0,1,0,0,0,0,0,1,1,0,0,0,0,1,0,1,1,1,1,1,1,1,1,0,1,1,1,0,0,0,0,0,1,1,1,1,0,1,0,0,0,1,1,0,0,1,1,0,0,1,0,0,1,0,0,0,0,0,1,0,1,1,1,0,0,0,1,1,1,1,1,0,1,0,1,0,1,0.079346913862821389,0.28870069428549627,2.2477454795147631,1.3574425879301137,7.8538185702296479,9.412680247196155,1.585320820935378,12.293156328679332,2.2681620508125429,2.528419928282597,2.6805523765926602,18.760540169375144,20.24655527580682,3.272327763790341,3.5019455252918288,25.102922102693217,26.722697795071337,4.1858548867017626,29.761593041886016,31.279774166475928,31.477409018081943,5.2503242542153048,36.121248187991149,37.469077592126347,0.95882408468649871,3.6928615460912866,0,0.038877999938704222,0,1
28,0,0,0,0,1,0,1,1,0,0,1,1,1,1,1,0,0,0,0,0,1,0,1,1,0,1,1,1,0,0,1,1,1,0,0,0,1,0,1,1,1,0,0,1,0,0,1,0,0,0,0,1,1,0,0,1,1,1,1,0,1,0,1,1,1,1,0,0,1,0,1,1,0,0,0,0,1,0,0,1,1,1,0,0,1,0,1,0,1,0,1,0,1,1,1,0,0,0,0,1,1,1,1,0,0,0,1,1,0,0,0,1,1,1,0,0,0,1,0,1,1,1,1,1,0,0,0,0,0,0,1,0,0,0,0,0,0,1,1,0,0,0,1,0,0,0,1,0,0,0,0,0,0,1,0,1,0,1,0,1,0,0,0,1,1,1,1,1,0,1,1,1,0,0,0,1,1,1,0,0,1,0,0,0,0,1,0,1,1,1,0,0,1,1,0,0,0,1,1,1,0,1,0,1,1,0,1,1,0,0,0,1,1,1,0,1,1,0,0,0,0,0,1,1,0,0,0,1,1,1,0,1,1,0,1,0,0,0,1,1,1,1,0,0,1,0,0,0,1,1,0,1,0,0,1,0,1,1,0,0,1,0,0,0,0,0,0,1,0,1,0,0,0,0,0,1,1,1,0,1,1,1,0,1,0,1,0,0,1,1,0,0,1,0,0,0,0,1,1,1,1,1,1,1,1,1,0,0,1,0,0,0,0,0,1,1,0,1,0,1,1,0,1,1,1,1,1,1,1,1,0,1,1,1,0,0,0,0,0,1,1,1,1,0,0,0,1,0,1,1,1,0,1,1,0,0,1,0,0,1,0,1,0,1,0,1,0,1,1,1,0,0,0,1,1,1,1,1,0,0,0,1,1,0,0.087830930037384597,0.17889677271686885,3.2712291142137788,0.80994888227664608,7.9311818112458985,9.5007553215838865,1.6511177233539329,12.371282520790418,2.27695124742504,2.5259784847791256,2.7020370794232087,18.78397802700847,20.247348744945448,3.2278934920271611,3.4731059739070727,25.102922102693217,26.573281452658886,4.1946440833142598,29.761593041886016,31.282825970855267,31.477409018081943,5.1872129396505686,36.177401388570992,37.458091096360725,1.2308464075233896,3.3806739728260231,0,0.038850807342773949,0,1
29,0,0,0,1,0,1,1,1,1,0,1,1,1,1,1,1,0,1,0,0,0,0,1,1,0,0,1,0,0,1,1,1,1,1,1,1,1,1,1,1,1,1,0,1,0,0,1,1,1,1,1,1,1,1,0,1,1,1,0,1,0,0,1,1,1,1,0,0,1,0,1,1,1,0,0,0,1,0,1,1,1,1,0,0,1,0,0,0,1,1,0,0,0,1,1,0,0,0,0,1,1,1,1,0,0,0,1,1,1,1,0,0,1,1,0,0,0,1,0,1,1,1,1,0,0,0,0,0,0,0,1,0,0,0,0,0,0,1,0,1,1,0,1,0,0,0,1,0,0,0,0,0,0,1,0,1,1,1,0,1,0,0,0,1,1,1,1,1,0,0,1,1,0,0,0,1,1,1,0,0,1,0,0,0,0,1,0,1,0,1,0,0,1,1,0,0,0,1,1,1,0,1,0,1,1,0,0,1,0,0,0,1,1,1,0,1,1,1,1,0,0,1,1,1,0,0,0,1,1,1,0,1,0,1,1,0,0,0,0,1,1,1,0,0,1,0,0,0,1,1,0,1,0,0,1,1,1,1,0,0,1,0,0,1,0,0,0,0,0,1,1,0,0,0,0,1,1,1,0,1,1,1,0,0,0,1,0,0,1,1,0,0,1,0,0,0,0,1,1,1,1,1,1,1,1,1,0,0,1,0,0,0,0,0,1,1,0,1,0,1,1,0,1,1,1,1,1,1,1,1,0,1,1,1,0,0,0,0,0,1,1,1,1,0,0,0,1,0,1,1,1,0,1,1,0,0,1,0,0,1,0,1,0,1,0,1,0,1,1,1,0,0,0,1,1,1,1,1,0,0,0,1,1,0,0.1855191882200351,1.0492713817044328,5.9959716182192722,7.9321278706034946,7.9510185397116038,9.4113984893568325,1.6534676127260242,12.367376211184864,2.2747539482719157,2.528419928282597,2.6805523765926602,18.781048294804304,20.24655527580682,3.270618753337911,3.4428931105516134,25.103410391393911,26.698832684824904,4.1858548867017626,29.761593041886016,31.282825970855267,31.477409018081943,5.1872129396505686,36.177401388570992,37.458091096360725,2.0770177085207702,0.56517333355283828,0,0.038830948979772392,0,1
30,0,0,0,1,1,1,1,0,0,0,1,0,1,0,1,0,0,1,1,0,1,0,0,0,0,0,0,0,1,1,1,0,1,0,0,0,0,1,1,0,1,0,1,1,0,1,1,1,0,1,0,0,0,0,1,1,0,1,0,1,0,0,1,1,1,1,0,0,1,0,1,1,1,0,0,0,1,0,1,1,1,1,0,0,1,0,0,0,1,1,0,0,1,1,1,0,0,0,0,1,1,1,1,0,0,0,1,1,1,0,0,1,1,1,0,0,0,1,0,1,1,1,1,1,0,0,0,0,0,0,1,0,0,0,0,0,0,1,1,0,0,0,1,0,0,0,1,0,0,0,0,0,0,1,0,1,0,1,0,1,0,0,0,1,1,1,1,1,0,1,1,1,0,0,0,1,1,1,0,0,1,0,1,0,0,1,0,1,1,1,0,0,1,1,0,0,0,1,1,1,0,1,0,0,1,0,1,1,0,0,0,1,1,1,0,1,1,0,1,0,0,0,1,1,0,0,0,1,1,1,0,1,0,1,1,1,0,0,1,0,1,1,0,0,1,0,0,0,1,1,0,1,0,0,1,1,1,1,0,0,1,0,0,1,0,0,0,0,0,1,1,0,0,0,0,1,1,1,0,0,1,1,1,1,0,1,0,1,1,1,0,0,1,0,0,0,0,1,1,1,0,0,1,1,1,1,0,0,1,0,0,1,0,0,1,1,0,1,0,1,1,0,1,1,1,1,1,1,1,1,0,1,0,1,0,0,0,0,0,1,1,1,1,0,0,0,1,0,1,1,1,1,1,1,0,0,1,0,0,1,0,1,0,0,0,1,0,1,1,1,0,0,0,1,1,1,1,1,0,0,0,1,0,0,0.23566033417257953,1.6258793011367971,3.1574273289082173,2.1039139391165027,7.9510185397116038,9.4128633554589154,1.6528267338063629,12.371282520790418,2.27695124742504,2.5259784847791256,2.7020370794232087,18.971480888075074,20.241000991836422,3.2415655756466011,3.4506752117189285,25.103410391393911,26.698832684824904,4.0721446555275804,29.754634927901122,31.439078355077438,31.472281986724653,5.1878843366140233,36.166170748455023,37.456626230258642,1.2827728352748453,3.3114481602622896,0,0.038830925784106907,0,1
31,1,0,0,1,1,1,0,0,1,0,1,1,1,1,0,1,1,0,1,0,1,0,0,0,1,0,1,0,0,0,1,1,1,0,0,0,1,0,1,0,1,1,1,1,1,0,1,0,0,1,0,0,0,1,0,1,1,1,0,0,1,0,1,1,1,1,0,0,1,0,1,0,0,0,1,1,1,1,1,1,1,1,0,0,1,0,1,0,1,1,0,0,1,1,1,0,0,0,0,1,1,1,1,0,0,0,1,1,1,1,0,1,1,1,0,0,0,1,0,1,1,1,1,0,0,0,0,0,0,0,1,0,0,0,0,0,0,1,0,1,1,0,1,0,0,0,1,0,0,0,0,0,0,1,0,1,1,1,0,1,0,0,0,1,1,1,0,1,0,0,1,1,0,0,0,1,1,1,0,0,1,0,0,0,0,1,0,0,1,1,0,0,1,1,0,0,1,0,1,1,0,1,0,1,1,0,0,1,0,0,0,1,1,1,0,1,1,0,0,1,1,1,1,1,0,0,0,1,1,1,0,1,0,1,1,0,0,0,0,0,1,1,0,0,1,0,0,0,1,1,0,1,0,0,1,0,1,1,0,0,1,0,0,1,0,1,0,1,0,1,1,1,0,0,0,1,1,1,0,1,1,1,0,0,0,1,0,1,1,1,0,0,1,0,0,0,0,1,1,1,1,0,0,1,1,1,0,0,1,0,0,0,0,0,1,1,0,1,0,1,1,0,1,1,1,1,1,1,1,1,0,1,0,1,0,1,0,0,0,1,1,1,1,0,0,0,1,0,1,1,0,0,1,1,0,0,1,0,0,1,0,0,0,1,0,1,0,1,1,1,0,0,0,1,1,1,1,1,0,0,0,1,1,0,1.2245365072098879,2.6349889372091249,3.2573128862439917,2.1810635538261995,7.9003585870145718,9.5066147859922179,1.6536812390325779,12.367376211184864,2.2747539482719157,2.528419928282597,2.5086747539482719,18.778118562600138,20.652811474784464,3.2398565651941711,3.4424353398947125,25.102922102693217,26.740856031128406,4.1864042114900437,29.758113984893569,31.282825970855267,31.472922865644314,5.1858701457236593,36.132478828107118,37.458091096360725,1.4022374054380067,3.1177651939522981,0,0.038720668574853442,0,1
32,1,1,0,1,1,1,1,0,0,0,1,0,0,0,1,1,0,0,0,0,0,0,1,1,0,0,1,0,0,1,0,1,1,1,1,0,1,0,1,0,1,1,1,1,0,1,1,0,0,1,0,0,0,0,0,1,0,1,0,1,0,1,0,0,1,1,0,0,1,0,0,1,0,1,0,0,0,0,1,0,1,1,0,0,0,1,1,0,1,1,1,0,1,1,1,1,0,0,0,1,1,1,0,0,1,1,0,1,0,1,0,0,1,1,0,0,1,0,0,0,1,0,1,0,0,0,0,0,0,0,1,0,0,0,0,0,0,1,0,1,0,1,1,0,0,0,1,0,0,0,0,0,0,1,0,1,0,1,0,1,0,0,0,1,1,1,1,0,0,0,1,1,0,1,0,1,1,1,0,0,1,0,0,0,0,1,0,1,1,1,0,0,1,1,0,0,0,1,1,1,0,1,0,1,1,0,1,1,0,0,0,1,1,1,0,1,1,0,0,0,0,0,0,1,0,0,0,1,1,1,0,1,1,1,1,0,0,0,1,0,1,1,0,0,1,0,0,0,1,1,0,1,0,0,1,0,1,1,0,0,1,0,0,1,0,0,0,1,0,1,0,0,0,0,0,1,1,1,0,1,1,1,0,0,0,1,0,0,1,1,0,0,1,0,0,0,0,1,1,1,1,1,1,0,1,1,0,0,1,0,0,0,0,0,1,1,0,1,0,1,1,0,1,1,1,1,1,1,1,1,0,1,0,1,0,0,0,0,0,1,1,1,1,0,0,0,1,0,1,1,1,0,1,1,0,0,1,0,0,1,0,1,0,1,0,1,0,1,1,1,0,0,0,1,1,1,1,1,0,0,0,1,1,0,1.7354695963988709,0.049134050507362477,5.5069810025177386,2.0415350576028075,7.86175326161593,9.3251544975967047,1.5765621423666742,12.539253833829251,2.2736552986953535,2.5259784847791256,2.5959563591973756,18.78397802700847,20.247348744945448,3.2270389868009461,3.5019455252918288,25.102922102693217,26.706095979247731,4.1858548867017626,29.761013199053941,31.282825970855267,31.472281986724653,5.1872129396505686,36.177401388570992,37.458091096360725,2.0473995602403101,0.89236053814818161,0,0.038684296981335742,0,1
33,0,0,0,1,1,1,1,0,0,0,1,1,0,0,0,1,0,1,0,0,1,0,1,0,1,0,0,0,0,0,1,0,0,1,0,0,0,1,1,0,1,0,1,1,0,0,0,1,0,1,0,0,0,0,1,1,1,1,0,1,0,1,1,1,1,1,0,0,1,0,0,0,1,1,0,0,1,0,1,0,1,1,0,0,1,0,1,0,1,1,1,1,0,1,0,1,0,0,0,1,1,1,0,0,1,1,0,1,0,1,0,0,1,1,0,0,1,0,0,0,1,0,1,0,0,0,0,0,0,0,1,0,0,0,0,0,0,1,0,0,0,0,1,0,0,0,1,0,0,0,0,0,0,1,0,1,1,1,0,1,0,0,0,1,1,1,1,0,0,0,1,1,0,0,0,1,1,1,0,0,1,0,0,0,0,1,0,1,1,1,0,0,1,1,0,0,0,1,1,1,0,1,0,1,1,0,1,1,0,0,0,1,1,1,0,1,1,0,0,0,0,0,1,1,0,0,0,1,1,1,0,1,1,0,1,0,0,0,1,0,1,1,0,0,1,0,0,0,1,1,0,1,0,0,1,0,1,1,0,0,1,0,0,0,0,0,0,1,0,1,0,0,0,0,0,1,1,1,0,1,1,1,0,0,0,1,0,0,1,1,0,0,1,0,0,0,0,1,1,1,1,1,1,1,1,1,0,0,1,0,0,0,0,0,1,1,0,1,0,1,1,0,1,1,1,1,1,1,1,1,0,1,1,1,0,0,0,0,0,1,1,1,1,0,0,0,1,0,1,1,1,0,1,1,0,0,1,0,0,1,0,1,0,0,1,1,0,1,1,1,0,0,0,1,1,1,1,1,0,0,0,1,1,0,0.23587396047913328,1.1642023346303503,1.656855115587091,2.1200274662394141,7.8434424353398944,9.5137560082398718,1.5765621423666742,12.539253833829251,2.2681620508125429,2.528419928282597,2.5946135652704663,18.78397802700847,20.247348744945448,3.2278934920271611,3.4726482032501718,25.102922102693217,26.573281452658886,4.1858548867017626,29.761593041886016,31.282825970855267,31.477409018081943,5.1872129396505686,36.171786068513008,37.458091096360725,0.71052038891956015,3.8912392471834032,0,0.038447332017559628,0,1
34,1,0,0,1,1,0,1,0,1,1,1,0,1,1,0,1,1,0,1,0,0,0,0,0,1,0,1,1,1,0,0,1,1,1,1,1,1,0,0,0,1,0,0,1,0,0,1,1,0,0,0,0,1,0,1,1,0,1,0,0,0,1,0,1,1,1,0,0,0,1,1,1,1,1,0,0,1,0,1,1,1,1,0,0,0,1,0,0,1,1,1,0,1,1,1,0,0,0,0,1,1,1,1,0,1,0,1,1,1,1,0,1,1,1,0,0,0,1,0,1,1,1,1,1,0,0,0,0,0,0,1,0,0,0,0,0,0,1,1,0,0,0,1,0,0,0,1,0,0,0,0,0,0,0,0,1,0,1,0,1,0,0,0,1,1,1,1,0,0,1,1,1,1,1,0,1,1,1,0,0,1,0,0,0,0,1,0,1,1,1,0,0,1,1,0,0,0,1,1,1,0,1,0,1,1,0,1,1,0,0,0,1,1,1,0,1,1,0,0,0,0,0,1,1,0,0,0,1,1,1,0,1,1,0,1,0,0,0,1,0,1,1,0,0,1,0,0,0,1,1,0,1,0,0,1,0,1,1,0,0,1,0,0,1,0,0,0,1,0,1,0,0,0,0,0,1,1,1,0,1,1,1,0,0,0,1,0,0,1,1,0,0,1,0,0,0,0,1,1,1,1,1,1,1,1,1,0,0,1,0,0,0,0,0,1,1,0,1,0,1,1,0,1,1,1,1,1,1,1,1,0,1,0,1,0,0,0,0,0,1,1,1,1,0,0,0,1,0,1,1,0,0,1,1,0,0,1,0,0,1,0,1,0,1,0,1,0,1,1,1,0,0,0,1,1,1,1,1,0,0,0,1,0,0,1.2103761348897535,2.5113298237582971,5.8260471503776605,0.35217822537575344,7.8045319295033186,9.2312199588006418,1.681025406271458,12.371282520790418,2.27695124742504,2.5064469367513542,2.6201266498817426,18.78397802700847,20.247348744945448,3.2278934920271611,3.4726482032501718,25.102922102693217,26.706095979247731,4.1858548867017626,29.761593041886016,31.282825970855267,31.472281986724653,5.1858701457236593,36.177401388570992,37.456626230258642,1.9763786870518465,1.4110452456713061,0,0.038335674622351559,0,1
35,0,0,0,0,1,0,0,0,1,1,1,0,0,1,0,0,0,0,0,0,0,0,0,0,1,0,1,0,0,0,1,0,0,0,1,0,1,1,1,0,1,1,0,1,0,1,0,1,0,1,0,0,1,0,1,1,0,1,0,0,0,1,1,1,1,1,0,0,0,1,1,1,1,1,0,0,1,0,1,0,1,1,0,0,1,0,1,0,0,0,0,0,1,0,0,1,0,0,0,1,1,1,0,1,0,0,1,1,1,1,0,1,1,1,0,0,0,1,0,0,1,0,1,1,1,0,1,0,0,0,1,0,0,0,0,0,0,1,0,0,0,0,1,0,0,0,1,0,0,0,0,0,0,1,0,1,1,1,1,1,0,0,0,1,1,1,1,1,0,0,1,1,0,0,0,1,1,1,0,0,1,0,0,0,0,1,0,1,0,1,0,0,1,1,0,0,0,1,1,1,0,1,0,0,1,0,0,1,0,0,0,1,1,1,0,1,1,1,1,0,0,1,1,1,0,0,0,1,1,1,0,1,0,1,1,0,0,0,0,0,1,1,0,0,1,0,0,0,1,1,0,1,0,0,1,0,1,1,0,0,1,0,0,1,1,0,0,1,0,1,0,0,0,0,0,1,1,1,0,1,1,1,0,0,0,1,0,0,1,1,0,0,1,0,0,0,0,1,1,1,1,1,1,1,1,1,0,0,1,0,0,0,0,0,1,1,0,0,0,1,1,0,1,1,1,1,1,1,1,1,0,1,0,1,0,0,0,0,0,1,1,1,1,0,0,0,1,0,1,1,1,0,1,1,0,0,1,0,0,1,0,1,0,0,0,1,0,1,1,1,0,0,0,1,1,1,1,1,0,0,0,1,1,0,0.069459067673762115,0.0098878461890592809,1.0976424811169603,2.352452887769894,7.8043793392843517,9.4705424582284277,1.5989929045548179,12.295597772182804,2.2681620508125429,2.5290302891584648,2.6805523765926602,18.781048294804304,20.240207522697794,3.270618753337911,3.4424353398947125,25.102922102693217,26.772503242542154,4.1858548867017626,29.761593041886016,31.280384527351796,31.472281986724653,5.1872129396505686,36.166170748455023,37.458091096360725,0.87410664079116707,3.772218121091131,0,0.037497365599986301,0,1
36,0,0,0,0,1,0,1,1,0,0,1,1,1,1,1,0,0,0,0,0,1,0,1,1,0,1,1,1,0,0,1,1,0,0,0,0,1,0,1,1,1,0,0,1,0,0,1,0,0,0,0,1,1,0,0,1,1,1,0,0,1,0,1,1,1,1,0,0,1,0,1,1,1,1,0,0,1,0,0,0,1,1,0,0,1,0,1,0,1,0,0,0,1,0,0,1,0,0,0,1,1,1,0,1,0,0,1,1,1,0,0,1,1,1,0,0,0,1,0,0,1,0,1,1,0,0,0,0,0,0,1,0,0,0,0,0,0,1,0,0,0,0,1,0,0,0,1,0,0,0,0,0,0,1,0,1,1,1,0,1,0,0,0,1,1,1,1,1,0,0,1,1,0,0,0,1,1,1,0,0,1,0,1,0,0,1,0,1,1,1,0,0,1,1,0,0,0,1,1,1,0,1,0,1,1,0,1,1,0,0,0,1,1,1,0,1,1,1,0,1,0,0,1,1,0,0,0,1,1,1,0,1,0,0,1,0,0,0,0,0,1,1,0,0,1,0,0,0,1,1,0,1,0,0,1,0,1,1,0,0,1,0,0,1,0,0,0,1,0,1,1,1,0,0,0,1,1,1,0,1,1,1,0,0,0,1,0,0,1,1,0,0,1,0,0,0,0,1,1,1,1,1,1,1,1,1,0,0,1,0,0,0,0,0,1,1,0,0,0,1,1,0,1,1,1,1,1,1,1,1,0,1,0,1,0,0,0,0,0,1,1,1,1,0,0,0,1,0,1,1,0,0,1,1,0,0,1,0,0,1,0,1,0,0,0,0,0,0,1,1,0,0,0,1,1,1,1,1,1,0,0,1,0,1,0.087830930037384597,0.17889677271686885,0.27118333714808879,0.80604257267109181,7.9603265430685886,9.4939803158617533,1.5981383993286029,12.293156328679332,2.2681620508125429,2.528419928282597,2.6805523765926602,18.971480888075074,20.247348744945448,3.262073701075761,3.4131380178530555,25.102922102693217,26.707652399481194,4.1858548867017626,29.761593041886016,31.280384527351796,31.472281986724653,5.1858701457236593,36.162661173418783,37.480796520943009,0.27677002724070987,4.0794863078377785,0,0.037192192265681601,0,1
37,0,0,0,1,1,1,1,0,0,0,1,1,1,0,0,0,0,0,1,0,1,0,0,0,1,0,0,1,1,0,1,0,1,0,0,0,0,1,1,0,1,0,1,1,0,1,1,1,0,1,0,0,0,0,1,1,0,1,0,1,0,0,1,1,1,1,0,0,1,0,1,0,1,1,0,0,1,0,1,0,1,1,0,0,1,0,1,0,1,0,1,0,1,1,0,1,0,0,0,1,1,1,0,1,0,1,1,0,1,1,0,1,1,1,0,0,1,0,0,0,1,0,1,1,0,0,1,0,0,0,1,0,0,0,0,0,1,0,0,1,1,1,1,0,0,0,1,0,0,0,0,0,0,0,0,1,0,0,0,1,0,0,0,1,1,0,1,1,0,1,0,1,0,0,0,1,1,1,0,0,1,0,1,0,0,1,0,1,1,1,0,0,1,1,0,0,0,1,1,1,1,1,0,1,1,0,1,1,0,0,0,1,1,1,0,1,1,0,1,0,0,0,1,1,0,0,0,1,1,1,0,1,0,1,1,1,0,0,1,0,1,1,0,0,1,0,0,0,1,1,0,1,0,0,1,1,1,1,0,0,1,0,0,1,0,0,0,0,0,1,1,0,0,0,0,1,1,1,0,0,1,1,1,0,0,1,0,1,1,1,0,0,1,0,0,0,0,1,1,1,0,0,1,1,1,1,0,0,1,0,0,1,0,0,1,1,0,1,1,0,1,0,1,1,1,1,1,1,1,1,0,1,0,1,0,0,0,0,0,1,1,1,1,0,0,0,1,0,1,1,1,1,1,1,0,0,1,0,0,1,0,1,0,0,0,0,0,0,1,1,0,0,0,1,1,1,1,1,0,0,0,1,0,1,0.23608758678568703,0.6344090943770504,3.1574273289082173,2.1039139391165027,7.9215686274509798,9.5005722133211261,1.6092469672693979,12.5436484321355,2.293430991073472,2.5052262149996185,2.3475394827191578,18.971480888075074,20.298130769817654,3.2415655756466011,3.4506752117189285,25.103410391393911,26.698832684824904,4.0633554589150833,29.754634927901122,31.439688715953306,31.472281986724653,5.1878843366140233,36.162661173418783,37.457358663309684,1.1996200506168009,3.4303216777327949,0,0.037055954334301699,0,1
38,0,0,0,0,1,0,1,1,0,0,1,1,1,1,1,0,0,0,0,0,1,0,1,0,1,1,1,0,1,0,1,0,1,1,1,0,0,1,1,0,1,0,1,1,1,0,1,0,0,0,0,1,0,0,0,1,0,1,1,1,1,0,1,0,1,1,0,0,1,0,1,1,1,0,1,0,1,0,0,0,1,1,0,0,0,1,1,0,1,0,1,0,0,1,1,1,0,0,0,1,1,1,0,0,0,0,0,1,1,1,0,1,1,1,0,0,0,1,0,1,1,1,1,1,0,0,0,0,0,0,1,0,0,0,0,0,0,1,1,0,0,0,1,0,0,0,1,0,0,0,0,0,0,1,0,1,1,1,0,1,0,0,0,1,1,1,1,1,0,0,1,1,0,0,0,1,1,1,0,0,1,0,0,0,0,1,0,1,1,1,0,0,1,1,0,0,0,1,1,1,0,1,0,1,1,0,1,1,0,0,0,1,1,1,0,1,1,0,0,0,0,0,1,1,0,0,0,1,1,1,0,1,1,1,1,0,0,0,1,0,1,1,0,0,1,0,0,0,1,1,0,1,0,0,1,0,1,1,0,0,1,0,0,1,0,0,0,1,0,1,0,0,0,0,0,1,1,1,0,1,1,1,0,0,0,1,0,0,1,1,0,0,1,0,0,0,0,1,1,1,1,1,1,1,1,1,0,0,1,0,0,0,0,0,1,1,0,1,0,1,1,0,1,1,1,1,1,1,1,1,1,1,1,1,0,0,0,0,0,1,1,1,1,0,0,0,1,0,1,1,1,0,1,1,0,0,1,0,0,1,0,1,0,1,0,1,0,1,1,1,0,0,0,1,1,1,1,1,0,0,0,1,1,0,0.087830930037384597,0.17053482871747921,5.4077363241016254,0.54615091172655827,7.9554436560616457,9.311970702677959,1.5374685282673379,12.371282520790418,2.27695124742504,2.528419928282597,2.6805523765926602,18.78397802700847,20.247348744945448,3.2278934920271611,3.5019455252918288,25.102922102693217,26.706095979247731,4.1858548867017626,29.761593041886016,31.282825970855267,31.497917143511103,5.1872129396505686,36.177401388570992,37.458091096360725,1.7584432274702038,2.3130812889341028,0,0.037024397202049787,0,1
39,0,0,0,0,1,0,1,0,1,0,0,0,0,0,1,1,0,1,0,0,1,1,0,0,0,0,0,0,1,1,1,0,0,1,1,0,1,0,1,0,0,1,1,0,0,1,1,0,0,0,0,1,1,0,1,1,1,1,0,0,0,1,1,1,1,1,0,0,1,0,0,1,0,0,1,1,0,0,0,1,1,1,0,0,1,0,1,0,1,1,1,1,1,1,1,1,0,0,1,0,0,0,0,1,0,0,1,1,1,0,0,1,1,1,0,0,0,1,0,1,1,1,1,1,0,0,0,0,0,0,1,0,0,0,0,0,0,1,1,0,0,0,1,0,0,0,1,0,0,0,0,0,0,0,0,1,1,1,0,1,0,0,0,1,1,1,1,1,0,0,1,1,0,0,0,1,1,1,0,0,1,0,0,0,0,1,0,1,1,1,0,0,1,1,0,0,0,1,1,1,0,1,0,1,1,0,1,1,0,0,0,1,1,1,0,1,1,0,0,0,1,0,1,1,0,0,0,1,1,1,0,1,1,1,1,0,0,0,1,0,1,1,0,0,1,0,0,0,1,1,0,0,0,0,1,0,1,1,0,0,1,0,0,1,0,0,0,1,0,1,1,0,0,0,0,1,1,1,0,1,1,1,0,0,0,1,0,1,1,1,0,0,1,0,0,0,0,1,1,1,1,1,1,1,1,1,0,0,1,0,0,0,0,0,1,1,1,1,0,1,1,0,1,1,1,1,1,1,1,1,0,1,0,1,0,0,0,0,0,1,1,1,1,0,0,0,1,0,1,1,1,0,1,1,0,0,1,0,0,1,0,1,0,1,0,1,0,1,1,1,0,0,0,1,1,1,1,1,1,0,0,1,1,0,0.082124055848020142,1.1883726253147173,2.4937514305333028,0.86805523765926607,7.8591592278934916,9.5155870908674753,1.8168917372396431,12.371282520790418,2.27695124742504,2.5088883802548256,2.6805523765926602,18.78397802700847,20.247348744945448,3.2313115129320211,3.5019455252918288,25.095109483482108,26.707133592736707,4.1864042114900437,29.761593041886016,31.28770885786221,31.472281986724653,5.1872129396505686,36.177401388570992,37.481528953994051,1.1355147638716763,3.5089192417307968,0,0.036687367223365921,0,1
40,0,0,0,1,1,0,0,0,1,1,1,0,0,1,0,0,0,0,0,0,0,0,0,0,1,0,1,0,0,0,1,0,0,0,1,0,1,1,1,0,1,1,0,1,0,1,0,1,0,1,0,0,1,0,1,1,0,1,0,0,0,1,1,1,1,1,0,0,0,1,1,1,1,1,0,0,1,0,1,0,1,1,0,0,1,0,1,0,0,0,0,0,1,0,0,1,0,0,0,1,1,1,0,1,0,0,1,1,1,1,0,1,1,1,0,0,0,1,0,0,1,0,1,1,1,0,1,0,0,0,1,0,0,0,0,0,0,1,0,0,0,0,1,0,0,0,1,0,0,0,0,0,0,1,0,1,1,1,1,1,0,0,0,1,1,1,1,1,0,0,1,1,0,0,0,1,1,1,0,0,1,0,0,0,0,1,0,1,0,1,0,0,1,1,0,0,0,1,1,1,0,1,0,0,1,0,0,1,0,0,0,1,1,1,0,1,1,1,1,0,0,1,1,1,0,0,0,1,1,1,0,1,0,1,1,0,0,0,0,0,1,1,0,0,1,0,0,0,1,1,0,1,0,0,1,0,1,1,0,0,1,0,0,1,1,0,0,1,0,1,0,0,0,0,0,1,1,1,0,1,1,1,0,0,0,1,0,0,1,1,0,0,1,0,0,0,0,1,1,1,1,1,1,1,1,1,0,0,1,0,0,0,0,0,1,1,0,0,0,1,1,0,1,1,1,1,1,1,1,1,0,1,0,1,0,0,0,0,0,1,1,1,1,0,0,0,1,0,1,1,1,0,1,1,0,0,1,0,0,1,0,1,0,0,0,1,0,1,1,1,0,0,0,1,1,1,1,1,0,0,0,1,1,0,0.1944609750514992,0.0098878461890592809,1.0976424811169603,2.352452887769894,7.8043793392843517,9.4705424582284277,1.5989929045548179,12.295597772182804,2.2681620508125429,2.5290302891584648,2.6805523765926602,18.781048294804304,20.240207522697794,3.270618753337911,3.4424353398947125,25.102922102693217,26.772503242542154,4.1858548867017626,29.761593041886016,31.280384527351796,31.472281986724653,5.1872129396505686,36.166170748455023,37.458091096360725,0.85600037565228781,3.7874106526329219,0,0.0365179009733759,0,1
41,0,0,0,0,0,0,1,1,0,1,1,0,0,1,1,0,0,1,1,0,1,0,1,1,1,1,1,0,0,0,0,1,0,0,1,1,0,1,1,0,1,1,0,0,0,0,1,1,0,0,1,1,1,0,1,1,0,1,1,1,0,0,0,1,1,1,0,0,1,0,1,0,0,0,1,1,1,0,1,1,1,1,0,0,1,0,1,0,1,1,0,0,1,1,1,1,0,0,0,1,1,1,1,0,0,0,1,0,1,1,0,1,1,1,0,0,0,1,0,0,1,0,1,1,0,0,0,0,0,0,1,0,0,0,0,0,0,1,0,0,0,0,1,0,0,0,1,0,0,0,0,0,0,1,0,1,1,1,0,1,0,0,0,1,1,1,1,0,0,0,1,1,0,0,0,1,1,1,0,0,1,0,0,0,0,1,0,1,1,0,0,0,1,1,0,0,0,1,1,1,0,1,0,1,1,0,0,1,0,0,0,1,1,1,0,1,1,1,0,1,0,1,1,1,0,0,0,1,1,1,0,1,0,1,1,0,0,0,1,0,1,1,0,0,1,0,0,0,1,1,0,1,0,0,1,0,1,1,0,0,1,0,1,1,0,0,0,0,0,1,0,0,0,0,0,1,1,1,0,1,1,1,0,0,0,1,0,0,1,1,0,0,1,0,0,0,0,1,1,1,0,0,1,1,1,1,0,0,1,0,0,0,1,0,1,1,0,1,1,0,1,0,1,1,1,1,1,1,1,1,0,1,0,1,0,1,0,0,0,1,1,1,1,0,0,0,1,0,1,1,1,0,1,1,0,0,1,0,0,1,0,1,0,1,0,0,0,1,1,1,0,0,0,1,1,1,1,1,0,0,0,1,0,1,0.026550698100251773,1.6856336308842603,1.2834973678187227,1.8575722896162357,7.899748226138704,9.5067978942549782,1.6502632181277179,12.293156328679332,2.2681620508125429,2.528419928282597,2.5946135652704663,18.782513160906387,20.24655527580682,3.263782711528191,3.4433508812085143,25.102922102693217,26.963424124513619,4.1858548867017626,29.754634927901122,31.36156252384222,31.472922865644314,5.1872129396505686,36.174593728542,37.457358663309684,1.1020496436489828,3.5468772894315901,0,0.036462951961228382,0,1
42,1,0,1,0,1,1,1,0,0,0,1,0,0,0,1,1,1,0,1,0,0,0,1,0,1,0,0,0,1,0,1,0,1,1,0,0,0,1,1,0,1,0,1,1,0,0,0,1,0,1,0,0,0,0,1,1,0,1,0,1,0,0,1,1,1,1,0,0,1,0,1,1,1,1,0,0,1,0,1,0,1,1,0,0,0,1,0,0,1,1,1,0,1,0,1,0,0,0,0,1,1,1,1,0,0,0,1,1,1,1,0,1,1,1,0,0,1,0,0,0,1,0,1,0,0,0,0,1,0,0,1,0,0,0,0,0,0,0,1,0,0,0,1,0,0,0,1,0,0,0,0,1,1,1,0,1,1,0,0,1,0,0,0,1,1,1,1,0,0,1,0,1,1,1,0,0,1,1,0,0,1,0,0,0,0,1,0,1,1,1,0,0,1,1,0,0,0,1,1,1,0,1,0,1,1,0,1,1,0,0,0,1,1,1,0,1,1,0,0,0,0,0,1,1,0,0,0,1,1,1,0,1,1,1,1,1,0,0,1,0,1,1,0,0,1,0,0,0,1,1,0,1,0,0,0,0,1,1,0,0,1,0,0,1,0,0,0,1,0,1,1,0,0,0,0,1,1,1,0,1,1,1,0,0,0,1,0,0,1,1,0,0,1,0,0,0,0,1,1,1,1,1,1,0,1,1,0,0,1,0,0,0,0,0,0,1,0,1,0,1,1,0,1,1,1,1,1,1,1,1,0,1,0,1,0,0,0,0,0,1,1,1,1,0,0,1,1,0,1,1,1,0,1,1,0,0,1,0,0,1,0,1,0,1,0,1,0,1,1,1,0,0,0,1,1,1,1,1,1,0,0,1,1,0,1.3604638742656596,2.5397116044861523,4.6569008926527813,2.1039139391165027,7.9606317235065225,9.2304875257496004,1.6536812390325779,12.539497978179599,2.2593728542000457,2.6443884946974898,2.609048599984741,18.78397802700847,20.247348744945448,3.2278934920271611,3.509269855802243,25.101945525291828,26.707133592736707,4.1858548867017626,29.761013199053941,31.263294422827496,31.472281986724653,5.2301823453116656,36.177401388570992,37.481528953994051,1.6190060322147333,2.6797021525123581,0,0.036104674890077723,0,1
43,0,0,0,0,1,1,0,0,1,1,1,0,0,0,0,1,1,1,0,0,1,0,0,0,1,0,1,0,0,1,1,0,1,1,1,1,1,0,1,1,1,1,0,1,0,0,1,1,1,1,1,0,1,1,0,1,0,1,1,0,1,0,1,0,1,1,0,0,1,0,0,1,0,1,0,0,1,1,1,0,1,1,0,0,1,0,0,0,1,1,0,0,1,0,1,0,0,0,0,1,1,1,1,0,0,0,1,1,1,1,0,1,1,1,0,0,1,0,0,0,1,0,1,0,0,0,0,1,0,0,1,0,0,0,0,0,0,0,1,1,0,0,1,0,0,0,1,0,0,0,0,1,0,1,0,1,1,0,0,1,0,0,0,1,1,1,1,0,0,1,0,1,1,1,0,0,1,1,0,0,1,0,0,0,0,1,0,1,1,1,0,0,1,1,0,0,0,1,1,1,0,1,0,1,1,0,1,1,0,0,0,1,1,1,0,1,1,0,0,0,0,0,1,1,0,0,0,1,1,1,0,1,1,1,1,0,0,0,1,0,1,1,0,0,1,0,0,0,1,1,0,1,0,0,1,1,1,1,0,0,1,0,0,0,0,0,0,1,0,1,0,0,0,0,0,1,1,1,0,1,1,0,0,0,0,1,0,0,1,1,0,0,1,0,0,0,0,1,1,1,1,1,1,1,1,1,0,0,1,0,0,0,0,0,1,1,0,1,0,1,1,0,1,1,1,1,1,1,1,1,0,1,1,1,0,0,0,0,0,1,1,1,1,0,0,0,1,0,1,1,1,0,1,1,0,0,1,0,0,1,0,1,0,1,0,1,0,1,1,1,0,0,0,1,1,1,1,1,0,0,0,1,1,0,0.10061799038681621,3.1351796749828336,5.9022201876859688,7.4193026626993213,7.8635843442435336,9.412130922407874,1.6536812390325779,12.539497978179599,2.2637674525062943,2.6053253986419471,2.609048599984741,18.78397802700847,20.247348744945448,3.2278934920271611,3.5019455252918288,25.103410391393911,26.573281452658886,4.1506981002517742,29.761593041886016,31.282825970855267,31.477409018081943,5.1872129396505686,36.177401388570992,37.458091096360725,2.0417689197127422,0.94014733984763887,0,0.035989912161458797,0,1
44,0,0,0,0,1,0,1,1,1,1,1,1,1,0,1,1,0,0,0,1,0,0,0,1,0,1,1,1,0,1,1,0,0,0,1,0,1,0,0,1,0,1,1,0,0,1,1,0,0,0,0,0,1,0,1,1,0,1,1,0,0,1,1,1,1,1,0,0,0,1,1,1,1,1,0,0,1,0,1,1,1,1,0,0,0,1,0,0,1,1,1,0,1,1,0,1,0,0,0,1,1,1,0,0,1,1,1,1,1,1,0,1,1,1,0,0,0,1,0,0,1,0,1,1,0,0,0,0,0,0,1,0,0,0,0,0,0,1,0,0,0,0,1,0,0,0,1,0,0,0,0,0,0,1,0,1,1,1,0,1,0,0,0,1,1,1,1,0,0,1,0,1,1,0,0,0,1,1,0,0,1,0,1,0,1,1,0,1,1,1,0,0,1,1,0,0,0,1,1,1,0,1,0,1,1,0,1,1,0,0,0,1,1,1,0,1,1,1,0,0,0,0,1,1,0,0,0,1,1,1,0,1,0,0,1,0,0,0,0,0,1,1,0,0,1,0,0,0,1,1,0,1,0,0,1,0,1,1,0,0,1,0,0,1,0,0,0,1,0,1,1,0,0,0,0,1,1,1,0,1,1,1,0,0,0,1,0,1,1,1,0,0,1,0,0,0,0,1,1,1,1,1,1,1,1,1,0,0,1,0,0,0,0,0,1,1,1,1,0,1,1,0,1,1,1,1,1,1,1,1,0,1,0,1,0,0,0,0,0,1,1,1,1,0,0,0,1,0,1,1,1,0,1,1,0,0,1,0,0,1,0,1,0,1,0,1,0,1,1,1,0,0,0,1,1,1,1,1,0,0,0,1,1,0,0.093598840314335852,0.272831311512932,0.97029068436713217,0.35632867933165485,7.8045319295033186,9.2310368505378815,1.585320820935378,12.293156328679332,2.2681620508125429,2.528419928282597,2.6077058060578318,19.018356603341726,20.247348744945448,3.255237659266041,3.4131380178530555,25.102922102693217,26.707133592736707,4.1864042114900437,29.761593041886016,31.28770885786221,31.472281986724653,5.1872129396505686,36.177401388570992,37.458091096360725,0.42728988550580643,4.0375467650870158,0,0.035715978974054888,0,1
45,1,0,1,1,1,0,1,1,1,1,1,1,0,0,0,1,0,1,0,0,1,1,1,0,1,0,0,0,0,0,1,1,1,0,0,0,1,1,1,0,1,1,1,1,1,0,1,0,0,1,0,1,0,1,0,1,0,0,0,1,0,0,1,1,1,1,0,0,1,0,0,1,1,1,0,0,1,0,1,0,1,1,0,0,1,0,1,1,1,0,1,0,1,1,1,0,0,0,0,1,1,1,1,0,0,0,1,1,0,1,0,1,1,1,0,0,0,1,0,1,1,1,1,1,0,0,1,0,0,0,1,0,0,0,0,0,0,1,0,0,0,0,1,0,0,0,1,0,0,0,0,0,0,1,0,1,1,1,0,1,0,0,0,1,1,1,1,0,0,1,0,1,0,0,0,0,1,1,0,0,1,0,1,0,1,1,0,1,1,1,0,0,1,1,0,0,0,1,1,1,0,1,0,1,1,0,1,1,0,0,0,1,1,1,0,1,1,1,1,0,0,0,1,1,0,0,0,1,1,1,0,1,0,0,1,0,0,0,0,0,1,1,0,0,1,0,0,0,1,1,0,1,0,0,1,0,1,1,0,0,1,0,0,1,0,0,0,1,0,1,1,0,0,0,0,1,1,1,0,1,1,1,0,0,0,1,0,1,1,1,0,0,1,0,0,0,0,0,1,1,1,1,1,1,1,1,0,0,1,0,0,0,0,0,1,1,1,1,0,0,1,0,1,1,1,1,1,1,1,1,0,1,0,1,0,0,0,0,0,1,1,1,1,0,0,0,1,0,1,0,1,0,1,1,0,0,1,0,0,1,0,1,0,1,0,1,0,1,1,1,0,0,0,1,1,1,1,1,0,0,0,1,0,1,1.4683146410315098,1.2267643244068056,3.3510643167772947,2.6586099031052108,7.8825055313954371,9.5476310368505377,1.6519722285801479,12.371770809491112,2.2681620508125429,2.528419928282597,2.6050202182040132,19.018356603341726,20.247348744945448,3.268909742885481,3.4131380178530555,25.102922102693217,26.707133592736707,4.1864042114900437,29.72448310063325,31.287098496986342,31.472281986724653,5.1845273517967501,36.177401388570992,37.457358663309684,1.4960905708258418,2.9443449698174473,0,0.035700333647719393,0,1
46,0,0,1,0,0,0,1,1,1,1,1,1,1,0,1,0,0,0,0,1,0,0,0,1,0,1,1,1,1,1,1,0,0,0,1,0,1,0,0,1,0,1,1,1,0,0,0,1,0,1,0,0,0,0,1,1,1,1,0,1,0,0,1,1,1,1,0,0,1,0,0,0,1,1,0,0,1,1,1,0,1,1,0,0,1,0,1,0,0,1,1,1,0,1,0,1,0,0,0,1,1,1,0,0,1,1,0,1,0,1,0,0,1,1,0,0,1,0,0,0,1,0,1,0,0,0,0,0,0,0,1,0,0,0,0,0,1,1,0,1,0,1,0,1,0,0,1,0,0,0,0,0,0,1,0,1,1,1,0,1,0,0,0,1,1,1,1,1,0,0,0,1,0,0,0,1,1,1,0,0,1,0,0,0,0,1,0,1,1,1,0,0,1,1,0,0,0,1,1,0,0,1,0,1,1,0,1,1,0,0,0,1,1,1,0,1,1,0,0,1,0,1,1,1,0,0,0,1,1,1,0,1,0,1,1,0,0,0,0,0,1,1,0,0,1,0,0,0,1,1,0,1,0,0,1,0,1,1,0,0,1,0,0,0,0,0,0,1,0,1,0,0,0,0,0,1,1,1,0,1,1,1,0,0,0,1,0,1,1,1,0,0,1,0,0,0,0,1,1,1,1,1,1,1,1,1,0,0,1,0,0,0,0,0,1,1,0,1,0,1,1,0,1,1,1,1,1,1,1,1,0,1,1,1,0,0,0,0,0,1,1,1,1,0,0,0,1,0,1,1,1,0,1,1,0,0,1,0,0,1,0,1,0,1,0,1,0,1,1,1,0,0,0,1,1,0,1,1,0,0,0,1,1,0,0.28107118333714809,0.27331960021362628,0.97129777981231413,2.1195391775387198,7.8440527962157622,9.4903181506065462,1.5765621423666742,12.539253833829251,2.3085374227512014,2.528419928282597,2.669810025177386,18.78397802700847,20.145784695201037,3.2364385442893111,3.4424353398947125,25.102922102693217,26.573281452658886,4.1864042114900437,29.761593041886016,31.282825970855267,31.477409018081943,5.1872129396505686,36.177401388570992,37.27058823529412,0.66753510069212929,3.9228977131433003,0,0.035283067415289478,0,1
47,0,0,0,0,1,0,0,0,0,0,1,0,1,0,0,0,0,0,0,1,1,0,1,0,0,1,1,1,1,0,1,0,0,1,0,1,1,1,1,1,0,1,1,0,0,1,1,1,0,0,1,1,1,0,1,1,1,1,1,0,0,1,0,1,1,1,0,0,1,0,1,1,0,0,0,0,1,0,1,1,1,1,0,0,1,0,1,0,0,1,0,0,1,1,1,0,0,0,0,1,1,1,1,0,0,0,1,1,0,0,0,1,1,1,0,0,0,1,0,1,1,1,1,1,0,0,0,0,0,0,1,0,0,0,0,0,0,1,1,0,0,0,1,0,0,0,1,0,0,0,0,0,0,1,0,1,0,1,0,1,0,0,0,1,1,1,1,1,0,1,1,1,0,0,0,1,1,1,0,0,1,0,0,0,0,1,0,1,1,1,0,0,1,1,0,0,0,1,1,1,0,1,0,1,1,0,1,1,0,0,0,1,1,1,0,1,1,0,0,0,0,0,1,1,0,0,0,1,1,1,0,1,1,0,1,0,0,0,1,0,1,1,0,0,1,0,0,0,1,1,0,1,0,0,1,0,1,1,0,0,1,0,0,0,0,0,0,1,0,1,0,0,0,0,0,1,1,1,0,1,1,1,0,0,0,1,0,0,1,1,0,0,1,0,0,0,0,1,1,1,1,1,1,1,1,1,0,0,1,0,0,0,0,0,1,1,0,1,0,1,1,0,1,1,1,1,1,1,1,1,0,1,1,1,0,0,0,0,0,1,1,1,1,0,0,0,1,0,1,1,1,0,1,1,0,0,1,0,0,1,0,1,0,1,0,1,0,1,1,1,0,0,0,1,1,1,1,1,0,0,0,1,1,0,0.063721675440604253,0.41370260166323336,2.2360265506981003,1.8717326619363699,7.9314869916838324,9.4831769283588923,1.6511177233539329,12.371282520790418,2.27695124742504,2.5259784847791256,2.7020370794232087,18.78397802700847,20.247348744945448,3.2278934920271611,3.4726482032501718,25.102922102693217,26.573281452658886,4.1858548867017626,29.761593041886016,31.282825970855267,31.477409018081943,5.1872129396505686,36.177401388570992,37.458091096360725,1.0132497888080108,3.6421668236471012,0,0.035192709126137929,0,1
48,0,0,1,1,0,0,1,1,1,1,1,1,1,1,1,1,1,1,0,0,0,1,1,1,0,0,1,0,0,0,0,1,1,1,1,1,0,0,1,1,1,1,1,0,0,1,1,1,0,0,1,1,1,0,1,1,0,0,1,1,0,0,1,1,1,1,0,0,1,0,0,1,1,1,1,0,1,0,1,1,1,1,0,0,1,0,1,1,1,0,1,0,1,1,1,0,0,0,0,1,1,1,1,0,0,0,1,1,1,1,0,1,1,1,0,0,0,1,0,1,1,1,1,1,0,0,1,1,0,0,1,0,0,0,0,0,0,1,0,0,0,0,1,0,0,0,1,0,0,0,0,0,0,1,0,1,1,1,0,1,0,0,0,1,1,1,1,0,0,0,1,1,1,0,0,1,1,1,0,0,1,0,0,0,0,0,0,1,1,1,0,0,1,1,0,0,0,1,1,1,1,1,1,1,1,0,0,1,0,0,0,1,1,1,0,1,1,1,1,1,0,1,1,1,0,0,0,1,1,1,0,1,0,1,1,1,0,0,1,0,1,1,0,0,1,0,0,0,1,1,0,1,0,0,1,1,1,1,0,0,1,0,0,1,0,0,0,0,0,1,1,0,0,0,0,1,1,1,0,1,1,1,0,0,0,1,0,0,1,1,0,0,1,0,0,0,0,1,1,1,1,1,1,1,1,1,0,0,1,0,0,0,0,0,1,1,0,1,0,1,1,0,1,1,1,1,1,1,1,1,0,1,0,1,0,0,0,0,0,1,1,1,1,0,0,0,1,0,1,1,1,0,1,1,0,0,1,0,0,1,0,1,0,1,0,1,0,1,1,1,0,0,0,1,1,1,1,1,0,0,0,1,1,0,0.40622568093385214,3.111436636911574,5.7165484092469665,1.8500038147554743,7.8875410086213469,9.5476310368505377,1.6536812390325779,12.372014953841459,2.2681620508125429,2.528419928282597,2.5972991531242848,18.760540169375144,20.310032806897077,3.2774547951476309,3.4506752117189285,25.103410391393911,26.698832684824904,4.1858548867017626,29.761593041886016,31.282825970855267,31.472281986724653,5.1872129396505686,36.177401388570992,37.458091096360725,1.9676489927226875,1.4714970903032718,0,0.035188689963636804,0,1
49,0,0,0,0,1,0,1,1,1,1,1,0,1,1,1,0,1,1,0,1,1,0,0,0,1,0,1,0,1,0,1,0,1,1,1,0,0,1,1,0,1,0,1,1,1,0,1,0,0,1,0,0,0,0,0,1,0,1,0,1,1,1,0,0,1,1,0,0,1,0,0,1,0,1,0,0,0,0,1,0,1,1,0,0,0,1,1,0,1,0,1,0,1,1,1,1,0,0,0,1,1,1,0,1,0,0,1,1,1,1,0,1,1,1,0,0,0,1,0,0,1,0,1,1,0,0,0,0,0,0,1,0,0,0,0,0,0,1,0,0,0,0,1,0,0,0,1,0,0,0,0,0,0,1,0,1,1,1,0,1,0,0,0,1,1,1,1,1,0,0,1,1,0,0,0,1,1,1,0,0,1,0,0,0,1,1,0,1,1,1,0,0,1,1,0,0,0,1,1,1,0,1,0,1,1,0,1,1,0,0,0,1,1,1,0,1,1,0,0,0,0,0,1,1,0,0,0,1,1,1,0,1,1,1,1,0,0,0,1,0,1,1,0,0,1,0,0,0,1,1,0,1,0,0,1,1,1,1,0,0,1,0,0,1,0,0,0,1,0,1,0,0,0,0,0,1,1,1,0,1,1,1,0,0,0,1,0,0,1,1,0,0,1,0,0,0,0,1,1,1,1,1,1,1,1,1,0,0,1,0,0,1,0,0,1,1,0,1,0,1,1,0,1,1,1,1,1,1,1,1,0,1,0,1,0,0,0,0,0,1,1,1,1,0,0,0,1,0,1,1,1,0,1,1,0,0,1,0,0,1,0,1,0,0,0,1,0,1,1,1,0,0,0,1,1,1,1,1,0,0,0,1,1,0,0.093202105745021746,3.3854276340886549,5.4077363241016254,2.0425116350041961,7.86175326161593,9.3134355687800419,1.5989929045548179,12.293156328679332,2.2681620508125429,2.528419928282597,2.6805523765926602,18.830853742275121,20.247348744945448,3.2278934920271611,3.5019455252918288,25.103410391393911,26.706095979247731,4.1858548867017626,29.761593041886016,31.439078355077438,31.472281986724653,5.1872129396505686,36.166170748455023,37.458091096360725,2.0248102111372779,1.1100433288604143,0,0.034741223348082523,0,1
50,0,0,0,0,1,0,1,0,1,0,0,0,0,0,1,1,0,1,0,0,0,0,1,0,1,0,1,0,0,1,0,0,1,1,1,1,0,1,1,0,1,0,1,1,0,0,1,1,0,1,0,0,0,0,1,1,0,1,0,0,0,1,1,1,1,1,0,0,1,0,0,1,0,1,0,1,0,0,1,1,1,1,0,0,1,0,1,0,0,0,0,0,1,0,0,1,0,0,0,1,1,1,0,1,0,0,1,1,1,1,0,1,1,1,0,0,0,1,0,0,1,0,1,1,1,0,0,0,0,0,1,0,0,0,0,0,0,1,0,0,0,0,1,0,0,0,1,0,0,0,0,0,0,1,0,1,1,1,0,1,0,0,0,1,1,1,1,1,0,0,1,1,0,0,0,1,1,1,0,0,1,0,0,0,0,1,0,1,0,1,0,0,1,1,0,0,0,1,1,1,0,1,0,1,1,0,0,1,0,0,0,1,1,1,0,1,1,1,1,0,0,1,1,1,0,0,0,1,1,1,0,1,0,1,1,0,0,0,0,0,1,1,0,0,1,0,0,0,1,1,0,1,0,0,1,1,1,1,0,0,1,0,0,1,0,0,0,0,0,1,1,0,0,0,0,1,1,1,0,1,1,1,0,0,0,1,0,0,1,1,0,0,1,0,0,0,0,1,1,1,1,1,1,1,1,1,0,0,1,0,0,0,0,0,1,1,0,1,0,1,1,0,1,1,1,1,1,1,1,1,0,1,0,1,0,0,0,0,0,1,1,1,1,0,0,0,1,0,1,1,1,0,1,1,0,0,1,0,0,1,0,1,0,1,0,1,0,1,1,1,0,0,0,1,1,1,1,1,0,0,0,1,1,0,0.082124055848020142,1.0412756542305639,5.782101167315175,2.1024490730144199,7.8643472953383684,9.4705424582284277,1.5989929045548179,12.29510948348211,2.2681620508125429,2.528419928282597,2.6805523765926602,18.781048294804304,20.24655527580682,3.270618753337911,3.4424353398947125,25.103410391393911,26.698832684824904,4.1858548867017626,29.761593041886016,31.282825970855267,31.472281986724653,5.1872129396505686,36.177401388570992,37.458091096360725,1.8829661974956065,1.8687435023917103,0,0.034706418392738241,0,1
51,0,0,0,0,1,1,1,1,1,1,1,0,0,0,0,1,0,1,0,0,1,0,0,0,1,0,1,0,0,1,1,0,1,1,1,1,1,0,1,1,1,1,0,1,0,0,1,1,1,1,1,0,1,1,0,1,0,1,1,0,1,0,0,1,1,1,0,0,1,0,0,1,0,0,0,0,0,1,1,0,1,1,0,0,1,0,1,0,1,0,1,0,1,1,0,1,0,0,0,1,1,1,0,0,0,0,1,0,1,1,0,0,1,1,0,0,1,0,0,0,1,0,1,0,0,0,0,0,0,0,1,0,0,0,0,0,0,1,0,0,0,0,1,0,0,0,1,0,0,0,0,0,0,1,0,1,1,1,0,1,0,0,0,1,1,1,1,0,0,1,0,1,0,0,0,0,1,1,0,0,1,0,1,0,1,1,0,1,1,1,1,0,1,1,0,0,0,1,1,1,0,1,0,1,1,0,1,1,0,0,0,1,1,1,0,1,1,1,0,1,0,0,1,1,0,0,0,1,1,1,0,1,0,0,1,0,0,0,0,0,1,1,0,0,1,0,0,0,1,1,0,1,0,0,1,0,1,1,0,0,1,0,0,1,0,0,0,1,0,1,1,0,0,0,0,1,1,1,0,1,1,1,0,0,0,1,0,0,1,1,0,0,1,0,0,0,0,1,1,1,1,1,1,1,1,1,0,0,1,0,0,0,0,0,1,1,0,0,0,1,1,0,1,1,1,1,1,1,1,1,0,1,0,1,0,0,0,0,0,1,1,1,1,0,0,0,1,0,1,1,0,0,1,1,0,0,1,0,0,1,0,1,0,0,0,0,0,0,1,1,0,0,0,1,1,1,1,1,1,0,0,1,0,1,0.12405584802014191,1.1351491569390402,5.9022201876859688,7.4191805905241477,7.8525978484779122,9.5005722133211261,1.5406729228656442,12.539253833829251,2.2681620508125429,2.528419928282597,2.6050202182040132,19.019089036392767,20.247348744945448,3.262073701075761,3.4131380178530555,25.102922102693217,26.707133592736707,4.1858548867017626,29.761593041886016,31.280384527351796,31.472281986724653,5.1858701457236593,36.162661173418783,37.480796520943009,2.0715535079895582,0.67232074467139391,0,0.034299434979571247,0,1
52,0,0,0,1,1,1,1,0,0,0,1,0,1,0,1,0,0,1,1,0,1,0,0,0,0,0,0,0,1,1,1,0,1,0,0,0,0,0,1,0,1,0,1,1,0,1,1,1,0,1,0,0,0,0,1,1,0,1,0,1,0,0,1,1,1,1,0,0,1,0,1,1,1,0,0,0,1,0,1,1,1,1,0,0,1,0,0,0,1,1,0,0,1,1,1,0,0,0,0,1,1,1,1,0,0,0,1,1,1,1,0,1,1,1,0,0,0,1,0,1,1,1,1,1,0,0,0,0,0,0,1,0,0,0,0,0,0,1,1,0,0,0,1,0,0,0,1,0,0,0,0,0,0,1,0,1,0,1,0,1,0,0,0,1,1,1,1,1,0,1,1,1,0,0,0,1,1,1,0,0,1,0,1,0,0,1,0,1,1,1,0,0,1,1,0,0,0,1,1,1,0,1,0,0,1,0,1,1,0,0,0,1,1,1,0,1,1,0,1,0,0,0,1,1,0,0,0,1,1,1,0,1,0,1,1,1,0,0,1,0,1,1,0,0,1,0,0,0,1,1,0,1,0,0,1,1,1,1,0,0,1,0,0,1,0,0,0,0,0,1,1,0,0,0,0,1,1,1,0,0,1,1,1,0,0,1,0,1,1,1,0,0,1,0,0,0,0,1,1,1,0,0,1,1,1,1,0,0,1,0,0,1,0,0,1,1,0,1,0,1,1,0,1,1,1,1,1,1,1,1,0,1,0,1,0,1,0,0,0,1,1,1,1,0,0,0,1,0,1,0,1,0,1,1,0,0,1,0,0,1,0,1,0,1,0,1,0,1,1,1,0,0,0,1,1,1,1,1,0,0,0,1,1,0,0.23566033417257953,1.6258793011367971,3.0636758983749139,2.1039139391165027,7.9510185397116038,9.4128633554589154,1.6536812390325779,12.371282520790418,2.27695124742504,2.5259784847791256,2.7020370794232087,18.971480888075074,20.241000991836422,3.2415655756466011,3.4506752117189285,25.103410391393911,26.698832684824904,4.0633554589150833,29.754634927901122,31.439078355077438,31.472922865644314,5.1845273517967501,36.177401388570992,37.458091096360725,1.2551037297908019,3.3519511190958977,0,0.034231871038560874,0,1
53,0,0,0,0,1,0,1,0,0,1,1,0,0,1,0,0,0,1,0,0,0,0,1,1,1,1,1,0,0,0,0,1,0,0,1,1,0,1,1,0,1,1,0,0,0,0,1,0,0,0,0,0,1,0,0,1,0,1,0,0,0,1,1,1,1,1,0,0,0,1,1,1,1,1,0,0,1,0,1,0,1,1,0,0,0,1,1,0,1,1,1,0,0,1,0,1,0,0,0,1,1,1,1,0,0,0,1,1,1,1,1,1,1,1,0,0,0,1,1,1,1,1,1,1,0,0,1,1,0,0,1,0,0,0,0,0,0,1,0,1,1,0,1,1,0,0,1,0,0,0,0,0,0,1,0,1,1,1,0,1,0,0,0,1,1,1,1,1,0,0,1,1,0,0,0,1,1,1,0,0,1,0,1,0,0,1,0,1,1,1,1,0,1,1,0,0,0,1,1,1,0,1,0,1,1,1,0,0,0,0,0,1,1,1,0,1,1,0,0,1,0,0,1,1,0,0,0,1,1,1,0,1,1,1,1,0,0,0,1,1,1,1,0,0,1,0,0,0,1,1,0,1,0,0,1,1,1,1,0,0,1,0,0,1,1,0,0,1,0,1,0,0,0,0,0,1,1,1,0,1,1,1,0,0,0,1,0,0,1,1,0,0,1,0,0,0,0,1,1,1,1,1,1,1,1,1,0,0,1,0,0,0,0,0,1,1,0,1,0,1,1,0,1,1,1,1,1,1,1,1,0,1,0,1,0,0,0,0,0,1,1,1,1,0,0,0,1,0,1,1,0,0,1,1,0,0,1,0,0,1,0,1,0,1,0,1,0,1,1,1,0,0,0,1,1,1,1,1,0,0,0,1,0,0,0.081177996490424967,1.0606240939955749,1.2834058136873425,0.28992141603723204,7.8043793392843517,9.3233234149691011,1.6541084916456854,12.497016861219196,2.2750286106660562,2.528419928282597,2.6805523765926602,18.972213321126116,20.247745479514762,3.2347295338368811,3.5024032959487297,25.103410391393911,26.772503242542154,4.1858548867017626,29.761593041886016,31.282825970855267,31.472281986724653,5.1858701457236593,36.177401388570992,37.456626230258642,0.78910685359229116,3.8362923835540501,0,0.034195269134242909,0,1
54,1,0,1,0,1,1,1,0,0,0,1,0,0,0,1,1,1,1,0,0,1,0,1,0,1,0,0,0,1,0,1,1,1,0,0,0,0,1,1,0,1,0,1,1,0,0,1,1,1,1,0,0,1,0,1,1,0,1,0,1,0,0,1,1,1,1,0,0,1,0,1,0,1,0,0,0,1,0,1,0,1,1,0,0,1,0,1,0,1,0,1,1,1,1,0,0,0,0,0,1,1,1,0,1,0,0,1,0,1,1,0,1,1,1,0,0,1,0,0,0,1,0,1,1,0,0,1,0,0,0,1,0,0,0,0,0,0,1,0,0,1,0,1,0,0,0,1,0,0,0,0,0,0,1,0,1,1,1,0,1,0,0,0,1,1,1,1,1,0,0,1,1,0,0,0,1,1,1,0,0,1,0,0,0,0,1,0,1,1,1,0,0,1,1,0,0,0,1,1,0,0,1,0,1,1,0,0,1,0,0,0,1,1,1,0,1,1,1,1,0,0,1,1,1,0,0,0,1,1,1,0,1,0,1,1,1,0,0,1,0,1,1,0,0,1,0,0,0,1,1,0,1,0,0,1,0,1,1,0,0,1,0,1,1,0,0,0,0,0,1,1,1,0,0,0,1,1,1,0,1,1,1,0,0,0,1,0,1,1,1,0,0,1,0,0,0,0,1,1,1,1,1,1,1,1,1,0,0,1,0,1,0,0,0,1,1,1,1,0,1,1,0,1,1,1,1,0,1,1,1,0,1,0,1,0,0,0,0,0,1,1,1,1,0,0,0,1,0,1,1,1,0,1,1,0,0,1,0,0,1,0,1,0,1,0,1,0,1,1,1,0,0,0,1,1,1,1,1,0,0,0,1,1,0,1.3604638742656596,3.1647821774624245,3.1570611123826966,6.3539787899595632,7.9118028534370941,9.5033188372625315,1.5955748836499579,12.5436484321355,2.2703593499656671,2.528419928282597,2.6805523765926602,18.78397802700847,20.144991226062409,3.270618753337911,3.4506752117189285,25.102922102693217,26.964980544747082,4.1864042114900437,29.761593041886016,31.600213626306552,31.144151979858094,5.1872129396505686,36.177401388570992,37.458091096360725,1.4243506347119559,3.0877038382956012,0,0.033960899536039812,0,1
55,1,0,0,0,1,0,1,0,0,1,0,0,1,1,1,1,0,1,0,0,0,0,0,0,1,0,1,0,1,1,0,0,0,1,1,1,1,0,0,1,1,1,0,1,0,0,1,1,1,1,0,0,1,0,0,1,0,1,1,1,1,0,1,1,1,1,0,0,0,1,1,1,1,1,0,0,1,0,0,0,1,1,0,0,1,0,1,0,0,1,0,0,1,1,1,0,0,0,0,1,1,1,1,0,0,0,1,1,1,1,0,1,1,1,0,0,0,1,1,1,1,1,1,1,0,0,1,1,0,0,1,0,0,0,0,0,0,1,0,1,1,0,0,1,0,0,1,0,0,0,0,0,0,1,0,1,1,1,0,1,0,0,0,1,1,1,1,1,0,0,1,1,0,0,0,1,1,1,0,0,1,0,0,0,0,1,0,1,1,1,1,0,1,1,0,0,0,1,1,1,0,1,0,1,1,1,0,1,0,0,0,1,1,1,0,1,1,0,0,0,0,0,1,1,0,0,0,1,1,1,0,1,1,1,0,0,0,0,1,1,1,1,0,0,1,0,0,0,1,1,0,1,0,0,1,1,1,1,0,0,1,0,0,1,0,0,0,1,0,1,0,0,0,0,0,1,1,1,0,1,1,1,0,0,1,1,0,0,1,1,0,0,1,0,0,1,0,1,1,1,1,1,1,1,1,1,0,0,1,0,0,0,0,0,1,1,1,1,0,1,1,0,1,1,1,1,1,1,1,1,0,1,0,1,0,0,0,0,0,1,1,1,1,0,0,0,1,0,1,1,1,0,1,1,0,0,1,0,0,1,0,1,0,0,0,1,0,1,1,1,0,0,0,1,1,1,1,1,0,0,0,1,1,0,1.0805523765926603,1.0105134660868238,2.8552986953536275,6.2963607232776377,7.8040741588464178,9.4831769283588923,1.6536812390325779,12.497016861219196,2.2744792858777751,2.528419928282597,2.6805523765926602,18.784710460059511,20.248142214084076,3.2278934920271611,3.4877546349279012,25.103410391393911,26.706095979247731,4.1902494850080112,29.910032806897078,31.28770885786221,31.472281986724653,5.1872129396505686,36.166170748455023,37.458091096360725,1.5873717331044999,2.7384265543891209,0,0.033583371077917847,0,1
56,0,0,0,0,1,0,1,1,0,0,1,1,1,1,1,0,0,0,0,0,1,0,1,1,0,1,1,1,0,0,1,1,1,1,0,0,1,0,1,1,1,0,0,1,0,0,1,0,0,0,0,1,1,0,0,1,1,1,1,0,1,0,1,1,1,1,0,0,1,0,1,1,0,0,0,1,1,0,0,1,1,1,0,0,1,0,1,0,1,0,1,0,1,1,1,0,0,0,0,1,1,1,1,0,0,0,1,1,0,0,0,1,1,1,0,0,0,1,0,1,1,1,1,1,0,0,0,0,0,0,1,0,0,0,0,0,0,1,1,0,0,0,1,0,0,0,1,0,0,0,0,0,0,1,0,1,0,1,0,1,0,0,0,1,1,1,1,1,0,1,1,1,0,0,0,1,1,1,0,0,1,0,0,0,0,1,0,1,1,1,0,0,1,1,0,0,0,1,1,1,0,1,0,1,1,0,1,1,0,0,0,1,1,1,0,1,1,0,0,0,0,0,1,1,0,0,0,1,1,1,0,1,1,0,1,0,0,0,1,1,1,1,0,0,1,0,0,0,1,1,0,1,0,0,1,0,1,1,0,0,1,0,0,1,0,0,0,1,0,1,1,0,0,0,0,1,1,1,0,1,1,1,0,0,0,1,0,1,1,1,0,0,1,0,0,0,0,1,1,1,1,1,1,1,1,1,0,0,1,1,0,0,0,0,1,1,1,1,0,1,1,0,1,1,1,1,1,1,1,1,0,1,0,1,0,0,0,0,0,1,1,1,1,0,0,0,1,0,1,1,1,0,1,1,0,0,1,0,0,1,0,1,0,0,0,1,0,1,1,1,0,0,0,1,1,1,1,1,0,0,0,1,1,0,0.087830930037384597,0.17889677271686885,4.7712520027466239,0.80994888227664608,7.9336232547493699,9.5007553215838865,1.6511177233539329,12.371282520790418,2.27695124742504,2.5259784847791256,2.7020370794232087,18.78397802700847,20.247348744945448,3.2278934920271611,3.4731059739070727,25.102922102693217,26.707133592736707,4.1864042114900437,29.761593041886016,31.912718394750897,31.472281986724653,5.1872129396505686,36.166170748455023,37.458091096360725,1.638104661901058,2.6427427156626653,0,0.033366807498790563,0,1
57,0,0,0,0,1,1,1,1,1,1,1,0,1,1,1,0,1,1,0,1,1,0,0,0,1,0,1,0,1,0,1,0,1,1,1,0,0,1,1,0,1,0,1,1,1,0,1,0,0,1,0,0,0,0,0,1,0,1,0,0,1,0,1,0,1,1,0,0,1,0,0,1,0,1,0,0,1,1,1,0,1,1,0,0,1,0,0,0,1,1,0,0,1,0,0,0,0,0,0,1,1,1,1,0,0,0,1,1,1,1,0,1,1,1,0,0,1,0,0,0,1,0,1,0,0,0,0,1,0,0,1,0,0,0,0,0,0,0,1,1,0,0,1,0,0,0,1,0,0,0,0,1,0,1,0,1,1,0,0,1,0,0,0,1,1,1,1,0,0,1,0,1,1,1,0,0,1,1,0,0,1,0,0,0,0,1,0,1,1,1,0,0,1,1,0,0,0,1,1,1,0,1,0,1,1,0,1,1,0,0,0,1,1,1,0,1,1,0,0,0,0,0,1,1,0,0,0,1,1,1,0,1,1,1,1,0,0,0,1,0,1,1,0,0,1,0,0,0,1,1,0,1,0,0,1,1,1,1,0,0,1,0,0,0,0,0,0,1,0,1,0,0,0,0,0,1,1,1,0,1,1,0,1,0,0,1,0,0,1,1,0,0,1,0,0,0,0,1,1,1,1,1,1,1,1,1,0,0,1,0,0,0,0,0,1,1,0,1,0,1,1,0,1,1,1,1,1,1,1,1,0,1,1,1,0,0,0,0,0,1,1,1,1,0,0,0,1,0,1,1,1,0,1,1,0,0,1,0,0,1,0,1,0,1,0,1,0,1,1,1,0,0,0,1,1,1,1,1,0,0,0,1,1,0,0.12445258258945602,3.3854276340886549,5.4077363241016254,2.0403143358510718,7.8635843442435336,9.4117647058823533,1.6536812390325779,12.539497978179599,2.2637674525062943,2.6053253986419471,2.609048599984741,18.78397802700847,20.247348744945448,3.2278934920271611,3.5019455252918288,25.103410391393911,26.573281452658886,4.1682764934767684,29.761593041886016,31.282825970855267,31.477409018081943,5.1872129396505686,36.177401388570992,37.458091096360725,2.0151371054960898,1.1539702236576268,0,0.033338266805448304,0,1
58,1,1,0,0,1,1,1,0,0,0,1,0,0,0,1,1,0,0,0,0,0,0,1,1,0,0,1,0,0,1,0,1,1,1,1,0,1,0,1,0,1,1,0,1,0,1,1,0,0,1,0,0,0,0,0,1,0,1,0,1,0,1,0,0,1,1,0,0,1,0,0,1,0,1,0,0,0,0,1,0,1,1,0,0,0,1,1,0,1,1,1,0,1,1,1,1,0,0,0,1,1,1,0,0,1,1,0,1,0,1,0,0,1,1,0,0,1,0,0,0,1,0,1,0,0,0,0,1,0,0,1,0,0,0,0,0,0,0,1,1,0,0,1,0,0,0,1,0,0,0,0,1,0,1,0,1,1,0,0,1,0,0,0,1,1,1,1,0,0,1,0,1,1,1,0,0,1,1,0,0,1,0,0,0,0,1,0,1,1,1,0,0,1,1,0,0,0,1,1,1,0,1,0,1,1,0,1,1,0,0,0,1,1,1,0,1,1,0,0,0,0,0,1,1,0,0,0,1,1,1,0,1,1,1,1,0,0,0,1,0,1,1,0,0,1,0,0,0,1,1,0,1,0,0,1,1,1,1,0,0,1,0,0,0,0,0,0,1,0,1,0,0,0,0,0,1,1,1,0,1,1,0,0,0,0,1,0,0,1,1,0,0,1,0,0,0,0,1,1,1,1,1,1,1,1,1,0,0,1,0,0,0,0,0,1,1,0,1,0,1,1,0,1,1,1,1,1,1,1,1,0,1,1,1,0,0,0,0,0,1,1,1,1,0,0,0,1,0,1,1,1,0,1,1,0,0,1,0,0,1,0,1,0,1,0,1,0,1,1,1,0,0,0,1,1,1,1,1,0,0,0,1,1,0,1.6104676890211338,0.049134050507362477,5.5040512703135729,2.0415350576028075,7.86175326161593,9.3251544975967047,1.5765621423666742,12.539497978179599,2.2637674525062943,2.6053253986419471,2.609048599984741,18.78397802700847,20.247348744945448,3.2278934920271611,3.5019455252918288,25.103410391393911,26.573281452658886,4.1506981002517742,29.761593041886016,31.282825970855267,31.477409018081943,5.1872129396505686,36.177401388570992,37.458091096360725,2.0361088461987102,1.0111377314512002,0,0.03330079888557242,0,1
59,1,0,0,1,1,1,0,0,1,0,1,1,1,1,0,1,1,0,1,0,1,0,0,0,1,0,1,1,0,1,1,0,1,1,0,1,1,0,1,1,1,1,0,1,0,0,1,1,1,1,0,0,1,1,0,1,0,0,0,0,1,0,0,1,1,1,0,0,1,0,0,1,0,0,0,0,0,1,0,0,1,1,0,0,1,0,1,0,1,0,1,0,1,0,0,1,0,0,0,1,1,1,0,1,0,0,1,1,0,1,0,1,1,1,0,0,0,1,0,1,0,1,1,1,0,0,1,0,0,0,1,0,0,0,0,0,0,1,0,0,1,0,1,0,0,0,1,0,0,0,0,0,0,1,0,1,1,1,0,1,0,0,0,1,1,1,1,0,0,1,0,1,0,0,0,0,1,1,0,0,1,0,1,0,0,1,0,1,1,1,0,0,1,1,0,0,0,1,1,1,0,1,0,1,1,0,1,1,0,0,0,1,1,1,0,1,1,1,1,0,0,0,1,1,0,0,0,1,1,1,0,1,0,1,1,0,0,0,0,0,1,1,0,0,1,0,0,0,1,1,0,1,0,0,1,0,1,1,0,0,1,0,0,1,0,0,0,1,0,1,1,0,0,0,0,1,1,1,0,1,1,1,0,0,0,1,0,1,1,1,0,0,1,0,0,0,0,0,1,1,1,1,1,1,1,1,0,0,1,0,0,0,0,0,1,1,1,1,0,0,1,0,1,1,1,1,1,1,1,1,0,1,0,1,0,0,0,0,0,1,1,1,1,0,0,0,1,0,1,0,1,0,1,1,0,0,1,0,0,1,0,1,0,1,0,1,0,1,1,1,0,0,0,1,1,1,1,1,0,0,0,1,1,0,1.2245365072098879,2.6361486228732738,5.1522087434195463,6.4074464026855882,7.8522926680399783,9.4998397802700847,1.5972838941023879,12.340520332646678,2.2703593499656671,2.528419928282597,2.6050202182040132,18.971480888075074,20.247348744945448,3.268909742885481,3.4424353398947125,25.102922102693217,26.707133592736707,4.1864042114900437,29.72448310063325,31.287098496986342,31.472281986724653,5.1845273517967501,36.177401388570992,37.458091096360725,1.4362463633152864,3.0531190156787993,0,0.032650416712099908,0,1
60,0,0,0,0,1,0,1,0,0,1,1,0,0,1,0,0,0,1,1,0,0,0,1,1,1,1,1,0,0,0,0,1,0,0,1,1,0,1,1,0,1,0,1,1,0,0,1,0,0,1,0,1,0,0,0,1,0,0,0,1,0,0,1,0,1,1,0,0,1,0,0,1,0,1,0,0,0,0,1,0,1,1,0,0,0,1,1,0,1,0,1,0,1,1,1,1,0,0,0,1,1,1,0,1,0,1,1,1,1,1,1,1,1,1,0,0,1,0,0,0,1,0,1,1,0,0,0,0,0,0,1,0,0,0,0,0,0,1,0,0,0,0,1,0,0,0,1,0,0,0,0,0,0,1,0,1,1,1,0,1,0,0,0,1,1,1,1,0,0,1,0,1,0,0,0,0,1,1,0,0,1,0,1,0,1,1,0,1,1,1,0,0,1,1,0,0,0,1,1,1,0,1,0,1,1,0,1,1,0,0,0,1,1,1,0,1,1,1,1,0,0,0,1,1,0,0,0,1,1,1,0,1,0,0,1,0,0,0,0,0,1,1,0,0,1,0,0,0,1,1,0,1,0,0,1,0,1,1,0,0,1,0,0,1,0,0,0,1,0,1,1,0,0,0,0,1,1,1,0,1,1,1,0,0,0,1,0,1,1,1,0,0,1,0,0,0,0,1,1,1,1,1,1,1,1,1,0,0,1,0,0,0,0,0,1,1,1,1,0,0,1,0,1,1,1,1,1,1,1,1,0,1,0,1,0,0,0,0,0,1,1,1,1,0,0,0,0,0,1,0,1,0,1,1,0,0,1,0,0,1,0,1,0,0,0,0,0,1,1,1,0,0,0,1,1,1,1,1,1,0,0,1,0,1,0.081177996490424967,1.5606317235065232,1.2819409475852597,2.5334859235523002,7.86175326161593,9.3134355687800419,1.6130922407873654,12.543160143434806,2.2681620508125429,2.528419928282597,2.6050202182040132,19.018356603341726,20.247348744945448,3.268909742885481,3.4131380178530555,25.102922102693217,26.707133592736707,4.1864042114900437,29.761593041886016,31.287098496986342,31.472281986724653,5.1630426489662016,36.163363088426031,37.480796520943009,1.0709430771490491,3.575216523892367,0,0.032546624078405112,0,1
61,0,0,0,0,0,1,1,1,1,1,1,0,1,1,1,1,0,1,0,0,0,0,1,1,0,0,1,0,0,1,0,1,1,1,1,1,1,0,1,1,1,1,0,1,0,0,1,1,0,1,1,1,1,1,0,1,1,1,0,1,0,0,1,1,1,1,0,0,1,0,1,1,1,0,0,0,1,0,1,0,1,1,0,0,1,0,0,0,1,1,0,0,1,1,1,0,0,0,0,1,1,1,1,0,0,0,1,1,1,1,1,1,1,1,0,0,0,1,0,1,1,1,1,0,0,0,0,0,0,0,1,0,0,0,0,0,0,1,0,1,1,0,1,1,0,0,1,0,0,0,0,0,0,1,0,1,1,1,0,1,0,0,0,1,1,1,1,1,0,0,1,1,0,0,0,1,1,1,0,0,1,0,0,0,0,1,0,1,1,1,1,0,1,1,0,0,0,1,1,1,0,1,0,1,1,1,0,1,0,0,0,1,1,1,0,1,1,0,1,0,0,0,1,1,0,0,0,1,1,1,0,1,1,1,0,0,0,0,1,1,1,1,0,0,1,0,0,0,1,1,0,1,0,0,1,1,1,1,0,0,1,0,0,1,0,0,0,1,0,1,0,0,0,0,0,1,1,1,0,1,1,1,0,0,0,1,0,0,1,1,0,0,1,0,0,0,1,1,1,1,1,1,0,1,1,1,0,0,1,0,0,0,0,0,1,1,0,1,0,1,1,0,1,1,1,1,1,1,1,1,0,1,0,1,0,0,0,0,0,1,1,1,1,0,0,0,1,0,1,1,1,0,1,1,0,0,1,0,0,1,0,1,0,0,1,1,0,1,1,1,0,0,0,1,1,1,1,1,0,0,0,1,1,0,0.061982146944380867,1.0491493095292592,5.9022201876859688,3.9320668345159073,7.9508659494926368,9.4128633554589154,1.6541084916456854,12.367376211184864,2.2750286106660562,2.528419928282597,2.6805523765926602,18.784710460059511,20.248142214084076,3.2415655756466011,3.4877546349279012,25.103410391393911,26.706095979247731,4.1858548867017626,29.834653238727398,31.282825970855267,31.472281986724653,5.1872129396505686,36.171786068513008,37.458091096360725,1.9875609744028171,1.3609937364015616,0,0.03224707446604571,0,1
62,0,0,0,0,1,1,1,0,0,0,1,0,1,0,1,1,0,0,0,0,1,0,0,0,1,1,1,0,0,1,0,1,0,0,1,1,0,0,1,0,1,1,0,1,0,0,1,0,0,0,1,1,0,0,0,1,0,1,0,1,0,1,0,0,1,1,0,0,1,0,0,1,0,1,0,0,0,0,1,0,1,1,0,0,0,1,1,0,1,0,1,0,1,1,1,1,0,0,0,1,1,1,0,0,1,1,0,1,0,1,0,0,1,1,0,0,1,0,0,0,1,0,1,0,0,0,0,0,0,0,1,0,0,0,0,0,0,1,0,0,0,0,1,0,0,0,1,0,0,0,0,0,0,1,0,1,1,1,0,1,0,0,0,1,1,1,1,0,0,1,0,1,0,0,0,0,1,1,0,0,1,0,1,0,1,1,0,1,1,1,1,0,1,1,0,0,0,1,1,1,0,1,0,1,1,0,1,1,0,0,0,1,1,1,0,1,1,1,0,1,0,0,1,1,0,0,0,1,1,1,0,1,0,0,1,0,0,0,0,0,1,1,0,0,1,0,0,0,1,1,0,1,0,0,1,0,1,1,0,0,1,0,0,1,0,0,0,1,0,1,1,0,0,0,0,1,1,1,0,1,1,1,0,0,0,1,0,0,1,1,0,0,1,0,0,0,0,1,1,1,1,1,1,1,1,1,0,0,1,0,0,0,0,0,1,1,0,0,0,1,1,0,1,1,1,1,1,1,1,1,0,1,0,1,0,0,0,0,0,1,1,1,1,0,0,0,1,0,1,1,0,0,1,1,0,0,1,0,0,1,0,1,0,0,0,0,0,0,1,1,0,0,0,1,1,1,1,1,1,0,0,1,0,1,0.11068894483863584,0.13897917143511102,1.1911192492561227,1.5415274280918594,7.86175326161593,9.3134355687800419,1.5765621423666742,12.539253833829251,2.2681620508125429,2.528419928282597,2.6050202182040132,19.019089036392767,20.247348744945448,3.262073701075761,3.4131380178530555,25.102922102693217,26.707133592736707,4.1858548867017626,29.761593041886016,31.280384527351796,31.472281986724653,5.1858701457236593,36.162661173418783,37.480796520943009,0.63038818017253906,3.9426936370314749,0,0.032231309884106649,0,1
63,1,0,1,0,1,1,1,0,0,0,1,0,0,0,1,1,1,0,0,0,0,0,1,1,0,0,1,0,0,1,0,1,1,1,1,1,1,0,1,1,1,1,0,1,0,0,1,1,0,1,1,1,1,1,0,1,1,1,0,1,0,0,1,1,1,1,0,0,1,0,1,1,1,0,0,0,1,0,1,1,1,1,0,0,1,0,0,0,1,1,0,0,1,1,1,0,0,0,0,1,1,1,1,0,0,0,1,1,1,1,0,1,1,1,0,0,0,1,0,1,1,1,1,1,0,0,0,0,0,0,1,0,0,0,0,0,0,1,1,0,0,0,1,0,0,0,1,0,0,0,0,0,0,1,0,1,0,1,0,1,0,0,0,1,1,1,1,1,0,1,1,1,0,0,0,1,1,1,0,0,1,0,0,0,0,1,0,1,1,1,0,0,1,1,0,0,0,1,1,1,0,1,0,1,1,0,1,1,0,0,0,1,1,1,0,1,1,0,0,0,0,0,1,1,0,0,0,1,1,1,0,1,1,1,1,0,0,0,1,0,1,1,0,0,1,0,0,0,1,1,0,1,0,0,1,0,1,1,0,0,1,0,0,0,0,0,0,1,0,1,0,0,0,0,0,1,1,1,0,1,1,1,0,0,0,1,0,0,1,1,0,0,1,0,0,0,0,1,1,1,1,1,1,1,1,1,0,0,1,0,0,0,0,0,1,1,0,1,0,1,1,0,1,1,1,1,1,1,1,1,0,1,1,1,0,0,0,0,0,1,1,1,1,0,0,0,1,0,1,1,1,0,1,1,0,0,1,0,0,1,0,1,0,1,0,1,0,1,1,1,0,0,0,1,1,0,1,1,0,0,0,1,1,0,1.3604638742656596,2.0491645685511557,5.9022201876859688,3.9320668345159073,7.9510185397116038,9.4128633554589154,1.6536812390325779,12.371282520790418,2.27695124742504,2.5259784847791256,2.7020370794232087,18.78397802700847,20.247348744945448,3.2278934920271611,3.5019455252918288,25.102922102693217,26.573281452658886,4.1858548867017626,29.761593041886016,31.282825970855267,31.477409018081943,5.1872129396505686,36.177401388570992,37.27058823529412,1.7012914763982074,2.4643274407319167,0,0.032166474844391731,0,1
64,1,0,1,1,1,0,1,1,0,1,1,1,1,1,1,1,0,1,0,1,0,0,1,1,0,0,1,0,0,0,1,0,0,1,1,0,1,1,1,1,1,1,0,1,0,0,1,1,1,1,1,0,1,1,0,1,0,1,1,0,1,0,0,1,1,1,0,0,1,0,0,1,0,0,0,1,0,0,0,1,1,1,0,0,1,0,1,0,0,0,0,0,1,0,0,1,0,0,0,1,1,1,0,1,0,0,0,1,1,0,0,1,1,1,0,0,0,1,0,0,1,0,1,1,0,0,0,0,0,0,1,0,0,0,0,0,0,1,0,0,0,0,1,0,0,0,1,0,0,0,0,0,0,1,1,1,1,1,0,1,0,0,0,1,1,1,1,1,0,0,1,1,0,0,0,1,1,1,0,0,1,0,0,0,0,1,0,1,1,1,0,0,1,1,0,0,0,1,1,1,0,1,0,1,1,0,0,1,0,0,0,1,1,1,0,1,1,1,1,1,0,1,0,0,0,0,0,1,1,1,0,1,0,1,1,1,0,0,1,0,1,1,0,0,1,0,0,0,1,1,0,1,0,0,1,1,1,1,0,0,1,0,0,1,0,0,0,1,1,1,1,0,0,0,0,1,1,1,0,1,1,1,0,0,0,1,0,1,1,1,0,0,1,0,0,0,0,1,1,1,1,1,1,1,1,1,0,0,1,0,0,0,0,0,1,1,0,1,0,1,1,0,1,1,1,1,1,1,1,1,0,1,0,1,0,0,0,0,0,1,1,1,1,0,0,0,1,0,1,1,1,0,1,1,0,0,1,0,0,1,0,1,0,0,0,1,0,1,1,1,0,0,0,1,1,1,1,1,0,0,0,1,1,0,1.464835584039063,1.298970016021973,2.6209201190203708,7.4191805905241477,7.8542763408865488,9.4705424582284277,1.5913023575188829,12.293156328679332,2.2681620508125429,2.5381857022964827,2.6805523765926602,18.78397802700847,20.24655527580682,3.2761730373083084,3.4506752117189285,25.103410391393911,26.711284046692608,4.1864042114900437,29.761593041886016,31.282825970855267,31.472281986724653,5.1872129396505686,36.166170748455023,37.458091096360725,1.8175163008994966,2.1122210256326461,0,0.032043123507173199,0,1
65,0,0,0,0,1,0,1,0,1,1,1,0,1,1,1,1,0,1,0,1,1,0,0,0,1,0,1,0,1,0,0,0,1,0,0,0,0,1,1,0,1,0,1,0,0,0,1,1,0,1,0,0,0,0,1,1,0,1,0,1,0,0,1,1,1,1,0,0,1,0,0,0,1,1,0,0,1,1,0,0,1,1,0,0,1,0,1,1,1,0,0,0,1,1,0,1,0,0,0,1,1,1,1,0,1,0,1,1,1,1,0,1,1,1,0,0,0,1,0,1,1,1,1,1,0,0,1,1,0,0,1,0,0,0,0,0,0,1,0,1,1,0,1,0,0,0,1,0,0,0,0,1,1,0,0,1,1,0,0,1,0,0,0,1,1,1,1,0,0,1,0,1,1,1,0,0,1,1,0,0,1,0,0,0,0,1,0,1,1,1,0,0,1,1,0,0,0,1,1,1,0,1,0,1,1,0,1,1,0,0,0,1,1,1,0,1,1,0,0,0,0,0,0,1,0,0,0,1,1,1,0,1,1,1,1,0,0,0,1,0,1,1,0,0,1,0,0,0,1,1,0,1,0,0,1,0,1,1,0,0,1,0,0,1,0,0,0,1,0,1,0,0,0,0,0,1,1,1,0,1,1,1,0,0,0,1,0,0,1,1,0,0,1,0,0,0,0,1,1,1,1,1,1,1,1,1,0,0,1,0,0,0,0,0,1,1,0,0,0,1,1,0,1,1,1,1,1,1,1,1,0,1,0,1,0,0,0,0,0,1,1,1,1,0,0,0,1,0,1,1,1,0,1,1,0,0,1,0,0,1,0,1,0,0,0,1,0,1,1,1,0,0,0,1,1,1,1,1,0,0,0,1,1,0,0.085420004577706571,1.3852750438696879,3.1555962462806137,2.1039139391165027,7.8437476157778283,9.5415884641794459,1.681025406271458,12.372014953841459,2.2747539482719157,2.6248569466697185,2.609048599984741,18.78397802700847,20.247348744945448,3.2270389868009461,3.5019455252918288,25.102922102693217,26.706095979247731,4.1858548867017626,29.761593041886016,31.280384527351796,31.472281986724653,5.1872129396505686,36.166170748455023,37.458091096360725,1.3293118514402418,3.2362393707193506,0,0.031684089479949745,0,1
66,0,0,0,1,1,1,1,0,0,0,1,1,0,1,0,1,0,1,0,0,1,0,1,0,1,1,1,0,0,0,1,0,1,1,0,0,0,1,1,0,0,0,1,1,1,1,0,0,0,1,0,0,0,0,0,1,0,1,1,0,0,1,1,0,1,1,0,0,1,0,0,1,0,0,0,1,0,0,1,0,1,1,0,0,1,0,1,0,1,0,1,1,0,1,0,1,0,0,0,1,1,1,0,0,1,1,0,1,0,1,0,1,1,1,0,0,1,0,0,0,1,1,1,1,0,0,1,0,0,0,1,0,0,0,0,0,0,1,1,0,0,0,1,1,0,0,1,0,0,0,0,0,0,0,0,1,1,1,0,1,0,0,0,1,1,1,1,1,0,0,1,1,0,0,0,1,1,1,0,0,1,0,0,0,0,1,0,1,1,1,0,0,1,1,0,0,0,1,1,1,0,1,0,1,1,0,1,1,0,0,0,1,1,1,0,1,1,0,0,0,1,0,1,1,0,0,0,1,1,1,0,1,1,1,1,0,0,0,1,0,1,1,0,0,1,0,0,0,1,1,0,1,0,0,1,0,1,1,0,0,1,0,0,1,0,0,1,1,0,1,0,0,0,0,0,1,1,1,0,1,1,1,0,0,0,1,0,0,1,1,0,0,1,0,0,0,0,1,1,1,1,1,1,1,1,1,0,0,1,0,0,0,0,0,1,1,0,0,0,0,1,0,1,1,1,1,1,1,1,1,0,1,0,1,0,0,0,0,0,1,1,1,1,0,1,0,1,0,1,1,1,0,1,1,0,0,1,0,0,1,0,0,0,0,0,1,0,1,1,1,0,0,0,1,1,1,1,1,0,0,0,1,0,1,0.23599603265430685,1.1700617990386817,4.6461890592813004,2.0437323567559318,7.8544289311055158,9.502037079423209,1.576775768673228,12.559273670557717,2.2772259098191805,2.5088883802548256,2.6805523765926602,18.78397802700847,20.247348744945448,3.2313115129320211,3.5019455252918288,25.102922102693217,26.722697795071337,4.1858548867017626,29.761593041886016,31.279774166475928,31.472281986724653,5.2731517509727626,36.121248187991149,37.457358663309684,1.6016747191159528,2.7109128073715838,0,0.031232034575883881,0,1
67,0,0,1,0,0,1,1,1,1,1,1,1,1,1,1,1,0,0,0,1,1,1,1,0,0,1,1,1,1,0,1,0,0,1,0,1,1,1,1,1,1,1,1,0,0,1,1,1,0,0,1,0,1,0,1,1,0,1,1,1,0,0,0,0,1,1,0,0,1,0,0,1,0,0,0,0,1,1,1,0,1,1,0,0,1,0,0,0,1,1,0,0,1,1,0,1,0,0,0,1,1,1,0,0,1,0,1,1,1,1,0,1,1,1,0,0,0,1,0,0,1,0,1,1,0,0,1,0,0,0,1,0,0,0,0,0,0,1,0,0,0,0,1,0,0,0,1,0,0,0,0,0,0,1,0,1,1,1,0,1,0,0,0,1,1,1,1,0,0,1,0,1,0,0,0,0,1,1,0,0,1,0,1,0,1,1,0,1,1,1,0,0,1,1,0,0,0,1,1,1,0,1,0,1,1,0,1,1,0,0,0,1,1,1,0,1,1,1,0,0,0,0,1,1,0,0,0,1,1,1,1,1,0,0,1,0,0,0,0,0,1,1,0,0,1,0,1,0,1,1,0,1,0,0,1,0,1,1,0,0,1,0,0,1,0,0,0,1,0,1,1,0,0,0,0,1,1,1,0,1,1,1,0,0,0,1,0,1,1,1,0,0,1,0,0,0,0,1,1,1,1,1,1,1,1,1,0,0,1,0,0,0,0,0,1,1,1,1,0,1,1,0,1,1,1,1,1,1,1,1,0,1,0,1,0,0,0,0,0,1,1,1,1,0,0,0,1,0,1,1,1,0,1,1,0,0,1,0,0,1,0,1,0,1,0,1,0,1,1,1,0,0,0,0,1,1,1,1,0,0,0,1,1,0,0.31247425040054932,0.4762035553521019,2.2477454795147631,1.3574425879301137,7.8538185702296479,9.412680247196155,1.571648737315938,12.293644617380027,2.2681620508125429,2.528419928282597,2.6050202182040132,19.018356603341726,20.247348744945448,3.255237659266041,3.6475165941863126,25.35292591744869,26.707133592736707,4.1864042114900437,29.761593041886016,31.28770885786221,31.472281986724653,5.1872129396505686,36.177401388570992,36.708079652094298,0.82702120605295859,3.8203734638637705,0,0.031083588546281342,0,1
68,0,0,0,0,1,0,1,0,1,0,0,0,0,0,0,1,0,1,0,0,0,0,0,0,1,0,1,0,1,0,0,0,1,1,1,1,1,0,1,0,1,0,0,0,1,1,0,1,1,0,1,0,1,1,1,1,1,1,1,0,0,1,0,1,1,1,0,0,1,0,1,1,0,0,0,0,1,0,1,0,1,1,0,0,1,0,1,0,1,1,0,0,0,1,1,1,0,0,0,1,1,1,0,0,1,1,0,1,0,0,0,0,1,1,0,0,1,0,0,0,1,0,1,0,0,0,0,0,0,0,1,0,0,0,0,0,0,1,0,0,0,0,1,0,0,0,1,0,0,0,0,0,0,0,0,1,1,1,0,1,0,0,0,1,1,1,1,0,0,0,1,1,0,0,0,1,1,1,0,0,1,0,0,0,0,1,0,1,1,1,0,0,1,1,0,0,0,1,1,1,1,1,0,1,1,0,0,1,0,0,0,1,1,1,0,1,1,1,1,1,0,1,1,1,0,0,0,1,1,1,0,1,0,1,1,1,0,0,1,0,1,1,0,0,1,0,0,0,1,1,0,1,0,0,1,1,1,1,0,0,1,0,0,1,0,0,0,0,0,1,1,0,0,0,0,1,1,1,0,0,1,1,1,0,0,1,0,0,1,1,0,0,1,0,0,0,0,1,1,1,1,1,1,1,1,1,0,0,1,0,0,0,0,0,1,1,0,0,0,1,1,0,1,1,1,1,1,1,1,1,0,1,0,1,0,0,0,0,0,1,1,1,1,0,0,0,1,0,1,1,0,0,1,1,0,0,1,0,0,1,0,1,0,0,0,0,0,0,1,1,0,0,0,1,1,1,1,1,1,0,0,1,0,1,0.082063019760433356,1.0102693217364767,5.8723735408560307,5.4967879758907454,7.9313344014648655,9.5053330281528954,1.5757076371404592,12.539253833829251,2.2681620508125429,2.5088883802548256,2.5946135652704663,18.78397802700847,20.297337300679025,3.2774547951476309,3.4506752117189285,25.103410391393911,26.698832684824904,4.0628061341268022,29.761593041886016,31.280384527351796,31.472281986724653,5.1858701457236593,36.162661173418783,37.480796520943009,2.032637205182251,1.0527212635231706,0,0.0309472041460306,0,1
69,0,0,1,0,0,1,1,1,1,1,1,1,1,1,1,1,0,0,0,1,1,1,1,0,0,1,1,1,1,1,1,0,0,0,1,0,1,0,0,1,0,1,1,0,0,1,1,0,0,1,0,1,1,0,0,1,0,1,1,1,0,1,1,1,1,1,0,0,1,0,1,1,0,0,0,1,1,0,1,1,1,1,0,0,1,0,1,0,0,1,0,0,1,1,1,0,0,0,0,1,1,1,1,0,0,0,1,1,1,1,0,1,1,1,0,0,0,1,1,1,1,1,1,1,0,0,1,1,0,0,1,0,0,0,0,0,0,1,0,1,1,0,1,1,0,0,1,0,0,0,0,0,0,1,0,1,1,1,0,1,0,0,0,1,1,1,1,1,0,0,1,1,0,0,0,1,1,1,0,0,1,0,0,0,0,1,0,1,1,1,1,0,1,1,0,0,0,1,1,1,0,1,0,1,1,1,0,1,0,0,0,1,1,1,0,1,1,1,1,0,0,1,1,0,0,0,0,1,1,1,0,1,0,1,1,1,0,0,1,0,1,1,0,0,1,0,0,0,1,1,0,1,0,0,1,0,1,1,0,0,1,0,1,1,0,0,0,0,0,1,0,1,0,0,0,1,1,1,0,1,1,1,0,0,1,1,0,1,1,1,0,0,1,0,0,0,0,1,1,1,1,1,1,1,1,1,0,0,1,0,1,0,0,0,1,1,0,1,1,1,1,0,1,1,1,1,1,1,1,1,0,1,0,1,0,0,0,0,0,1,1,1,1,0,0,0,1,0,1,1,1,0,1,1,0,0,1,0,1,1,0,1,0,1,0,1,0,1,1,1,0,0,0,1,1,1,1,1,0,0,0,1,1,0,0.31247425040054932,0.47644769970244905,0.97029068436713217,2.795819028000305,7.9339284351873038,9.4831769283588923,1.6536812390325779,12.497016861219196,2.2750286106660562,2.528419928282597,2.6805523765926602,18.784710460059511,20.248142214084076,3.2701915007248035,3.4506752117189285,25.102922102693217,26.963942931258106,4.1907988097962923,29.761593041886016,31.596551461051344,31.472281986724653,5.1872129396505686,36.536781872281985,37.458091096360725,0.76668702415764467,3.863044459804112,0,0.030394086837711914,0,1
70,0,0,1,1,0,0,1,1,1,1,1,1,1,1,1,1,0,0,0,0,0,0,0,0,1,0,1,0,0,0,1,0,0,0,1,0,1,1,1,0,1,1,0,1,0,1,0,1,0,0,0,0,1,0,1,1,0,1,0,0,0,1,1,1,1,1,0,0,0,1,1,1,1,1,0,0,1,1,1,0,1,1,0,0,0,1,0,0,1,1,1,0,1,0,0,1,0,0,0,1,1,1,0,0,1,0,1,0,1,1,0,1,1,1,0,0,0,1,0,0,1,1,1,1,0,0,0,0,0,0,1,0,0,0,0,0,0,1,0,0,0,0,1,0,0,0,1,0,0,0,0,0,0,0,0,1,1,1,0,1,0,0,0,1,1,1,1,0,0,0,1,1,0,0,0,1,1,1,0,0,1,0,0,0,0,1,0,1,1,0,0,1,1,1,0,0,0,1,1,1,0,1,0,1,1,0,0,1,0,0,0,1,1,1,0,1,1,0,0,1,0,1,1,1,0,0,0,1,1,1,0,1,1,0,1,0,0,0,0,0,1,1,0,0,1,0,0,0,1,1,0,1,0,1,1,0,1,1,0,0,1,0,0,1,0,0,0,1,0,1,0,0,0,0,0,1,1,1,0,1,1,1,1,0,0,1,0,1,1,1,0,0,1,0,0,0,0,1,1,1,1,0,1,1,1,1,0,0,1,0,0,0,0,0,1,1,0,1,0,0,1,0,1,1,1,1,1,1,1,1,0,1,0,1,0,0,0,0,0,1,1,1,1,1,0,0,1,0,1,1,1,0,1,1,0,0,1,0,0,0,0,1,0,0,0,1,0,1,1,1,0,0,0,1,1,0,1,1,0,0,0,1,0,1,0.40622568093385214,0.0098878461890592809,1.0976424811169603,0.35242236972610058,7.8049897001602195,9.2303044174868401,1.568230716411078,12.308781567101549,2.2681620508125429,2.5088883802548256,2.5946135652704663,18.782879377431907,20.24655527580682,3.2364385442893111,3.47173266193637,25.104875257495994,26.706095979247731,4.2039826047150379,29.759273670557718,31.282215609979399,31.472281986724653,5.3590905622949565,35.986480506599527,37.269855802243079,0.68355478010930404,3.9117515509249783,0,0.030213224354221285,0,1
71,0,0,0,0,0,0,0,1,1,1,1,1,1,1,1,1,0,0,0,0,0,0,1,1,0,0,0,0,0,1,0,0,1,1,1,1,0,0,1,1,1,0,0,1,0,1,1,1,1,1,1,1,1,1,1,1,1,1,1,1,1,0,1,0,1,1,0,0,1,0,1,1,0,1,0,0,1,1,1,0,1,1,0,0,1,0,0,0,1,1,0,0,1,1,0,0,0,0,0,1,1,1,1,0,0,0,1,1,1,1,0,0,1,1,0,0,0,1,0,1,1,1,1,0,0,0,1,0,0,0,1,0,0,0,0,0,0,1,0,1,1,0,1,1,0,0,1,0,0,0,0,1,0,1,0,1,1,0,0,1,0,0,0,1,1,1,1,0,0,1,0,1,0,0,0,0,1,1,0,0,1,0,1,0,1,1,0,1,1,1,0,0,1,1,0,0,0,1,1,1,0,1,0,1,1,0,0,1,0,0,0,1,1,1,0,1,1,0,0,1,0,1,1,1,0,0,0,1,1,1,0,1,0,1,1,0,0,0,0,0,1,1,0,0,1,0,0,0,1,1,0,1,0,0,1,0,1,1,0,0,1,0,0,1,0,0,0,1,0,1,1,0,0,0,0,1,1,1,0,1,1,1,0,1,0,1,1,1,1,1,0,0,1,0,0,0,0,1,1,1,1,0,1,1,1,1,0,0,1,0,0,0,0,0,1,1,0,1,0,1,1,0,1,1,1,1,1,1,1,1,0,1,0,1,0,0,0,0,0,1,1,1,1,0,0,0,1,0,1,1,1,0,1,1,0,0,1,0,0,1,0,1,1,1,1,1,0,1,1,1,0,0,0,1,1,1,1,1,0,0,0,1,1,0,0.015594720378423743,0.04711985961699855,5.7092240787365522,7.9993896391241321,7.941710536354619,9.4124971389333947,1.6534676127260242,12.367864499885558,2.2750286106660562,2.6053253986419471,2.6050202182040132,19.018356603341726,20.24655527580682,3.2364385442893111,3.4424353398947125,25.102922102693217,26.707133592736707,4.196292057679103,29.759273670557718,31.282825970855267,31.472281986724653,5.1872129396505686,36.205477988860913,37.458091096360725,2.0930956046456686,0.21761363219495877,0,0.030184298518468766,0,1
72,0,0,1,0,0,0,0,0,1,1,1,0,0,1,0,0,0,0,0,0,0,0,0,0,1,0,1,0,0,0,1,0,0,0,1,0,1,1,1,0,1,1,0,1,0,1,0,1,0,0,0,0,1,0,1,1,0,1,0,0,0,1,1,1,1,1,0,0,0,1,1,1,1,1,0,0,1,0,1,0,1,1,0,0,1,0,1,0,0,0,0,0,0,0,0,1,0,0,0,1,1,1,0,1,0,0,1,1,1,1,0,1,1,1,0,0,0,1,0,0,1,0,1,1,1,0,0,0,0,0,1,0,0,0,0,0,0,1,0,0,0,0,1,0,0,0,1,0,0,0,0,0,0,1,0,1,1,1,1,1,0,0,0,1,1,1,1,1,0,0,1,1,0,0,0,1,1,1,0,0,1,0,0,0,0,1,0,1,0,1,0,0,1,1,0,0,0,1,1,1,0,1,0,1,1,0,0,1,0,0,0,1,1,1,0,1,1,0,0,0,1,0,1,1,0,0,0,1,1,1,0,1,1,1,1,0,0,0,1,0,1,1,0,0,1,0,0,0,1,1,0,0,0,0,1,0,1,1,0,0,1,0,0,1,0,0,0,1,0,1,1,0,0,0,0,1,1,1,0,1,1,1,0,0,0,1,1,1,1,1,0,0,1,0,0,0,0,1,1,1,1,1,1,1,1,1,0,0,1,0,0,0,0,0,1,1,1,1,0,1,1,0,1,1,1,1,1,1,1,1,0,1,0,1,0,0,0,0,0,1,1,1,1,0,0,0,1,0,1,1,1,0,1,1,0,0,1,0,0,1,0,1,0,1,0,1,0,1,1,1,0,0,0,1,1,1,1,1,1,0,0,1,1,0,0.25696192874036772,0.0098878461890592809,1.0976424811169603,0.35242236972610058,7.8043793392843517,9.4690775921263448,1.5989929045548179,12.29510948348211,2.2681620508125429,2.5290302891584648,2.6805523765926602,18.781048294804304,20.24655527580682,3.2313115129320211,3.5019455252918288,25.095109483482108,26.707133592736707,4.1875028610666059,29.761593041886016,31.28770885786221,31.472281986724653,5.1872129396505686,36.177401388570992,37.481528953994051,0.59091575761120518,3.9634374676089323,0,0.030179944644382749,0,1
73,0,0,1,0,0,0,1,0,1,1,1,0,1,1,0,1,0,0,1,0,0,0,1,1,0,0,0,0,0,0,0,0,1,1,1,1,1,0,1,1,1,0,0,1,0,1,1,1,1,1,1,1,1,1,1,1,1,1,1,1,1,0,1,0,1,1,0,0,1,0,1,1,0,1,0,0,1,1,1,0,1,1,0,0,1,0,0,0,1,1,0,0,1,1,1,0,0,0,0,1,1,1,1,0,0,0,1,1,1,1,0,1,1,1,0,0,1,0,0,0,1,0,1,0,0,0,0,1,0,0,1,0,0,0,0,0,0,0,1,1,0,1,1,0,0,0,1,0,0,0,0,0,1,1,0,1,1,0,0,1,0,0,0,1,1,1,1,0,0,1,0,1,1,1,0,0,1,1,0,0,1,0,0,0,0,1,0,1,1,1,0,0,1,1,0,0,0,1,1,1,0,1,0,1,1,0,1,1,0,0,0,1,1,1,0,1,1,1,1,0,0,1,1,0,0,0,0,1,1,1,0,1,0,1,1,1,1,0,1,0,1,1,0,0,1,0,0,0,1,1,0,0,0,1,1,0,1,1,0,0,1,0,1,1,0,0,0,0,0,1,0,1,0,0,0,1,1,1,1,1,1,1,0,0,1,1,0,1,1,1,0,0,1,0,0,0,0,1,1,1,1,1,1,1,1,1,0,0,1,0,1,0,0,0,1,1,0,1,0,1,1,0,1,1,1,1,1,1,1,1,0,1,0,1,0,0,0,0,0,1,1,1,1,0,0,0,1,0,1,1,1,0,1,1,0,0,1,0,0,1,0,1,0,1,0,1,0,1,1,1,0,0,0,1,1,1,1,1,0,0,0,1,1,0,0.27286182955672539,0.54688334477759981,5.8967269398031581,7.9993896391241321,7.941710536354619,9.4128633554589154,1.6536812390325779,12.539497978179599,2.2648661020828564,2.566262302586404,2.609048599984741,18.78397802700847,20.247348744945448,3.2701915007248035,3.4543373769741357,25.097062638284886,26.963942931258106,4.4720531013962006,29.761593041886016,31.595330739299609,31.472281986724653,5.1872129396505686,36.177401388570992,37.458091096360725,2.0755732210200368,0.63985305041545804,0,0.030030828246425504,0,1
74,0,0,0,0,1,1,1,0,1,0,0,0,0,0,1,1,0,1,0,0,0,0,1,0,1,0,1,0,1,1,0,0,1,1,1,1,0,1,1,0,1,0,1,1,0,0,1,1,0,1,0,0,0,0,1,1,0,1,0,0,0,1,1,1,1,1,0,0,1,0,0,1,0,1,0,1,0,0,1,1,1,1,0,0,1,0,1,0,0,0,0,0,1,0,0,1,0,0,0,1,1,1,0,1,0,0,1,1,1,1,0,1,1,1,0,0,0,1,0,0,1,0,1,1,1,0,0,0,0,0,1,0,0,0,0,0,0,1,0,0,0,0,1,0,0,0,1,0,0,0,0,0,0,1,0,1,1,1,0,1,0,0,0,1,1,1,1,1,0,0,1,1,0,0,0,1,1,1,0,0,1,0,0,0,1,1,0,1,0,1,0,0,1,1,0,0,0,1,1,1,0,1,0,1,1,0,0,1,0,0,0,1,1,1,0,1,1,1,1,0,0,1,1,1,0,0,0,1,1,1,0,1,0,1,1,0,0,0,0,0,1,1,0,0,1,0,0,0,1,1,0,1,0,0,1,0,1,1,0,0,1,0,0,1,0,0,0,0,0,1,1,0,0,0,0,1,1,1,0,0,1,1,1,0,0,1,0,1,1,1,0,0,1,0,0,0,0,1,1,1,0,0,1,1,1,1,0,0,1,0,0,0,1,0,1,0,0,1,0,1,1,0,1,1,1,1,1,1,1,1,0,1,0,1,0,0,0,0,0,1,1,1,1,0,0,0,1,0,1,1,1,0,1,1,0,0,1,0,0,1,0,1,0,0,0,0,0,1,1,1,0,0,0,1,1,1,1,1,0,0,0,1,1,0,0.11337453269245441,1.0417639429312582,5.782101167315175,2.1024490730144199,7.8643472953383684,9.4705424582284277,1.5989929045548179,12.29510948348211,2.2681620508125429,2.528419928282597,2.6805523765926602,18.827924010070955,20.24655527580682,3.270618753337911,3.4424353398947125,25.102922102693217,26.698832684824904,4.0633554589150833,29.754634927901122,31.351186388952467,31.472281986724653,5.1872129396505686,36.163363088426031,37.458091096360725,1.8731796696805179,1.9139243428655428,0,0.02960825950886074,0,1
75,0,0,0,1,1,1,0,0,1,1,1,1,1,1,1,1,1,0,0,0,1,0,0,0,1,0,1,0,0,1,1,0,1,1,1,1,1,0,1,1,1,1,0,1,0,0,1,1,1,1,0,0,1,1,0,1,0,0,0,0,1,0,0,1,1,1,0,0,1,0,0,1,0,0,0,0,0,0,1,0,1,1,0,0,1,0,0,0,1,1,1,0,1,1,0,1,0,0,0,1,1,1,0,0,1,0,1,1,1,1,0,1,1,1,0,0,0,1,0,0,1,0,1,1,0,0,0,0,0,0,1,0,0,0,0,0,0,1,0,0,0,0,1,0,0,0,1,0,0,0,0,0,0,1,0,1,1,1,0,1,0,0,0,1,1,1,1,0,0,1,0,1,0,1,0,0,1,1,0,0,1,0,1,0,1,1,0,1,1,1,0,0,1,1,0,0,0,1,1,1,0,1,0,1,1,1,1,1,0,0,0,1,1,1,0,1,1,1,1,0,0,0,1,1,0,0,0,1,1,1,0,1,0,0,1,0,0,0,0,1,1,1,0,0,1,0,0,0,1,1,0,1,0,0,1,0,1,1,0,0,1,0,0,1,0,0,0,1,0,1,1,0,0,0,0,1,1,1,0,1,1,1,0,0,0,1,0,1,1,1,0,0,1,0,0,0,0,1,1,1,1,1,1,1,1,1,0,0,1,0,0,0,0,0,1,1,1,1,0,0,1,0,1,1,1,1,1,1,1,1,0,1,0,1,0,0,0,0,0,1,1,1,1,0,0,0,0,0,1,0,1,0,1,1,0,0,1,0,0,1,0,1,0,0,0,0,0,1,1,1,0,0,0,1,1,1,1,1,1,0,0,1,0,1,0.22653543907835508,2.1351644159609369,5.9022201876859688,6.4074464026855882,7.8519874876020443,9.4185397116044864,1.571648737315938,12.293156328679332,2.2681620508125429,2.528419928282597,2.6063630121309225,19.018356603341726,20.248935683222705,3.268909742885481,3.4135957885099564,25.102922102693217,26.707133592736707,4.1864042114900437,29.761593041886016,31.287098496986342,31.472281986724653,5.1630426489662016,36.163363088426031,37.480796520943009,2.0119727152717091,1.2152381621325488,0,0.029357701104992411,0,1
76,0,0,0,0,0,0,1,1,1,1,1,1,1,0,1,1,0,0,0,1,0,0,0,1,0,1,1,1,1,1,1,0,0,0,1,0,1,0,0,1,0,1,1,0,0,1,1,0,0,0,0,1,1,0,1,1,0,1,1,1,0,0,0,0,1,1,0,0,1,0,0,1,0,1,0,1,0,0,0,1,1,1,0,0,1,0,1,0,0,0,0,0,1,0,0,1,0,0,0,1,1,1,0,1,0,0,1,0,1,1,1,1,1,1,0,0,1,1,0,0,0,0,1,1,1,0,0,0,0,0,1,0,0,0,0,1,1,0,0,1,1,0,0,1,0,0,1,0,0,0,0,0,0,1,0,1,1,1,0,1,0,0,0,1,1,1,1,1,0,0,1,1,0,0,0,1,1,1,0,0,1,0,0,0,0,1,0,1,1,1,0,0,1,1,0,0,0,1,1,1,0,1,0,1,1,0,0,1,0,0,0,1,1,1,0,1,1,0,0,1,0,1,1,1,0,0,0,1,1,1,0,1,0,1,1,0,0,0,0,0,1,1,0,0,1,0,0,0,1,1,0,1,0,0,1,0,1,1,0,0,1,0,0,1,0,0,0,1,0,1,1,0,0,0,0,1,1,1,0,1,1,1,0,1,0,1,1,1,1,1,0,0,1,0,0,0,0,1,1,1,1,0,1,1,1,1,0,0,1,0,0,0,0,0,1,1,0,1,0,1,1,0,1,1,1,1,1,1,1,1,0,1,0,1,0,0,0,0,0,1,1,1,1,0,0,0,1,0,1,1,1,0,1,1,0,0,1,0,0,1,0,1,1,1,1,1,0,1,1,1,0,0,0,1,1,1,1,1,0,0,0,1,1,0,0.031097886625467308,0.27331960021362628,0.97029068436713217,0.85743495841916528,7.8640421149004345,9.4705424582284277,1.5960021362630654,12.763866636148624,2.3623712520027467,2.528419928282597,2.6805523765926602,18.78397802700847,20.24655527580682,3.2364385442893111,3.4424353398947125,25.102922102693217,26.707133592736707,4.196292057679103,29.759273670557718,31.282825970855267,31.472281986724653,5.1872129396505686,36.205477988860913,37.458091096360725,0.50311607550198478,4.0111808189881373,0,0.029275440592810925,0,1
77,1,0,0,0,1,0,1,0,0,1,1,0,0,1,0,0,0,1,0,0,0,0,0,1,1,0,1,0,0,0,0,1,0,1,1,1,1,0,1,0,1,1,0,1,0,0,1,0,0,1,0,1,0,0,1,1,0,1,0,0,0,0,1,1,1,1,0,0,1,0,1,1,0,0,1,0,1,0,0,1,1,1,0,0,1,0,0,0,0,0,0,0,1,1,0,1,0,0,0,1,1,1,0,0,0,0,1,1,1,1,0,1,1,1,0,0,0,1,0,1,1,1,1,1,0,0,0,0,0,0,1,0,0,0,0,0,0,1,1,0,0,0,1,0,0,0,1,0,0,0,0,0,0,0,0,1,0,1,0,1,0,0,0,1,1,1,1,1,0,1,1,1,1,1,0,1,1,1,0,0,1,0,0,0,0,1,0,1,1,1,0,0,1,1,0,0,0,1,1,1,0,1,0,1,1,0,1,1,0,0,0,1,1,1,1,1,1,0,1,0,0,0,1,1,0,0,0,1,1,1,0,1,1,0,1,0,0,0,1,0,1,1,0,0,1,0,0,0,1,1,0,1,0,0,1,0,1,1,0,0,1,0,0,0,0,0,0,1,0,1,0,0,0,0,0,1,1,1,0,1,1,1,0,0,0,1,0,0,1,1,0,0,1,0,0,0,0,1,1,1,1,1,1,1,1,1,0,0,1,0,0,0,0,0,1,1,0,0,0,0,1,0,1,1,1,1,1,1,1,1,0,1,0,1,0,0,0,0,0,1,1,1,1,0,1,0,1,0,1,1,1,0,1,1,0,0,1,0,0,1,0,0,0,0,0,1,0,1,1,1,0,0,0,1,1,1,1,1,0,0,0,1,0,1,1.0811932555123216,1.0254673075455862,2.8786449988555733,2.6019684138246739,7.9360646982528413,9.3775234607461666,1.5443045700770579,12.371282520790418,2.27695124742504,2.5064469367513542,2.7060654612039365,18.78397802700847,20.247348744945448,3.4603189135576411,3.4726482032501718,25.102922102693217,26.573281452658886,4.1858548867017626,29.761593041886016,31.279774166475928,31.472281986724653,5.2731517509727626,36.121248187991149,37.457358663309684,1.1698456970441544,3.4656133486643661,0,0.028963809915737982,0,1
78,1,0,0,0,1,0,1,0,0,1,0,0,1,1,1,1,0,1,0,0,0,0,1,0,1,0,1,0,1,1,0,0,0,1,1,1,1,1,1,0,1,1,0,1,0,1,0,1,0,0,1,0,1,0,1,0,0,1,0,0,0,1,1,1,1,1,0,0,0,1,1,1,1,1,0,0,1,0,1,0,1,1,0,0,0,1,0,0,1,1,1,0,1,1,0,1,0,0,0,1,1,1,0,0,1,0,1,1,1,1,0,1,1,1,0,0,0,1,0,0,1,1,1,1,0,0,0,0,0,0,1,0,0,0,0,0,0,1,0,0,0,0,1,0,0,0,1,0,0,0,0,0,0,1,0,1,1,1,0,1,0,0,0,1,1,1,1,0,0,0,1,1,1,0,0,1,1,1,0,0,1,0,0,0,0,0,0,1,1,1,0,0,1,1,0,0,0,1,1,1,1,1,0,1,1,0,0,1,0,0,0,1,1,1,0,1,1,1,1,1,0,1,1,1,0,0,0,1,1,1,0,1,0,1,1,1,0,0,1,0,1,1,0,0,1,0,0,0,1,1,0,1,0,0,1,1,1,1,0,0,1,0,0,1,0,0,0,0,0,1,1,0,0,0,0,1,1,1,0,1,1,1,0,0,0,1,0,0,1,1,0,0,1,0,0,0,0,1,1,1,1,1,1,1,1,1,0,0,1,0,0,0,0,0,1,1,0,1,0,1,1,0,1,1,1,1,1,1,0,1,0,1,0,1,0,0,0,0,0,1,1,1,1,0,0,0,1,0,1,1,1,0,1,1,0,0,1,0,0,1,0,1,0,1,0,1,0,1,1,1,0,0,0,1,1,1,1,1,0,0,0,1,1,0,1.0805523765926603,1.0417639429312582,2.9726710917830168,1.321187151903563,7.8043793392843517,9.2310368505378815,1.571648737315938,12.308781567101549,2.2681620508125429,2.528419928282597,2.5972991531242848,18.760540169375144,20.297337300679025,3.2774547951476309,3.4506752117189285,25.103410391393911,26.698832684824904,4.1858548867017626,29.761593041886016,31.282825970855267,31.390249485008013,5.1872129396505686,36.177401388570992,37.458091096360725,1.3126701313464537,3.2588140264704095,0,0.028834870315693754,0,1
79,1,0,0,1,1,1,1,0,1,0,0,0,0,0,0,0,0,1,1,0,0,0,1,1,1,1,1,0,0,0,0,1,0,0,1,1,0,1,1,0,1,0,1,1,0,0,1,0,0,1,0,1,0,0,0,1,0,0,0,1,0,0,1,0,1,1,0,0,1,0,0,1,0,1,0,0,0,0,1,0,1,1,0,0,0,1,1,0,1,0,1,0,1,1,1,1,0,0,0,1,1,1,0,1,0,1,1,1,1,1,1,1,1,1,0,0,1,0,0,0,1,0,1,1,0,0,0,0,0,0,1,0,0,0,0,0,0,1,0,0,0,0,1,0,0,0,1,0,0,0,0,0,0,1,0,1,1,1,0,1,0,0,0,1,1,1,1,0,0,1,0,1,0,0,0,0,1,1,0,0,1,0,1,0,1,1,0,1,1,1,0,0,1,1,0,0,0,1,1,1,0,1,0,0,1,0,1,1,0,0,0,1,1,1,0,1,1,1,1,0,0,0,1,1,0,0,0,1,1,1,0,1,0,0,1,0,0,0,0,0,1,1,0,0,1,0,0,0,1,1,0,1,0,0,1,0,1,1,0,0,1,0,0,1,0,0,0,1,0,1,1,0,0,0,0,1,1,1,0,1,1,1,0,0,0,1,0,1,1,1,0,0,1,0,0,0,0,1,1,1,1,1,1,1,1,1,0,0,1,0,0,0,0,0,1,1,1,1,0,0,1,0,1,1,1,1,1,1,1,1,0,1,0,1,0,0,0,0,0,1,1,1,1,0,0,0,0,0,1,0,1,0,1,1,0,0,1,0,0,1,0,1,0,0,0,0,0,1,1,1,0,0,0,1,1,1,1,1,1,0,0,1,0,1,1.2383001449607081,1.5606317235065232,1.2819409475852597,2.5334859235523002,7.86175326161593,9.3134355687800419,1.6130922407873654,12.543160143434806,2.2681620508125429,2.528419928282597,2.6050202182040132,19.018356603341726,20.241000991836422,3.268909742885481,3.4131380178530555,25.102922102693217,26.707133592736707,4.1864042114900437,29.761593041886016,31.287098496986342,31.472281986724653,5.1630426489662016,36.163363088426031,37.480796520943009,1.2954969333174455,3.2810960704089349,0,0.028789296953388166,0,1
80,1,0,1,0,1,1,1,0,0,0,1,0,0,0,1,1,1,1,0,0,1,0,0,0,1,0,0,0,1,0,1,1,1,0,0,0,0,1,1,0,1,0,1,1,0,0,0,1,0,1,0,0,0,0,1,1,1,1,0,1,0,0,1,1,1,1,0,0,1,0,0,0,1,1,0,0,1,0,1,0,1,1,0,0,1,0,1,0,1,1,1,1,0,1,0,1,0,0,0,1,1,1,0,0,1,1,0,1,0,1,0,0,1,1,0,0,1,0,0,0,1,0,1,0,0,0,0,0,0,0,1,0,0,0,0,0,0,1,0,0,0,0,1,0,0,0,1,0,0,0,0,0,0,1,0,1,1,0,0,1,0,0,0,1,1,1,1,1,0,0,1,1,0,0,0,1,1,1,0,0,1,0,0,0,0,1,0,1,1,1,0,0,1,1,0,0,0,1,1,1,1,1,0,1,1,0,0,1,0,0,0,1,1,1,0,1,1,1,1,1,0,1,1,1,0,0,0,1,1,1,0,1,0,1,1,1,0,0,1,0,1,1,0,0,1,0,0,0,1,1,0,1,0,0,1,0,1,1,0,0,1,0,0,1,0,0,0,0,0,1,1,0,0,0,0,1,1,1,0,0,1,1,1,0,0,1,0,1,1,1,0,0,1,0,0,0,0,1,1,1,0,0,1,1,1,1,0,0,1,0,0,0,1,0,1,1,0,1,1,0,1,0,1,1,1,1,1,1,1,1,0,1,0,1,0,1,0,0,0,1,1,1,1,0,0,0,1,0,1,1,1,0,1,1,0,0,1,0,0,1,0,1,0,1,0,0,0,1,1,1,0,0,0,1,1,1,1,1,0,0,0,1,0,1,1.3604638742656596,3.1335317006179904,3.1568780041199362,2.1195391775387198,7.8434424353398944,9.5137560082398718,1.5765621423666742,12.539253833829251,2.2681620508125429,2.5271992065308613,2.6805523765926602,18.78397802700847,20.297337300679025,3.2774547951476309,3.4506752117189285,25.102922102693217,26.698832684824904,4.0633554589150833,29.754634927901122,31.36156252384222,31.472922865644314,5.1872129396505686,36.174593728542,37.457358663309684,1.6471072864245262,2.6053963645972664,0,0.028241054605034371,0,1
81,0,0,0,0,1,0,1,0,1,0,0,0,0,0,1,1,0,1,0,0,1,1,0,0,0,0,0,0,0,0,1,1,1,0,0,0,1,0,1,0,1,1,0,1,0,1,1,1,1,1,1,1,1,1,1,1,1,1,1,1,1,0,1,0,1,1,0,0,1,0,1,1,0,1,0,0,1,1,1,0,1,1,0,0,1,0,0,0,1,1,0,0,1,1,1,0,0,0,0,1,1,1,1,0,0,0,1,1,1,1,0,1,1,1,0,0,1,0,0,0,1,0,1,0,0,0,0,1,0,0,1,0,0,0,0,0,0,0,1,1,0,0,1,0,0,0,1,0,0,0,0,1,1,1,0,1,1,0,0,1,0,0,0,1,1,1,1,0,0,1,0,1,1,1,0,0,1,1,0,0,1,0,0,0,0,1,0,1,1,1,0,0,1,1,0,0,0,1,1,1,0,1,0,1,1,0,1,1,0,0,0,1,1,1,0,1,1,0,0,0,0,0,1,1,0,0,0,1,1,1,0,1,1,1,1,0,0,0,1,0,1,1,0,0,1,1,0,0,1,1,0,1,0,0,1,1,1,1,0,0,1,0,0,1,0,0,0,1,0,1,0,0,0,0,0,1,1,1,0,1,1,1,0,0,0,1,0,0,1,1,0,0,1,0,0,0,0,1,1,1,1,1,1,1,1,1,0,0,1,0,0,0,0,0,1,1,0,1,0,1,1,0,1,1,1,1,1,1,1,1,0,1,0,1,0,0,0,0,0,1,1,1,1,0,0,0,1,0,1,1,1,0,1,1,0,0,1,0,0,1,0,1,0,0,0,1,0,1,1,1,0,0,0,1,1,1,1,1,0,0,0,1,0,0,0.082124055848020142,1.1877012283512627,3.2541084916456855,7.9993896391241321,7.941710536354619,9.4128633554589154,1.6536812390325779,12.539497978179599,2.2637674525062943,2.6443884946974898,2.609048599984741,18.78397802700847,20.247348744945448,3.2278934920271611,3.5019455252918288,25.603418020904861,26.706095979247731,4.1858548867017626,29.761593041886016,31.282825970855267,31.472281986724653,5.1872129396505686,36.166170748455023,37.456626230258642,2.0086632745540518,1.2564166096638532,0,0.027113245503350345,0,1
82,1,0,1,0,1,1,1,0,0,0,1,0,0,0,1,1,1,1,0,0,1,0,1,0,1,0,1,0,1,0,0,0,1,1,1,1,1,0,1,0,1,0,0,0,1,1,1,1,1,0,0,0,1,0,1,0,0,1,1,1,0,1,1,0,1,1,0,0,1,0,1,1,0,0,0,0,1,0,1,1,1,1,0,0,1,0,1,0,0,1,0,0,1,1,1,0,0,0,0,1,1,1,1,0,0,0,1,1,1,1,0,1,1,1,0,0,0,1,1,1,1,1,1,1,0,0,1,1,0,0,1,0,0,0,0,0,0,1,0,1,1,0,1,1,0,0,1,0,0,0,0,0,0,1,0,1,1,1,0,1,0,0,0,1,1,1,1,1,0,0,1,1,0,0,0,1,1,1,0,0,1,0,0,0,0,1,0,1,1,1,1,0,1,1,0,0,0,1,1,1,0,1,0,1,1,1,0,1,0,0,0,1,1,1,0,1,1,0,0,0,0,0,1,1,0,0,0,1,1,1,0,1,1,1,0,0,0,0,1,1,1,1,0,0,1,0,0,0,1,1,0,1,0,0,1,1,1,1,0,0,1,0,0,1,0,0,0,1,0,1,0,0,0,0,0,1,1,1,0,1,1,1,0,0,0,1,0,0,1,1,0,0,1,0,0,0,0,1,1,1,1,1,1,1,1,1,0,0,1,0,0,0,0,0,1,1,0,1,0,1,1,0,1,1,1,1,1,1,1,1,0,1,0,1,0,0,0,0,0,1,1,1,1,0,0,0,1,0,1,1,1,0,1,1,0,0,1,0,0,1,0,1,0,0,0,1,0,1,1,1,0,0,0,1,1,1,1,1,0,0,0,1,1,0,1.3604638742656596,3.1665522240024413,5.8725566491187911,4.3269703212024107,7.9314869916838324,9.4831769283588923,1.6536812390325779,12.497016861219196,2.2750286106660562,2.528419928282597,2.6805523765926602,18.784710460059511,20.248142214084076,3.2278934920271611,3.4877546349279012,25.103410391393911,26.706095979247731,4.1858548867017626,29.761593041886016,31.282825970855267,31.472281986724653,5.1872129396505686,36.166170748455023,37.458091096360725,1.6789343476815819,2.5215420426067539,0,0.027071668458560637,0,1
83,0,0,0,0,1,0,1,0,0,0,0,1,1,0,1,0,0,0,0,0,1,1,1,1,0,1,1,1,0,0,1,1,0,0,0,1,1,0,1,1,1,0,1,1,0,0,1,0,0,0,0,1,1,0,1,0,0,1,0,0,0,1,1,1,1,1,0,0,0,1,0,1,1,1,0,0,1,0,1,0,1,1,0,0,0,0,1,0,0,1,0,0,1,1,1,0,0,0,0,1,1,1,1,0,0,0,1,1,0,1,0,1,1,1,0,0,0,1,0,1,1,1,1,1,0,0,0,0,0,0,1,0,0,0,0,0,0,1,1,0,0,0,1,0,0,0,1,0,0,0,0,0,0,1,0,1,0,1,0,1,0,0,0,1,1,1,1,1,0,1,1,1,0,0,0,1,1,1,0,0,1,0,0,0,0,1,0,1,1,1,0,0,1,1,0,0,0,1,1,1,0,1,0,1,1,0,1,1,0,0,0,1,1,1,0,1,1,0,0,0,0,0,1,1,0,0,0,1,1,1,0,1,1,0,1,0,0,0,1,0,1,1,0,0,1,0,0,0,1,1,0,0,0,0,1,0,1,1,0,0,1,0,0,0,0,0,0,1,0,1,0,0,0,0,0,1,1,1,0,1,1,1,0,0,0,1,0,0,1,1,0,0,1,0,0,0,0,1,1,1,1,1,1,1,1,1,0,0,1,0,0,0,0,1,1,1,0,1,0,1,1,0,1,1,1,1,1,1,1,1,0,1,1,1,0,0,0,0,0,1,1,1,1,0,0,0,1,0,1,1,1,0,1,1,0,0,1,0,0,1,0,1,0,1,0,1,0,1,1,1,0,0,0,1,1,1,1,1,0,0,0,1,1,0,0.078919661249713891,0.2413977264057374,0.64911879148546581,0.8211795223926146,7.7262531471732663,9.1081712062256805,1.6519722285801479,12.371282520790418,2.27695124742504,2.5259784847791256,2.7020370794232087,18.78397802700847,20.247348744945448,3.2278934920271611,3.4726482032501718,25.095109483482108,26.573281452658886,4.1858548867017626,29.761593041886016,31.32188906691081,31.477409018081943,5.1872129396505686,36.177401388570992,37.458091096360725,0.34522079283815965,4.0600435990677131,0,0.027053275349182976,0,1
84,0,0,0,0,1,0,1,1,0,0,1,1,1,1,1,0,0,0,0,0,1,0,1,1,0,0,1,1,0,0,1,0,0,0,0,1,1,1,1,1,1,0,0,1,0,1,1,0,0,0,0,1,1,0,1,1,0,1,0,0,0,1,1,1,1,1,0,0,1,0,0,1,0,0,1,1,0,0,0,1,1,1,0,0,1,0,1,0,1,1,1,1,1,1,1,1,0,0,1,0,0,0,0,1,0,0,1,1,1,1,0,1,1,1,0,0,0,1,0,0,1,0,1,1,0,0,0,0,0,0,1,0,0,0,0,0,0,1,0,0,0,0,1,0,0,0,1,0,0,0,0,0,0,1,0,1,1,1,0,1,0,0,0,1,1,1,1,0,0,1,0,1,0,0,0,0,1,1,0,0,1,0,1,0,0,1,0,1,1,1,0,0,1,1,0,0,0,1,1,1,0,1,0,1,1,0,1,1,0,0,0,1,1,1,0,1,1,0,0,0,0,0,1,1,0,0,0,1,1,1,0,1,1,1,1,0,0,0,1,0,1,1,0,0,1,0,0,0,1,1,0,1,0,0,1,1,1,1,0,0,1,0,0,1,0,0,0,1,0,1,0,0,0,0,0,1,1,1,0,1,1,1,0,0,0,1,0,0,1,1,0,0,1,0,0,0,0,1,1,1,1,1,1,1,1,1,0,0,1,0,0,0,0,0,1,1,0,1,0,1,1,0,1,1,1,1,1,1,1,1,0,1,0,1,0,0,0,0,0,1,1,1,1,0,0,0,1,0,1,1,1,0,1,1,0,0,1,0,0,1,0,1,0,0,0,1,0,1,1,1,0,0,0,1,1,1,1,1,0,0,0,1,1,0,0.087830930037384597,0.17492942702372777,0.74030670634012363,0.85242999923704887,7.8591592278934916,9.5155870908674753,1.8177462424658581,12.293156328679332,2.2681620508125429,2.528419928282597,2.6050202182040132,18.971480888075074,20.247348744945448,3.2278934920271611,3.5019455252918288,25.103410391393911,26.706095979247731,4.1858548867017626,29.761593041886016,31.282825970855267,31.472281986724653,5.1872129396505686,36.166170748455023,37.458091096360725,0.38404399504709852,4.0540157525136333,0,0.026819400744270867,0,1
85,0,0,0,0,1,0,1,0,1,0,0,0,0,0,1,0,0,1,0,0,0,0,0,0,1,0,1,0,1,0,0,0,0,1,1,0,1,1,1,1,1,1,0,1,0,0,1,1,1,1,1,0,1,0,0,1,1,1,1,0,1,0,0,1,1,1,0,0,1,0,0,1,0,0,0,1,0,0,0,1,1,1,0,0,1,0,1,0,0,0,0,0,1,0,0,0,0,0,0,1,1,1,0,1,0,0,0,1,1,1,0,0,1,1,0,0,0,1,0,1,1,1,1,0,0,0,0,0,0,0,1,0,0,0,0,0,0,1,0,1,1,0,1,0,0,0,1,0,0,0,0,0,0,1,0,1,1,1,0,1,0,0,0,1,1,1,1,1,0,0,1,1,0,0,0,1,1,1,0,0,1,0,0,0,0,1,0,1,0,1,0,0,1,1,0,0,0,1,1,1,0,1,0,1,1,0,0,1,0,0,0,1,1,1,0,1,1,1,1,0,0,1,1,1,0,0,0,1,1,1,0,1,0,1,0,0,0,0,0,1,1,1,0,0,1,0,0,0,1,1,0,1,0,0,1,1,1,1,0,0,1,0,0,1,0,0,0,0,0,1,1,0,0,0,0,1,1,1,0,1,1,1,0,0,0,1,0,0,1,1,0,0,1,0,1,0,0,1,1,1,1,1,1,1,1,1,0,0,1,0,0,0,0,0,1,1,0,1,0,1,1,0,1,1,1,1,1,1,1,1,0,1,1,1,0,0,0,0,0,1,1,1,1,0,0,0,1,0,1,1,1,0,1,1,0,0,1,0,0,1,0,1,0,1,0,1,0,1,1,1,0,0,0,1,1,1,1,1,0,0,0,1,1,0,0.082093537804226749,1.0102693217364767,2.6209201190203708,7.3098039215686272,7.8542763408865488,9.4703593499656673,1.5919432364385442,12.367376211184864,2.2747539482719157,2.528419928282597,2.6805523765926602,18.781048294804304,20.24655527580682,3.270618753337911,3.4282444495307849,25.103410391393911,26.698832684824904,4.1858548867017626,30.05847257190814,31.282825970855267,31.477409018081943,5.1872129396505686,36.177401388570992,37.458091096360725,1.9084193369729923,1.7676585093761892,0,0.026783851172659776,0,1
86,0,0,0,0,1,0,0,0,1,1,1,0,0,1,0,0,0,0,0,0,1,0,0,0,1,0,1,1,0,0,1,0,0,0,1,0,1,1,1,0,1,1,0,1,0,1,0,1,0,0,0,0,1,0,1,1,0,1,0,0,0,1,1,1,1,1,0,0,0,1,1,1,1,1,0,0,1,0,1,0,1,1,0,0,0,1,0,0,1,1,1,0,1,1,0,1,0,0,0,1,1,1,0,0,1,0,1,1,1,1,0,1,1,1,0,0,0,1,0,0,1,0,1,1,0,0,0,0,0,0,1,0,0,0,0,0,0,1,0,0,0,0,1,0,0,0,1,0,0,0,0,0,0,1,0,1,1,1,0,1,0,0,0,1,1,1,1,0,0,1,0,1,0,0,0,0,1,1,0,0,1,0,1,0,1,1,0,1,1,1,0,0,1,1,0,0,0,1,1,1,0,1,0,1,1,0,1,1,0,0,0,1,1,1,0,1,1,1,1,0,0,0,1,1,0,0,0,1,1,1,0,1,0,0,1,0,0,0,0,0,1,1,0,0,1,0,0,0,1,1,0,1,0,0,1,0,1,1,0,0,1,0,0,1,0,0,0,1,0,1,1,0,0,0,0,1,1,1,0,1,1,1,0,0,0,1,0,1,1,1,0,0,1,0,0,0,0,1,1,1,1,1,1,1,1,1,0,0,1,0,0,0,0,0,1,1,1,1,0,0,1,0,1,1,1,1,1,1,1,1,0,1,0,1,0,0,0,0,0,1,1,1,1,0,0,0,0,0,1,0,1,0,1,1,0,0,1,0,0,1,0,1,0,0,0,0,0,1,1,1,0,0,0,1,1,1,1,1,1,0,0,1,0,1,0.069459067673762115,0.13586633096818493,1.0976424811169603,0.35242236972610058,7.8043793392843517,9.2310368505378815,1.571648737315938,12.293156328679332,2.2681620508125429,2.528419928282597,2.6050202182040132,19.018356603341726,20.247348744945448,3.268909742885481,3.4131380178530555,25.102922102693217,26.707133592736707,4.1864042114900437,29.761593041886016,31.287098496986342,31.472281986724653,5.1630426489662016,36.163363088426031,37.480796520943009,0.47117928172568202,4.0220758417733879,0,0.026780253944090785,0,1
87,0,0,0,0,1,0,1,0,1,0,0,0,0,0,1,0,0,1,0,0,0,0,0,0,1,0,1,0,1,0,0,0,0,1,1,0,1,1,1,1,1,1,0,1,0,0,1,1,1,1,1,0,1,1,0,1,1,1,1,0,1,0,0,1,1,1,0,0,1,0,0,1,0,0,0,1,0,0,0,1,1,1,0,0,1,0,1,0,0,0,0,0,1,0,0,0,0,0,0,1,1,1,0,1,0,0,0,1,1,0,0,1,1,1,0,0,0,1,0,0,1,0,1,1,0,0,0,0,0,0,1,0,0,0,0,0,0,1,0,0,0,0,1,0,0,0,1,0,0,0,0,0,0,1,0,1,0,1,0,1,0,0,0,1,1,1,1,1,0,1,1,1,0,0,0,1,1,1,0,0,1,0,0,0,0,1,0,1,1,1,0,0,1,1,0,0,0,1,1,1,0,1,0,1,1,0,1,1,0,0,0,1,1,1,0,1,1,0,0,0,0,0,1,1,0,0,0,1,1,1,0,1,1,1,1,0,0,0,1,0,1,1,0,0,1,0,0,0,1,1,0,1,0,0,1,0,1,1,0,0,1,0,0,0,0,0,0,1,0,1,0,0,0,0,0,1,1,1,0,1,1,1,0,0,0,1,0,0,1,1,0,0,1,0,0,0,0,1,1,1,1,1,1,1,1,1,0,0,1,0,0,0,0,0,1,1,0,1,0,1,1,0,1,1,1,1,1,1,1,1,0,1,1,1,0,0,0,0,0,1,1,1,1,0,0,0,1,0,1,1,1,0,1,1,0,0,1,0,0,1,0,1,0,1,0,1,0,1,1,1,0,0,0,1,1,0,1,1,0,0,0,1,1,0,0.082093537804226749,1.0102693217364767,2.6209201190203708,7.4348058289463648,7.8542763408865488,9.4703593499656673,1.5913023575188829,12.293156328679332,2.2681620508125429,2.5259784847791256,2.7020370794232087,18.78397802700847,20.247348744945448,3.2278934920271611,3.5019455252918288,25.102922102693217,26.573281452658886,4.1858548867017626,29.761593041886016,31.282825970855267,31.477409018081943,5.1872129396505686,36.177401388570992,37.27058823529412,1.9218349437751476,1.7043016541946485,0,0.026756018735063815,0,1
88,0,0,0,0,1,0,0,0,1,1,1,0,0,1,0,0,0,0,0,0,1,0,0,0,1,0,0,1,0,0,1,0,0,0,1,0,1,0,1,1,1,1,0,1,0,0,1,1,1,1,1,0,1,0,0,1,0,1,1,1,1,0,1,1,1,1,0,0,0,1,1,1,1,1,0,0,1,0,0,0,1,1,0,0,1,0,0,0,0,0,0,0,1,0,0,1,0,0,0,1,1,1,0,1,0,0,1,1,0,1,0,1,1,1,0,0,0,1,0,0,1,0,1,1,0,0,0,0,0,0,1,0,0,0,0,0,0,1,0,0,0,0,1,0,0,0,1,0,0,0,0,0,1,1,0,1,1,1,0,1,0,0,0,1,1,1,1,1,0,0,1,1,0,1,0,1,1,1,0,0,1,0,0,0,0,1,0,1,1,1,1,0,1,1,0,0,0,1,1,1,0,1,0,1,1,0,1,1,0,0,0,1,1,1,0,1,1,0,0,0,0,0,1,1,0,0,0,1,1,1,0,1,1,1,1,0,0,0,1,1,1,1,0,0,1,0,0,0,1,1,0,1,0,0,1,1,1,1,0,0,1,0,0,1,0,0,0,0,0,0,0,0,0,0,0,1,1,1,0,1,1,1,0,0,0,1,0,0,1,1,0,0,1,0,0,0,0,1,1,1,1,1,1,1,1,1,0,0,1,0,0,0,0,0,1,1,0,1,0,0,1,0,1,1,1,1,1,1,1,1,0,1,0,1,1,0,0,0,0,1,1,1,1,0,0,0,1,0,1,1,1,0,1,1,0,0,1,0,0,1,0,1,0,0,0,0,0,1,1,1,0,0,0,1,1,1,1,1,1,0,0,1,0,1,0.069459067673762115,0.13391317616540779,1.0271457999542228,7.2963759822995344,7.8040741588464178,9.3767910276951252,1.5972838941023879,12.293156328679332,2.2681620508125429,2.5674830243381397,2.6818951705195695,18.784710460059511,20.247348744945448,3.2278934920271611,3.5024032959487297,25.103410391393911,26.695719844357978,4.1858548867017626,29.761593041886016,31.282215609979399,31.473563744563975,5.1872129396505686,36.163363088426031,37.480796520943009,1.8268494294501836,2.0743804382836473,0,0.026700446782442717,0,1
89,0,0,0,0,1,0,1,1,0,0,1,1,1,1,1,0,0,0,0,1,0,0,0,1,0,1,1,1,1,1,1,0,0,0,1,0,1,0,0,1,0,1,1,0,0,1,1,0,0,0,0,1,1,0,1,1,0,1,1,1,0,0,0,0,1,1,0,0,1,0,0,1,0,1,0,1,0,0,0,1,1,1,0,0,1,0,1,0,0,0,0,0,1,0,0,1,0,0,0,1,1,1,0,1,0,0,1,0,1,1,1,1,1,1,0,0,1,1,0,0,0,0,1,1,1,0,0,0,0,0,1,0,0,0,0,1,1,0,0,1,1,0,0,1,0,0,1,0,0,0,0,0,0,1,0,1,1,1,0,1,0,0,0,1,1,1,1,1,0,0,1,1,0,0,0,1,1,1,0,0,1,0,0,0,0,1,0,1,1,1,0,1,1,1,0,0,0,1,1,1,0,1,0,1,1,0,0,0,0,0,0,1,1,1,0,1,1,0,0,1,0,1,1,0,0,0,0,1,1,1,0,1,0,1,1,0,0,0,0,0,1,1,0,0,1,0,0,0,1,1,0,1,0,0,1,0,1,1,0,0,1,0,0,1,0,0,0,1,0,1,1,0,0,0,0,1,1,1,0,1,1,1,0,1,0,1,1,1,1,1,0,0,1,0,0,0,0,1,1,1,1,0,1,1,1,1,0,0,1,0,0,0,0,0,1,1,0,1,0,1,1,0,1,1,1,1,1,1,0,1,0,1,0,1,0,0,0,0,0,1,1,1,1,0,0,0,1,0,1,1,1,0,1,1,0,0,1,0,0,1,0,1,1,1,1,1,0,1,1,1,0,0,0,1,1,1,1,1,0,0,0,1,1,0,0.087830930037384597,0.27331960021362628,0.97029068436713217,0.85743495841916528,7.8640421149004345,9.4705424582284277,1.5960021362630654,12.763866636148624,2.3623712520027467,2.528419928282597,2.6805523765926602,18.78434424353399,20.246158541237506,3.2360112916762036,3.4424353398947125,25.102922102693217,26.707133592736707,4.196292057679103,29.759273670557718,31.282825970855267,31.390249485008013,5.1872129396505686,36.205477988860913,37.458091096360725,0.45993035648660063,4.0289149848825776,0,0.026568432479048002,0,1
90,0,0,0,0,1,0,1,0,0,0,1,0,0,0,0,0,0,0,0,1,1,0,1,1,0,1,0,1,1,0,1,0,0,0,0,1,1,1,1,1,1,1,1,0,1,1,1,0,0,0,0,0,1,0,0,1,0,1,0,0,0,1,1,1,1,1,0,0,0,1,1,1,1,0,0,1,1,0,1,0,1,1,0,0,0,1,1,0,1,1,1,0,1,1,0,0,0,0,0,1,1,1,0,0,0,0,1,1,1,1,0,1,1,1,0,0,1,1,0,0,1,0,1,1,0,0,1,1,0,0,1,0,0,0,0,0,1,1,0,1,1,0,1,1,0,0,1,0,0,0,0,0,0,1,0,1,0,1,0,1,0,0,0,1,1,1,1,1,0,0,1,1,0,0,1,1,1,1,0,0,1,0,0,0,0,1,0,1,1,1,0,0,1,1,0,0,0,1,1,1,0,1,0,1,1,0,0,1,0,0,0,1,1,1,0,1,1,0,0,1,0,1,1,1,0,0,0,1,1,1,0,1,0,1,1,0,0,0,0,0,1,1,0,0,1,0,0,0,1,1,0,1,0,0,1,0,1,1,0,0,1,0,0,1,0,0,0,1,0,1,1,0,0,0,0,1,1,1,0,1,1,1,0,0,0,1,1,1,1,1,0,0,1,0,0,0,0,1,1,1,1,1,1,1,1,1,0,0,1,0,0,0,0,0,1,1,1,1,0,1,1,0,1,1,1,1,1,0,1,1,0,1,0,1,0,0,0,0,0,1,1,1,1,0,0,0,1,0,1,1,1,0,1,1,0,0,1,0,0,1,0,1,0,1,0,1,0,1,1,1,0,0,0,1,1,1,1,1,1,0,0,1,1,0,0.079102769512474247,0.42737468528267336,0.74836346990157931,0.28992141603723204,7.7970550087739374,9.3246051728084236,1.5443045700770579,12.793896391241322,2.3101853971160446,2.5259784847791256,2.6812237735561149,18.78397802700847,20.24655527580682,3.2364385442893111,3.4424353398947125,25.102922102693217,26.707133592736707,4.1875028610666059,29.761593041886016,31.28770885786221,31.308216983291373,5.1872129396505686,36.177401388570992,37.481528953994051,0.40107878964718707,4.0500152071898947,0,0.026489974247934062,0,1
91,1,0,1,0,1,1,1,0,0,0,1,0,0,0,1,1,1,1,0,0,1,0,1,0,1,0,0,0,1,0,0,0,0,0,0,0,0,1,1,0,1,0,1,1,0,0,1,1,0,1,0,0,1,0,1,1,0,1,0,1,0,0,1,1,1,1,0,0,1,0,1,0,1,1,0,0,1,0,1,0,1,1,0,0,1,0,1,0,1,0,1,0,1,1,0,1,0,0,0,1,1,1,0,1,0,0,1,0,1,1,0,1,1,1,0,0,1,0,0,0,1,0,1,1,0,1,1,0,0,0,1,0,0,0,0,0,0,1,0,0,0,0,1,0,0,0,1,0,0,0,0,0,0,1,0,1,1,1,0,1,0,0,0,1,1,1,1,1,0,0,1,1,0,0,0,1,1,1,0,0,1,0,0,0,0,1,0,1,1,1,0,0,1,1,0,0,0,1,1,1,0,1,0,1,1,0,0,1,0,0,0,1,1,1,0,1,1,1,1,0,1,0,1,1,0,0,0,1,1,1,0,1,1,1,1,0,0,0,1,0,1,1,0,0,1,0,0,0,1,1,0,1,0,0,1,0,1,1,0,0,1,0,0,1,0,0,1,1,0,1,0,0,0,0,0,1,1,1,0,1,1,1,0,0,0,1,0,0,1,1,0,0,1,0,0,0,0,1,1,1,1,1,1,1,1,1,0,0,1,0,0,0,0,0,1,1,0,0,0,0,1,0,1,1,1,1,1,1,1,1,0,1,1,1,0,0,0,0,0,1,1,1,1,0,0,0,1,0,1,1,1,1,1,1,0,0,1,0,0,1,0,1,0,0,1,0,0,0,1,1,0,0,0,1,1,1,1,1,0,0,0,1,0,0,1.3604638742656596,3.1645990691996642,0.15701533531700618,2.3539177538719769,7.9215686274509798,9.5005722133211261,1.5955748836499579,12.544625009536889,2.2681620508125429,2.528419928282597,2.6805523765926602,18.78397802700847,20.24655527580682,3.272327763790341,3.5019455252918288,25.102922102693217,26.722697795071337,4.1858548867017626,29.761593041886016,31.279774166475928,31.477409018081943,5.1878843366140233,36.168276493476768,37.456626230258642,1.8944408472836105,1.8204513553640933,0,0.026187669894542843,0,1
92,1,0,0,1,1,0,0,0,0,0,1,0,0,0,1,1,1,1,0,0,1,0,1,0,1,0,1,0,1,0,0,0,1,1,1,1,1,0,1,0,1,0,0,0,1,1,1,1,1,0,0,0,1,0,1,0,0,1,1,1,0,1,1,0,1,1,0,0,1,0,0,1,0,0,1,0,1,0,1,1,1,1,0,0,1,0,1,0,0,1,0,0,1,1,1,0,0,0,0,1,1,1,1,0,0,0,1,1,1,1,0,1,1,1,0,0,0,1,1,1,1,1,1,1,0,0,1,1,0,0,1,0,0,0,0,0,0,1,0,1,1,0,0,1,0,0,1,0,0,0,0,0,0,1,0,1,1,1,0,1,0,0,0,1,1,1,1,1,0,0,1,1,0,0,0,1,1,1,0,0,1,0,0,0,0,1,0,1,1,1,1,0,1,1,0,0,0,1,1,1,0,1,0,1,1,1,0,1,0,0,0,1,1,1,0,1,1,0,0,0,0,0,1,1,0,0,0,1,1,1,0,1,1,1,0,0,0,0,1,1,1,1,0,0,1,0,0,0,1,1,0,1,0,0,1,1,1,1,0,0,1,0,0,1,0,0,0,1,0,1,0,0,0,0,0,1,1,1,0,1,1,1,0,0,0,1,0,0,1,1,0,0,1,0,0,0,0,1,1,1,1,1,1,1,1,1,0,0,1,0,0,0,0,0,1,1,1,1,0,1,1,0,1,1,1,1,1,1,1,1,0,1,0,1,0,0,0,0,0,1,1,1,1,0,0,0,1,0,1,1,1,0,1,1,0,0,1,0,0,1,0,1,0,0,0,1,0,1,1,1,0,0,0,1,1,1,1,1,0,0,0,1,1,0,1.1885862516212711,3.1665522240024413,5.8725566491187911,4.3269703212024107,7.8582436865796899,9.4831769283588923,1.6536812390325779,12.497016861219196,2.2744792858777751,2.528419928282597,2.6805523765926602,18.784710460059511,20.248142214084076,3.2278934920271611,3.4877546349279012,25.103410391393911,26.706095979247731,4.1858548867017626,29.761593041886016,31.28770885786221,31.472281986724653,5.1872129396505686,36.166170748455023,37.458091096360725,1.6932353047384223,2.4764788438176502,0,0.026063187419016039,0,1
93,0,0,0,0,1,0,1,0,0,0,1,0,0,0,0,0,0,0,0,1,1,0,1,1,0,1,0,1,1,0,1,0,0,0,0,1,1,1,1,1,1,1,1,0,1,1,1,1,0,0,1,1,1,0,1,1,0,1,1,1,0,0,0,1,1,1,0,0,1,0,1,0,0,0,1,1,1,0,1,1,1,1,0,0,1,0,1,0,1,1,0,0,1,1,1,1,0,0,0,1,1,1,1,0,0,0,1,0,1,1,0,1,1,1,0,0,0,1,0,0,1,0,1,1,0,0,0,0,0,0,1,0,0,0,0,0,0,1,0,0,0,0,1,0,0,0,1,0,0,0,0,0,0,1,0,1,1,1,0,1,0,0,0,1,1,1,1,0,0,0,1,1,0,0,0,1,1,1,0,0,1,0,0,0,0,1,0,1,1,0,0,0,1,1,0,0,0,1,1,1,0,1,0,1,1,0,0,1,0,0,0,1,1,1,0,1,1,1,0,1,0,1,1,1,0,0,0,1,1,1,0,1,0,1,1,0,0,0,1,0,1,1,0,0,1,0,0,0,1,1,0,1,0,0,1,0,1,1,0,0,1,0,1,1,0,0,0,0,0,1,0,0,0,0,0,1,1,1,0,1,1,1,0,0,0,1,0,0,1,1,0,0,1,0,0,0,0,1,1,1,1,1,1,1,1,1,0,0,1,0,0,0,0,0,1,1,0,0,0,0,1,0,1,1,1,1,1,1,1,1,0,1,0,1,0,0,0,0,0,1,1,1,1,0,1,0,1,0,1,1,1,0,1,1,0,0,1,0,0,1,0,0,0,0,0,1,0,1,1,1,0,0,0,1,1,1,1,1,0,0,0,1,0,1,0.079102769512474247,0.42737468528267336,0.74845502403295949,1.8575722896162357,7.899748226138704,9.5067978942549782,1.6502632181277179,12.293156328679332,2.2681620508125429,2.528419928282597,2.5946135652704663,18.782513160906387,20.24655527580682,3.263782711528191,3.4433508812085143,25.102922102693217,26.963424124513619,4.1858548867017626,29.761593041886016,31.279774166475928,31.472281986724653,5.2731517509727626,36.121248187991149,37.457358663309684,0.61957708890887608,3.9524024894397862,0,0.025629205455255551,0,1
94,0,0,1,0,1,0,1,0,1,0,0,0,0,0,1,1,0,1,0,0,0,0,1,0,1,0,1,0,1,1,0,0,1,1,1,1,0,1,1,0,1,0,1,1,0,0,1,1,0,1,0,0,0,0,1,1,0,1,0,0,0,1,1,1,1,1,0,0,1,0,0,1,0,1,1,1,0,0,1,1,1,1,0,0,1,0,1,0,0,0,0,0,1,0,0,1,0,0,0,1,1,1,1,0,0,0,1,1,1,1,0,1,1,1,0,0,0,1,0,1,1,1,1,0,0,0,0,0,0,0,1,0,0,0,0,0,0,1,0,1,1,1,1,0,0,0,1,0,0,0,0,0,0,1,0,1,1,1,0,1,0,0,0,1,1,1,1,1,0,0,1,1,0,0,0,1,1,1,0,0,1,0,0,0,0,1,0,1,1,1,0,0,1,1,0,0,1,0,1,1,0,1,0,1,1,0,0,1,0,0,0,1,1,1,0,1,1,0,0,1,0,1,1,1,0,0,0,1,1,1,0,1,0,1,1,0,0,0,0,0,1,1,0,0,1,0,0,0,1,1,0,1,0,0,1,0,1,1,0,0,1,0,0,1,0,1,0,1,0,1,1,1,0,0,0,1,1,1,0,1,1,1,0,0,0,1,0,1,1,1,0,0,1,0,0,0,0,1,1,1,1,0,0,1,1,1,0,0,1,0,0,0,0,0,1,1,0,1,0,0,1,0,1,1,1,1,1,1,1,1,0,1,0,1,0,0,0,0,0,1,1,1,1,1,0,0,1,0,1,1,1,0,1,1,0,0,1,0,0,0,0,1,0,0,0,1,0,1,1,1,0,0,0,1,1,0,1,1,0,0,0,1,0,1,0.3321278706034943,1.0417639429312582,5.782101167315175,2.1024490730144199,7.8692301823453112,9.4705424582284277,1.6536812390325779,12.367376211184864,2.2758525978484778,2.528419928282597,2.6805523765926602,18.78397802700847,20.652811474784464,3.2364385442893111,3.4424353398947125,25.102922102693217,26.740856031128406,4.1864042114900437,29.758113984893569,31.282215609979399,31.472281986724653,5.3590905622949565,35.986480506599527,37.269855802243079,1.7894620836550197,2.2137436714196479,0,0.025442829147290982,0,1
95,0,0,0,1,1,0,1,0,1,0,0,0,0,0,1,1,0,1,0,0,1,1,0,0,0,0,0,0,1,1,1,0,0,1,1,0,1,0,1,0,0,1,1,0,0,1,1,0,0,0,0,1,1,0,1,1,1,1,0,0,0,1,1,1,1,1,0,0,1,0,0,1,0,0,1,1,1,0,1,1,1,1,0,0,1,0,1,0,1,1,0,0,1,1,1,0,0,0,0,1,1,1,1,0,0,0,1,1,0,1,0,1,1,1,0,0,0,1,0,1,1,1,1,0,0,0,0,0,0,0,1,0,0,0,0,0,0,1,0,1,1,0,1,0,0,0,1,0,0,0,0,0,0,1,0,1,1,1,0,1,0,0,0,1,1,1,1,1,0,0,1,1,0,0,0,1,1,1,0,0,1,0,0,0,0,1,0,1,1,1,0,0,1,1,0,0,1,0,1,1,0,1,0,1,1,0,0,1,0,0,0,1,1,1,0,1,1,0,0,1,0,1,1,1,0,0,0,1,1,1,0,1,0,1,1,0,0,0,0,0,1,1,0,0,1,0,0,0,1,1,0,1,0,0,1,0,1,1,0,0,1,0,0,0,0,1,0,1,0,1,1,1,0,0,0,1,1,1,0,1,1,1,0,0,0,1,0,1,1,1,0,0,1,0,0,0,0,1,1,1,1,1,1,1,1,1,0,0,1,0,0,0,0,0,1,1,0,1,0,0,1,0,1,1,1,1,1,1,1,1,0,1,0,1,0,0,0,0,0,1,1,1,1,0,0,0,1,0,1,1,1,0,1,1,0,0,1,0,0,1,1,1,0,0,0,0,0,1,1,1,0,0,0,1,1,1,1,1,1,0,0,1,0,1,0.20712596322575724,1.1883726253147173,2.4937514305333028,0.86805523765926607,7.8606851300831613,9.5066147859922179,1.6519722285801479,12.367376211184864,2.2747539482719157,2.528419928282597,2.6805523765926602,18.78397802700847,20.652811474784464,3.2364385442893111,3.4424353398947125,25.102922102693217,26.60804150453956,4.1864042114900437,29.761593041886016,31.282215609979399,31.472281986724653,5.1872129396505686,36.25320820935378,37.480796520943009,1.0495883285036081,3.6061216265448155,0,0.025326218464363691,0,1
96,0,0,0,1,0,1,1,0,1,0,0,0,1,0,1,0,0,0,0,0,1,0,1,1,0,0,0,0,0,1,0,1,1,1,1,1,1,0,1,1,1,1,0,1,0,0,1,1,0,1,0,1,1,1,0,1,1,1,0,1,0,0,1,1,1,1,0,0,0,0,1,1,1,0,0,0,1,0,1,1,1,1,0,0,1,0,0,0,1,1,0,0,1,1,1,0,0,0,0,1,1,1,1,0,0,0,1,1,1,1,0,1,1,1,0,0,0,1,0,1,1,1,1,1,0,0,1,0,0,0,1,0,0,0,0,0,0,1,1,0,0,0,1,0,0,0,1,0,0,0,0,0,0,1,0,1,0,1,0,1,0,0,0,1,1,1,1,1,0,1,1,1,0,0,0,1,1,1,0,0,1,0,0,0,0,1,0,1,1,1,0,0,1,1,0,0,0,1,1,1,0,1,0,1,1,0,1,1,0,0,0,1,1,1,0,1,1,0,0,0,0,0,1,1,0,0,0,1,1,1,0,1,1,1,1,0,0,0,1,1,1,1,0,0,1,0,0,0,1,1,0,1,0,0,1,0,1,1,0,0,1,0,0,0,0,0,0,1,0,1,0,0,0,0,0,1,1,1,0,1,1,1,0,0,0,1,0,0,1,1,0,0,1,0,0,0,0,1,1,1,1,1,1,1,1,1,0,0,1,0,0,0,0,0,1,1,0,1,0,1,1,0,1,1,1,1,1,1,1,1,0,1,1,1,0,0,0,0,0,1,1,1,1,0,0,0,1,0,1,1,1,0,1,1,0,0,1,0,0,1,0,1,0,1,0,1,1,1,1,1,0,0,0,1,1,1,1,1,0,0,0,1,1,0,0.17608911268787672,0.17218280308232242,5.9022201876859688,2.9320515754940106,7.6385137712672613,9.4128633554589154,1.6536812390325779,12.371770809491112,2.27695124742504,2.5259784847791256,2.7020370794232087,18.78397802700847,20.247348744945448,3.2278934920271611,3.5024032959487297,25.102922102693217,26.573281452658886,4.1858548867017626,29.761593041886016,31.282825970855267,31.477409018081943,5.1872129396505686,36.178805218585488,37.458091096360725,1.9591650735588946,1.5146379590252881,0,0.02518120112351575,0,1
97,1,0,1,1,1,0,1,0,1,1,1,0,1,1,1,1,0,1,0,1,1,0,0,0,1,0,1,0,1,0,0,0,1,0,0,0,0,1,1,1,1,0,1,0,0,0,0,1,0,1,0,0,0,0,1,1,0,1,0,1,0,0,1,1,1,1,0,0,1,0,0,0,1,1,0,0,1,1,0,0,1,1,0,0,1,0,1,1,1,0,1,0,1,1,1,0,0,0,0,1,1,1,1,0,0,0,1,1,0,1,0,1,1,1,0,0,0,1,0,1,1,1,1,1,0,0,1,0,0,0,1,0,0,0,0,0,0,1,0,0,0,0,1,0,0,0,1,0,0,0,0,0,0,1,0,1,1,1,0,1,0,0,0,1,1,1,1,0,0,1,0,1,0,0,0,0,1,1,0,0,1,0,1,0,1,1,1,1,1,1,1,0,1,1,0,0,0,1,1,1,0,0,0,1,1,0,1,1,0,0,0,1,1,1,0,1,1,1,1,0,0,0,1,1,0,0,0,1,1,1,0,1,0,0,1,0,0,0,0,0,1,1,0,0,1,0,0,0,1,1,0,1,0,0,1,0,1,1,0,0,1,0,0,1,0,0,0,1,0,1,1,0,0,0,0,1,1,1,0,1,1,1,0,0,0,1,0,1,1,1,0,0,1,0,0,0,0,0,1,1,1,1,1,1,1,1,0,0,1,0,0,0,0,0,1,1,1,1,0,0,1,0,1,1,1,1,1,1,1,1,0,1,0,1,0,0,0,0,0,1,1,1,1,0,0,0,1,0,1,1,0,0,1,1,0,0,1,0,0,1,0,1,0,0,0,0,0,1,1,1,0,0,0,1,1,1,1,1,0,0,0,1,0,1,1.4604409857328144,1.3852750438696879,3.178850995651179,2.1039139391165027,7.8437476157778283,9.5476310368505377,1.6519722285801479,12.371770809491112,2.2681620508125429,2.528419928282597,2.6050202182040132,19.03080796520943,20.221957732509345,3.268909742885481,3.4131380178530555,25.102922102693217,26.707133592736707,4.1864042114900437,29.72448310063325,31.287098496986342,31.472281986724653,5.1858701457236593,36.163363088426031,37.457358663309684,1.5158461921938875,2.9035724054371923,0,0.024142732605765493,0,1
98,0,0,1,1,0,0,1,0,1,1,1,1,1,1,1,1,0,1,0,0,0,0,1,1,0,0,1,0,0,1,1,1,0,0,0,1,1,1,1,0,1,1,0,1,0,1,0,1,0,0,0,0,1,0,1,1,0,1,1,0,0,1,1,1,1,1,0,0,0,1,1,1,1,1,0,0,1,1,1,1,1,1,0,0,0,1,0,0,1,1,1,0,1,1,0,1,0,0,0,1,1,1,1,1,0,0,1,0,1,1,0,1,1,1,0,0,1,0,0,0,0,0,1,1,0,0,1,1,0,0,1,0,0,0,0,0,0,1,0,0,0,0,1,0,0,0,1,0,0,0,0,0,0,1,0,1,1,1,0,1,0,0,0,1,1,0,1,1,0,0,1,1,0,0,0,1,1,1,0,0,1,0,0,0,0,1,0,1,1,1,0,0,1,1,0,0,0,1,1,1,0,1,0,1,1,0,0,1,0,0,0,1,1,1,0,1,1,1,1,0,0,1,1,1,0,0,0,1,1,1,0,1,0,1,1,1,0,0,1,0,1,1,0,0,1,0,0,0,1,1,0,1,0,0,1,0,1,1,0,0,1,0,1,1,0,0,0,0,0,1,1,1,0,0,0,1,1,1,0,1,1,1,0,0,1,1,0,1,1,1,0,0,1,0,0,0,0,1,1,1,1,1,1,1,1,1,0,0,1,0,1,0,0,0,1,1,0,1,0,1,1,0,1,1,1,0,1,1,1,1,0,1,0,1,0,0,0,0,0,1,1,1,1,0,0,0,0,0,1,0,1,0,1,1,0,0,1,0,0,1,0,1,0,0,0,0,0,1,1,1,0,0,0,1,1,1,1,1,1,0,0,1,0,1,0.39841306172274354,1.0492713817044328,0.72263675898374913,0.35632867933165485,7.8051422903791865,9.2310368505378815,1.7049515526054779,12.512642099641413,2.2681620508125429,2.528419928282597,2.3367971313038836,18.78397802700847,20.24655527580682,3.270618753337911,3.4506752117189285,25.102922102693217,26.964980544747082,4.1907988097962923,29.761593041886016,31.595330739299609,30.816021972991528,5.1630426489662016,36.163363088426031,37.480796520943009,0.74596583367845337,3.8871261977470559,0,0.024097699043723081,0,1
99,0,0,0,0,1,0,1,0,1,0,0,0,0,0,1,1,0,1,0,0,0,0,1,0,1,0,1,0,0,1,0,0,1,1,1,1,0,1,1,0,1,0,1,1,0,0,1,1,0,1,1,0,0,0,1,1,0,1,0,0,0,1,0,1,1,1,0,0,1,0,0,1,0,1,0,1,0,0,1,1,1,1,0,0,1,0,1,0,0,0,0,0,1,0,0,1,0,0,0,1,1,1,0,1,0,0,1,1,1,1,0,1,1,1,0,0,0,1,0,0,1,0,1,1,1,0,0,0,0,0,1,0,0,0,0,0,0,1,0,0,0,0,1,0,0,0,1,0,0,0,0,0,0,1,0,1,1,1,0,1,0,0,0,1,1,1,1,1,0,0,1,1,0,0,0,1,1,1,0,0,1,0,0,0,0,1,0,1,0,1,0,0,1,1,0,0,0,1,1,1,0,1,0,1,1,0,0,1,0,0,0,1,1,1,0,1,1,1,1,0,0,1,1,1,0,0,0,1,1,1,0,1,0,1,1,0,0,0,0,1,1,1,0,0,1,0,0,0,1,1,0,1,0,0,1,1,1,1,0,0,1,0,0,1,0,0,0,0,0,1,1,0,0,0,0,1,1,1,0,1,1,1,0,0,0,1,0,0,1,1,0,0,1,0,0,0,0,1,1,1,1,1,1,1,1,1,0,0,1,0,0,0,0,0,0,1,0,1,0,1,1,0,1,1,1,1,1,1,1,1,0,1,0,1,0,0,0,0,0,1,1,1,1,0,0,0,1,0,0,1,1,0,1,1,0,0,1,0,0,1,0,1,0,1,0,1,1,1,1,1,0,0,0,1,1,1,1,1,0,0,0,1,1,0,0.082124055848020142,1.0412756542305639,5.782101167315175,3.1022201876859694,7.8643472953383684,9.4705424582284277,1.5989929045548179,12.29510948348211,2.2681620508125429,2.528419928282597,2.6805523765926602,18.781048294804304,20.24655527580682,3.270618753337911,3.4428931105516134,25.103410391393911,26.698832684824904,4.1858548867017626,29.761593041886016,31.263294422827496,31.472281986724653,5.1818417639429315,36.178805218585488,37.458091096360725,1.9321711690678403,1.6547564146327167,0,0.023837244125887572,0,1
100,0,0,0,1,0,1,1,0,1,0,0,0,1,0,1,0,0,0,0,0,1,0,1,1,0,0,1,0,0,1,0,1,1,1,1,1,1,0,1,1,1,1,0,1,0,0,1,1,0,1,1,1,1,1,0,1,1,1,0,1,0,0,1,1,1,1,0,0,1,0,1,1,1,0,0,0,1,0,1,1,1,1,0,0,1,0,0,0,1,1,0,0,1,1,1,0,0,0,0,1,1,1,1,0,0,0,1,1,1,1,0,1,1,1,0,0,0,1,0,1,1,1,1,1,0,0,0,0,0,0,1,0,0,0,0,0,0,1,1,0,0,0,1,0,0,0,1,0,0,0,0,0,0,1,0,1,0,1,0,1,0,0,0,1,1,1,1,1,0,1,1,1,0,0,0,1,1,1,0,0,1,0,0,0,0,1,0,1,1,1,0,0,1,1,0,0,0,1,1,1,0,1,0,1,1,0,1,1,0,0,0,1,1,1,0,1,1,0,0,0,0,0,1,1,0,0,0,1,1,1,0,1,1,1,1,0,0,0,1,0,1,1,0,0,1,0,0,0,1,1,0,1,0,0,1,0,1,1,0,0,1,0,0,0,0,0,0,1,0,1,0,0,0,0,0,1,1,1,0,1,1,1,0,0,0,1,0,0,1,1,0,0,1,0,0,0,0,1,1,1,1,1,1,1,1,1,0,0,1,0,0,0,0,0,1,1,0,1,0,1,1,0,1,1,1,1,1,1,1,1,0,1,1,1,0,0,0,0,0,1,1,1,1,0,0,1,1,0,1,1,1,0,1,1,0,0,1,0,0,1,0,1,0,1,0,1,0,1,1,1,0,0,0,1,1,1,1,1,0,0,0,1,1,0,0.17608911268787672,0.17413595788509956,5.9022201876859688,3.9320668345159073,7.9510185397116038,9.4128633554589154,1.6536812390325779,12.371282520790418,2.27695124742504,2.5259784847791256,2.7020370794232087,18.78397802700847,20.247348744945448,3.2278934920271611,3.5019455252918288,25.102922102693217,26.573281452658886,4.1858548867017626,29.761593041886016,31.282825970855267,31.477409018081943,5.2301823453116656,36.177401388570992,37.458091096360725,1.9983323453838602,1.2942914896785926,0,0.023677216463152823,0,1
101,0,0,1,0,0,1,1,1,1,1,1,1,1,1,1,1,0,0,0,1,1,1,1,0,0,1,1,1,1,1,1,0,0,0,1,0,1,1,0,1,0,1,1,0,0,1,1,0,0,1,0,1,1,1,0,1,0,1,1,1,0,1,1,1,1,1,0,0,1,0,1,1,0,0,0,1,1,0,1,1,1,1,0,0,1,0,1,0,0,1,0,0,1,1,1,0,0,0,0,1,1,1,1,0,0,0,1,1,1,1,0,1,1,1,0,0,0,1,1,1,1,1,1,1,0,0,1,1,0,0,1,0,0,0,0,0,0,0,1,1,0,0,1,0,0,0,1,0,0,0,0,1,1,1,0,1,1,0,0,1,0,0,0,1,1,1,1,0,0,1,0,1,1,1,0,0,1,1,0,0,1,0,0,0,0,1,0,1,1,1,0,0,1,1,0,0,0,1,1,1,0,1,0,1,1,0,1,1,0,0,0,1,1,1,0,1,1,0,0,0,0,0,1,1,0,0,0,1,1,1,0,1,1,1,1,0,0,0,1,0,1,1,0,0,1,1,0,0,1,1,0,1,0,0,1,1,1,1,0,0,1,1,0,1,0,0,0,1,0,1,0,0,0,0,0,1,1,1,0,1,1,1,0,0,0,1,0,0,1,1,0,0,1,0,0,0,0,1,1,1,1,0,1,1,1,1,0,0,1,1,0,0,0,0,1,1,0,1,0,1,1,0,1,1,1,1,1,1,1,1,0,1,0,1,0,0,0,0,0,1,1,1,1,0,0,0,1,0,1,1,1,0,1,1,0,0,1,0,0,1,0,1,0,0,0,1,0,1,1,1,0,0,0,1,1,1,1,1,0,0,0,1,1,0,0.31247425040054932,0.47644769970244905,1.0640421149004349,2.9208209353780421,7.9339284351873038,9.4831769283588923,1.6536812390325779,12.497016861219196,2.2637674525062943,2.6443884946974898,2.609048599984741,18.78397802700847,20.247348744945448,3.2278934920271611,3.5019455252918288,25.603418020904861,27.237354085603116,4.1858548867017626,29.759273670557718,31.907835507743954,31.472281986724653,5.1872129396505686,36.166170748455023,37.458091096360725,0.81956344549974069,3.8357961794086486,0,0.023600129105399648,0,1
102,0,0,1,1,1,1,1,0,0,0,1,0,0,0,1,1,1,0,0,0,0,0,1,1,0,0,1,0,0,1,0,1,1,1,1,1,1,1,0,0,1,1,0,1,0,0,1,1,0,1,1,1,1,1,0,1,1,1,0,1,0,0,0,1,1,1,0,0,1,0,1,1,1,0,0,0,1,0,1,1,1,1,0,0,1,0,0,0,1,1,0,0,1,1,1,0,0,0,0,1,1,1,1,0,0,0,1,1,1,1,0,1,1,1,0,0,0,1,0,0,1,0,1,1,0,0,0,0,0,0,1,0,0,0,0,0,0,1,0,0,0,0,1,0,0,0,1,0,0,0,0,0,0,1,0,1,1,1,0,0,0,0,0,1,1,1,1,0,0,1,0,1,0,0,0,0,1,1,0,0,1,0,1,0,1,1,0,1,1,1,0,0,1,1,0,0,0,1,1,1,0,1,0,1,1,0,1,1,0,0,0,1,1,1,0,1,1,1,1,0,0,0,1,0,0,0,0,1,1,1,0,1,0,0,1,0,0,0,0,0,1,1,0,0,1,0,0,0,1,1,0,1,0,1,1,0,1,1,0,0,1,0,0,1,0,0,0,1,0,1,1,0,0,0,0,1,1,1,0,0,1,1,0,0,0,1,0,1,1,1,0,0,1,0,0,1,0,0,1,1,1,1,0,1,1,1,0,0,1,0,0,0,0,0,1,1,1,1,0,0,1,0,1,1,1,1,1,1,1,1,0,1,0,1,0,0,0,0,0,1,1,1,1,1,0,0,1,0,1,1,1,1,1,1,0,0,1,0,0,1,0,1,0,0,1,0,0,0,1,1,0,0,0,1,1,1,1,1,0,1,0,1,0,0,0.48545052262149996,2.0491645685511557,5.9256580453192953,3.9318226901655602,7.9510185397116038,9.4128633554589154,1.6536812390325779,12.293156328679332,2.2681620508125429,2.5281147478446631,2.6050202182040132,19.018356603341726,20.247348744945448,3.2684824902723735,3.4131380178530555,25.104875257495994,26.707133592736707,4.0457770656900891,29.871763179980164,31.287098496986342,31.472281986724653,5.3597619592584111,36.168276493476768,37.468345159075305,1.840214508724592,2.0531899825753253,0,0.023381737171948094,0,1
103,0,0,1,0,1,0,1,1,1,1,1,0,1,1,1,1,0,0,0,1,0,0,0,0,0,0,1,1,0,0,1,0,0,0,0,1,1,0,1,1,0,0,0,1,0,1,1,0,0,1,1,1,0,1,0,1,1,1,0,1,0,0,0,1,1,1,0,0,1,0,1,1,1,0,0,0,1,0,1,1,1,1,0,0,1,0,0,0,1,1,0,0,1,1,1,0,0,0,0,1,1,1,1,0,0,0,1,1,1,1,0,1,1,1,0,0,0,1,0,1,1,1,1,1,0,0,0,1,0,0,1,0,0,0,0,0,1,1,1,0,0,0,1,0,0,0,1,0,0,0,0,0,0,1,0,1,0,1,0,1,0,0,0,1,1,1,1,1,0,1,1,1,0,0,0,0,1,1,0,0,1,1,0,0,1,0,0,1,1,1,0,0,1,1,0,0,0,1,1,1,1,1,0,1,1,0,0,1,0,0,0,1,1,1,0,1,1,0,0,1,0,1,1,1,0,0,0,1,1,1,0,1,0,1,1,0,0,0,0,0,1,1,0,0,1,0,0,0,1,1,0,1,0,0,1,0,1,1,0,0,1,0,0,0,0,0,0,1,0,1,0,0,0,0,0,1,1,1,0,1,1,1,0,0,0,1,0,1,1,1,0,0,1,0,0,0,0,1,1,1,1,1,1,1,1,1,0,0,1,0,0,0,0,0,1,1,0,1,0,1,1,0,1,1,1,0,1,1,1,1,0,1,0,1,0,0,0,0,0,1,1,1,1,0,0,0,1,0,1,1,1,1,1,1,0,0,1,0,0,1,0,1,0,1,0,1,0,1,1,1,0,0,0,1,1,1,1,1,0,0,0,1,1,0,0.34323643854428931,0.25305561913481345,0.6348363469901579,3.681818875410086,7.9510185397116038,9.4128633554589154,1.6536812390325779,12.371526665140765,2.3121080338750284,2.5259784847791256,2.7017013809414814,19.182421606775009,20.297337300679025,3.2364385442893111,3.4424353398947125,25.102922102693217,26.573281452658886,4.1864042114900437,29.761593041886016,31.282825970855267,30.816021972991528,5.1878843366140233,36.177401388570992,37.458091096360725,1.0950318722174677,3.5702683053446553,0,0.023242888421453396,0,1
104,0,0,0,1,1,1,0,0,1,1,1,1,1,1,1,1,1,0,0,0,1,0,0,0,1,0,1,0,0,1,1,0,1,1,0,1,1,0,1,1,1,1,0,1,0,0,1,1,1,1,0,0,1,1,0,1,0,0,0,0,1,0,0,1,1,1,0,0,1,0,0,1,0,0,0,0,0,0,1,0,1,1,0,0,1,0,1,0,1,0,1,0,1,0,0,1,0,0,0,1,1,1,0,1,0,0,1,1,0,1,0,1,1,1,0,0,1,1,0,0,1,0,1,1,0,0,1,0,0,0,1,0,0,0,0,0,0,0,0,1,1,1,1,0,0,0,1,0,0,0,0,0,0,1,0,1,0,0,0,1,0,0,0,1,1,1,1,1,0,0,1,1,0,0,0,1,1,1,0,0,1,0,0,0,0,1,0,1,1,1,0,0,1,1,0,0,0,1,1,1,0,1,0,1,1,0,0,1,0,0,0,1,1,1,0,1,1,0,0,1,0,1,1,1,0,0,0,1,1,1,0,1,0,0,1,0,0,0,0,0,1,1,0,0,1,0,0,0,1,1,0,0,0,0,1,1,1,1,0,0,1,0,0,0,0,1,0,1,0,1,1,0,0,0,0,1,1,1,0,1,1,1,0,0,0,1,1,1,1,1,0,0,1,0,0,0,0,1,1,1,1,1,1,1,1,1,0,0,1,0,0,0,0,0,1,0,0,1,0,1,1,0,1,1,1,1,1,1,1,1,0,1,0,1,0,0,0,0,0,1,1,1,1,0,0,0,1,0,1,1,1,0,1,1,0,0,1,0,0,1,0,1,1,1,1,1,0,1,1,1,0,0,0,1,1,1,1,1,0,0,0,1,0,1,0.22653543907835508,2.1351644159609369,5.1522087434195463,6.4074464026855882,7.8519874876020443,9.4998397802700847,1.5972838941023879,12.793652246890975,2.2582742046234836,2.5247577630273899,2.6805523765926602,18.78397802700847,20.24655527580682,3.2364385442893111,3.4131380178530555,25.095597772182803,26.607522697795073,4.1875028610666059,29.761593041886016,31.273060196841381,31.472281986724653,5.1872129396505686,36.205477988860913,37.457358663309684,1.9183869215838976,1.7321109504696857,0,0.023010870151052801,0,1
105,0,0,0,1,1,1,1,0,0,0,1,1,1,0,1,0,0,0,1,0,1,0,0,0,0,1,1,1,0,0,0,1,0,1,0,1,1,1,1,0,0,1,0,1,0,1,1,0,0,0,0,0,1,0,0,1,1,1,0,0,0,1,1,1,1,1,0,0,0,1,1,0,1,1,0,0,0,0,1,0,1,1,0,0,0,1,1,0,1,1,1,0,1,1,0,1,0,0,0,1,1,1,0,0,0,0,1,1,1,1,1,1,1,1,0,0,1,1,0,0,1,1,1,1,1,0,1,0,0,0,1,0,0,0,0,0,0,1,0,0,0,0,1,0,0,0,1,0,0,0,0,0,0,1,0,1,1,1,0,1,0,0,0,1,1,1,1,1,0,0,1,1,0,0,0,1,1,1,0,0,1,0,0,0,0,1,0,1,1,1,0,0,1,1,0,0,0,0,1,1,1,1,0,1,1,0,0,1,0,0,0,1,1,1,0,1,1,1,1,1,0,1,1,1,0,0,0,1,1,1,0,1,0,1,1,1,0,0,1,0,1,1,0,0,1,0,0,0,1,1,0,1,0,0,0,0,1,1,0,0,1,0,0,1,0,0,0,0,0,1,1,0,0,0,0,1,1,1,0,0,1,1,1,0,0,1,0,1,1,1,0,0,1,0,0,0,0,1,1,1,0,0,1,1,1,1,0,0,1,0,0,0,1,0,1,1,0,1,0,0,1,0,1,1,1,0,1,1,1,1,0,1,0,1,0,0,0,0,0,1,1,1,1,0,0,0,1,0,1,1,1,0,1,1,0,0,1,0,0,1,0,1,0,0,0,0,0,1,1,1,0,0,0,1,1,1,1,1,0,0,0,1,1,0,0.23614862287327382,0.63190661478599219,2.2110322728313117,0.30554665445944917,7.7640955214770733,9.324788281071184,1.5447318226901654,12.811230640115969,2.2681620508125429,2.528419928282597,2.6805523765926602,18.78397802700847,19.891081101701381,3.2774547951476309,3.4506752117189285,25.101945525291828,26.698832684824904,4.0633554589150833,29.754634927901122,31.360341802090485,30.816021972991528,5.1872129396505686,36.163363088426031,37.458091096360725,0.93841115306689948,3.7367194706259554,0,0.022861260671180966,0,1
106,1,0,0,1,1,0,1,0,1,1,1,0,1,1,0,1,1,1,0,0,1,0,0,0,1,0,1,1,1,0,0,1,1,1,1,1,1,0,0,0,1,0,0,1,0,0,1,1,0,0,0,1,1,0,1,1,0,1,0,0,0,1,0,1,1,1,0,0,0,1,1,1,1,1,0,0,1,0,1,1,1,1,0,0,0,1,0,0,0,0,0,0,1,1,0,1,0,0,0,1,1,1,0,1,0,0,1,1,1,1,0,1,1,1,0,0,0,1,0,0,1,0,1,1,1,0,0,0,0,0,1,0,0,0,0,0,0,1,0,1,0,1,1,0,0,0,1,0,0,0,0,0,0,1,0,1,1,1,0,1,0,0,0,1,1,1,1,0,0,0,1,1,0,1,0,1,1,1,0,0,1,0,0,0,0,1,0,1,1,1,1,0,1,1,0,0,0,1,1,1,0,1,0,1,1,0,1,1,0,0,0,1,1,1,0,1,1,0,0,0,0,0,0,1,0,0,0,1,1,1,0,1,1,1,1,0,0,0,1,0,1,1,0,0,1,0,0,0,1,1,0,1,0,0,1,0,1,1,0,0,1,0,0,1,0,0,0,1,0,1,0,0,0,0,0,1,1,1,0,1,1,1,0,0,0,1,0,0,1,1,0,0,1,0,0,0,0,1,1,1,1,1,1,1,1,1,0,0,1,0,0,0,0,0,1,1,0,1,0,1,1,0,1,1,1,1,1,1,1,1,0,1,0,1,0,0,0,0,0,1,1,1,1,0,0,0,1,0,1,1,1,0,1,1,0,0,1,0,0,1,0,1,0,1,0,1,0,1,1,1,0,0,0,1,1,1,1,1,0,0,0,1,1,0,1.2103761348897535,3.1363393606469825,5.8260471503776605,0.85218585488670173,7.8045319295033186,9.1900205996795616,1.5989929045548179,12.29510948348211,2.2736552986953535,2.528419928282597,2.5959563591973756,18.784710460059511,20.247348744945448,3.2270389868009461,3.5019455252918288,25.102922102693217,26.706095979247731,4.1858548867017626,29.761593041886016,31.282825970855267,31.472281986724653,5.1872129396505686,36.177401388570992,37.458091096360725,1.994097767699369,1.3200616809611045,0,0.022496535238760895,0,1
107,0,0,0,1,0,1,1,1,0,1,1,0,1,1,1,1,0,0,0,0,0,0,1,0,0,1,1,0,0,1,1,1,1,1,1,0,1,1,1,1,1,1,0,1,0,0,1,1,1,1,1,1,1,0,0,0,1,1,0,0,0,1,1,1,1,1,0,0,0,1,1,1,1,1,0,0,1,0,1,0,1,1,0,0,1,0,1,0,0,0,0,0,1,0,0,0,0,0,0,1,1,1,0,1,0,0,1,1,1,1,0,1,1,1,0,0,0,1,0,0,1,0,1,1,1,0,0,0,0,0,1,0,0,0,0,0,0,1,0,0,0,0,1,0,0,0,1,0,0,0,0,0,1,1,0,0,1,1,1,1,0,0,0,1,1,1,1,1,0,0,1,1,0,0,0,1,1,1,0,0,1,0,0,0,0,1,0,1,0,1,1,0,1,1,0,0,0,1,1,1,0,1,0,1,1,0,0,1,0,0,0,1,1,1,0,1,1,1,1,0,0,1,1,1,0,0,0,1,1,1,0,1,0,1,1,0,0,0,0,0,1,1,0,0,1,0,0,0,1,1,0,1,0,0,1,0,1,1,0,0,1,0,0,1,0,0,0,1,0,1,1,0,0,0,0,1,1,1,0,1,1,1,0,0,0,1,0,1,1,1,0,0,1,0,0,1,0,1,1,1,1,1,1,1,1,1,0,0,1,0,0,0,0,0,1,1,0,1,0,1,1,0,1,1,1,1,1,1,1,1,0,1,0,1,0,0,0,0,0,1,1,1,1,0,0,0,1,0,1,1,1,0,1,1,0,0,1,0,0,1,0,1,0,1,0,1,0,1,1,1,0,0,0,1,1,1,1,1,0,0,0,1,1,0,0.18307774471656366,0.037537193865873196,5.6209658960860605,7.77441062027924,7.8043793392843517,9.4703593499656673,1.5989929045548179,12.29510948348211,2.2681620508125429,2.5632104982070647,2.6805523765926602,18.781780727855345,20.24655527580682,3.270618753337911,3.4424353398947125,25.102922102693217,26.707133592736707,4.1864042114900437,29.910032806897078,31.282825970855267,31.472281986724653,5.1872129396505686,36.177401388570992,37.458091096360725,2.0854785486841969,0.42200897551155347,0,0.021896248971119799,0,1
108,0,0,0,0,1,0,0,0,1,1,1,0,0,1,0,0,0,0,0,0,0,0,0,0,1,0,1,0,0,0,1,0,0,0,1,0,1,1,1,0,1,1,0,1,0,0,1,0,0,1,0,1,0,0,1,1,0,1,0,0,0,0,1,1,1,1,0,0,1,0,1,1,0,0,1,0,1,0,0,1,1,1,0,0,1,0,0,0,0,0,0,0,1,1,0,1,0,0,0,1,1,1,0,0,0,0,1,0,1,1,0,1,1,1,0,0,0,1,0,1,1,1,1,1,0,0,0,0,0,0,1,0,0,0,0,0,0,1,1,0,0,0,1,0,0,0,1,0,0,0,0,0,0,0,0,1,0,1,0,1,0,0,0,1,1,1,1,1,0,1,1,1,1,1,0,1,1,1,0,0,1,0,0,0,0,1,0,1,1,1,0,0,1,1,0,0,0,1,1,1,0,1,0,1,1,0,1,1,0,0,0,1,1,1,1,1,1,0,1,0,0,0,1,1,0,0,0,1,1,1,0,1,1,0,1,0,0,0,1,0,1,1,0,0,1,0,0,0,1,1,0,1,0,0,1,0,1,1,0,0,1,0,0,0,0,0,0,1,0,1,0,0,0,0,0,1,1,1,0,1,1,1,0,0,0,1,0,0,1,1,0,0,1,0,0,0,0,1,1,1,1,1,1,1,1,1,0,0,1,0,0,0,0,0,1,1,0,0,0,0,1,0,1,1,1,1,1,1,1,1,0,1,0,1,0,0,0,0,0,1,1,1,1,0,1,0,1,0,1,1,1,0,1,1,0,0,1,0,0,1,0,0,0,0,0,1,0,1,1,1,0,0,0,1,1,1,1,1,0,0,0,1,0,1,0.069459067673762115,0.0098878461890592809,1.0973678187228197,2.6019684138246739,7.9360646982528413,9.3775234607461666,1.5408865491721979,12.371282520790418,2.27695124742504,2.5064469367513542,2.7060654612039365,18.78397802700847,20.247348744945448,3.4603189135576411,3.4726482032501718,25.102922102693217,26.573281452658886,4.1858548867017626,29.761593041886016,31.279774166475928,31.472281986724653,5.2731517509727626,36.121248187991149,37.457358663309684,0.93936013378385574,3.7190580725528499,0,0.021668122109769969,0,1
109,0,0,0,0,1,0,1,0,0,0,1,1,1,1,1,0,0,0,0,0,1,0,1,1,0,0,1,1,0,0,1,0,0,0,0,1,1,0,1,1,1,0,0,1,0,1,1,0,0,0,0,1,1,0,1,1,0,1,0,0,0,1,1,1,1,1,0,0,1,0,0,1,0,0,1,1,0,0,0,1,1,1,0,0,1,0,1,0,1,1,1,1,1,1,1,1,0,0,1,0,0,0,0,1,0,0,1,1,1,0,0,1,1,1,0,0,0,1,0,1,1,1,1,1,0,0,0,0,0,0,1,0,0,0,0,0,0,1,1,0,0,0,1,0,0,0,1,0,0,0,0,0,0,0,0,1,1,1,0,1,0,0,0,1,1,1,1,1,0,0,1,1,0,0,0,1,1,1,0,0,1,0,0,0,0,1,0,1,1,1,0,0,1,1,0,0,0,1,1,1,0,1,0,1,1,0,1,1,0,0,0,1,1,1,0,1,1,0,0,0,0,0,1,1,0,0,0,1,1,1,0,1,1,1,1,0,0,0,1,0,1,1,0,0,1,0,0,0,1,1,0,1,0,0,1,0,1,1,0,0,1,0,0,1,0,0,0,1,0,1,0,0,0,0,0,1,1,1,0,1,1,1,0,0,0,1,0,0,1,1,0,0,1,0,0,0,0,1,1,1,1,1,1,1,1,1,0,0,1,0,0,0,0,0,1,1,0,0,0,0,1,0,1,1,1,1,1,1,1,1,0,1,0,1,0,0,0,0,0,1,1,1,1,0,0,0,1,0,1,1,1,0,1,1,0,0,1,0,0,1,0,0,0,0,0,1,0,1,1,1,0,0,0,1,1,1,1,1,0,0,0,1,0,1,0.080018310826276029,0.17492942702372777,0.64655527580682082,0.85242999923704887,7.8591592278934916,9.5155870908674753,1.8168917372396431,12.371282520790418,2.27695124742504,2.5088883802548256,2.6805523765926602,18.78397802700847,20.247348744945448,3.2278934920271611,3.5019455252918288,25.102922102693217,26.706095979247731,4.1858548867017626,29.761593041886016,31.279774166475928,31.472281986724653,5.1872129396505686,36.121248187991149,37.457358663309684,0.353965054849325,4.0599255244255454,0,0.021556898991525009,0,1
110,0,0,0,0,1,0,0,0,1,1,0,0,1,1,1,1,0,1,0,0,0,0,0,0,1,0,1,0,1,1,0,0,0,1,1,1,1,0,1,1,1,1,0,1,0,0,1,1,1,1,0,0,1,0,0,1,0,1,1,1,1,0,1,1,1,1,0,0,0,1,1,1,1,1,0,0,1,0,0,0,1,1,0,0,1,0,1,1,0,0,0,0,1,0,0,0,0,0,0,1,1,1,0,1,0,0,1,1,1,1,0,1,1,1,0,0,0,1,0,0,1,0,1,1,0,0,0,0,0,0,1,0,0,0,0,0,0,1,0,0,0,0,1,0,0,0,1,0,0,0,0,0,0,1,0,1,1,1,0,1,0,0,0,1,1,1,1,1,0,0,1,1,0,0,0,1,1,1,0,0,1,0,0,0,0,1,0,1,1,1,0,0,1,1,0,0,0,1,1,1,0,1,0,1,1,0,1,1,0,0,0,1,1,1,0,1,1,0,0,0,0,0,1,1,0,0,0,1,1,1,0,1,1,1,1,0,0,0,1,0,1,1,0,0,1,0,0,0,1,1,0,1,0,0,1,1,1,1,0,0,1,0,0,1,0,0,0,1,0,1,0,0,0,0,0,1,1,1,0,1,1,1,0,0,0,1,0,0,1,1,0,0,1,0,0,0,0,1,1,1,1,1,1,1,1,1,0,0,1,0,0,0,0,0,1,1,0,1,0,1,1,0,1,1,1,1,1,1,1,1,0,1,0,1,0,0,0,0,0,1,1,1,1,0,0,0,1,0,1,1,1,0,1,1,0,0,1,0,0,1,0,1,0,0,0,1,0,1,1,1,0,0,0,1,1,1,1,1,0,0,0,1,1,0,0.068818188754100867,1.0105134660868238,2.9021744106202791,6.2963607232776377,7.8040741588464178,9.5172350652323185,1.5989929045548179,12.293156328679332,2.2681620508125429,2.528419928282597,2.6805523765926602,18.78397802700847,20.247348744945448,3.2278934920271611,3.5019455252918288,25.103410391393911,26.706095979247731,4.1858548867017626,29.761593041886016,31.282825970855267,31.472281986724653,5.1872129396505686,36.166170748455023,37.458091096360725,1.8029503765870103,2.1626524604228168,0,0.021553805676685491,0,1
111,0,0,1,0,1,0,1,0,1,0,0,0,0,0,1,1,0,1,0,1,0,0,1,0,1,0,1,0,1,1,0,0,0,1,1,1,0,1,1,0,1,0,1,1,0,0,1,1,0,1,0,0,0,0,1,1,0,1,0,0,0,1,1,1,1,1,0,0,1,0,0,1,0,1,1,1,0,0,1,1,1,1,0,0,1,0,1,0,0,0,0,0,1,0,0,1,0,0,0,1,1,1,1,0,0,0,1,1,1,1,0,1,1,1,0,0,0,1,0,1,1,1,1,0,0,0,0,0,0,0,1,0,0,0,0,0,0,1,0,1,1,1,1,0,0,0,1,0,0,0,0,0,0,1,0,1,1,1,0,1,0,0,0,1,1,1,1,1,0,0,1,1,0,0,0,1,1,1,0,0,1,0,0,0,0,1,0,1,1,0,0,0,1,1,0,0,1,0,1,1,0,1,0,1,1,0,0,1,0,0,0,1,1,1,0,1,1,0,0,1,0,1,1,1,0,0,0,1,1,1,0,1,0,1,1,0,0,0,0,0,1,1,0,0,1,0,0,0,1,1,0,1,0,0,1,0,1,1,0,0,1,0,0,1,0,1,0,1,0,1,1,1,0,0,0,1,1,1,0,1,1,1,0,0,0,1,0,1,1,1,0,0,1,0,0,0,0,1,1,1,1,0,0,1,1,1,0,0,1,0,0,0,0,0,1,1,0,1,0,0,1,0,1,1,1,1,1,1,1,1,0,1,0,1,0,0,0,0,0,1,1,1,1,1,0,0,1,0,1,1,1,0,1,1,0,0,1,0,0,1,0,1,0,0,0,1,0,1,1,1,0,0,0,1,1,1,1,1,0,0,0,1,1,0,0.3321278706034943,1.2917677576867324,2.7820553902494849,2.1024490730144199,7.8692301823453112,9.4705424582284277,1.6536812390325779,12.367376211184864,2.2758525978484778,2.528419928282597,2.6805523765926602,18.782513160906387,20.652811474784464,3.2364385442893111,3.4424353398947125,25.102922102693217,26.740856031128406,4.1864042114900437,29.758113984893569,31.282215609979399,31.472281986724653,5.3590905622949565,36.166170748455023,37.458091096360725,1.0352724082702598,3.622209348906595,0,0.021436845643372938,0,1
112,1,0,0,0,1,0,1,0,1,0,0,0,0,0,1,1,0,1,0,0,0,0,1,0,1,0,1,0,1,1,0,0,1,1,1,1,0,1,1,0,1,0,0,1,0,0,1,1,1,1,0,0,0,0,1,1,0,1,0,0,0,1,1,1,1,1,0,0,1,0,0,1,0,1,0,1,0,0,1,1,1,1,0,0,1,0,1,0,0,0,0,0,1,0,0,1,0,0,0,1,1,1,0,1,0,0,1,1,1,1,0,1,1,1,0,0,0,1,0,0,1,0,1,1,1,0,0,0,0,0,1,0,0,0,0,0,0,1,0,0,0,0,1,0,0,0,1,0,0,0,0,0,0,1,0,1,1,1,0,1,0,0,0,1,1,1,1,1,0,0,1,1,0,0,0,1,1,1,0,0,1,0,0,0,0,1,0,1,1,1,0,0,1,1,0,0,0,1,1,1,0,1,0,1,1,0,0,0,0,0,0,1,1,1,0,1,1,1,1,0,0,1,1,1,0,0,0,1,1,1,0,1,0,1,1,1,0,0,1,0,1,1,0,0,1,0,0,0,1,1,0,1,0,0,1,0,1,1,0,0,1,0,1,1,0,0,0,0,0,0,1,1,0,0,0,1,1,1,0,1,1,1,0,0,1,1,0,1,1,1,0,0,1,0,0,0,0,1,1,1,1,1,1,1,1,1,0,0,1,0,1,0,0,0,1,1,0,1,0,1,1,0,1,1,1,1,1,1,1,1,0,1,0,1,1,0,0,0,0,1,1,1,1,0,0,0,0,0,1,0,1,0,1,1,0,0,1,0,0,1,0,1,0,0,0,0,0,1,1,1,0,0,0,1,1,1,1,1,1,0,0,1,0,1,1.0821393148699168,1.0417639429312582,5.7791714351110093,6.1025101091020062,7.8643472953383684,9.4705424582284277,1.5989929045548179,12.29510948348211,2.2681620508125429,2.528419928282597,2.6805523765926602,18.78397802700847,20.246158541237506,3.270618753337911,3.4506752117189285,25.102922102693217,26.962905317769131,4.1907988097962923,29.761593041886016,31.595330739299609,31.473563744563975,5.1630426489662016,36.163363088426031,37.480796520943009,1.9019315500372909,1.8041498949090697,0,0.020618275710816123,0,1
113,1,0,1,0,1,1,1,0,0,0,1,0,0,0,1,1,1,1,0,0,1,0,1,0,1,0,1,0,1,0,0,0,1,1,1,1,1,0,1,0,1,0,0,0,1,1,1,1,1,0,0,0,1,1,1,1,1,1,1,0,0,1,0,1,1,1,0,0,1,0,1,1,0,0,0,0,1,0,1,1,1,1,0,0,1,0,1,0,0,1,0,0,1,1,1,0,0,0,0,1,1,1,1,0,0,0,1,1,0,1,0,1,1,1,0,0,0,1,0,1,1,1,1,1,0,0,0,0,0,0,1,0,0,0,0,0,0,1,1,0,0,0,1,0,0,0,1,0,0,0,0,0,0,1,0,1,0,1,0,1,0,0,0,1,1,1,1,1,0,1,1,1,0,0,1,1,1,1,0,0,1,0,0,0,0,1,0,1,1,1,0,0,1,1,0,0,0,1,1,1,0,1,0,1,1,0,1,1,0,0,0,1,1,1,0,1,1,0,0,0,0,0,1,1,0,0,0,1,1,1,0,1,1,0,1,0,0,0,1,0,1,1,0,0,1,0,0,0,1,1,0,1,0,0,1,0,1,1,0,0,1,0,0,0,0,0,0,1,0,1,0,0,0,0,0,1,1,1,0,1,1,1,0,0,0,1,0,0,1,1,0,0,1,0,0,0,0,1,1,1,1,1,1,1,1,1,0,0,1,0,0,0,0,0,1,1,0,1,0,1,1,0,1,1,1,1,1,1,1,1,0,1,1,1,0,0,0,0,0,1,1,1,1,0,0,0,1,0,1,1,1,0,1,1,0,0,1,0,0,1,0,1,0,0,1,1,0,1,1,1,0,0,0,1,1,1,1,1,0,0,0,1,1,0,1.3604638742656596,3.1665522240024413,5.8725566491187911,4.4967727168688487,7.9314869916838324,9.4831769283588923,1.6519722285801479,12.371282520790418,2.27695124742504,2.5259784847791256,2.7027084763866633,18.78397802700847,20.247348744945448,3.2278934920271611,3.4726482032501718,25.102922102693217,26.573281452658886,4.1858548867017626,29.761593041886016,31.282825970855267,31.477409018081943,5.1872129396505686,36.171786068513008,37.458091096360725,1.6596983500808491,2.5754022443806863,0,0.020495499445836025,0,1
114,0,0,0,0,1,0,0,0,0,0,1,0,1,0,0,0,0,0,0,1,1,0,1,0,0,1,1,1,1,0,1,0,1,1,0,1,1,1,1,1,0,1,1,0,0,1,1,1,0,0,1,1,1,0,1,1,1,1,1,0,0,1,0,1,1,1,0,0,1,0,1,1,0,0,0,0,1,0,1,1,1,1,0,0,1,0,1,0,0,1,0,0,1,1,1,0,0,0,0,1,1,1,1,0,0,0,1,1,0,0,0,1,1,1,0,0,0,1,0,1,1,1,1,1,0,0,0,0,0,0,1,0,0,0,0,0,0,1,1,0,0,0,1,0,0,0,1,0,0,0,0,0,0,1,0,1,0,1,0,1,0,0,0,1,1,1,1,1,0,1,1,1,0,0,0,1,1,1,0,0,1,0,0,0,0,1,0,1,1,1,0,0,1,1,0,0,0,1,1,1,0,1,0,1,1,0,1,1,0,0,0,1,1,1,0,1,1,0,0,0,0,0,1,1,0,0,0,1,1,1,0,1,1,0,1,0,0,0,1,0,1,1,0,0,1,0,0,0,1,1,0,1,0,0,1,0,1,1,0,0,1,0,0,0,0,0,0,1,1,1,0,0,0,0,0,1,1,1,0,1,1,1,0,0,0,1,0,0,1,1,0,0,1,0,0,0,0,1,1,1,1,1,1,1,1,1,0,0,1,0,0,0,0,0,1,1,0,1,0,1,1,0,1,1,1,1,1,1,1,1,0,1,1,1,0,0,0,0,0,1,1,1,1,0,0,0,1,0,1,1,1,0,1,1,0,0,1,0,0,1,0,1,0,1,0,1,0,1,1,1,0,0,0,1,1,1,1,1,0,0,0,1,1,0,0.063721675440604253,0.41370260166323336,5.2360723277637904,1.8717326619363699,7.9314869916838324,9.4831769283588923,1.6511177233539329,12.371282520790418,2.27695124742504,2.5259784847791256,2.7020370794232087,18.78397802700847,20.247348744945448,3.2278934920271611,3.4726482032501718,25.102922102693217,26.577431906614787,4.1858548867017626,29.761593041886016,31.282825970855267,31.477409018081943,5.1872129396505686,36.177401388570992,37.458091096360725,1.8049927613032031,2.15615731419184,0,0.020321561428352009,0,1
115,0,0,1,0,1,0,1,0,1,0,0,0,0,0,1,1,0,1,0,0,0,0,1,0,1,0,1,0,1,1,0,0,1,1,1,1,0,1,1,0,1,0,1,1,0,0,1,1,0,1,0,0,0,0,1,1,1,1,0,0,0,1,1,1,1,1,0,0,1,0,0,1,0,1,1,1,0,0,1,1,1,1,0,0,1,0,1,0,0,0,0,0,1,0,0,1,0,0,0,1,1,1,1,0,0,0,1,1,1,1,0,1,1,1,0,0,0,1,0,1,1,1,1,0,0,0,0,0,0,0,1,0,0,0,0,0,0,1,0,1,1,1,1,0,0,0,1,0,0,0,0,0,0,1,0,1,1,1,0,1,0,0,0,1,1,1,1,1,0,0,1,1,0,0,0,1,1,1,0,0,1,0,0,0,1,1,0,1,1,1,0,0,1,1,0,0,1,0,1,1,0,1,0,1,1,0,0,1,0,0,0,1,1,1,0,1,1,0,0,1,0,1,1,1,0,0,0,1,1,1,0,1,0,1,1,0,0,0,0,0,1,1,0,0,1,0,0,0,1,1,0,1,0,0,1,0,1,1,0,0,1,0,0,1,0,1,1,0,0,1,1,1,0,0,0,1,1,1,0,1,1,1,0,0,0,1,0,1,1,1,0,0,1,0,0,0,0,1,1,1,1,0,0,1,1,1,0,0,1,0,0,0,0,0,1,1,0,1,0,0,1,0,1,1,1,1,1,1,1,1,0,1,0,1,0,0,0,0,0,1,1,1,1,0,0,0,1,0,1,0,1,0,1,1,0,0,1,0,0,1,0,1,0,1,0,1,0,1,1,1,0,0,0,1,1,1,1,1,0,0,0,1,0,1,0.3321278706034943,1.0417639429312582,5.782101167315175,2.1180743114366369,7.8692301823453112,9.4705424582284277,1.6536812390325779,12.367376211184864,2.2758525978484778,2.528419928282597,2.6805523765926602,18.830853742275121,20.652811474784464,3.2364385442893111,3.4424353398947125,25.102922102693217,26.749156939040208,4.1864042114900437,29.758113984893569,31.282215609979399,31.472281986724653,5.1845273517967501,36.177401388570992,37.457358663309684,1.7896218052062109,2.2098056147919087,0,0.019933254987447448,0,1
116,0,0,1,0,1,0,1,0,1,0,0,0,0,0,0,1,0,1,0,0,0,0,1,0,1,0,1,0,1,1,0,0,1,0,0,0,1,0,1,1,1,0,1,1,0,0,1,0,0,0,0,1,1,0,1,1,0,1,0,0,0,1,1,1,1,1,0,0,0,1,0,1,1,1,0,0,1,0,1,0,1,1,0,0,0,1,0,0,1,1,1,0,1,0,1,0,0,0,0,1,1,1,1,0,0,0,1,1,1,1,0,1,1,1,0,0,1,0,0,0,1,0,1,1,0,0,0,1,0,0,1,0,0,0,0,0,0,0,1,0,0,0,1,0,0,0,1,0,0,0,0,1,1,1,0,1,1,0,0,1,0,0,0,1,1,1,1,0,0,1,0,1,1,1,0,0,1,1,0,0,1,0,0,0,0,1,0,1,1,1,0,0,1,1,0,0,0,1,1,1,0,1,0,1,1,0,1,1,0,0,0,1,1,1,0,1,1,0,0,0,0,0,1,1,0,0,0,1,1,1,0,1,1,1,1,1,0,0,1,0,1,1,0,0,1,0,0,0,1,1,0,1,0,0,0,0,1,1,0,0,1,0,0,1,0,0,0,1,0,1,0,0,0,0,0,1,1,1,0,1,1,1,0,0,0,1,0,0,1,1,0,0,1,0,0,0,0,1,1,1,1,1,1,0,1,1,0,0,1,0,0,0,0,0,1,1,0,1,0,1,1,0,1,1,1,1,1,1,1,1,0,1,0,1,0,0,0,0,0,1,1,1,1,0,0,1,1,0,1,1,1,0,1,1,0,0,1,0,0,1,0,1,0,1,0,1,0,1,1,1,0,0,0,1,1,1,1,1,0,0,0,1,1,0,0.33206683451590752,1.0417639429312582,3.2741588464179445,0.85242999923704887,7.7262531471732663,9.2304875257496004,1.6536812390325779,12.543404287785153,2.2593728542000457,2.6443884946974898,2.609048599984741,18.78397802700847,20.247348744945448,3.2278934920271611,3.509269855802243,25.101945525291828,26.706095979247731,4.1858548867017626,29.761013199053941,31.282825970855267,31.472281986724653,5.2301823453116656,36.177401388570992,37.458091096360725,1.2417066773503898,3.3628277695709232,0,0.019807300109231603,0,1
117,0,0,1,0,1,0,1,1,1,1,1,0,1,1,1,1,0,0,0,1,0,0,0,0,0,0,1,1,0,0,1,0,0,0,0,1,1,0,1,1,1,0,0,1,0,1,1,0,0,1,1,1,1,1,0,1,1,1,0,1,0,0,0,1,1,1,0,0,1,0,1,1,1,0,0,0,1,0,1,1,1,1,0,0,1,0,0,0,1,1,0,0,1,1,1,0,0,0,0,1,1,1,1,0,0,0,1,1,1,1,0,1,1,1,0,0,0,1,0,1,1,1,1,1,0,1,0,0,0,0,1,0,0,0,0,0,0,1,1,0,0,0,1,0,0,0,1,0,0,0,0,0,0,1,0,1,0,1,0,1,0,0,0,1,1,1,1,1,0,1,1,1,0,0,0,1,1,1,0,0,1,0,1,0,0,1,0,1,1,1,0,0,1,1,0,0,0,1,1,1,0,1,0,1,1,0,1,1,0,0,0,1,1,1,0,1,1,0,1,0,0,0,1,1,0,0,0,1,1,1,0,1,0,1,1,1,0,0,1,0,1,1,0,0,1,0,0,0,1,1,0,1,0,0,1,1,1,1,0,0,1,0,0,1,0,0,0,0,0,1,1,0,0,0,0,1,1,1,0,0,1,1,1,0,0,1,0,1,1,1,0,0,1,0,0,0,0,1,1,1,0,0,1,1,1,1,0,0,1,0,0,1,0,0,1,1,0,1,0,0,1,0,1,1,1,1,1,1,1,1,0,1,0,1,0,0,0,0,0,1,1,1,1,0,0,0,1,0,1,1,1,1,1,1,0,0,1,0,0,1,0,1,0,0,1,0,0,0,1,1,0,0,0,1,1,1,1,1,0,0,0,1,0,0,0.34323643854428931,0.25305561913481345,0.64655527580682082,3.9318226901655602,7.9510185397116038,9.4128633554589154,1.6536812390325779,12.372259098191806,2.27695124742504,2.5259784847791256,2.7020370794232087,18.971480888075074,20.247348744945448,3.2415655756466011,3.4506752117189285,25.103410391393911,26.698832684824904,4.0633554589150833,29.754634927901122,31.43846799420157,31.472281986724653,5.1878843366140233,36.168276493476768,37.456626230258642,1.1476915529746439,3.4946739183144397,0,0.018922201495087439,0,1
118,0,0,0,1,1,1,1,0,0,0,1,0,1,0,1,0,0,1,1,0,1,0,0,0,0,0,0,0,1,1,1,0,1,1,0,0,0,1,1,0,1,0,1,1,0,1,1,1,0,1,0,0,0,0,1,1,0,1,0,1,0,0,1,1,1,1,0,0,1,0,1,1,1,0,0,0,1,0,1,1,1,1,0,0,1,0,0,0,1,1,0,0,1,1,1,0,0,0,0,1,1,1,1,0,0,0,1,1,1,0,0,1,1,1,0,0,0,1,0,1,1,1,1,1,0,0,0,0,0,0,1,0,0,0,0,0,0,1,1,0,0,0,1,0,0,0,1,0,0,0,0,0,0,1,0,1,0,1,0,1,0,0,0,1,1,1,1,1,0,1,1,1,0,0,0,1,1,1,0,0,1,0,1,0,0,1,0,1,1,1,0,0,1,1,0,0,0,1,1,1,0,1,0,0,1,0,1,1,0,0,0,1,1,1,0,1,1,0,1,0,0,0,1,1,0,0,0,1,1,1,0,1,0,1,1,1,0,0,1,0,1,1,0,0,1,0,0,0,1,1,0,1,0,0,1,1,1,1,0,0,1,0,0,1,0,0,0,0,0,1,1,0,0,0,0,1,1,1,0,0,1,1,1,1,0,1,0,1,1,1,0,0,1,0,0,0,0,1,1,1,1,0,1,1,1,1,0,0,1,0,0,0,1,0,1,1,0,1,1,0,1,0,1,1,1,1,1,1,1,1,0,1,0,1,0,1,0,0,0,1,1,1,1,0,0,0,1,0,1,1,1,0,1,1,0,0,1,0,0,1,0,1,0,1,0,0,0,1,1,1,0,0,0,1,1,1,1,1,0,0,0,1,0,1,0.23566033417257953,1.6258793011367971,4.6574502174410624,2.1039139391165027,7.9510185397116038,9.4128633554589154,1.6528267338063629,12.371282520790418,2.27695124742504,2.5259784847791256,2.7020370794232087,18.971480888075074,20.241000991836422,3.2415655756466011,3.4506752117189285,25.103410391393911,26.698832684824904,4.0721446555275804,29.759273670557718,31.36156252384222,31.472922865644314,5.1872129396505686,36.174593728542,37.457358663309684,1.6746313287882921,2.5452871416407938,0,0.017218218518414062,0,1
119,0,0,1,1,0,0,1,0,1,1,1,1,1,1,1,1,0,1,0,0,0,0,1,1,0,0,1,0,0,1,1,1,0,0,0,1,1,1,1,0,1,1,0,1,0,1,1,1,0,0,0,0,1,0,0,1,1,1,0,0,1,0,1,1,1,1,0,0,1,0,1,1,0,0,1,0,1,0,0,1,1,1,0,0,1,0,0,0,1,1,0,0,1,1,1,0,0,0,0,1,1,1,1,0,0,0,1,1,1,1,0,1,1,1,0,0,0,1,0,1,1,1,1,0,0,0,0,0,0,0,1,0,0,0,0,0,0,1,0,1,1,0,1,0,0,0,1,0,0,0,0,1,1,1,0,1,1,0,0,1,0,0,0,1,1,1,1,0,0,1,0,1,0,0,0,0,1,1,0,0,1,0,1,0,1,1,0,1,1,1,0,0,1,1,0,0,0,1,1,1,0,1,0,1,1,0,1,1,0,0,0,1,1,1,0,1,1,1,0,0,0,0,1,1,0,0,0,1,1,1,0,1,0,1,1,0,0,0,0,0,1,1,0,0,1,0,0,0,1,1,0,1,0,0,1,0,1,1,0,0,1,0,0,1,0,0,0,1,0,1,1,0,0,0,0,1,1,1,0,1,1,1,0,0,0,1,0,1,1,1,0,0,1,0,0,0,0,1,1,1,1,1,1,1,1,1,0,0,1,0,0,0,0,0,1,1,0,1,0,1,1,0,1,1,1,1,1,1,1,1,0,1,0,1,0,0,0,0,0,1,1,1,1,0,0,0,1,0,1,1,1,0,1,1,0,0,1,0,0,1,0,1,0,1,0,1,0,1,1,1,0,0,0,1,1,1,1,1,0,0,0,1,1,0,0.39841306172274354,1.0492713817044328,0.72281986724650948,0.30603494316014346,7.9360646982528413,9.4128633554589154,1.6536812390325779,12.367376211184864,2.2747539482719157,2.6443884946974898,2.6050202182040132,19.018356603341726,20.247348744945448,3.255237659266041,3.4424353398947125,25.102922102693217,26.707133592736707,4.1864042114900437,29.761593041886016,31.282825970855267,31.472281986724653,5.1872129396505686,36.177401388570992,37.458091096360725,0.7489133700751851,3.874333278922347,0,0.016804567193105847,0,1

