parameter,value
function,WFG8
dimension,24
population_size,120
max_generation,15000
seed,1
constraint,0
output_filename,results/WFG8/wfg8.csv
bits_per_variable,16
total_bits,384
crossover_rate,1
bit_mutation_rate,0.01
M,2
k,4
l,20

snapshot_generation_2900
index,bit0,bit1,bit2,bit3,bit4,bit5,bit6,bit7,bit8,bit9,bit10,bit11,bit12,bit13,bit14,bit15,bit16,bit17,bit18,bit19,bit20,bit21,bit22,bit23,bit24,bit25,bit26,bit27,bit28,bit29,bit30,bit31,bit32,bit33,bit34,bit35,bit36,bit37,bit38,bit39,bit40,bit41,bit42,bit43,bit44,bit45,bit46,bit47,bit48,bit49,bit50,bit51,bit52,bit53,bit54,bit55,bit56,bit57,bit58,bit59,bit60,bit61,bit62,bit63,bit64,bit65,bit66,bit67,bit68,bit69,bit70,bit71,bit72,bit73,bit74,bit75,bit76,bit77,bit78,bit79,bit80,bit81,bit82,bit83,bit84,bit85,bit86,bit87,bit88,bit89,bit90,bit91,bit92,bit93,bit94,bit95,bit96,bit97,bit98,bit99,bit100,bit101,bit102,bit103,bit104,bit105,bit106,bit107,bit108,bit109,bit110,bit111,bit112,bit113,bit114,bit115,bit116,bit117,bit118,bit119,bit120,bit121,bit122,bit123,bit124,bit125,bit126,bit127,bit128,bit129,bit130,bit131,bit132,bit133,bit134,bit135,bit136,bit137,bit138,bit139,bit140,bit141,bit142,bit143,bit144,bit145,bit146,bit147,bit148,bit149,bit150,bit151,bit152,bit153,bit154,bit155,bit156,bit157,bit158,bit159,bit160,bit161,bit162,bit163,bit164,bit165,bit166,bit167,bit168,bit169,bit170,bit171,bit172,bit173,bit174,bit175,bit176,bit177,bit178,bit179,bit180,bit181,bit182,bit183,bit184,bit185,bit186,bit187,bit188,bit189,bit190,bit191,bit192,bit193,bit194,bit195,bit196,bit197,bit198,bit199,bit200,bit201,bit202,bit203,bit204,bit205,bit206,bit207,bit208,bit209,bit210,bit211,bit212,bit213,bit214,bit215,bit216,bit217,bit218,bit219,bit220,bit221,bit222,bit223,bit224,bit225,bit226,bit227,bit228,bit229,bit230,bit231,bit232,bit233,bit234,bit235,bit236,bit237,bit238,bit239,bit240,bit241,bit242,bit243,bit244,bit245,bit246,bit247,bit248,bit249,bit250,bit251,bit252,bit253,bit254,bit255,bit256,bit257,bit258,bit259,bit260,bit261,bit262,bit263,bit264,bit265,bit266,bit267,bit268,bit269,bit270,bit271,bit272,bit273,bit274,bit275,bit276,bit277,bit278,bit279,bit280,bit281,bit282,bit283,bit284,bit285,bit286,bit287,bit288,bit289,bit290,bit291,bit292,bit293,bit294,bit295,bit296,bit297,bit298,bit299,bit300,bit301,bit302,bit303,bit304,bit305,bit306,bit307,bit308,bit309,bit310,bit311,bit312,bit313,bit314,bit315,bit316,bit317,bit318,bit319,bit320,bit321,bit322,bit323,bit324,bit325,bit326,bit327,bit328,bit329,bit330,bit331,bit332,bit333,bit334,bit335,bit336,bit337,bit338,bit339,bit340,bit341,bit342,bit343,bit344,bit345,bit346,bit347,bit348,bit349,bit350,bit351,bit352,bit353,bit354,bit355,bit356,bit357,bit358,bit359,bit360,bit361,bit362,bit363,bit364,bit365,bit366,bit367,bit368,bit369,bit370,bit371,bit372,bit373,bit374,bit375,bit376,bit377,bit378,bit379,bit380,bit381,bit382,bit383,x0,x1,x2,x3,x4,x5,x6,x7,x8,x9,x10,x11,x12,x13,x14,x15,x16,x17,x18,x19,x20,x21,x22,x23,f0,f1,rank,crowding_distance,constraint_violation,evaluated
0,1,1,1,1,1,1,1,1,1,1,1,1,1,0,1,0,1,1,1,1,1,1,1,1,1,0,1,1,1,1,0,1,1,1,1,1,1,1,1,1,1,1,0,1,1,0,1,1,1,1,1,1,1,1,1,1,1,0,0,1,1,0,1,1,0,0,0,0,0,0,0,0,0,0,0,0,1,1,1,1,0,0,0,0,0,0,0,0,0,0,0,0,0,0,1,0,0,0,0,0,0,0,0,0,0,1,0,0,1,1,0,0,0,0,0,0,0,0,0,0,1,0,1,1,1,0,0,1,0,1,0,1,1,0,0,0,0,0,1,0,0,1,1,1,0,1,0,1,0,1,0,1,1,0,1,0,0,1,0,1,0,1,0,1,0,0,1,1,0,1,1,0,1,1,0,1,0,1,0,0,1,1,1,1,0,0,1,0,1,0,1,0,0,1,0,0,1,1,0,1,1,0,0,1,0,0,1,1,0,1,0,0,1,0,1,1,1,1,1,1,0,1,1,1,0,1,0,0,0,1,1,0,1,0,0,0,0,0,0,0,0,1,0,0,0,1,1,0,1,0,1,0,1,1,1,1,0,0,1,1,1,1,1,1,1,0,0,1,0,0,0,0,0,0,1,1,1,1,1,1,1,1,1,0,1,0,0,1,0,1,0,0,0,0,0,1,1,0,0,1,0,1,1,0,0,0,1,1,1,1,1,1,1,1,1,0,0,1,1,0,0,0,1,1,1,1,1,0,1,0,1,0,1,1,0,1,0,1,0,0,0,0,0,0,0,0,0,0,1,0,1,1,0,1,0,0,0,0,0,0,0,1,0,0,0,1,0,0,0,0,1,1,1,0,1,1,1,0,0,0,0,0,0,0,1.999847409781033,3.9959716182192722,5.9967040512703136,7.9877927824826429,0.0022888532845044634,0.00036621652552071412,0.016235599298084994,0.045166704814221408,6.1983062485694669,6.6910811017013803,7.1695124742504008,7.4217441062027927,7.8787518120088498,8.3087815671015495,8.2618448157473114,8.8355840390630966,8.4420233463035022,8.9875028610666057,9.7355611505302502,9.9842832074464027,10.282902265964751,11.007553215838865,11.547905699244678,11.156420233463034,2.2164805880104814,0.2214436701139334,0,inf,0,1
1,0,0,0,0,0,0,0,0,0,0,0,0,0,0,0,1,0,0,0,0,0,0,0,0,0,0,0,0,0,1,1,0,0,0,0,0,0,0,0,0,0,0,0,0,0,0,1,1,0,0,0,0,0,0,0,0,0,0,0,0,0,0,0,1,1,1,1,1,1,1,1,1,1,1,0,1,0,0,0,0,1,1,1,1,1,1,1,1,1,0,1,0,0,0,1,0,1,1,1,1,1,1,1,1,1,1,0,1,1,1,1,1,0,1,0,1,0,0,0,0,0,0,0,0,1,0,0,1,0,1,0,0,1,0,1,0,1,0,1,1,0,0,0,1,0,1,0,0,1,0,0,0,0,0,1,0,0,1,0,0,0,1,0,0,0,1,0,1,0,1,0,1,1,0,1,0,0,1,0,0,0,0,0,0,0,1,0,1,1,1,1,1,0,1,0,0,0,0,0,0,0,0,1,1,1,1,1,0,0,0,1,1,1,1,0,0,1,0,0,1,1,0,0,0,0,0,1,1,1,0,1,1,0,0,0,0,1,0,1,0,0,0,1,1,1,0,0,0,0,1,1,0,0,1,1,0,0,0,1,1,1,0,0,0,0,0,0,0,1,0,1,0,0,0,1,1,0,1,0,0,1,0,0,0,1,0,1,1,0,0,1,1,0,0,1,1,1,0,0,1,0,1,0,1,0,0,1,1,0,0,1,0,0,0,0,0,0,0,0,0,0,0,1,1,0,0,0,0,0,0,0,0,0,0,0,1,0,1,0,0,0,0,0,0,0,0,0,0,0,1,1,0,0,1,0,0,0,0,0,0,0,0,0,0,0,0,0,1,0,0,1,1,0,0,0,0,0,0,0,0,1,0,0,0,3.0518043793392844e-05,0.00036621652552071412,0.00027466239414053559,0.00012207217517357137,9.9928282597085527,11.982970931563287,13.99316395819028,5.0022735942626078,5.251819638361181,5.6360723277637899,5.9599908445868612,6.0348821240558479,6.5246967269398031,6.6275425345235366,6.9187457084000918,7.0499122606240938,7.4428015564202337,7.388967727168688,7.6568245975432978,7.8126192111085677,7.8757610437170982,11.004196231021592,11.50087739375906,9.0059967956054017,0.1701444315945877,4.1700125944198065,0,inf,0,1
2,0,0,0,0,1,1,0,0,0,0,0,1,1,1,0,1,0,0,0,0,0,0,0,0,1,0,0,0,0,1,0,0,0,0,1,0,0,0,0,1,0,0,0,1,0,0,0,0,0,0,1,1,1,1,0,0,0,1,0,0,0,1,0,0,1,1,1,1,1,1,1,1,0,1,0,1,1,0,1,1,1,1,1,1,1,0,0,1,1,1,1,1,0,1,1,0,0,1,0,1,0,0,1,0,1,1,0,0,0,1,1,1,0,1,0,1,0,0,0,0,0,0,0,0,1,0,0,1,0,1,0,0,1,0,1,0,1,0,1,1,0,0,0,1,0,1,0,0,1,0,0,0,0,0,1,0,0,1,0,0,0,1,0,0,0,1,0,1,0,1,0,1,1,0,1,0,0,1,0,0,0,0,0,0,0,1,0,1,0,1,1,1,0,1,0,0,0,0,0,0,0,0,1,1,1,1,1,0,0,0,1,1,1,1,0,0,1,0,0,1,1,0,0,0,0,0,1,1,1,0,1,1,0,0,0,0,1,0,1,0,0,0,1,1,1,0,0,0,0,1,1,0,0,1,1,0,0,0,1,1,1,0,0,0,0,0,0,0,1,0,1,0,0,0,1,1,0,1,0,0,1,0,0,0,1,0,1,1,0,0,1,1,0,0,1,1,1,0,0,1,0,1,0,1,0,0,1,1,0,0,1,0,0,0,0,0,0,0,0,0,0,0,1,1,0,0,0,0,0,0,0,0,0,0,0,1,0,1,0,0,0,0,0,0,0,0,0,0,0,1,1,0,0,1,0,0,0,0,0,0,0,0,0,0,0,0,0,1,0,0,1,1,0,0,0,0,0,0,0,0,1,0,0,0,0.094636453803311205,0.0080567635614557116,0.77491416800183122,1.8833295185778591,9.974975204089418,11.717097734035248,4.5269550621805141,5.0022735942626078,5.251819638361181,5.6360723277637899,5.9599908445868612,6.0319523918516822,6.5246967269398031,6.6275425345235366,6.9187457084000918,7.0499122606240938,7.4428015564202337,7.388967727168688,7.6568245975432978,7.8126192111085677,7.8757610437170982,11.004196231021592,11.50087739375906,9.0059967956054017,0.47593940634778609,4.0995704873254422,0,0.05396486243127803,0,1
3,0,0,0,0,1,1,0,0,0,0,0,1,1,1,0,1,0,0,0,0,0,0,0,0,1,0,0,0,0,1,0,0,0,0,1,1,0,0,0,1,0,0,0,1,0,0,0,0,0,0,1,1,1,1,0,0,0,1,0,0,0,1,0,0,1,1,1,1,1,1,1,1,0,1,0,1,1,0,1,1,1,1,1,1,1,0,0,1,1,1,1,1,0,1,1,0,0,1,0,1,0,0,1,0,1,1,0,0,0,1,1,1,0,1,0,1,1,1,1,1,1,0,1,0,1,1,1,1,0,1,0,0,1,0,1,1,1,1,0,0,1,1,1,0,0,1,0,0,1,0,0,0,0,0,1,1,0,0,0,0,0,1,0,0,0,1,0,0,1,1,1,1,0,1,1,0,0,1,0,0,0,0,1,0,1,0,0,1,0,0,1,0,0,1,0,0,0,0,0,0,0,1,0,1,1,1,1,0,0,0,1,1,1,1,1,0,0,0,0,0,0,1,0,1,0,0,1,1,1,0,1,1,1,0,0,1,1,0,0,0,0,0,1,1,1,0,0,1,0,1,1,0,0,1,1,0,0,0,1,1,1,0,0,0,0,0,1,0,1,0,0,0,0,0,1,1,0,1,0,0,1,1,1,0,0,1,1,1,0,0,1,1,0,0,1,0,1,0,0,1,0,1,0,0,0,0,1,1,0,0,1,0,0,0,1,0,1,1,0,0,0,0,1,1,0,0,0,0,0,0,0,0,0,1,0,0,0,1,0,0,0,0,0,0,0,0,0,0,0,0,1,1,0,1,0,0,0,0,0,0,0,0,0,0,0,0,0,1,0,0,1,1,0,0,0,0,0,0,0,0,0,0,0,0,0.094636453803311205,0.0080567635614557116,1.1499198901350425,1.8833295185778591,9.974975204089418,11.717097734035248,4.5269550621805141,5.9803158617532617,5.3300984206912334,5.639734493018997,5.9264209964141292,6.241062027924011,6.5373922331578544,6.7834897383077744,6.9837491416800184,7.1749141680018313,7.458365758754864,7.4395056076905464,7.5078049897001602,7.8394750896467533,7.8776836804760819,11.002182040131228,11.50087739375906,9.0001373311970703,0.51651117787344558,4.0747289211915394,0,0.052924411179267106,0,1
4,1,1,0,1,1,1,0,1,1,1,0,0,1,0,0,1,0,0,0,1,1,1,0,0,1,0,1,1,1,1,0,0,0,1,0,1,0,1,0,1,1,1,1,0,0,1,0,1,0,0,1,1,0,0,1,0,1,0,1,0,0,0,1,1,1,1,0,0,1,1,1,0,1,1,1,0,0,0,1,1,0,1,0,1,0,1,1,0,1,0,1,1,0,0,1,1,0,1,0,1,0,0,0,1,1,1,0,0,1,1,0,1,0,1,0,0,1,0,1,1,0,0,0,0,0,1,1,1,0,1,0,0,1,0,1,0,1,1,0,0,1,1,0,1,0,1,0,0,1,0,0,0,1,0,1,0,1,0,0,1,0,1,0,0,0,1,0,1,0,0,0,1,1,1,1,0,0,1,0,0,0,0,1,0,1,1,1,1,1,1,0,0,0,1,0,0,0,0,0,0,0,0,0,1,1,0,0,1,0,0,1,1,1,1,0,1,0,0,0,1,0,0,1,0,0,0,1,1,1,0,1,1,1,0,0,0,0,1,1,0,0,0,1,1,1,0,0,0,1,1,1,0,0,0,1,0,0,0,1,1,1,0,0,0,0,0,0,0,1,1,0,0,0,0,1,1,0,1,0,0,1,1,1,0,0,1,1,0,0,0,1,1,0,0,1,0,1,0,0,1,0,0,0,0,0,0,1,1,0,0,1,1,0,0,1,1,1,1,0,0,0,0,1,1,0,0,0,0,0,0,0,0,1,1,1,1,0,1,0,0,0,0,0,0,0,0,0,1,0,0,1,1,0,1,0,0,0,0,0,0,0,0,0,0,0,1,0,1,0,0,1,1,0,0,0,0,0,0,0,0,0,0,0,0,1.7327229724574655,0.44898146028839553,2.0131837949187457,1.5824216067750057,8.0816357671473256,4.0640878919661247,4.4735484855420768,4.689280537117571,5.259510185397116,5.6766613260090022,5.939848935683222,6.2798809796292065,6.5100175478751812,6.6796673533226523,6.9755092698558023,7.110460059510185,7.443839169909209,7.4389562829022653,7.5054856183718623,8.0054932478828107,7.8847333485923556,11.012924391546502,11.503685053788052,9.0001373311970703,1.1824299441785362,3.3789262407682692,0,0.050999032761578279,0,1
5,0,0,0,0,0,0,0,0,0,0,0,1,0,0,0,1,0,0,0,0,1,0,0,0,0,0,0,1,0,1,0,1,0,0,0,1,0,0,1,0,0,0,0,0,0,0,0,1,0,0,0,0,0,1,0,0,0,0,0,0,0,1,0,1,1,1,1,1,1,1,1,1,1,1,0,1,0,0,0,1,1,1,1,1,1,1,0,1,0,0,1,0,0,0,1,1,1,1,1,1,1,0,1,0,0,1,0,1,0,0,1,1,0,1,0,1,0,0,0,1,0,1,0,0,0,1,0,0,0,1,0,0,1,0,1,1,0,1,0,0,1,0,1,1,0,1,0,0,1,0,0,0,0,0,1,0,0,0,1,1,0,1,0,0,0,1,0,0,0,1,0,1,1,1,1,0,0,1,0,0,0,0,1,0,0,1,0,1,0,1,0,1,0,1,0,0,0,0,0,0,0,0,0,0,1,0,0,0,0,0,1,1,1,1,0,1,1,0,0,1,0,0,0,0,0,0,1,1,1,0,1,1,0,1,1,0,1,1,1,0,0,0,1,1,1,0,0,1,0,1,1,0,0,0,0,0,0,0,1,1,1,0,0,0,0,0,1,0,1,0,0,1,0,0,1,1,0,1,1,0,0,0,0,1,0,0,1,1,0,0,1,1,0,0,1,1,1,1,1,1,1,1,0,0,0,0,1,1,0,0,1,0,1,0,0,0,1,0,0,1,0,0,1,1,0,0,0,1,0,0,0,1,0,1,1,1,0,1,0,0,0,0,0,0,0,0,0,0,0,0,1,1,0,1,0,0,0,0,0,0,0,0,0,0,0,1,0,1,0,0,1,1,0,0,0,0,0,0,0,0,0,0,0,0,0.00051880674448767834,0.12628366521705958,0.42197299153124285,0.12561226825360494,9.9929808499275197,11.865964751659419,13.689814602883954,5.0791790646219575,5.2941176470588234,5.6357671473258559,5.8753948271915766,6.2187228198672475,6.5032730601968414,6.7335011825741971,6.9645227740901809,7.1719844357976656,7.4588845654993516,7.604303044174868,7.7165484092469674,7.8962386511024638,8.053925383382925,11.002182040131228,11.503685053788052,9.0001373311970703,0.25488573724965169,4.1580676052718379,0,0.049447972446626784,0,1
6,0,0,0,1,1,1,0,0,0,0,0,1,1,1,0,1,0,0,0,0,0,0,0,0,1,0,0,0,0,1,0,0,0,0,1,1,0,0,0,1,0,0,0,1,0,0,0,0,0,0,1,1,1,1,0,0,0,1,0,0,0,1,0,0,1,1,1,1,1,1,1,1,0,1,0,1,1,0,1,1,1,1,1,1,1,0,0,1,1,1,1,1,0,1,1,0,0,1,0,1,0,0,0,1,1,1,0,0,0,1,1,1,0,1,0,1,1,1,1,1,1,0,1,0,1,1,1,1,0,1,0,0,1,0,1,1,1,1,0,0,1,1,1,0,0,1,0,0,1,0,0,0,0,1,1,1,0,0,0,0,0,1,0,0,0,1,0,0,1,1,1,1,0,1,1,0,0,1,0,0,0,0,1,1,1,0,0,1,0,0,1,0,0,1,0,0,0,0,0,0,0,1,0,1,1,1,1,0,0,0,1,1,1,1,1,0,0,0,0,0,0,1,0,1,0,0,1,1,1,0,1,1,1,0,0,1,1,0,0,0,0,0,1,1,1,0,0,1,0,0,1,0,0,1,1,0,0,0,1,1,1,0,0,0,0,0,1,0,1,0,0,0,0,0,1,1,0,1,0,0,1,1,1,0,0,1,1,1,0,0,1,1,0,0,1,0,1,0,0,1,0,1,0,0,0,0,1,1,0,0,1,0,0,0,1,0,1,1,0,0,0,0,1,1,0,0,0,0,0,0,0,0,0,1,0,0,0,1,0,0,0,0,0,0,0,0,0,0,0,0,1,1,0,1,0,0,0,0,0,0,0,0,0,0,0,0,0,1,0,0,1,1,0,0,0,0,0,0,0,0,0,0,0,0,0.21963836118104829,0.0080567635614557116,1.1499198901350425,1.8833295185778591,9.974975204089418,11.717097734035248,4.4722667277027544,5.9803158617532617,5.3300984206912334,5.6592660410467683,5.9264209964141292,6.3348134584573135,6.5373922331578544,6.7834897383077744,6.9837491416800184,7.1436636911573972,7.458365758754864,7.4395056076905464,7.5078049897001602,7.8394750896467533,7.8776836804760819,11.002182040131228,11.50087739375906,9.0001373311970703,0.55770280822045581,4.0483638111530658,0,0.049140751749642733,0,1
7,1,1,0,1,1,0,0,1,0,1,0,0,1,0,0,1,0,0,1,1,0,0,1,0,0,0,1,1,1,1,0,0,0,1,0,1,0,1,0,1,0,1,1,0,0,1,0,0,0,0,1,1,0,0,1,0,0,0,1,0,0,0,1,1,1,1,0,0,1,1,1,0,1,1,1,0,1,0,1,1,0,1,0,1,0,1,1,0,1,0,1,1,0,0,1,1,0,1,0,1,0,0,1,1,0,1,1,0,0,1,1,1,0,1,0,0,1,1,1,0,1,1,1,0,0,0,0,0,0,1,0,0,1,0,1,0,1,0,0,0,0,1,1,0,0,1,0,0,1,0,0,0,0,0,1,1,0,0,0,0,0,1,0,0,0,1,0,0,1,1,0,1,0,1,1,0,0,1,0,0,0,0,1,0,1,0,0,1,1,0,1,0,0,1,0,0,0,0,0,0,0,1,0,1,1,0,1,0,0,0,1,1,1,1,1,0,0,0,0,0,0,1,0,1,0,0,1,1,1,0,1,1,0,0,0,0,1,0,1,0,0,0,1,1,1,0,0,0,0,1,1,0,0,1,1,0,0,0,1,1,1,0,0,0,0,0,0,0,1,0,0,0,0,0,1,1,0,1,0,0,1,0,0,0,1,0,1,1,0,0,1,1,0,0,1,1,1,0,0,1,1,1,0,1,0,0,1,1,0,0,1,0,0,0,0,0,0,0,0,0,0,0,1,1,0,0,0,0,0,0,0,0,0,0,1,1,0,1,0,0,0,0,0,0,0,0,0,0,0,0,1,0,0,1,0,0,0,0,0,0,0,0,0,0,0,0,0,1,0,0,1,1,0,0,0,0,0,0,0,0,1,0,0,0,1.6975661860074769,0.78492408636606392,2.0013733119707027,1.5667963683527886,8.0828564888990613,4.0640878919661247,4.561135271229114,4.9297627222095066,5.2400091554131381,5.639734493018997,5.915678644998855,6.2439917601281767,6.535805294880598,6.7834897383077744,6.9187457084000918,7.0499122606240938,7.4417639429312583,7.388967727168688,7.6614633401998935,7.8126192111085677,7.8770428015564207,11.001510643167773,11.50087739375906,9.0059967956054017,1.2156023747641695,3.3158574284507725,0,0.04827665264922,0,1
8,1,0,1,1,1,1,1,0,0,1,0,1,1,0,1,0,1,0,1,0,0,0,1,1,0,1,0,0,0,1,1,1,1,0,0,0,1,1,0,1,0,0,1,0,1,0,1,1,0,1,1,0,1,1,1,1,0,1,0,0,1,1,1,0,0,0,0,0,1,0,1,1,1,1,1,0,1,0,0,0,0,1,0,1,0,1,1,0,1,0,0,1,1,0,0,0,0,1,0,1,0,0,1,0,0,1,0,1,0,0,0,0,0,1,0,0,1,1,1,1,0,1,0,0,0,0,1,1,0,1,0,0,1,0,0,1,1,1,0,1,1,0,0,0,0,1,0,0,1,0,0,0,1,0,1,0,1,0,0,1,0,1,0,0,0,1,0,1,0,0,0,1,0,1,1,0,0,1,0,0,0,0,1,0,0,0,0,1,0,0,1,0,0,1,0,0,0,0,0,0,1,1,0,1,1,1,1,0,0,0,1,1,1,1,0,1,0,0,0,1,0,0,1,0,0,0,1,1,1,0,1,1,0,0,0,1,0,1,1,0,0,0,1,1,1,0,0,1,1,1,1,0,0,0,0,0,0,0,1,1,1,0,0,0,0,0,0,0,1,0,0,1,0,0,1,1,0,1,1,0,0,0,0,1,0,0,1,1,0,0,1,1,0,0,1,1,1,1,1,1,1,1,1,1,0,0,1,1,0,0,1,0,1,0,0,1,1,1,0,0,0,0,1,1,0,0,0,1,0,0,1,0,0,1,1,1,0,1,0,0,0,0,0,0,0,0,1,0,0,0,0,1,0,1,0,0,0,0,0,0,0,0,0,0,0,0,0,1,0,0,1,1,0,0,0,0,0,0,0,0,0,0,1,0,1.4871442740520333,2.5512474250400548,3.3086747539482722,3.4783245593957428,0.46509498741130695,4.0591439688715951,4.501533531700618,4.9539330128938737,5.1922178988326841,5.6766613260090022,5.9371633478294035,6.1941863126573597,6.58817425803006,6.6796673533226523,6.9242389562829025,7.234485389486534,7.442282749675746,7.604303044174868,7.7182879377431908,7.9078355077439531,8.0641794460975049,11.022323949034867,11.50087739375906,9.0016021972991531,1.6681512941189061,2.4572935361726582,0,0.045911681986244887,0,1
9,1,0,1,0,1,1,1,0,0,1,1,0,0,1,1,0,0,0,1,0,1,0,0,1,1,1,0,0,0,1,0,1,0,0,0,0,1,0,0,1,0,1,1,1,1,0,1,1,0,0,0,1,1,0,1,0,1,1,0,1,0,1,1,1,1,1,1,1,1,0,1,0,1,0,1,1,0,1,1,1,1,0,1,1,1,0,1,0,1,0,1,1,1,1,1,1,0,1,0,1,0,0,0,1,0,1,1,1,0,0,1,1,0,1,0,0,1,1,1,0,1,0,1,0,0,0,0,0,0,1,0,0,1,0,0,1,1,0,0,1,0,0,1,1,0,1,0,0,1,0,0,0,0,0,0,0,0,1,1,1,0,1,0,0,0,1,0,0,0,1,0,0,1,1,0,0,0,1,0,0,0,0,0,0,0,1,0,1,1,1,1,1,0,1,0,0,0,0,0,0,0,0,1,1,1,1,1,0,0,0,1,1,1,1,0,0,1,0,0,1,1,0,0,0,0,0,1,1,1,0,1,1,0,0,0,0,1,0,1,0,0,0,1,1,1,0,0,0,0,1,1,0,0,1,1,0,0,0,1,1,1,0,0,0,0,0,0,0,1,0,1,0,0,0,1,1,0,1,0,0,1,0,0,0,1,0,1,1,0,0,1,1,0,0,1,1,1,0,0,1,0,1,0,1,0,0,1,1,0,0,1,0,0,0,0,0,0,0,0,0,0,0,1,1,0,0,0,0,0,0,0,0,0,0,0,1,0,1,0,0,0,0,0,0,0,0,0,0,0,1,1,0,0,1,0,0,0,0,0,0,0,0,0,0,0,0,0,1,0,0,1,1,0,0,0,0,0,0,0,0,0,0,0,0,1.3625085831998169,0.65265888456549936,0.22220187685969328,0.83875791561760893,9.7936980239566633,8.7538567177843891,4.4543221179522394,4.9141374837872895,5.1732661936369873,5.627222095063706,5.8693522545204848,6.0348821240558479,6.5246967269398031,6.6275425345235366,6.9187457084000918,7.0499122606240938,7.4428015564202337,7.388967727168688,7.6568245975432978,7.8126192111085677,7.8757610437170982,11.004196231021592,11.50087739375906,9.0001373311970703,0.85667943243116862,3.8049678552824533,0,0.045306275322167147,0,1
10,1,1,0,0,1,0,1,0,0,0,1,0,0,1,1,0,1,0,1,0,1,0,1,1,1,1,0,0,0,1,1,0,1,0,0,1,1,1,0,0,0,1,0,0,0,1,0,1,1,1,1,0,0,1,1,1,0,1,0,0,1,1,1,0,0,0,0,0,0,0,1,1,1,1,0,0,1,0,1,1,0,0,0,0,0,1,0,0,0,1,1,1,1,1,1,0,0,1,1,0,1,0,1,0,1,1,0,0,1,0,1,0,0,1,0,1,1,0,0,0,1,0,0,1,1,1,1,1,0,1,0,1,1,0,0,0,1,0,1,0,0,0,1,1,0,1,0,1,0,0,0,1,1,0,0,1,0,1,0,0,0,1,0,1,0,0,0,0,0,1,0,1,1,1,0,1,0,1,0,0,1,0,0,0,0,0,0,1,0,0,1,1,0,1,0,0,1,0,1,0,1,1,0,1,1,0,0,1,0,1,0,0,1,0,0,0,0,1,1,1,0,1,0,1,0,1,0,0,0,1,1,0,0,0,0,0,1,0,1,0,0,1,0,0,0,1,0,0,0,0,1,1,1,0,1,0,0,0,1,1,1,1,1,1,1,1,1,0,0,1,1,1,0,0,1,1,1,1,1,1,1,1,1,1,0,0,1,1,0,1,0,0,0,0,0,0,1,0,0,0,0,1,0,0,0,0,1,1,1,1,0,1,0,1,1,0,1,0,0,0,0,0,1,1,1,1,0,0,0,0,0,1,0,1,1,0,0,1,0,0,0,0,0,0,0,0,0,0,0,1,0,0,0,1,0,0,0,0,0,0,0,0,1,0,1,0,0,1,0,0,1,1,1,0,0,0,0,0,0,1,1,0,0,1,1.5793087663080796,2.6840009155413136,3.6626230258640424,7.2283817807278554,0.14816510261692226,0.21057450217441062,5.8401159685664155,5.5389028763256274,6.2323643854428932,6.373388265812161,6.906324864576181,6.7570611123826962,7.6018310826276041,7.9251087205310142,8.2078278782330063,8.5284504463263904,8.48715953307393,8.9929961089494164,9.5766842145418476,9.5948729686427097,9.8579995422293436,11.002853437094682,11.528953994048981,10.518471046005951,1.9542642103402872,1.6816800068103106,0,0.044708009304109467,0,1
11,1,0,0,0,1,1,1,0,1,1,1,0,0,1,1,0,0,0,1,0,1,0,1,1,1,1,0,0,0,1,0,1,0,0,0,0,1,0,0,1,0,1,1,1,1,0,1,1,0,0,0,1,1,0,1,0,1,1,1,1,0,0,1,1,1,1,1,1,1,0,1,0,1,0,1,1,0,0,1,1,1,0,1,1,1,0,1,0,1,0,1,1,1,1,1,1,0,1,1,1,0,0,0,1,0,1,1,1,0,0,1,1,0,1,0,0,1,1,1,0,1,0,1,0,0,0,0,0,0,1,0,0,1,0,0,1,1,0,0,1,1,0,1,1,0,1,0,0,1,0,0,0,0,0,0,0,0,1,1,1,0,1,0,0,0,1,0,0,0,1,0,0,1,1,0,0,0,1,0,0,0,0,1,1,0,0,0,0,0,0,0,0,0,1,0,0,0,0,0,0,0,0,0,1,0,1,1,0,0,0,1,1,1,1,0,0,1,0,0,1,1,1,0,0,0,0,1,1,1,0,1,1,0,0,0,0,1,0,1,0,0,0,1,1,1,1,0,0,0,1,1,0,0,1,1,0,0,0,1,1,1,0,0,0,0,0,0,0,0,0,1,0,0,0,1,1,0,1,0,0,1,0,0,0,1,0,1,1,0,0,1,1,0,0,1,1,1,0,0,1,1,1,0,1,0,0,1,1,0,0,1,0,0,0,0,0,0,0,0,0,0,0,1,1,0,0,0,0,0,0,0,0,0,0,1,1,0,1,0,0,0,0,0,0,0,0,0,0,0,0,1,0,0,1,0,0,0,0,0,0,0,0,0,0,0,0,0,1,0,0,1,1,0,0,0,0,0,0,0,0,1,0,0,0,1.116411078049897,0.68390936140993364,0.22220187685969328,0.84217593652246892,9.7930876630807955,8.7538567177843891,6.2043488212405578,4.9141374837872895,5.1754634927901115,5.627222095063706,5.8693522545204848,6.2813458457312894,6.5088273441672388,6.6292515449759666,6.9187457084000918,7.5499198901350422,7.4386511024643323,7.388967727168688,7.6614633401998935,7.8126192111085677,7.8770428015564207,11.001510643167773,11.50087739375906,9.0059967956054017,0.78445731793872198,3.8813058509030229,0,0.043872825858193104,0,1
12,1,0,1,1,0,0,1,1,0,1,1,0,0,0,0,1,1,1,0,1,1,1,1,0,1,0,1,0,0,0,0,1,1,0,1,1,0,0,0,1,0,0,1,0,0,1,1,1,0,1,0,0,1,1,1,0,0,0,1,1,0,0,1,0,0,0,0,0,0,0,0,0,0,0,0,0,0,1,0,0,0,1,1,1,0,1,0,1,1,0,0,1,1,1,1,0,0,1,1,0,1,1,1,1,1,1,0,0,0,0,0,1,0,1,0,1,1,0,0,1,0,0,0,1,1,1,0,1,0,1,0,1,0,1,1,0,1,0,0,1,0,0,1,1,0,1,0,1,0,0,1,0,1,0,0,1,1,1,1,0,0,1,0,0,1,1,1,0,0,1,1,1,1,0,1,1,0,1,0,0,1,1,0,0,0,0,0,1,1,1,1,1,0,1,0,0,1,0,1,0,1,1,0,1,1,0,0,1,0,1,0,0,1,0,0,0,0,1,1,1,0,1,0,1,0,1,0,0,0,1,1,0,1,0,0,0,1,0,1,0,0,1,0,0,0,1,0,0,0,0,1,1,1,0,1,0,0,0,1,1,1,1,1,1,1,1,1,0,0,1,1,1,0,0,1,1,1,1,1,1,1,1,1,1,0,0,1,1,0,1,0,0,0,0,0,0,1,0,0,0,0,1,0,0,0,0,1,1,1,1,0,1,0,1,1,0,1,0,0,0,0,0,1,1,1,1,0,0,0,0,0,1,0,1,1,0,0,1,0,0,0,0,0,0,0,0,0,0,0,1,0,0,0,1,0,0,0,0,0,0,0,0,0,0,1,0,0,1,0,0,1,1,1,0,0,0,0,0,0,1,1,0,0,1,1.4014190890363927,3.4786297398336767,4.152071412222476,2.443640802624552,0.00061036087586785687,5.5133897917143511,6.1116350041962306,5.5696650644693673,6.0873426413366909,6.4545662623025866,6.7445181963836127,7.1364614328221556,7.6018310826276041,7.9251087205310142,8.2664225223163204,8.5284504463263904,8.48715953307393,8.9929961089494164,9.5766842145418476,9.5948729686427097,9.8579995422293436,11.002853437094682,11.506492713817044,10.518471046005951,1.7841185269255984,2.2250809403760212,0,0.043254225654445283,0,1
13,1,1,1,0,0,0,1,0,1,0,1,1,0,0,1,1,1,1,1,0,0,1,1,1,0,1,0,0,0,1,1,1,1,0,1,0,0,0,1,1,1,1,1,0,1,1,0,1,0,1,1,0,1,1,1,1,0,1,0,0,1,1,0,1,0,0,0,0,1,1,0,1,0,1,1,1,1,0,0,1,0,0,0,1,0,1,1,1,0,1,0,1,0,0,1,0,0,1,1,0,0,1,1,0,1,0,1,1,0,0,1,0,0,1,0,1,1,0,0,0,1,0,0,1,1,1,0,1,0,1,0,1,1,0,0,0,1,0,1,0,0,0,1,1,0,1,0,1,0,0,0,1,1,0,0,1,0,1,0,0,0,1,0,1,0,0,0,0,0,1,0,1,1,1,0,1,0,1,0,0,1,1,0,0,0,0,0,1,0,1,1,1,0,1,0,0,1,0,1,0,0,1,1,0,0,0,0,1,0,1,0,0,1,0,0,0,0,1,0,1,1,0,1,1,0,1,0,0,0,1,1,0,1,1,1,0,1,1,0,0,0,1,0,0,0,1,0,0,0,0,0,0,0,1,1,1,0,0,1,1,1,1,1,1,1,1,0,0,0,0,1,1,0,0,1,1,1,1,1,1,1,1,1,1,0,0,0,1,0,1,0,0,0,0,0,0,0,0,0,0,0,1,0,0,0,0,1,1,1,1,0,1,0,1,1,0,1,0,0,0,0,0,1,1,1,1,0,0,0,0,0,1,0,1,1,0,0,1,0,0,0,0,0,0,0,0,0,0,0,1,0,0,0,1,0,0,0,0,0,0,0,0,0,0,1,1,0,1,0,0,1,1,1,0,0,0,0,0,0,0,0,0,0,0,1.7711146715495536,3.6137636377508202,3.8420691233691917,3.4782024872205692,0.5262836652170596,1.0931563286793315,5.6162355992980855,5.5384145876249331,6.2323643854428932,6.373388265812161,6.906324864576181,7.1335317006179899,7.5542229343099114,7.9140001525902193,8.3112840466926077,8.5035477225909819,8.4684824902723737,8.9918974593728542,9.5024643320363165,9.5948729686427097,9.8579995422293436,11.002853437094682,11.509300373846036,10.500160219729915,1.9150273308219368,1.8363756747916282,0,0.042001615712708176,0,1
14,0,1,0,0,0,0,0,0,0,0,0,0,0,1,0,0,0,0,0,0,1,1,1,0,0,0,0,0,1,0,1,0,0,0,0,0,1,0,1,0,1,0,1,0,1,1,0,1,0,0,0,0,0,0,0,1,0,1,0,0,0,1,1,1,1,1,1,1,0,1,1,1,1,1,0,1,0,0,1,1,1,1,1,0,1,1,1,1,1,1,1,0,0,1,1,0,1,1,0,1,0,0,0,0,0,1,1,1,1,1,1,1,0,1,0,0,1,1,1,1,0,0,0,0,1,1,1,1,0,1,0,0,1,0,1,0,0,1,0,1,0,0,1,0,0,1,0,0,1,0,0,0,1,0,1,0,1,0,1,0,0,1,0,0,0,1,0,1,0,0,0,1,0,0,1,0,0,1,0,0,0,0,1,0,0,0,1,1,0,1,0,1,0,1,0,0,0,0,0,0,0,0,0,0,1,0,0,0,0,0,1,1,1,1,0,1,1,0,0,1,0,0,0,0,0,0,1,1,1,0,1,1,0,1,1,0,1,1,1,0,0,0,1,1,1,0,0,1,0,1,0,0,0,0,0,0,0,0,1,1,1,0,0,0,0,0,1,0,1,0,0,1,0,0,1,1,0,1,1,0,0,0,0,1,0,0,1,1,0,0,1,1,0,0,1,1,1,1,1,1,1,1,0,0,0,0,1,1,0,0,1,0,1,0,0,0,1,0,0,1,0,0,1,1,0,0,0,1,0,0,0,0,0,1,1,1,0,1,0,0,0,0,0,0,0,0,0,0,0,0,1,1,0,1,0,0,0,0,0,0,0,0,0,0,0,0,0,1,0,0,1,1,0,0,0,0,0,0,0,0,0,0,1,0,0.50012970168612192,0.21936369878690776,0.25021744106202792,0.039917601281757836,9.6807812619211102,11.245410849164568,11.402304112306402,4.9412375066758223,5.2257267109178303,5.6769665064469361,5.9358205539024942,6.2070038910505847,6.5032730601968414,6.7335011825741971,6.9645227740901809,7.1563591973754486,7.4588845654993516,7.604303044174868,7.7165484092469674,7.8962386511024638,8.043671320668345,11.002182040131228,11.50087739375906,9.0016021972991531,0.42546219118472484,4.112126613894195,0,0.041916901051765168,0,1
15,0,0,0,1,0,0,0,0,0,0,0,1,0,1,1,1,0,0,0,0,0,0,0,0,0,0,0,0,0,1,0,0,0,0,0,0,0,0,0,0,0,0,0,0,0,0,1,1,0,0,0,0,0,0,0,0,0,0,0,0,0,0,0,1,1,1,1,1,1,1,1,1,1,1,0,1,0,0,0,1,1,1,1,1,1,1,1,1,1,0,1,0,0,0,1,0,1,1,1,1,1,1,1,1,1,0,0,1,1,0,0,0,0,1,0,0,1,1,1,1,0,0,1,0,0,0,0,0,0,1,0,0,1,0,0,1,1,0,0,1,0,0,0,1,0,1,0,0,1,0,0,0,1,1,1,0,0,1,1,0,0,1,0,0,0,1,0,0,0,1,0,1,1,1,1,0,0,1,0,0,0,0,1,0,0,1,0,1,0,1,0,1,0,1,0,0,0,0,0,0,0,0,0,0,1,0,0,0,0,0,1,1,1,1,0,1,1,0,0,1,0,0,0,0,0,0,1,1,1,0,1,1,0,1,1,0,1,1,1,0,0,0,1,1,1,0,0,1,0,1,1,0,0,0,0,0,0,0,1,1,1,0,0,0,0,0,1,0,1,0,0,1,0,0,1,1,0,1,1,0,0,0,0,1,0,0,1,1,0,0,1,1,0,0,1,1,1,1,1,1,1,1,0,0,0,0,1,1,0,0,1,0,1,0,0,0,1,0,0,1,0,0,1,1,0,0,0,1,0,0,0,0,0,1,1,1,0,1,0,0,0,0,0,0,0,0,0,0,0,0,1,1,0,1,0,0,0,0,0,0,0,0,0,0,0,1,0,1,0,0,1,1,0,0,0,0,0,0,1,0,0,0,0,0,0.12570382238498512,0.00024414435034714275,0.00027466239414053559,0.00012207217517357137,9.9929808499275197,11.982970931563287,13.977996490424964,4.9453879606317237,5.1727168688487062,5.6952773327229718,5.8753948271915766,6.2187228198672475,6.5032730601968414,6.7335011825741971,6.9645227740901809,7.1719844357976656,7.4588845654993516,7.604303044174868,7.7165484092469674,7.8962386511024638,8.043671320668345,11.002182040131228,11.503685053788052,9.0235751888303959,0.21522672519219399,4.1645490492531181,0,0.041367104676122951,0,1
16,0,0,0,0,1,0,0,0,0,0,1,1,0,1,1,1,0,0,0,1,0,1,0,1,1,0,0,0,0,1,1,0,0,0,0,0,1,1,1,0,0,1,1,1,0,0,1,1,0,0,0,0,0,0,1,1,1,1,0,1,1,1,0,1,1,1,1,1,1,1,0,1,1,0,0,1,0,0,0,0,1,1,1,1,1,0,1,0,0,1,1,1,1,1,0,0,1,1,0,0,1,0,0,0,0,1,1,0,0,0,0,1,0,1,0,0,1,1,1,0,1,0,1,0,0,0,0,0,0,1,0,0,1,0,0,0,1,0,0,1,1,0,1,1,0,1,0,0,1,0,0,0,0,0,1,0,0,1,1,1,0,1,0,0,0,1,0,0,0,1,0,0,1,1,0,1,0,1,0,0,0,0,1,1,0,0,0,0,0,0,0,0,0,1,0,0,0,0,0,0,0,0,0,1,1,1,1,0,0,0,1,1,1,1,0,0,0,0,0,1,1,1,0,0,0,0,1,1,1,0,1,1,0,0,0,0,1,0,1,0,0,0,1,1,1,0,0,0,0,1,1,0,0,1,1,0,0,0,1,1,1,0,0,0,0,0,0,1,0,0,1,0,0,0,1,1,0,1,0,0,1,0,0,0,0,0,1,1,0,0,1,1,0,0,1,0,1,0,0,1,1,1,0,1,0,0,1,1,0,0,1,0,0,0,0,0,0,0,0,1,0,0,1,1,0,0,0,0,0,0,0,1,0,0,1,1,0,1,0,0,0,0,0,0,0,0,0,0,0,0,0,1,0,1,0,0,0,0,0,0,0,0,0,0,0,1,0,0,0,0,1,1,0,0,0,0,0,0,0,0,0,0,0,0,0.064179446097505144,0.33630884260318916,0.3386587319752804,0.12072938124666209,9.9049362935835816,11.741634241245135,10.958388647287709,4.9141374837872895,5.1051499198901347,5.6369878690775916,5.8696879530022121,6.2813458457312894,6.5120012207217517,6.5745632104982068,6.9187457084000918,7.0499122606240938,7.4469520103761351,7.3845731288624394,7.5130235751888303,7.8132295719844356,7.8872968642710006,11.000839246204318,11.502983138780804,9.0001373311970703,0.3096545743738025,4.1515063928128795,0,0.041350744364145764,0,1
17,0,0,0,0,1,0,1,0,0,1,1,1,1,1,1,1,1,1,0,0,0,1,0,1,1,0,0,1,0,1,0,0,1,1,1,0,0,1,0,0,1,1,1,0,0,1,0,1,1,1,0,0,0,1,1,0,1,0,0,1,1,0,1,0,0,0,0,0,0,0,0,0,1,1,0,0,1,0,1,1,0,1,0,1,1,1,0,1,0,0,0,0,1,1,0,0,0,1,1,0,1,1,0,1,0,0,0,1,0,0,1,0,0,1,0,1,1,0,0,1,0,0,0,1,1,0,1,0,0,1,0,1,1,0,0,1,0,1,0,1,0,1,1,1,0,1,0,1,0,1,1,1,0,1,0,1,0,1,0,0,0,1,0,1,0,0,0,0,0,1,0,0,1,1,1,0,0,1,0,0,1,1,0,1,0,0,0,1,0,0,1,1,0,1,0,0,1,0,1,0,0,1,1,0,0,0,0,0,0,1,0,0,1,0,0,0,0,1,1,1,1,0,0,1,0,1,0,0,0,1,1,0,1,0,0,0,1,0,1,0,0,1,0,0,0,1,0,0,1,1,1,1,1,1,1,0,0,0,1,1,1,1,1,1,1,1,0,1,0,0,1,1,0,0,1,1,1,1,1,1,1,1,1,1,0,0,0,1,0,1,0,0,0,0,0,0,0,0,0,0,0,1,0,0,0,0,1,1,1,1,0,1,0,1,1,0,1,0,0,0,0,0,1,1,1,1,0,0,0,0,0,1,0,1,1,0,0,1,0,0,0,0,0,0,0,0,0,0,0,1,0,0,0,1,0,0,0,0,0,0,0,0,0,0,1,0,0,1,0,0,1,1,1,0,0,0,0,0,0,1,1,0,0,1,0.082001983672846571,3.0872053101396202,5.3647974364843218,6.206393530174716,0.030975814450293734,4.3616388189517048,5.964873731593805,5.5689326314183258,6.2818036163881894,6.8226138704509047,6.9012893873502712,7.2258182650492095,7.5538261997405973,7.9268177309834442,8.2664225223163204,8.62415503166247,8.4767833981841765,8.9918974593728542,9.5024643320363165,9.5948729686427097,9.8579995422293436,11.002853437094682,11.506492713817044,10.518471046005951,1.7348103283733476,2.3242227298307316,0,0.04129852000832597,0,1
18,1,1,1,0,1,1,1,0,1,1,1,0,0,0,1,0,1,1,1,1,1,0,1,1,0,0,1,1,1,0,1,1,1,0,0,0,1,1,1,1,1,0,0,0,0,0,1,1,0,1,1,1,0,0,1,0,0,1,1,0,1,0,1,0,0,0,0,0,0,0,0,0,0,0,1,0,1,0,1,0,0,0,0,1,0,0,1,1,0,1,1,1,1,1,1,0,0,1,1,0,1,1,1,0,1,1,0,0,0,0,0,1,0,1,0,1,1,0,0,1,0,0,0,1,1,1,0,0,0,1,0,1,1,0,0,1,0,1,1,0,0,0,1,0,0,1,0,1,0,0,0,1,0,0,1,1,0,1,0,0,0,1,0,1,0,0,0,0,0,1,0,1,1,1,0,1,0,1,0,0,1,1,0,0,0,0,0,1,0,1,1,1,0,1,0,0,1,0,1,0,0,1,1,0,0,0,0,1,0,1,0,0,1,0,0,0,0,1,0,1,1,0,1,1,0,1,0,0,0,1,1,0,1,0,1,0,0,1,0,0,0,1,0,0,0,1,0,1,0,0,0,1,0,1,1,1,0,0,1,1,1,1,1,1,1,1,0,0,0,0,1,1,0,0,1,1,1,1,1,1,1,1,1,1,0,0,0,1,0,1,0,0,0,0,0,0,0,0,0,0,0,1,0,0,0,0,1,1,1,0,0,1,0,1,1,0,1,0,0,0,0,0,1,1,1,1,0,0,0,0,0,1,0,1,1,0,0,1,0,0,0,0,0,0,1,0,0,0,0,1,0,0,0,1,0,0,0,0,0,0,0,0,0,0,1,1,0,1,0,0,1,1,1,0,0,0,0,0,1,1,1,0,0,1,1.866300450141146,3.9255359731441213,3.3636072327763791,3.5754940108339057,0.0064087891966124969,0.9137102311741816,6.0569466697184708,5.5694209201190201,6.2848249027237353,6.344090943770504,6.906324864576181,7.1335317006179899,7.5542229343099114,7.9140001525902193,8.2783245593957435,8.6363622491798271,8.4684824902723737,8.9918974593728542,9.5024643320363165,8.9698634317540247,9.8579995422293436,11.088792248416876,11.509300373846036,10.541908903639277,1.9424216493448925,1.7620362710628714,0,0.040809437560918566,0,1
19,1,1,0,0,1,0,0,1,0,0,1,0,0,1,0,0,0,0,0,0,0,0,1,0,1,0,1,0,1,0,1,0,0,0,0,1,0,0,1,1,1,1,0,1,0,0,0,0,1,1,1,1,0,1,1,0,0,1,1,1,0,1,0,0,0,1,1,1,1,1,1,0,1,1,1,0,0,0,0,0,0,1,0,1,0,1,1,0,1,1,1,1,0,1,0,1,0,1,0,1,1,0,0,1,1,1,0,0,1,1,0,1,0,1,0,0,1,1,1,1,0,0,1,0,1,1,1,1,0,1,0,0,1,0,1,1,0,1,1,1,1,1,1,0,0,1,0,0,1,0,1,1,1,0,1,1,0,0,1,1,0,1,0,0,0,1,0,0,0,0,1,0,0,1,1,0,0,1,0,0,0,0,1,0,0,0,0,1,0,0,0,0,0,1,0,0,0,0,0,0,0,0,0,1,1,0,0,1,0,0,1,1,1,1,0,1,0,0,0,1,0,0,1,0,0,0,1,1,1,0,1,1,1,0,0,0,0,1,1,0,0,0,1,1,1,0,0,0,0,1,1,0,0,1,1,0,0,0,1,1,1,0,0,0,0,1,0,0,1,1,0,0,0,0,1,1,0,1,0,0,1,1,1,0,0,1,1,0,0,0,1,1,0,0,1,1,1,1,1,0,0,1,0,0,0,0,1,1,0,0,1,0,1,1,0,0,1,0,0,0,0,0,1,1,0,0,0,1,0,0,0,0,0,1,0,1,0,1,0,0,0,0,0,0,0,0,0,0,0,0,1,1,0,1,0,0,0,0,0,0,0,0,0,0,0,0,0,1,0,0,1,1,0,0,0,0,0,1,0,0,0,0,1,0,1.5714351110093843,0.041626611734187836,0.46436255436026552,7.7017776760509653,4.9561303120469979,4.0761730373083083,4.911055161364156,4.9490501258869308,5.3081254291599906,5.9140917067215995,5.8565957122148466,6.1934538796063183,6.5100175478751812,6.6796673533226523,6.9755092698558023,7.0499122606240938,7.4770428015564203,7.4389562829022653,7.7026321812771803,7.9346913862821387,8.0423895628290225,11.002182040131228,11.50087739375906,9.0484779125658044,1.3572719751168474,3.0412113909178893,0,0.040754054230249859,0,1
20,1,1,1,1,1,1,1,0,1,1,1,0,0,1,1,0,1,1,1,1,1,0,1,0,0,0,0,1,1,1,1,1,1,0,1,0,0,1,1,1,1,0,0,0,0,0,1,1,0,1,1,0,1,0,1,0,0,1,1,0,1,0,1,0,0,0,0,0,0,0,0,0,0,0,1,0,1,0,1,0,0,0,0,0,0,0,0,0,0,1,1,1,1,1,1,0,0,1,1,0,1,1,1,0,1,1,0,0,0,0,0,1,0,1,0,1,1,0,0,1,0,0,0,1,1,1,0,1,0,1,0,1,1,0,0,1,0,1,1,0,0,0,1,0,0,1,0,1,0,1,0,0,0,0,1,1,0,1,1,0,0,1,0,1,0,0,0,0,0,1,0,0,1,1,0,1,0,1,0,0,1,1,1,1,0,0,0,1,0,0,1,1,0,1,0,0,1,0,1,0,1,1,0,1,1,0,0,1,0,1,0,0,1,0,0,0,0,1,1,1,1,1,1,1,0,1,0,0,0,1,1,0,1,0,0,0,1,0,1,0,0,1,0,0,0,1,0,0,0,0,1,1,1,0,1,0,0,0,1,1,1,1,1,1,1,1,1,0,1,1,1,1,0,0,1,1,1,1,1,1,1,1,1,1,1,0,0,1,0,1,0,0,0,0,0,0,0,0,0,0,0,1,1,0,0,0,1,1,1,1,0,1,0,1,1,0,1,0,0,0,0,0,1,1,1,1,0,0,0,0,1,1,0,0,1,0,0,1,0,0,0,0,0,0,0,0,0,0,0,1,0,0,0,1,0,0,0,0,0,0,0,0,0,0,1,1,0,1,0,0,1,1,1,0,0,1,0,0,0,0,0,0,0,0,1.9914244296940566,3.9082017242694742,3.9261158159761962,3.3254901960784315,0.0064087891966124969,0.023071641107804991,6.0569466697184708,5.5696650644693673,6.2848249027237353,6.5790798809796289,6.9009536888685439,7.4133211261158163,7.6018310826276041,7.9293812466620892,8.2664225223163204,8.5284504463263904,8.4913099870298314,8.9962920576791028,9.5036240177004654,9.5948729686427097,9.8759441519798585,11.002853437094682,11.509300373846036,10.687663080796522,1.9876531680172631,1.5956970003320179,0,0.040682161860186264,0,1
21,1,1,0,1,0,1,0,0,1,0,1,1,1,1,1,1,0,1,1,1,0,0,1,0,1,0,0,1,1,1,0,1,1,1,1,1,1,1,1,1,1,1,0,1,1,1,1,1,1,1,1,1,1,1,1,1,1,0,0,1,0,0,1,1,0,0,1,0,0,0,1,1,1,1,0,0,0,0,1,1,0,0,0,0,0,0,0,0,0,0,0,0,1,0,1,1,0,0,0,0,0,0,0,0,1,1,0,1,1,0,1,0,0,1,0,1,1,0,1,0,1,0,0,1,1,1,1,1,0,1,0,1,0,1,0,0,1,0,0,1,0,0,1,1,0,1,0,1,0,0,1,0,1,0,0,1,1,0,0,0,0,1,0,1,0,0,0,0,0,0,0,0,1,1,0,1,0,1,0,0,1,1,0,1,0,0,0,1,0,0,1,1,0,1,0,0,1,0,1,0,0,1,0,1,1,0,0,1,0,1,0,0,1,0,0,0,0,1,1,1,0,1,1,1,0,1,0,0,0,1,1,0,1,0,0,0,1,0,1,0,0,1,0,0,0,1,0,0,1,0,1,1,0,0,1,1,0,0,1,1,1,1,1,1,1,1,0,0,0,0,1,1,0,0,1,1,1,1,1,1,1,1,1,1,0,0,1,1,0,1,0,0,0,0,0,0,1,0,0,0,0,1,0,0,0,0,1,1,1,1,0,1,0,1,1,0,1,0,0,0,0,0,1,1,1,1,0,0,0,0,0,1,0,1,1,0,0,1,0,0,0,0,0,0,0,0,0,0,0,1,0,0,0,1,0,0,0,0,0,0,0,0,0,0,1,0,0,1,0,0,1,1,1,0,0,0,0,0,0,1,1,0,0,1,1.6621042191195545,1.7908598458838789,5.9970702677958343,7.9868162050812543,1.3969634546425573,0.0020141908903639275,0.04657053482871748,5.6639047837033649,5.9467154955367363,6.452735179674983,6.8794689860379954,7.2258182650492095,7.5510490577553986,7.9259632257572292,8.2664225223163204,8.5875333791103987,8.4684824902723737,8.9929961089494164,9.5766842145418476,9.5948729686427097,9.8579995422293436,11.002853437094682,11.506492713817044,10.518471046005951,2.0796509311417211,1.2808491170123064,0,0.039569848789907706,0,1
22,1,0,1,1,0,0,0,1,0,1,1,0,0,0,0,1,1,1,0,1,1,0,1,0,1,0,1,1,0,0,0,1,1,0,1,1,0,0,1,1,1,1,1,0,1,0,0,0,1,1,0,1,1,1,0,1,1,1,0,0,0,0,1,0,0,1,0,0,1,1,0,0,1,0,0,0,0,1,0,1,0,0,0,0,0,0,0,0,0,1,0,0,0,0,1,1,0,0,0,0,1,1,1,1,0,1,0,1,1,0,1,0,0,1,0,1,1,0,0,0,1,0,0,1,1,1,1,1,0,1,0,1,1,0,0,0,1,0,0,1,1,0,1,1,0,1,0,1,0,1,0,0,0,1,1,1,0,1,1,0,0,1,0,1,0,0,0,0,0,1,0,0,1,1,0,1,0,1,0,0,1,1,0,1,0,0,0,1,0,0,1,1,0,1,0,0,1,0,1,0,0,1,0,1,1,0,1,1,0,1,0,0,1,0,0,0,0,1,1,1,1,1,1,1,0,1,0,0,0,1,1,0,1,1,1,0,1,1,0,1,0,1,0,0,0,1,0,0,1,0,1,1,0,1,1,1,0,0,1,1,1,1,1,1,1,1,1,0,1,0,1,1,0,0,1,1,1,1,1,1,1,1,1,1,0,1,0,1,0,1,0,0,0,0,0,0,0,0,0,0,1,1,1,1,0,0,1,1,1,1,1,0,0,1,1,0,0,1,1,0,0,0,1,1,1,1,0,0,1,1,1,1,1,1,1,1,0,1,0,0,0,0,0,0,0,0,0,0,0,1,0,1,0,1,0,0,0,0,0,0,0,0,0,1,1,1,0,1,0,0,1,1,1,0,0,1,0,0,0,1,1,0,0,1,1.3857938506141756,3.4171053635461965,4.2166170748455016,6.9300373846036472,2.9890897993438621,0.012268253604943925,0.83955138475623714,5.5389028763256274,6.2301670862897689,6.5986114290074003,6.9009536888685439,7.2258182650492095,7.5518425268940268,7.9293812466620892,8.3117418173495086,8.5894865339131758,8.4892347600518807,8.9940947585259785,9.5088426031891355,9.7499046311131448,10.007324330510414,11.003524834058137,11.520531013962005,10.705973907072558,2.0400028461722854,1.5198251277699133,0,0.039245065296440951,0,1
23,1,1,0,1,1,1,0,1,0,1,0,0,1,0,0,1,0,0,1,1,1,1,1,0,1,0,1,1,1,1,0,0,0,1,0,1,0,1,0,1,0,1,1,0,0,1,0,0,0,0,1,1,0,0,1,0,1,0,1,0,0,0,1,1,1,1,0,0,0,1,1,0,1,1,1,0,1,0,1,1,0,1,0,1,0,1,0,0,1,0,1,1,0,0,1,1,0,1,0,1,0,0,0,1,1,1,0,0,1,1,0,1,0,1,0,0,1,1,1,1,0,1,1,1,1,0,0,0,0,1,0,0,1,1,1,0,0,0,0,1,0,0,0,1,0,1,0,0,1,0,0,0,1,0,1,0,0,1,0,0,0,1,0,0,0,1,0,1,0,0,0,1,1,0,0,1,0,1,0,0,0,0,1,0,0,1,0,1,0,0,0,0,0,1,0,0,0,0,0,0,1,0,0,1,1,1,1,0,0,0,1,1,1,1,1,0,0,0,0,0,0,1,0,0,0,0,1,1,1,0,1,1,1,0,0,0,1,0,0,0,0,0,1,1,1,0,0,1,1,1,0,0,0,1,1,0,0,0,1,1,1,0,0,0,0,0,0,0,1,0,0,1,0,0,1,1,0,1,1,0,0,1,0,1,0,0,1,1,0,0,1,1,0,0,1,1,1,1,1,0,0,1,0,0,0,0,1,1,0,0,1,0,1,1,0,0,1,0,0,0,0,0,1,1,0,0,0,1,0,0,0,0,0,1,0,1,0,1,0,0,0,0,0,0,0,0,0,0,0,0,0,1,0,1,0,0,0,0,0,0,0,0,0,0,0,0,0,1,0,0,1,1,0,0,0,0,0,0,0,0,0,0,0,0,1.7288166628519113,0.98023956664377809,2.0013733119707027,1.5824216067750057,7.7703517204547188,3.9703364614328223,4.4735484855420768,4.9668726634622722,5.4891279468986038,5.6751354238193326,5.9381704432745854,6.2168917372396439,6.5627832455939572,6.7830624856946669,6.9764248111696041,7.2217898832684826,7.442282749675746,7.6394598306248565,7.7026321812771803,7.9346913862821387,8.0423895628290225,11.000839246204318,11.50087739375906,9.0001373311970703,1.2533535337291988,3.2499425691853316,0,0.039207569261403508,0,1
24,1,1,1,1,0,1,1,0,0,1,0,0,1,0,1,1,0,0,1,1,0,1,1,1,1,0,1,1,0,1,0,1,0,1,0,1,1,0,1,1,0,1,1,0,0,1,0,0,1,0,0,1,1,1,0,1,0,0,1,0,0,0,0,1,0,1,0,0,1,1,1,1,0,1,1,0,1,0,1,0,0,1,0,1,0,1,1,1,1,1,1,1,0,0,1,1,0,1,0,1,0,0,0,1,1,1,0,0,1,0,0,1,0,1,0,0,1,0,1,1,0,0,0,0,0,1,0,1,0,1,0,0,1,0,1,0,1,1,0,0,1,1,0,1,0,1,0,0,1,0,0,0,1,0,1,0,1,0,0,1,0,1,0,0,0,1,0,1,0,0,0,1,1,1,1,0,0,1,0,0,0,0,1,0,1,1,1,1,1,1,0,0,0,1,0,0,0,0,0,0,0,1,0,1,1,1,1,0,0,0,1,1,1,1,1,0,0,0,0,0,0,1,0,1,0,0,1,1,1,0,1,1,1,0,0,1,1,0,0,0,0,0,1,1,1,0,0,1,0,1,0,0,0,1,1,0,0,0,1,1,1,0,0,0,0,0,0,0,1,0,0,1,0,0,1,1,0,1,1,0,0,1,0,1,0,0,1,1,0,0,1,1,0,0,1,1,1,1,1,0,1,1,0,0,0,0,1,1,0,0,1,0,1,0,0,0,1,0,0,0,0,0,1,1,0,0,0,1,0,0,1,0,0,0,1,1,0,1,0,0,0,0,0,0,0,0,0,0,0,0,0,1,0,1,0,0,0,1,0,0,0,0,0,0,0,1,0,1,0,0,1,1,0,0,0,0,0,0,0,0,0,0,0,0,1.9241931792172122,0.8704356450751507,2.1420004577706568,4.9103532463569088,3.1021591515983826,4.1226825360494388,4.4726939803158619,4.6887922484168767,5.259510185397116,5.6766613260090022,5.939848935683222,6.2798809796292065,6.5373922331578544,6.7834897383077744,6.9837491416800184,7.1592889295796143,7.442282749675746,7.6394598306248565,7.707270923933776,7.895628290226596,8.0616159304188599,11.000839246204318,12.22244602121004,9.0001373311970703,1.562774036790471,2.7239196222084163,0,0.038866485601632139,0,1
25,1,1,1,0,1,1,1,0,1,0,1,1,1,1,1,0,0,0,1,0,1,0,0,1,0,0,0,0,0,1,1,1,0,1,1,0,0,0,1,1,0,0,1,0,0,1,0,0,0,0,1,1,0,0,1,0,0,1,1,0,0,0,1,0,1,1,0,0,1,0,1,0,1,1,1,0,1,0,1,1,0,1,0,1,0,0,1,0,1,1,1,0,1,1,1,0,0,1,0,1,0,0,1,0,1,1,0,0,1,1,0,1,0,1,0,0,1,1,1,0,0,0,0,0,1,1,1,1,0,1,0,0,1,0,1,0,1,1,0,0,1,1,0,1,0,1,0,0,1,0,0,0,1,0,1,1,1,0,1,1,0,1,0,0,0,1,0,1,1,1,0,0,1,1,1,0,0,1,0,0,0,0,1,0,1,0,0,1,0,0,1,0,0,1,0,0,0,0,0,0,0,1,0,1,1,1,1,0,0,0,1,1,1,1,1,0,0,0,0,0,1,1,1,0,0,0,1,1,1,0,1,1,1,0,1,0,1,0,0,0,0,0,1,1,1,0,0,1,1,1,0,0,0,0,1,0,0,0,1,1,1,0,0,0,0,0,0,0,1,0,0,1,0,0,1,1,0,1,1,0,0,0,0,1,0,0,1,1,0,0,1,1,0,0,1,1,1,1,1,1,0,1,1,1,0,0,1,1,0,0,1,0,1,0,0,1,1,1,0,0,0,0,1,1,0,0,0,1,0,0,1,0,0,0,1,1,0,1,0,0,0,0,0,0,0,0,1,1,0,0,0,1,0,1,0,0,0,0,0,0,0,0,0,1,0,1,0,0,0,0,1,1,0,0,0,0,0,0,0,0,0,0,0,0,1.8652018005645838,0.64106202792401012,2.3236438544289313,1.5744869153887235,7.9266041046768896,3.8873884184023808,4.5282368200198366,4.878736552986954,5.259510185397116,5.6821545738918129,5.9989318684672304,6.241062027924011,6.5373922331578544,6.7873350118257418,6.9910734721904326,7.2198367284657055,7.442282749675746,7.604303044174868,7.7136491950865951,7.9078355077439531,8.0616159304188599,11.033066300450141,11.514213778896773,9.0001373311970703,1.2777127207096541,3.2173444822468076,0,0.038714545692044376,0,1
26,1,1,1,1,0,1,1,1,1,1,0,0,0,1,0,0,1,1,1,1,1,0,1,0,0,0,0,1,1,1,1,1,1,0,1,0,1,1,1,1,0,0,0,0,0,0,1,1,0,1,1,0,0,0,1,0,0,1,1,0,1,0,1,0,0,0,0,0,0,0,0,0,0,0,1,0,1,0,1,0,0,0,0,0,0,0,0,0,0,1,1,1,1,1,1,0,0,1,1,0,1,1,1,0,1,1,0,0,0,1,0,1,0,1,0,1,1,0,0,1,0,0,0,1,1,1,0,1,0,1,0,1,1,0,0,0,0,0,0,0,0,0,1,1,0,1,0,1,0,0,1,1,1,0,0,1,0,1,0,0,0,1,0,1,0,0,0,0,0,0,0,0,1,1,0,1,0,1,0,0,1,1,0,1,0,0,0,1,0,0,1,1,0,1,0,0,1,0,1,0,1,1,0,1,0,0,1,1,0,1,0,0,1,0,0,0,0,1,1,1,1,1,1,1,0,1,0,0,0,1,1,0,1,0,0,0,1,0,1,0,0,1,0,0,0,1,0,0,1,1,1,1,1,1,1,0,0,0,1,1,1,1,1,1,1,1,0,0,0,0,1,1,0,0,1,1,1,1,1,1,1,1,1,1,0,0,0,1,0,1,0,0,0,0,0,0,0,0,0,0,0,1,0,0,0,0,1,1,1,1,0,1,0,1,1,0,1,0,0,0,0,0,1,1,1,1,0,0,0,0,0,1,0,1,1,0,0,1,0,0,0,0,0,0,0,0,0,0,0,1,0,0,0,1,0,0,0,0,0,0,0,0,0,0,1,0,0,1,0,0,1,1,1,0,0,0,0,0,0,1,1,0,0,1,1.9356984817273213,3.9082017242694742,4.1018997482261383,3.0754863813229574,0.0064087891966124969,0.023071641107804991,6.0578011749446858,5.5696650644693673,6.1884184023804076,6.5296406500343327,6.8794689860379954,7.2258182650492095,7.5994506752117195,7.9293812466620892,8.2664225223163204,8.62415503166247,8.4684824902723737,8.9918974593728542,9.5024643320363165,9.5948729686427097,9.8579995422293436,11.002853437094682,11.506492713817044,10.518471046005951,1.9608700237621253,1.6211012255914985,0,0.038092196906851242,0,1
27,0,0,1,0,1,0,0,0,0,0,1,1,0,1,1,1,0,0,0,0,0,1,0,1,1,0,0,0,0,1,1,0,0,0,0,0,1,1,1,0,0,1,1,1,0,0,1,1,0,0,0,0,0,0,1,1,1,1,0,1,1,1,0,1,1,1,1,1,1,1,0,1,1,0,0,1,0,0,0,0,1,1,1,1,1,0,1,0,0,1,1,1,1,1,0,0,1,1,0,1,1,0,0,0,0,1,1,0,0,0,1,1,0,1,0,1,0,0,1,1,0,1,1,1,1,0,0,0,0,1,0,0,1,1,1,0,0,0,0,1,0,0,0,1,0,1,0,0,1,0,0,0,1,0,1,0,0,1,0,0,0,1,0,0,0,1,0,1,0,0,0,1,1,0,0,1,0,1,0,0,0,0,1,0,0,1,0,1,0,0,0,0,0,1,0,0,0,0,0,0,1,0,0,1,1,1,1,0,0,0,1,1,1,1,1,0,0,1,0,0,0,1,0,1,0,0,1,1,1,0,1,1,1,0,0,1,1,0,0,0,0,0,1,1,1,0,0,1,1,1,0,0,0,1,1,0,0,0,1,1,1,0,0,0,0,0,0,0,1,0,0,1,0,0,1,1,0,1,1,0,0,1,0,1,0,0,1,1,0,0,1,1,0,0,1,1,1,1,1,0,0,1,0,0,0,0,1,1,0,0,1,0,1,1,0,0,1,0,0,0,0,0,1,1,0,0,0,1,0,0,0,0,0,1,0,1,0,1,0,0,0,0,0,0,0,0,0,0,0,0,0,1,0,1,0,0,0,0,0,0,0,0,0,0,0,0,0,1,0,0,1,1,0,0,0,0,0,0,0,0,0,0,0,0,0.31418326085297932,0.08630502784771496,0.3386587319752804,0.12072938124666209,9.9049362935835816,11.741634241245135,11.833829251544977,5.2168764782177464,5.4891279468986038,5.6751354238193326,5.9381704432745854,6.2168917372396439,6.5627832455939572,6.8108339055466542,6.9837491416800184,7.2217898832684826,7.442282749675746,7.6394598306248565,7.7026321812771803,7.9346913862821387,8.0423895628290225,11.000839246204318,11.50087739375906,9.0001373311970703,0.35216230239213631,4.1366777587730406,0,0.037096382369150915,0,1
28,1,1,0,1,0,1,0,0,1,0,1,1,1,1,1,1,1,1,1,1,0,1,0,1,1,0,0,1,0,0,1,0,1,1,1,1,1,1,1,1,1,1,1,0,0,0,0,0,1,0,0,0,1,1,1,0,1,1,0,0,1,0,1,1,0,0,0,0,0,0,0,0,0,0,0,1,0,1,0,1,0,0,0,1,0,0,0,0,0,0,0,0,1,0,1,1,0,0,0,0,1,0,1,0,1,0,0,1,0,0,0,1,0,1,0,1,1,0,0,1,0,0,0,1,1,1,1,1,0,1,0,1,0,1,1,0,1,0,0,1,0,0,1,1,0,1,0,1,0,0,1,0,1,0,0,1,1,1,1,0,0,1,0,0,1,1,1,0,0,1,1,1,1,0,1,1,0,1,0,0,1,1,0,0,0,0,0,1,1,1,1,0,0,1,0,0,1,0,1,0,1,1,0,1,1,0,0,1,0,1,0,0,1,0,0,0,0,1,1,1,0,1,0,1,0,1,0,0,0,1,1,0,1,0,0,0,1,0,1,0,0,1,0,0,0,1,0,0,0,0,1,1,1,0,1,0,0,0,1,1,1,1,1,1,1,1,1,0,0,1,1,1,0,0,1,1,1,1,1,1,1,1,1,1,0,0,1,1,0,1,0,0,0,0,0,0,1,0,0,0,0,1,0,0,0,0,1,1,1,1,0,1,0,1,1,0,1,0,0,0,0,0,1,1,1,1,0,0,0,0,0,1,0,1,1,0,0,1,0,0,0,0,0,0,0,0,0,0,0,1,0,0,0,1,0,0,0,0,0,0,0,0,0,0,1,0,0,1,0,0,1,1,1,0,0,0,0,0,0,1,1,0,0,1,1.6621042191195545,3.8370946822308691,5.9971618219272145,4.4623483634699017,0.0032043945983062485,0.75202563515678644,0.57785915922789344,5.5701533531700615,6.0873426413366909,6.4545662623025866,6.7445181963836127,7.1360952162966349,7.6018310826276041,7.9251087205310142,8.2664225223163204,8.5284504463263904,8.48715953307393,8.9929961089494164,9.5766842145418476,9.5948729686427097,9.8579995422293436,11.002853437094682,11.506492713817044,10.518471046005951,2.0932981382758751,1.1721108083989182,0,0.036871625857002238,0,1
29,1,1,1,1,1,1,1,1,1,1,1,0,1,0,0,0,1,0,0,1,0,1,0,1,0,0,0,1,1,1,0,1,1,1,1,0,1,1,1,1,1,1,1,0,0,0,0,0,1,1,0,1,1,1,1,1,1,1,0,0,0,0,1,0,0,0,0,0,1,1,0,0,1,1,0,0,0,1,0,1,0,0,0,0,0,0,0,0,0,1,1,1,0,0,1,1,0,0,0,0,0,0,0,0,0,0,0,0,0,0,1,1,0,1,0,1,1,0,0,1,0,0,0,1,1,0,1,0,0,1,0,1,1,0,0,1,0,1,0,1,0,1,1,1,0,1,0,1,0,0,1,0,0,1,0,1,0,1,0,0,0,1,0,1,0,0,0,0,0,1,0,0,1,1,1,1,0,1,0,0,1,1,0,1,0,0,0,1,0,0,1,1,0,1,0,0,1,0,1,0,0,1,1,0,0,0,0,1,0,1,0,0,1,0,0,0,0,1,1,1,1,0,0,1,0,1,0,0,0,1,1,0,1,0,0,0,1,0,1,0,0,1,0,0,0,1,0,0,0,0,1,1,1,1,1,0,0,0,1,1,1,1,1,1,1,1,1,0,0,0,1,1,0,0,1,1,1,1,1,1,1,1,1,1,1,0,0,1,0,1,0,0,0,0,0,0,0,0,0,0,0,1,1,0,0,0,1,1,1,1,0,1,0,1,1,0,1,0,0,0,0,0,1,1,1,1,0,0,0,0,0,1,0,0,1,0,0,1,0,0,0,0,0,0,0,0,0,0,0,1,0,0,0,1,0,0,0,0,0,0,0,0,0,0,1,1,0,1,0,0,1,1,1,0,0,1,0,0,0,0,0,0,0,0,1.999298084992752,2.3299305714503702,5.6221560997940028,6.9925383382925155,0.49881742580300603,0.021057450217441064,0.00064087891966124971,5.5689326314183258,6.2818036163881894,6.4319829098954759,6.9016250858319985,7.2258182650492095,7.5542229343099114,7.9268177309834442,8.2664225223163204,8.5304036011291675,8.4850843060959793,8.9962920576791028,9.5036240177004654,9.5948729686427097,9.8554360265506986,11.002853437094682,11.509300373846036,10.687663080796522,2.1023076522411004,1.1029431225162516,0,0.036854110507824292,0,1
30,0,0,1,0,0,0,1,0,0,0,1,1,1,1,0,1,1,1,0,0,0,1,0,1,1,0,1,0,0,1,1,0,0,1,0,1,0,1,1,1,0,1,1,0,0,1,0,0,0,0,1,0,0,0,1,0,0,0,1,0,1,0,1,1,1,1,1,1,1,0,1,0,1,1,0,1,1,0,1,1,0,1,0,1,0,1,1,0,1,0,1,1,0,0,1,1,0,1,0,1,0,0,0,1,0,1,1,1,0,1,1,1,0,1,0,0,1,1,0,1,1,1,0,1,1,1,0,1,0,1,0,0,1,0,0,0,0,1,1,1,0,1,1,1,0,1,0,0,1,0,0,0,0,0,1,1,0,1,1,1,0,1,0,0,0,1,0,0,0,0,0,0,0,1,1,0,0,1,0,0,0,0,1,0,1,0,0,1,0,0,0,0,0,1,0,0,0,0,0,0,0,0,0,1,0,0,0,0,0,0,1,1,1,1,0,0,0,1,0,0,1,1,0,1,0,0,1,1,1,0,1,1,1,1,0,0,0,1,1,0,0,0,1,1,1,0,0,0,1,1,1,0,0,1,1,0,0,0,1,1,1,0,0,0,0,0,0,0,1,1,0,0,0,0,1,1,0,1,0,0,1,1,0,0,1,1,1,1,0,0,1,1,0,0,1,1,0,0,0,0,1,1,0,0,0,0,1,1,0,0,1,0,0,0,0,0,0,0,0,1,0,0,1,1,0,0,0,0,0,0,0,1,0,0,1,1,0,1,0,0,0,0,0,0,0,0,0,0,0,0,0,1,0,1,0,0,0,0,0,0,0,0,0,0,0,1,0,0,0,0,1,1,0,0,0,0,0,0,0,0,0,0,0,0,0.26749065384908827,3.0883039597161823,2.0482490272373539,1.0677653162432288,9.799191271839474,4.0640878919661247,4.4551766231784544,4.866529335469596,5.0952620737010754,5.6418707560845345,5.8458533607995724,6.2403295948729696,6.5064469367513542,6.5954985885404742,7.0048065918974594,7.1124132143129621,7.443839169909209,7.4263218127718007,7.5773861295490965,7.8132295719844356,7.8872968642710006,11.000839246204318,11.502983138780804,9.0001373311970703,1.1007582523824506,3.4950675168868699,0,0.036754386937414327,0,1
31,1,1,1,0,0,0,0,0,0,0,1,1,1,1,1,0,0,0,1,0,1,1,1,1,1,1,0,0,0,1,0,1,0,0,0,0,0,0,1,0,0,0,0,0,1,0,1,0,0,0,0,1,0,1,0,0,1,1,1,1,1,1,1,1,1,1,1,1,1,0,0,0,1,0,1,1,0,1,1,1,1,0,0,1,1,1,1,1,1,0,0,1,0,0,1,0,0,1,0,1,0,0,0,1,1,1,0,0,0,0,1,0,0,1,0,1,0,0,0,1,1,1,1,1,1,0,0,1,0,1,0,0,1,0,0,1,1,1,0,1,0,0,1,1,0,1,0,0,1,0,1,0,0,0,1,1,0,0,0,1,0,1,0,0,0,1,1,1,1,0,0,1,0,1,1,0,0,1,0,0,0,0,1,0,1,1,0,1,0,0,0,0,0,1,0,0,0,0,0,0,0,0,0,1,1,1,1,0,0,0,1,1,1,1,1,0,0,0,0,0,0,1,0,1,0,0,1,1,1,0,1,1,1,0,0,1,1,0,0,0,0,0,1,1,1,0,0,1,1,0,1,0,1,1,1,0,0,0,1,1,1,0,0,0,0,0,1,0,1,0,0,0,0,0,1,1,0,1,1,0,0,1,0,1,0,0,1,1,0,0,1,1,0,0,1,1,1,1,1,0,0,1,0,0,0,0,1,1,0,0,1,0,1,1,0,0,1,1,0,0,0,0,1,1,0,0,0,1,0,0,0,0,0,1,0,1,0,1,0,0,0,0,0,0,0,0,0,0,0,0,0,1,0,1,0,0,0,0,0,0,0,0,0,0,0,0,0,1,0,0,1,1,0,0,0,0,0,1,0,0,0,0,0,0,1.7519188220035096,0.74641031509880218,0.04779125658045319,0.65613794155794614,9.7155718318455779,7.479972533760586,4.4711985961699856,5.1233691920347901,5.1908445868619815,5.7962920576791035,6.1520103761348901,6.2637674525062952,6.5120012207217517,6.7834897383077744,6.9837491416800184,7.2100709544518198,7.458365758754864,7.6394598306248565,7.7026321812771803,7.9371328297856101,8.0423895628290225,11.000839246204318,11.50087739375906,9.0470130464637215,0.96430053454825304,3.686931531675635,0,0.036502574720647718,0,1
32,1,0,1,1,0,0,0,1,0,1,1,0,0,0,0,0,0,0,1,0,0,1,1,1,1,1,1,1,1,1,0,1,0,0,0,0,0,0,0,1,0,1,0,0,1,1,1,1,0,0,1,1,1,0,0,1,1,0,0,1,0,1,1,0,1,1,1,1,1,1,1,0,1,1,1,0,1,0,0,1,0,1,0,1,0,1,1,0,1,1,0,1,0,0,0,1,0,1,1,1,0,0,1,1,0,1,1,1,1,1,0,1,0,1,1,0,1,1,1,1,1,1,0,0,0,0,1,0,0,1,0,0,1,0,0,1,1,0,0,1,0,0,1,1,0,1,0,0,1,0,0,0,0,0,1,1,0,1,1,1,0,1,0,0,0,1,1,1,0,1,0,1,0,1,1,0,0,1,0,0,0,1,1,0,0,0,0,1,0,0,0,0,0,1,0,0,0,0,0,0,1,0,0,1,1,1,1,0,0,0,1,1,1,1,0,1,0,0,1,1,0,1,0,1,0,0,1,1,1,0,0,1,1,0,0,0,1,0,1,0,0,0,1,1,1,0,0,0,1,1,1,0,0,1,0,0,0,0,1,1,1,0,0,0,0,1,1,0,1,1,0,0,0,0,1,1,0,1,0,0,1,1,0,0,0,1,1,1,0,0,1,1,0,0,1,1,1,0,0,1,1,0,0,0,0,0,1,1,0,0,1,0,0,0,0,0,1,1,0,0,0,0,1,1,0,0,0,0,0,0,0,0,0,1,1,0,0,1,0,0,0,0,0,0,0,0,0,0,0,0,0,1,0,1,0,0,0,0,0,0,0,0,0,0,0,0,0,1,0,0,1,1,0,0,0,0,0,0,0,0,0,0,0,0,1.3857633325703822,0.62482642862592508,0.03067063401235981,1.7995880064087892,9.9575799191271841,4.0695811398489354,6.3158617532616157,6.9849698634317541,5.1732661936369873,5.6418707560845345,6.1305256733043416,6.5684596017395291,6.5627832455939572,6.6946211947814147,6.7429617761501488,7.1114366369115736,7.493644617380026,7.4219272144655521,7.6585641260395212,7.819943541618982,7.8789654383154044,11.000839246204318,11.50087739375906,9.0001373311970703,0.92272752918835443,3.7464716273429168,0,0.036460534784578377,0,1
33,1,1,1,0,1,1,1,1,1,1,1,1,0,0,1,0,1,1,1,1,0,0,1,1,1,0,0,1,1,1,0,0,1,1,1,1,0,1,1,1,1,1,1,1,0,1,0,1,1,1,0,1,1,1,1,1,1,0,0,0,0,1,1,1,0,0,0,0,1,1,0,0,1,0,0,0,1,0,0,0,0,0,0,0,1,0,1,1,0,0,0,0,0,0,1,1,0,0,0,0,1,0,0,0,0,1,0,0,1,1,0,0,0,0,0,0,1,1,0,0,0,1,0,0,1,1,0,1,0,1,0,1,1,0,0,0,0,0,1,0,0,1,1,1,0,1,0,1,0,1,0,0,1,0,1,1,1,1,0,1,0,1,0,1,0,0,0,1,0,0,0,0,1,0,1,1,0,1,0,0,1,1,1,1,0,0,1,0,1,0,1,0,0,1,0,0,1,1,0,1,0,1,0,0,0,1,0,1,0,1,0,0,1,0,1,1,1,1,1,1,0,1,1,1,0,1,0,0,0,1,1,1,1,1,0,0,0,0,0,0,0,1,0,0,0,1,1,0,1,0,1,0,1,0,1,1,0,0,1,1,1,1,1,1,1,0,0,1,1,0,0,0,0,0,1,1,1,1,1,1,1,1,1,0,1,0,0,1,0,1,0,0,0,0,0,1,1,0,0,1,0,1,1,0,0,0,1,1,1,1,1,1,1,1,1,0,0,1,1,0,0,0,1,1,1,1,1,0,1,0,1,0,1,1,0,1,0,1,0,0,0,0,0,0,0,1,0,0,1,0,1,1,0,1,0,0,0,0,0,0,0,1,1,0,1,1,0,0,0,0,1,1,1,0,1,1,1,0,0,0,0,0,0,0,1.8746013580529488,3.8064545662623024,5.8115815976195924,6.9853360799572748,0.48950942244602119,0.5161821927214465,0.45374227512016485,0.76881055924315256,6.1983062485694669,6.6202792401007091,6.9647364003967347,7.4217441062027927,7.8478065156023495,8.3087815671015495,8.4083314259555966,8.8336308842603195,8.4461738002594036,8.9875028610666057,9.7355611505302502,9.9842832074464027,10.282902265964751,11.050522621499962,11.5759822995346,11.156420233463034,2.1988914586442792,0.63232807297585814,0,0.036106280724907507,0,1
34,0,0,1,0,1,0,1,0,0,1,1,0,1,1,1,0,1,1,0,0,0,0,0,1,1,0,0,0,0,1,0,0,1,1,1,1,0,1,1,0,1,0,1,0,0,0,0,0,1,1,0,0,1,0,0,1,1,0,1,1,1,0,0,0,0,0,0,0,1,0,0,0,1,0,1,0,1,1,1,1,0,1,0,0,0,1,0,0,0,0,1,1,1,1,1,0,0,1,1,0,1,1,1,1,0,1,0,0,0,0,1,0,0,1,0,1,1,0,0,0,0,0,0,1,1,1,0,1,0,1,0,1,1,0,0,0,1,0,0,1,0,0,1,1,0,1,0,1,0,0,1,0,1,1,0,1,1,1,1,0,0,1,0,0,1,1,1,0,0,1,1,1,1,0,1,1,0,1,0,0,1,1,0,0,0,0,0,0,1,1,1,1,0,1,0,0,1,0,1,0,1,1,0,1,1,0,0,1,0,1,0,0,1,0,0,0,0,1,1,1,0,0,1,1,0,1,0,0,0,1,1,0,1,0,0,0,1,0,1,0,0,1,0,0,0,1,0,0,0,0,1,1,1,0,1,0,0,0,1,1,1,1,1,1,1,1,1,0,0,1,1,1,0,0,1,1,1,1,1,1,1,1,1,1,0,0,1,1,0,1,0,0,0,0,0,0,0,1,0,1,0,0,1,0,0,0,1,1,1,1,0,1,0,1,1,0,1,0,0,0,0,0,1,1,1,1,0,0,0,0,0,1,0,0,1,0,0,1,0,0,0,0,0,0,0,0,0,0,0,1,0,0,0,1,0,0,0,0,0,0,0,0,0,0,1,0,0,1,0,0,1,1,1,0,0,0,0,0,0,1,1,0,0,1,0.33148699168383305,3.0237277790493629,5.7803616388189516,6.3038071259632256,0.33920805676356142,3.198901350423438,6.0845044632639045,5.5071641107804989,6.2279697871366446,6.4740978103303579,6.7445181963836127,7.1306019684138242,7.6018310826276041,7.9242542153047992,8.2664225223163204,8.5284504463263904,8.48715953307393,8.9929961089494164,9.5476920729381245,9.5948729686427097,9.8554360265506986,11.002853437094682,11.506492713817044,10.518471046005951,1.8512509597052516,2.1080179039621258,0,0.035913785212012952,0,1
35,1,1,0,0,1,1,0,1,1,1,1,1,0,1,0,1,0,0,1,0,0,0,1,1,1,1,1,1,1,0,0,1,0,1,0,1,1,1,0,1,1,0,1,0,1,0,0,1,1,0,1,0,1,1,1,0,1,0,1,0,0,0,0,1,0,1,1,1,0,1,0,0,0,0,0,0,1,0,0,1,0,1,0,1,0,1,1,1,1,0,0,0,0,1,1,0,0,1,0,1,0,0,1,0,1,1,1,0,1,1,0,1,0,1,0,0,1,1,1,1,1,0,1,0,1,1,1,1,0,1,0,0,1,0,1,1,1,1,0,0,1,1,1,0,0,1,0,0,1,0,0,0,0,0,1,1,0,0,0,0,0,1,0,0,0,1,0,0,1,1,0,1,0,1,1,0,0,1,0,0,0,0,1,1,1,0,0,1,0,0,1,0,0,1,0,0,0,0,0,0,0,1,0,1,1,1,1,0,0,0,1,1,1,1,1,0,0,0,0,0,0,1,0,1,0,0,1,1,1,0,1,1,1,0,0,1,1,0,0,0,0,0,1,1,1,0,0,1,0,1,0,1,0,1,1,0,0,0,1,1,1,0,0,0,0,0,0,0,1,0,0,1,0,0,1,1,0,1,1,0,0,1,0,1,0,0,1,1,0,0,1,1,0,0,1,1,1,1,1,0,1,1,0,0,0,0,1,1,0,0,1,0,1,0,0,0,1,0,0,0,0,0,1,1,0,0,0,1,0,0,1,0,0,0,1,0,0,1,0,0,0,0,0,0,0,0,0,0,0,0,0,1,0,1,0,0,0,1,0,0,0,0,0,0,0,1,0,1,0,0,1,1,0,0,0,0,0,0,0,0,0,0,0,0,1.6090638590066377,0.56208133058670939,2.1951934081025404,5.4572365911345084,4.532692454413672,4.1027237354085599,4.5350728618295566,4.980300602731365,5.3300984206912334,5.639734493018997,5.915678644998855,6.3348134584573135,6.5373922331578544,6.7834897383077744,6.9837491416800184,7.1671015487907228,7.442282749675746,7.6394598306248565,7.707270923933776,7.895628290226596,8.0609750514991987,11.000839246204318,12.22244602121004,9.0001373311970703,1.4339358022681057,2.8596860538554796,0,0.035906132188060838,0,1
36,1,1,0,1,0,1,0,0,1,0,1,1,1,1,1,1,1,1,1,1,0,1,0,1,1,0,0,1,0,0,1,0,1,1,1,0,1,1,1,1,1,1,1,0,0,0,0,0,1,1,0,0,1,1,1,0,1,1,0,0,1,0,1,1,0,0,0,0,0,0,0,0,1,0,0,1,0,1,0,1,0,0,0,0,0,0,0,0,0,0,0,0,1,0,1,1,0,0,0,0,0,0,0,0,0,0,1,0,0,0,0,1,0,1,0,1,1,1,1,0,0,0,1,1,1,0,1,0,0,1,0,1,1,0,0,0,0,0,0,0,0,1,1,1,0,1,0,1,0,1,0,0,1,1,0,1,1,1,0,1,0,1,0,1,0,0,1,1,0,1,1,0,0,1,0,1,0,1,0,0,1,1,1,1,0,0,1,0,1,0,1,0,0,1,0,0,1,1,0,1,1,0,0,1,0,0,1,1,0,1,0,0,1,0,1,1,1,1,1,1,0,1,1,1,0,1,0,0,0,1,1,1,1,0,0,0,0,0,0,0,0,1,0,0,0,1,1,0,1,0,1,0,1,0,1,1,0,0,1,1,1,1,1,1,1,0,0,1,1,0,0,0,0,0,1,1,1,1,1,1,1,1,1,0,1,0,0,1,0,1,0,0,0,0,0,1,1,0,0,1,0,1,1,0,0,0,1,1,1,1,1,1,1,1,1,0,0,1,1,0,0,0,1,1,1,1,1,0,1,0,1,0,1,0,0,1,0,1,0,0,0,0,0,0,0,0,0,0,0,1,0,0,0,1,0,0,0,0,0,0,0,0,0,0,1,1,0,1,0,0,1,1,1,0,1,1,1,0,0,0,0,0,0,0,1.6621042191195545,3.8370946822308691,5.6221560997940028,6.4623788815136951,0.022735942626077671,0.0020141908903639275,0.0070496681162737478,5.8892500190737778,6.1895170519569698,6.6300450141145948,7.1668268863965823,7.4217441062027927,7.8787518120088498,8.3087815671015495,8.3790341039139395,8.8336308842603195,8.4461738002594036,8.9875028610666057,9.7355611505302502,9.9842832074464027,10.280338750286106,11.002853437094682,11.509300373846036,11.156420233463034,2.1461321630338639,0.90550034336543173,0,0.035832059711690095,0,1
37,1,1,0,1,1,1,0,1,0,1,0,0,1,1,1,1,1,1,1,1,0,1,0,1,1,0,0,1,0,0,0,0,1,1,1,0,1,1,1,1,1,1,1,0,0,0,0,0,1,1,0,0,1,1,1,0,1,1,0,0,1,0,1,1,0,0,0,0,0,0,0,0,1,0,0,1,0,1,0,1,0,0,0,0,0,0,0,0,0,0,0,0,1,0,1,1,0,0,0,0,0,0,0,0,0,0,1,0,0,0,0,1,0,1,0,1,1,1,1,0,0,0,1,1,1,0,1,0,0,1,0,1,1,0,0,0,0,0,0,0,0,1,1,1,0,1,0,1,0,1,0,0,1,0,0,1,1,1,0,1,0,1,0,1,0,0,1,1,0,1,1,0,0,1,0,1,0,1,0,0,1,1,1,1,0,0,1,0,1,0,1,0,0,1,0,0,1,1,0,1,1,0,0,1,0,0,1,1,0,1,0,0,1,0,1,1,1,1,1,1,0,1,1,1,0,1,0,0,0,1,1,1,1,0,0,0,0,0,0,0,0,1,0,0,0,1,1,0,1,0,1,0,1,0,1,1,0,0,1,1,1,1,1,1,1,0,0,1,1,0,0,0,0,0,1,1,1,1,1,1,1,1,1,0,1,0,0,1,0,1,0,0,0,0,0,1,1,0,0,1,0,1,1,0,0,0,1,1,1,1,1,1,1,1,1,0,0,1,1,0,0,0,1,1,1,1,1,0,1,0,1,0,1,1,0,1,0,1,0,0,0,0,0,0,0,0,0,0,1,0,1,1,0,1,0,0,0,0,0,0,0,1,0,0,1,1,0,0,0,0,1,1,1,0,1,1,1,0,0,0,0,0,1,0,1.7289997711146716,3.8369726100556956,5.6221560997940028,6.4623788815136951,0.022735942626077671,0.0020141908903639275,0.0070496681162737478,5.8892500190737778,6.1895170519569698,6.6105134660868234,7.1668268863965823,7.4217441062027927,7.8787518120088498,8.3087815671015495,8.3790341039139395,8.8336308842603195,8.4461738002594036,8.9875028610666057,9.7355611505302502,9.9842832074464027,10.282902265964751,11.007553215838865,11.553521019302663,11.157885099565117,2.1627795355929673,0.86587209865376313,0,0.035812865047904818,0,1
38,1,1,1,0,0,1,1,0,0,1,1,1,1,1,1,0,0,0,0,0,1,0,1,0,0,1,0,0,1,1,0,1,1,0,0,1,1,1,1,1,1,1,1,0,1,0,1,0,1,0,1,1,1,1,0,1,0,0,1,0,0,0,0,1,0,0,1,0,1,1,1,0,0,1,0,1,1,0,0,0,0,1,0,1,0,1,1,0,1,1,0,1,0,1,1,0,0,1,0,1,0,0,1,0,0,1,0,0,1,1,0,1,0,1,0,0,1,1,1,1,1,0,1,0,1,1,0,1,0,1,0,0,1,0,1,0,1,1,0,0,1,1,1,0,0,1,0,0,0,0,0,0,1,0,1,1,0,0,0,0,0,1,0,0,0,1,0,0,1,1,0,1,0,0,1,0,0,1,0,0,0,0,1,1,1,0,1,1,0,0,1,0,0,1,0,0,0,0,1,0,0,1,0,1,1,1,1,0,0,0,1,1,1,1,1,0,0,0,0,0,0,1,0,1,0,0,1,1,1,0,1,1,1,0,0,1,1,0,0,0,0,0,1,1,1,0,1,1,1,0,1,0,0,1,1,1,0,0,1,1,1,0,0,0,0,0,0,0,1,0,0,1,0,0,1,1,0,1,1,0,0,1,0,1,0,0,1,1,0,0,1,1,0,0,1,1,1,1,1,1,0,1,0,0,0,0,1,1,0,0,1,0,1,1,0,0,1,0,0,0,0,0,1,1,0,0,0,1,0,0,0,0,0,1,0,1,0,1,0,0,0,0,0,0,0,0,0,0,0,0,1,1,0,1,0,0,0,0,0,0,0,0,0,0,0,0,0,1,0,0,1,1,0,0,0,0,0,0,0,0,0,0,0,0,1.8007476920729382,0.16095216296635387,3.7480430304417487,5.9103685053788055,1.8103303578240635,4.0704966811627372,4.5008926527809567,4.9798123140306707,5.2597848477912565,5.0537880521858547,5.9143358510719457,6.3465323872739763,6.7405203326466783,6.7834897383077744,6.9837491416800184,7.456656748302434,7.442282749675746,7.6394598306248565,7.7119096665903717,7.9346913862821387,8.0423895628290225,11.002182040131228,11.50087739375906,9.0001373311970703,1.6457416982924025,2.5444625801069556,0,0.035804959503925801,0,1
39,1,1,1,0,0,0,1,0,1,0,1,0,1,1,1,1,1,1,1,1,0,0,1,0,1,0,0,1,1,1,0,1,1,1,1,1,1,1,1,0,1,1,0,1,1,1,1,1,1,1,0,1,1,1,0,1,1,0,0,1,0,0,1,1,0,0,0,0,1,0,1,0,0,1,0,0,0,0,1,1,0,0,0,1,0,0,0,0,0,0,0,0,1,0,1,0,0,0,0,0,0,0,0,0,0,1,0,0,0,0,0,0,0,0,0,0,0,0,0,0,1,1,0,1,1,0,0,0,0,1,0,1,1,0,0,1,0,0,1,0,0,0,1,0,0,1,0,1,0,1,0,0,0,0,1,1,0,1,1,0,0,1,0,1,0,0,0,0,0,1,0,0,1,1,0,1,0,1,0,0,1,1,0,1,0,0,0,1,0,1,1,1,0,1,0,0,1,0,1,0,1,1,0,0,1,0,0,1,0,1,0,0,1,0,0,0,0,1,1,1,1,1,1,1,0,1,0,0,0,1,1,0,1,0,1,0,1,1,0,1,0,1,0,0,0,1,0,0,1,0,1,1,0,1,1,1,0,0,1,1,1,1,1,1,1,1,1,0,1,0,1,1,0,0,1,1,1,1,1,1,1,1,1,1,0,1,0,1,0,1,0,0,0,0,0,0,0,0,0,0,0,1,1,1,0,0,1,1,1,1,1,0,0,1,1,0,0,0,1,0,0,0,1,1,1,1,0,0,1,0,0,1,0,0,1,0,0,1,0,0,0,0,0,0,0,0,0,0,0,1,0,0,0,1,0,0,0,0,0,0,0,0,0,0,1,1,1,1,0,0,1,1,1,0,0,1,0,0,0,0,0,0,0,0,1.77099259937438,3.7908903639276721,5.9736324101625087,6.9242999923704893,0.40085450522621502,0.75184252689402609,0.013672083619439994,0.052735179674982834,6.2672465094987411,6.5790798809796289,6.9009536888685439,7.2272831311512924,7.5954833295185784,7.9293812466620892,8.2824444953078515,8.5894865339131758,8.4892347600518807,8.9940947585259785,9.5042038605325398,9.7474631876096733,9.9374685282673383,11.002853437094682,11.510704203860533,10.687663080796522,2.1944625383652578,0.68779449454384323,0,0.035646537227146634,0,1
40,1,0,1,1,0,0,0,1,0,1,1,0,0,1,0,1,0,0,0,0,0,0,1,1,1,0,0,0,0,1,0,0,0,0,1,1,0,0,0,1,0,0,1,1,0,0,0,0,0,0,1,1,0,1,1,1,0,0,0,0,0,1,1,1,1,1,1,1,1,1,1,1,0,0,0,0,1,1,1,0,0,1,1,1,1,1,1,1,1,0,0,1,1,0,0,0,0,1,1,1,1,0,1,0,1,0,1,0,0,0,0,1,0,1,0,0,1,1,1,1,1,0,0,1,0,1,1,1,0,1,0,0,1,0,1,0,1,0,0,0,0,1,0,0,0,1,0,0,1,0,0,0,0,0,1,0,0,1,1,1,0,1,0,0,0,1,0,1,0,1,0,1,1,1,1,1,0,1,0,0,0,0,1,0,0,1,0,1,0,1,0,0,0,1,0,0,0,0,0,0,1,0,0,1,1,1,1,0,0,0,1,1,1,1,1,0,0,0,0,0,0,1,0,1,0,0,1,1,1,0,1,1,1,0,0,0,0,0,0,0,0,0,1,1,1,0,0,1,1,1,0,0,0,1,1,0,0,0,1,1,1,0,0,1,0,0,0,0,1,0,0,1,0,0,1,1,0,1,1,0,0,0,0,0,1,0,1,1,0,0,1,1,0,0,1,1,1,0,0,1,1,0,0,1,0,0,1,1,0,0,1,0,0,0,0,0,0,0,0,0,0,0,1,1,0,0,0,1,0,0,0,0,0,1,1,1,0,1,0,0,0,0,0,0,0,0,0,0,0,0,1,1,0,1,0,0,0,0,0,0,0,0,0,0,1,1,0,1,0,0,1,1,0,0,0,0,0,0,0,0,0,0,0,0,1.3859159227893492,0.054932478828107117,1.1528496223392082,1.7196307316701001,9.9632257572289618,5.9810482948043031,6.7063706416418709,4.9744411383230336,5.239459830624857,5.6369878690775916,5.9616693369954978,6.2183566033417268,6.5627832455939572,6.7834897383077744,6.972762645914397,7.2217898832684826,7.5750972762645921,7.5999084458686195,7.6591439688715957,7.8126192111085677,8.043671320668345,11.002182040131228,11.509300373846036,9.0001373311970703,0.94090621118578088,3.7172188414152449,0,0.035394729071670288,0,1
41,1,1,1,0,0,1,0,1,1,1,1,1,0,1,0,1,0,0,1,0,0,0,1,1,1,1,1,1,1,1,0,1,0,0,0,0,0,0,1,1,0,1,0,0,1,1,1,1,0,0,1,1,1,0,1,1,1,0,0,1,0,1,1,0,1,1,1,1,1,1,1,0,1,1,1,0,0,0,0,0,0,1,0,1,0,1,1,0,1,1,1,1,0,1,0,1,0,1,0,1,1,0,0,1,1,1,0,1,1,1,0,1,0,1,0,0,1,1,1,1,0,0,0,0,1,0,1,1,0,1,0,0,1,0,1,0,0,1,1,1,0,1,1,0,0,1,0,0,1,0,1,1,1,0,1,1,0,1,1,1,0,1,0,0,0,1,0,0,0,0,0,0,0,1,1,0,0,1,0,0,0,0,1,0,0,0,0,1,0,0,0,0,0,1,0,0,0,0,0,0,1,0,0,1,1,1,1,0,0,0,1,1,1,1,0,1,0,0,1,1,0,1,0,1,0,0,1,1,1,0,0,1,1,0,0,0,1,1,1,1,0,0,1,1,1,0,0,0,1,1,1,0,1,1,1,0,0,0,1,1,1,0,0,0,0,0,0,1,1,0,0,1,0,0,1,1,0,1,1,0,0,0,0,1,0,0,1,1,0,0,1,1,0,0,1,1,1,1,1,0,1,1,0,0,0,0,1,1,0,0,1,1,1,0,0,0,1,1,0,0,0,0,1,1,0,0,0,0,0,0,0,1,0,1,1,1,0,1,0,0,0,0,0,0,0,0,0,0,0,1,1,1,0,1,0,0,0,0,0,0,0,0,0,0,0,0,0,1,0,0,1,1,0,0,0,0,0,0,0,1,0,0,0,0,1.7965667200732434,0.56232547493705654,0.077546349279011217,1.8620889600976578,9.9562066071564814,4.0761730373083083,4.914473182269016,4.9402609292744337,5.2356145571068895,5.9153124284733352,5.8458533607995724,6.1934538796063183,6.5627832455939572,6.6946211947814147,6.7452506294346533,7.1163195239185164,7.4505836575875488,7.604303044174868,7.707270923933776,8.0543221179522391,7.8898603799496456,11.004867627985046,11.50087739375906,9.0118562600137331,1.0458203047160568,3.5809605863155234,0,0.035354444435303084,0,1
42,1,1,0,0,0,0,0,1,0,0,1,1,0,1,0,0,0,1,0,0,0,0,1,0,1,1,1,1,1,1,1,1,0,1,0,1,1,1,0,0,0,1,1,0,1,0,0,1,1,0,1,1,0,0,0,1,1,0,1,0,0,1,0,0,0,1,1,0,1,1,0,0,0,1,1,1,1,0,1,0,0,1,0,1,0,1,1,0,1,0,1,1,1,1,1,1,0,1,0,1,0,0,1,1,1,1,0,0,1,1,1,1,0,1,0,0,1,1,0,1,1,0,0,0,0,1,0,0,0,1,0,0,1,0,1,1,0,0,0,1,0,1,1,1,0,1,0,0,1,0,1,0,1,0,0,1,0,0,0,1,0,1,0,0,0,1,1,1,0,0,0,1,1,1,1,1,0,1,0,0,0,0,1,0,0,1,0,1,0,1,0,0,0,1,0,0,0,0,0,0,1,0,0,1,1,0,1,0,0,0,1,1,1,1,1,0,0,0,0,0,0,1,0,1,0,0,1,1,1,0,1,1,1,0,0,0,1,0,0,0,0,0,1,1,1,0,0,1,1,1,0,0,0,1,1,1,0,0,1,1,1,0,0,0,0,0,0,0,1,0,0,1,0,0,1,1,0,1,1,0,0,1,0,1,0,0,1,1,0,0,1,1,0,0,1,1,1,1,1,1,0,1,0,0,0,0,1,1,0,0,1,0,1,1,0,0,1,0,0,0,0,0,1,1,0,0,0,1,0,0,0,0,0,1,0,1,0,1,0,0,0,0,0,0,0,0,0,0,0,0,1,1,0,1,0,0,0,0,0,0,0,0,0,0,0,0,0,0,0,0,1,1,0,0,0,0,0,0,0,0,0,0,0,0,1.50942244602121,1.0468299382009614,2.1658960860608834,5.5513542381933316,4.2374303807125964,4.066285191119249,4.5833524071107039,4.8448004882887004,5.2798352025635156,5.8255893797207605,6.112062256809339,6.2183566033417268,6.5611963073167008,6.7834897383077744,6.9764248111696041,7.2222781719691769,7.442282749675746,7.6394598306248565,7.7119096665903717,7.9346913862821387,8.0423895628290225,11.002182040131228,11.500175478751812,9.0001373311970703,1.5120486771255144,2.8068971212785661,0,0.035175673331597768,0,1
43,1,1,0,1,1,0,0,1,0,1,0,0,1,0,0,1,0,0,1,1,1,0,1,0,0,0,1,1,1,1,0,0,0,1,0,1,0,1,0,1,0,1,1,0,0,1,0,0,0,0,1,1,0,0,1,0,0,0,1,0,0,0,1,1,1,1,0,0,1,1,1,0,1,1,1,0,1,0,1,1,0,1,0,1,0,1,1,0,1,0,1,1,0,0,1,1,0,1,0,1,0,0,1,1,0,1,1,0,0,1,1,1,0,1,0,0,1,1,1,0,1,1,1,0,0,0,0,0,0,1,0,0,1,0,1,0,1,0,0,0,0,1,1,0,0,1,0,0,1,0,0,0,0,0,1,1,0,0,0,0,0,1,0,0,0,1,0,0,1,1,0,1,0,1,1,0,0,1,0,0,0,0,1,0,1,0,0,1,1,0,1,0,0,1,0,0,0,0,0,0,0,1,0,1,1,1,1,0,0,0,1,1,1,1,1,0,0,0,0,0,0,1,0,1,0,0,1,1,1,0,1,1,1,0,0,1,1,0,0,0,0,0,1,1,1,0,0,1,0,1,1,0,0,1,1,0,0,0,1,1,1,0,0,0,0,0,0,0,1,0,0,1,0,0,1,1,0,1,1,0,0,1,0,1,0,0,1,1,0,0,1,1,0,0,1,1,1,1,1,0,1,1,0,0,0,0,1,1,0,0,1,0,1,0,0,0,1,0,0,0,0,0,1,1,0,0,0,1,0,0,0,0,0,1,0,1,0,1,0,0,0,0,0,0,0,0,0,0,0,0,1,1,0,1,0,0,0,0,0,0,0,0,0,0,0,0,0,1,0,0,1,1,0,0,0,0,0,0,0,0,0,0,0,0,1.6975661860074769,0.90992599374380101,2.0013733119707027,1.5667963683527886,8.0828564888990613,4.0640878919661247,4.561135271229114,4.9297627222095066,5.2400091554131381,5.639734493018997,5.915678644998855,6.2439917601281767,6.5373922331578544,6.7834897383077744,6.9837491416800184,7.1749141680018313,7.442282749675746,7.6394598306248565,7.707270923933776,7.895628290226596,8.0423895628290225,11.002182040131228,11.50087739375906,9.0001373311970703,1.2316694685319067,3.2833141422117511,0,0.035141524924218903,0,1
44,1,1,0,0,1,0,0,1,0,0,1,0,0,1,0,0,0,0,0,0,0,0,1,0,1,0,1,0,1,0,1,0,0,0,0,1,0,0,1,1,1,1,0,1,0,0,0,0,1,1,0,1,0,1,1,0,0,1,1,1,0,1,0,0,0,1,1,1,1,1,1,0,1,1,1,0,0,0,0,0,0,1,0,1,0,1,1,0,1,1,1,1,1,1,0,1,0,1,0,1,1,0,0,1,1,1,0,0,1,1,0,1,0,1,0,0,1,1,1,1,0,0,1,0,1,1,1,1,0,1,0,0,1,0,1,1,0,1,1,1,1,1,1,0,0,1,0,0,1,0,1,1,1,0,1,1,0,0,1,1,0,1,0,0,0,1,0,0,0,0,1,0,0,1,1,0,0,1,0,0,0,0,1,0,0,0,0,1,0,0,0,0,0,1,0,0,0,0,0,0,0,0,0,1,1,0,0,1,0,0,1,1,1,1,0,1,0,1,0,0,1,1,0,1,0,0,1,1,1,0,1,1,1,1,0,0,0,1,1,0,0,0,1,1,1,0,0,0,1,1,1,0,0,1,1,0,0,0,1,1,1,0,0,0,0,0,0,0,1,1,0,0,0,0,1,1,0,1,0,0,1,1,0,0,1,1,1,1,0,0,1,1,0,0,1,1,0,0,0,0,1,1,0,0,0,0,1,1,0,0,1,0,0,0,0,0,0,0,0,1,0,0,1,1,0,0,0,0,0,0,0,1,0,0,1,1,0,1,0,0,0,0,0,0,0,0,0,0,0,0,0,1,0,1,0,0,0,0,0,0,0,0,0,0,0,1,0,0,0,0,1,1,0,0,0,0,0,0,0,0,0,0,0,0,1.5714351110093843,0.041626611734187836,0.46436255436026552,6.7017624170290686,4.9561303120469979,4.0776379034103911,4.911055161364156,4.9490501258869308,5.3081254291599906,5.9140917067215995,5.8565957122148466,6.1934538796063183,6.5100175478751812,6.7048752574959947,7.0048065918974594,7.1124132143129621,7.443839169909209,7.4263218127718007,7.5773861295490965,7.8132295719844356,7.8872968642710006,11.000839246204318,11.502983138780804,9.0001373311970703,1.2979746279092852,3.1831754794116662,0,0.034920281585926263,0,1
45,1,0,1,1,0,1,0,1,1,1,1,0,0,1,0,1,1,1,0,1,1,1,0,0,1,0,1,0,0,0,1,1,1,0,1,0,0,0,1,1,1,1,0,0,1,1,0,1,0,1,1,1,1,1,1,1,0,1,0,0,1,1,0,1,0,0,1,0,1,1,0,1,0,1,1,1,1,0,0,1,0,0,0,1,0,1,1,1,0,1,0,1,0,0,1,0,0,1,1,0,0,1,1,0,1,0,1,1,0,0,1,0,0,1,0,1,1,0,0,0,1,0,0,1,1,1,0,1,0,1,0,1,1,0,0,0,1,0,1,0,0,0,1,1,0,1,0,1,0,0,0,1,1,0,0,1,0,1,0,0,0,1,0,1,0,0,0,0,0,1,0,1,1,1,0,1,0,1,0,0,1,1,0,0,0,0,0,1,0,1,1,1,0,1,0,0,1,0,1,0,0,1,1,0,0,0,0,1,0,1,0,0,1,0,0,0,0,1,0,1,1,0,1,1,0,1,0,0,0,1,1,0,1,1,1,0,0,1,0,0,0,1,0,0,0,1,0,0,0,0,0,1,0,1,1,1,0,0,1,1,1,1,1,1,1,1,0,0,0,0,1,1,0,0,1,1,1,1,1,1,1,1,1,1,0,0,0,1,0,1,0,0,0,0,0,0,0,0,0,0,0,1,0,0,0,0,1,1,1,1,0,1,0,1,1,0,1,0,0,0,0,0,1,1,1,1,0,0,0,0,0,1,0,1,1,0,0,1,0,0,0,0,0,0,1,0,0,0,0,1,0,0,0,1,0,0,0,0,0,0,0,0,0,0,1,1,0,1,0,0,1,1,1,0,0,0,0,0,0,1,1,0,0,1,1.4210727092393378,3.4475013351644161,3.839139391165026,3.9782101167315176,1.7763027389944306,1.0931563286793315,5.6162355992980855,5.5384145876249331,6.2323643854428932,6.373388265812161,6.906324864576181,7.1335317006179899,7.5542229343099114,7.9140001525902193,8.3076218814374005,8.5113603418020904,8.4684824902723737,8.9918974593728542,9.5024643320363165,9.5948729686427097,9.8579995422293436,11.088792248416876,11.509300373846036,10.518471046005951,1.8652633633405939,2.0580111660596518,0,0.034777154730127012,0,1
46,1,0,0,1,1,1,0,1,0,1,0,1,0,1,0,1,0,0,1,0,1,1,1,1,1,1,0,0,1,1,1,1,0,0,0,0,1,1,0,0,0,1,1,1,1,0,1,1,0,0,0,1,0,0,0,0,1,1,1,1,1,1,1,1,1,1,1,1,1,1,0,0,1,0,0,1,0,1,1,1,1,0,1,1,1,1,1,0,1,0,0,1,1,1,1,0,0,1,0,1,0,0,1,1,1,1,0,1,0,1,0,0,0,1,0,1,1,0,1,1,0,1,1,1,1,0,0,0,0,1,0,0,1,1,1,0,0,0,0,1,0,0,0,1,0,1,0,0,1,0,0,0,1,0,1,0,0,1,0,0,0,1,0,0,0,1,0,1,0,0,0,1,1,0,0,1,0,1,0,0,0,0,1,0,1,1,0,1,0,0,0,0,0,1,0,0,0,0,0,0,1,0,0,1,1,1,1,1,0,0,1,1,1,1,0,1,0,0,1,1,1,1,0,1,0,0,1,1,1,0,0,1,1,0,0,0,0,1,1,0,0,0,1,1,1,0,0,0,1,1,0,0,0,1,1,0,0,0,1,1,1,0,0,1,0,0,0,0,1,1,0,0,0,0,1,1,0,1,0,0,1,1,1,0,0,1,1,1,0,0,1,1,0,0,1,1,1,0,0,1,1,1,0,0,0,0,1,1,0,0,1,0,0,0,0,1,0,1,0,0,0,0,1,1,0,0,0,0,0,1,0,0,1,0,1,1,0,1,0,0,0,0,0,0,0,0,0,0,0,0,1,0,0,1,0,0,0,0,0,0,0,0,0,0,0,0,1,0,0,0,1,1,0,0,0,0,0,0,0,0,1,0,0,0,1.2291752498664836,0.74702067597467003,0.29251544975967042,0.53113603418020905,9.8669413290608077,8.9353170061799041,4.5844205386434727,5.7168841077286947,5.4891279468986038,5.6751354238193326,5.9381704432745854,6.2637674525062952,6.5631799801632713,6.6980392156862747,6.7411306935225452,7.0967879758907451,7.5766536964980551,7.4395056076905464,7.660883497367819,7.8248264286259248,7.9231860837720305,11.001510643167773,11.501579308766308,9.0059967956054017,0.81353012808268932,3.85288472844893,0,0.034544832250646661,0,1
47,1,1,0,0,0,1,0,1,1,1,1,1,0,1,0,1,0,0,1,0,0,0,1,1,1,1,1,1,1,0,0,1,0,1,0,1,1,1,0,1,1,0,1,0,1,0,0,1,1,0,1,0,1,1,1,0,1,0,1,0,0,0,0,1,0,1,1,1,0,1,0,0,0,0,0,0,1,0,0,1,0,1,0,1,0,1,1,1,1,0,0,0,0,1,1,0,0,1,0,1,0,0,1,0,1,1,0,0,1,1,0,1,0,1,0,0,1,1,1,1,1,0,1,0,1,1,1,1,0,1,0,0,1,0,1,1,1,1,0,0,1,1,1,0,0,1,0,0,1,0,0,0,0,0,1,1,0,0,0,0,0,1,0,0,0,1,0,0,1,1,0,1,0,1,1,0,0,1,0,0,0,0,1,1,1,0,0,1,0,0,1,0,0,1,0,0,0,0,0,0,0,1,0,1,1,1,1,0,0,0,1,1,1,1,1,0,0,0,0,0,0,1,0,1,0,0,1,1,1,0,1,1,1,0,0,1,1,0,0,0,0,0,1,1,1,0,0,1,1,0,1,0,0,1,1,0,0,0,1,1,1,0,0,0,0,0,1,0,1,0,0,1,0,0,1,1,0,1,1,0,0,0,0,1,0,0,1,1,0,0,1,1,0,0,1,1,1,1,1,1,1,1,0,0,0,0,1,1,0,0,1,0,1,0,0,0,1,0,0,1,0,0,1,1,0,0,0,1,0,0,0,0,0,1,1,1,0,1,0,0,0,0,0,0,0,0,0,0,0,0,1,1,0,1,0,0,0,0,0,0,0,0,0,0,0,1,0,1,0,0,1,1,0,0,0,0,0,0,1,0,0,0,0,0,1.5465629053177692,0.56208133058670939,2.1951934081025404,5.4572365911345084,4.532692454413672,4.1027237354085599,4.5282368200198366,4.980300602731365,5.3300984206912334,5.639734493018997,5.915678644998855,6.3348134584573135,6.5373922331578544,6.7834897383077744,6.9837491416800184,7.2061646448462655,7.4588845654993516,7.604303044174868,7.7165484092469674,7.8962386511024638,8.043671320668345,11.002182040131228,11.503685053788052,9.0235751888303959,1.4162551471541329,2.8939151553560349,0,0.034509076877777191,0,1
48,1,0,1,0,0,1,1,1,0,1,0,0,1,1,1,0,1,0,0,0,0,1,0,1,0,1,0,0,0,1,1,1,1,0,0,1,0,1,0,0,0,0,0,0,1,1,1,1,0,1,1,0,1,1,1,1,0,0,1,1,0,1,0,0,0,0,1,0,1,1,0,0,0,1,1,1,1,0,0,0,0,1,0,1,0,1,1,0,1,0,0,1,0,1,1,0,0,1,0,1,0,0,1,0,1,1,0,1,0,1,0,1,0,1,0,1,0,0,0,1,0,1,0,0,0,1,0,0,0,1,0,0,1,0,1,1,0,1,1,0,1,0,0,1,0,1,0,0,1,0,0,0,1,0,1,0,0,0,1,1,0,1,0,0,0,1,0,0,0,1,0,1,1,1,1,0,0,1,0,0,0,0,1,0,0,1,0,1,0,1,0,0,0,1,0,0,0,0,0,0,1,0,0,1,1,1,1,0,0,0,1,1,1,1,1,0,0,0,0,0,0,1,0,1,0,0,1,1,1,0,1,1,1,0,0,0,1,0,0,0,0,0,1,1,1,0,0,1,1,1,0,0,0,1,1,0,0,0,1,1,1,0,0,0,0,0,0,0,1,0,1,0,0,0,1,1,0,1,1,0,0,0,0,1,1,1,1,1,0,0,1,1,0,0,1,1,1,0,1,1,1,1,1,1,0,0,1,1,0,0,1,0,1,0,0,1,1,1,0,1,0,0,1,1,0,0,0,1,0,0,1,0,0,1,1,1,0,1,0,0,0,0,0,0,1,0,1,0,0,0,1,1,0,1,0,0,0,0,0,0,0,0,0,0,0,0,0,1,0,0,1,1,0,0,0,0,0,0,0,0,0,0,0,0,1.3070878156710155,2.082490272373541,3.4701762417029069,3.47515068284123,1.7370870527199207,4.0587777523460744,4.5299458304722666,5.0791790646219575,5.3023575188830394,5.6748302433813986,5.8753948271915766,6.2183566033417268,6.5627832455939572,6.7834897383077744,6.9764248111696041,7.2217898832684826,7.4428015564202337,7.6108949416342409,7.6811779964904252,7.9084458686198209,8.0641794460975049,11.10960555428397,11.50087739375906,9.0001373311970703,1.5850824728286559,2.684338389665788,0,0.034480857635122965,0,1
49,1,1,1,1,0,1,1,1,1,1,0,0,0,1,0,0,1,1,1,1,1,0,1,0,1,1,0,1,1,1,0,1,1,1,1,1,1,1,1,1,1,1,0,1,1,0,1,1,1,1,1,1,1,1,1,0,1,0,0,1,0,0,1,1,0,0,0,0,0,0,1,1,0,0,1,0,1,0,1,1,0,0,0,0,0,0,0,0,0,0,0,0,0,0,1,0,0,0,0,0,0,0,0,0,0,1,0,0,1,0,0,0,0,0,0,0,0,0,0,0,1,1,0,1,1,0,0,0,0,1,0,1,1,0,0,0,0,0,1,0,0,1,1,0,0,1,0,1,0,1,0,1,1,0,0,0,0,1,0,1,0,1,0,1,0,0,1,1,0,1,1,0,0,1,0,1,0,1,0,0,1,1,1,1,0,0,1,0,1,0,1,0,0,1,0,0,1,1,0,1,1,0,0,1,0,0,1,1,0,1,0,0,1,0,1,1,1,1,1,1,0,1,1,1,0,1,0,0,0,1,1,1,1,0,0,0,0,1,0,0,0,1,0,0,0,1,1,0,1,0,1,0,1,0,1,1,0,0,1,1,1,1,1,1,1,0,0,1,1,0,0,0,0,0,1,1,1,1,1,1,1,1,1,0,1,0,0,1,0,1,0,0,0,0,0,1,1,0,0,1,0,1,1,0,0,0,1,1,1,1,1,1,1,1,1,0,0,1,1,0,0,0,1,1,1,1,1,0,1,0,1,0,1,1,0,0,0,1,0,0,0,0,0,0,0,0,0,0,1,0,1,1,0,1,0,0,0,0,0,0,0,1,0,0,1,1,0,0,0,0,1,1,1,0,1,1,1,0,0,0,0,0,1,0,1.9356984817273213,3.9197985809109634,5.9967040512703136,7.9555657282368202,0.12375066758220797,0.00036621652552071412,0.015381094071869994,0.052735179674982834,6.1980315861753263,6.6813153276874946,7.1668268863965823,7.4217441062027927,7.8787518120088498,8.3087815671015495,8.3808651865415431,8.8336308842603195,8.4461738002594036,8.9875028610666057,9.7355611505302502,9.9842832074464027,10.282261387045089,11.007553215838865,11.553521019302663,11.157885099565117,2.2111815580591871,0.3032826140289509,0,0.034394408659408855,0,1
50,1,1,0,1,0,1,0,0,1,0,1,1,1,1,1,1,1,1,1,1,0,1,0,1,1,0,0,1,0,0,1,0,1,1,1,1,1,1,1,1,1,1,1,0,0,0,0,0,1,0,0,0,0,1,1,0,1,1,0,0,1,0,1,1,0,0,0,0,0,0,0,0,0,0,0,1,0,1,0,1,0,0,0,1,0,0,0,0,0,0,0,0,1,0,1,1,0,0,0,0,1,0,1,0,1,0,0,1,0,0,0,1,0,1,0,1,1,0,0,1,0,0,0,1,1,1,1,1,0,1,0,1,0,1,1,0,1,0,0,1,0,0,1,1,0,1,0,1,0,0,1,0,1,0,0,1,1,1,1,0,0,1,0,0,1,1,1,0,0,1,1,1,1,0,1,1,0,1,0,0,1,1,0,0,0,0,0,1,1,1,1,0,0,1,0,0,1,0,1,0,1,1,0,1,1,0,0,1,0,1,0,0,1,0,0,0,0,1,1,1,0,1,0,1,0,1,0,0,0,1,1,0,1,0,0,0,1,0,1,0,0,1,0,0,0,1,0,0,0,0,1,1,1,0,1,0,0,0,1,1,1,1,1,1,1,1,1,0,0,1,1,1,0,0,1,1,1,1,1,1,1,1,1,1,0,0,1,1,0,1,0,0,0,0,0,0,1,0,0,0,0,1,0,0,0,0,1,1,1,1,0,1,0,1,1,0,1,0,0,1,0,0,1,1,1,1,0,0,0,0,0,1,0,1,1,0,0,1,0,0,0,0,0,0,0,0,0,0,0,1,0,0,0,1,0,0,0,0,0,0,0,0,0,0,1,0,0,1,0,0,1,1,1,0,0,0,0,0,0,1,1,0,0,1,1.6621042191195545,3.8370946822308691,5.9971618219272145,4.2123445487144275,0.0032043945983062485,0.75202563515678644,0.57785915922789344,5.5701533531700615,6.0873426413366909,6.4545662623025866,6.7445181963836127,7.1360952162966349,7.6018310826276041,7.9251087205310142,8.2664225223163204,8.5284504463263904,8.48715953307393,8.9929961089494164,9.5766842145418476,9.5954833295185775,9.8579995422293436,11.002853437094682,11.506492713817044,10.518471046005951,2.0876347194031299,1.2202206836606129,0,0.034207756405185266,0,1
51,1,1,0,0,0,0,0,1,0,0,1,1,1,1,1,0,0,0,1,0,0,0,0,0,1,0,1,0,0,1,0,0,0,1,0,1,1,1,0,1,1,1,0,0,0,0,0,0,1,0,1,0,1,1,0,1,1,1,1,0,0,0,0,1,0,1,0,1,1,1,0,1,0,0,1,0,1,0,1,1,0,1,0,1,0,1,1,0,1,0,0,1,1,0,0,0,0,1,0,1,0,0,0,1,1,1,1,0,0,0,0,0,0,1,0,0,1,1,1,1,1,1,0,0,0,1,1,1,0,1,0,0,1,0,0,1,1,1,0,1,0,0,1,1,0,1,0,0,1,0,0,0,0,0,1,1,0,0,1,1,0,1,0,0,0,1,0,1,0,1,0,1,1,1,1,0,0,1,0,0,0,0,1,0,0,1,1,1,0,1,0,0,0,1,0,0,0,0,0,0,0,0,0,1,1,1,1,0,0,0,1,1,1,1,1,0,0,0,0,0,0,1,0,1,0,0,1,1,1,0,1,1,1,0,0,1,1,0,0,0,0,0,1,1,1,0,0,1,0,1,1,0,0,1,1,0,0,0,1,1,1,0,0,0,0,0,1,0,1,0,0,0,0,0,1,1,0,1,0,0,0,1,1,0,0,1,1,1,0,0,1,1,0,0,1,0,1,0,0,1,0,1,0,1,0,0,1,1,0,0,1,0,0,0,1,0,1,1,0,0,0,0,1,1,0,0,0,0,0,0,0,0,0,1,0,0,0,1,0,0,0,0,0,0,0,0,0,0,1,0,1,1,0,1,0,0,0,0,0,0,0,0,0,0,0,0,0,1,0,0,1,1,0,0,0,0,0,0,0,0,0,0,0,0,1.5097276264591439,0.51001754787518117,2.1972991531242845,5.4337987335011828,3.6394293125810635,4.0591439688715951,4.4776073853665981,4.9861600671396964,5.1908445868619815,5.6406500343327988,5.9613336385137705,6.2300755321583896,6.5120012207217517,6.7834897383077744,6.9837491416800184,7.1749141680018313,7.458365758754864,7.3691920347905695,7.5083848325322347,7.8394750896467533,7.8776836804760819,11.007553215838865,11.50087739375906,9.0001373311970703,1.403699134130743,2.9376034581741366,0,0.033994165983576581,0,1
52,0,0,1,0,1,0,1,0,0,1,1,1,1,1,1,1,1,1,0,0,0,1,0,1,1,0,0,1,0,1,0,0,1,1,1,0,1,1,1,0,1,1,1,0,0,1,0,1,1,1,0,0,0,1,1,0,1,0,0,1,1,0,1,0,0,0,0,0,0,0,0,0,1,1,0,0,1,0,1,1,0,1,0,1,1,1,0,1,0,0,0,0,1,1,1,0,0,1,1,0,1,1,0,1,0,0,0,1,0,0,1,0,0,1,0,1,1,0,0,1,0,0,0,0,1,0,0,1,0,1,0,1,1,0,0,0,0,0,0,1,0,1,1,1,0,1,0,1,0,1,0,0,0,0,1,1,0,1,1,0,0,1,0,1,0,0,0,0,0,1,0,0,1,1,0,1,0,1,0,0,1,1,0,1,0,0,0,1,0,0,1,1,0,1,0,0,1,0,1,0,1,0,0,1,1,0,0,1,0,1,0,0,1,0,0,0,0,1,1,1,1,1,1,0,0,1,0,0,0,1,1,0,1,0,0,0,1,0,1,0,0,1,0,0,0,1,0,0,0,0,1,1,1,1,1,0,0,0,1,1,1,1,1,1,1,1,1,0,0,0,1,1,0,0,1,1,1,1,1,1,1,1,1,1,1,0,0,1,0,1,0,0,0,0,0,0,0,0,0,0,0,1,1,0,0,0,1,1,1,1,0,1,0,1,1,0,1,0,0,0,0,0,1,1,1,1,0,0,0,0,0,1,0,0,1,0,0,1,0,0,0,0,0,0,0,0,0,0,0,1,0,0,0,1,0,0,0,0,0,0,0,0,0,0,1,1,0,1,0,0,1,1,1,0,0,1,0,0,0,0,0,0,0,0,0.33200579842832073,3.0872053101396202,5.599176012817578,6.206393530174716,0.030975814450293734,4.3620050354772255,5.964873731593805,5.5647821774624244,6.1939116502632183,6.5790798809796289,6.9009536888685439,7.2258182650492095,7.5764400701915013,7.9289539940489817,8.2664225223163204,8.5304036011291675,8.4850843060959793,8.9962920576791028,9.5036240177004654,9.5948729686427097,9.8554360265506986,11.002853437094682,11.509300373846036,10.687663080796522,1.8310684231076886,2.1338373561512163,0,0.033940500115111044,0,1
53,1,1,0,0,0,0,0,0,0,0,1,1,0,1,1,0,1,0,1,0,1,0,1,1,0,1,0,0,0,1,1,1,1,0,0,1,1,1,0,1,0,1,1,0,1,1,0,1,0,1,1,0,0,0,1,0,1,1,0,0,0,1,1,0,0,0,0,0,0,0,1,1,1,1,0,1,1,0,1,1,0,1,0,1,0,1,1,1,1,0,1,1,0,1,0,0,0,1,0,1,1,0,0,1,1,1,0,0,1,1,0,1,0,1,0,0,1,1,1,0,0,0,0,0,1,1,1,1,0,1,0,0,1,0,1,0,1,1,0,0,1,1,0,1,0,1,0,0,1,0,0,0,1,0,1,1,1,0,1,1,0,1,0,0,0,1,0,1,0,0,0,1,1,0,1,0,0,1,0,0,0,0,1,0,0,1,0,0,0,1,1,0,0,1,0,0,0,0,0,0,0,0,0,1,1,1,1,0,0,0,1,1,1,1,1,0,0,0,0,0,0,1,0,1,0,0,1,1,1,0,1,1,1,0,1,0,1,0,0,0,0,0,1,1,1,0,0,1,1,1,0,0,0,0,1,0,0,0,1,1,1,0,1,0,0,0,0,0,1,0,0,1,0,0,1,1,0,1,1,0,0,1,0,1,0,0,0,1,0,0,1,1,0,0,1,1,1,1,1,0,0,1,0,0,0,0,1,1,0,0,1,0,1,1,0,0,1,0,0,0,0,0,1,1,0,0,1,1,0,0,0,1,0,1,0,0,0,1,0,0,0,0,0,0,0,0,0,0,0,0,0,1,0,1,0,0,0,0,0,0,0,0,0,0,0,0,0,1,0,0,1,1,0,0,0,0,0,0,0,0,0,0,0,0,1.5016708628976883,2.6762493324177918,3.6897230487525752,3.0867170214389259,0.15060654612039368,4.1111467154955363,4.911055161364156,4.878736552986954,5.259510185397116,5.6821545738918129,5.9385061417563128,6.2132295719844368,6.5120012207217517,6.7834897383077744,6.9910734721904326,7.2198367284657055,7.7079118028534372,7.6383611810482943,7.7026321812771803,7.9346913862821387,8.3801327534905017,11.000839246204318,11.50087739375906,9.0001373311970703,1.6958652674356558,2.3931020287002989,0,0.033772937348801116,0,1
54,1,1,1,0,1,1,1,0,1,1,1,0,0,1,1,0,0,0,1,0,1,0,1,1,1,1,0,0,0,1,0,1,0,0,0,0,1,1,0,0,0,1,0,0,1,0,1,1,0,0,0,1,1,0,0,0,1,1,1,1,1,0,1,1,1,1,1,1,0,0,0,0,0,1,0,1,1,0,1,1,0,1,1,1,1,0,1,1,1,1,1,0,1,1,1,1,0,1,0,1,0,0,1,0,0,0,1,1,1,1,0,1,0,1,0,0,1,1,1,1,1,1,0,0,0,0,1,0,0,1,0,0,1,0,0,1,0,1,0,0,1,0,1,1,0,1,0,0,1,0,0,1,0,0,1,0,0,0,1,1,0,1,0,0,0,1,0,0,0,1,0,1,1,1,1,0,0,1,0,0,0,0,1,0,0,1,0,1,0,0,0,0,0,1,0,0,0,0,0,0,0,0,1,0,1,1,1,0,0,0,1,1,1,1,0,0,1,0,0,1,1,0,0,0,0,0,1,1,1,0,1,1,0,0,0,0,1,0,1,0,0,0,1,1,1,0,0,0,1,1,1,0,0,1,1,0,0,0,1,1,1,0,0,0,0,0,0,0,1,0,1,0,0,0,1,1,0,1,0,0,1,0,0,0,1,0,1,1,0,0,1,1,0,0,1,1,1,0,0,1,1,1,0,1,0,0,1,1,0,1,1,0,0,0,0,0,0,0,0,0,0,0,1,1,0,0,0,0,0,0,0,0,0,0,1,1,0,1,0,0,0,0,0,0,0,0,0,0,0,0,1,0,0,1,0,0,0,0,0,0,0,0,0,1,0,1,0,1,0,0,1,1,0,0,0,0,0,0,0,0,0,0,1,0,1.8664225223163196,0.68390936140993364,0.28812085145342187,0.78065156023498894,9.3890287632562757,5.8094758525978483,4.4974746318760968,4.9849393453879607,5.1534905012588688,5.7138933394369413,5.8753948271915766,6.2168917372396439,6.5183489738307774,6.6275425345235366,6.9187457084000918,7.1124132143129621,7.4428015564202337,7.388967727168688,7.6614633401998935,8.4376287479972536,7.8770428015564207,11.001510643167773,11.514915693904021,9.0016021972991531,1.0261789704904698,3.6113712321831697,0,0.033766458367735758,0,1
55,1,1,0,1,0,1,0,0,1,1,1,0,0,1,1,0,1,1,0,1,1,1,0,1,1,1,1,1,1,1,0,0,1,1,1,1,1,1,1,1,1,1,0,0,0,1,0,0,1,1,0,0,1,1,1,0,1,0,0,1,0,1,1,1,0,0,0,0,0,0,0,0,1,0,0,1,1,0,1,1,0,0,0,0,0,0,1,0,0,1,1,1,0,0,1,0,0,0,0,0,0,0,0,0,0,0,1,0,0,1,1,0,0,1,1,1,0,0,0,0,1,1,0,1,0,0,0,1,0,1,0,1,1,0,0,0,1,0,1,0,0,1,1,0,0,1,0,1,0,1,0,0,1,0,1,0,1,1,0,1,0,1,0,1,0,0,1,1,0,1,0,0,1,1,0,1,0,1,0,0,1,1,1,1,0,0,1,0,1,0,1,0,0,1,0,0,1,1,0,1,1,0,1,1,0,0,1,1,0,1,0,0,1,0,1,1,1,1,1,1,0,1,1,1,0,1,0,0,0,1,1,0,1,0,0,0,0,0,0,0,0,1,0,0,0,1,0,0,1,0,1,0,1,1,1,1,0,0,1,1,1,1,1,1,1,0,0,1,0,0,0,0,0,0,1,1,1,1,1,1,1,1,1,1,1,0,0,1,0,1,0,0,0,0,0,1,1,0,0,1,0,1,1,0,0,0,1,1,1,1,1,1,1,1,1,0,0,1,1,0,0,0,1,1,1,1,1,0,1,0,1,0,1,1,0,1,0,1,0,0,0,0,0,0,0,0,1,0,1,1,1,1,0,1,0,0,0,0,0,0,0,1,0,0,0,1,0,0,0,0,1,1,1,0,1,1,0,0,0,0,0,1,0,1,1.6632944228274968,3.4685587853818571,5.9945983062485695,6.4560311284046694,0.023651483939879453,0.11462577248798353,0.008117799649042497,7.0511329823758295,6.2331883726253148,6.6153963530937663,7.1587701228351266,7.4217441062027927,7.8914473182269012,8.3087815671015495,8.2618448157473114,8.5855802243076216,8.4420233463035022,8.9962920576791028,9.7355611505302502,9.9842832074464027,10.282902265964751,11.031723506523232,11.547905699244678,11.066330968184939,2.1261299118974675,0.93663908233416748,0,0.033738511895228807,0,1
56,1,1,1,0,0,0,1,1,1,0,1,0,1,1,1,1,1,1,1,1,0,0,1,0,1,0,0,1,1,1,1,1,1,1,1,1,1,1,1,1,1,1,0,1,1,1,1,1,1,1,1,1,1,1,1,1,1,0,0,1,0,0,1,1,0,0,0,0,0,0,1,0,0,0,0,0,0,0,1,1,0,0,0,0,0,0,0,0,0,0,0,0,1,0,1,0,0,0,0,0,0,0,0,0,0,1,0,0,0,0,0,0,0,0,0,0,0,0,0,0,1,1,0,1,1,0,0,0,0,1,0,1,1,0,0,0,0,0,1,0,0,0,1,1,0,1,0,1,0,0,1,0,1,0,0,1,1,0,0,0,0,1,0,1,0,0,0,0,0,0,0,0,1,1,0,1,0,1,0,0,1,1,0,1,0,0,0,1,0,0,1,1,0,1,0,0,1,0,1,0,1,1,0,1,1,0,1,1,0,1,0,0,1,0,0,0,0,1,1,1,1,1,1,1,0,1,0,0,0,1,1,0,1,1,1,0,1,1,0,1,0,1,0,0,0,1,0,0,1,1,1,1,0,1,1,1,0,0,1,1,1,1,1,1,1,1,0,0,1,0,1,1,0,0,1,1,1,1,1,1,1,1,1,1,0,1,0,1,0,1,0,0,0,0,0,0,0,0,0,0,0,1,1,1,0,0,1,1,1,1,1,0,0,1,1,0,0,1,1,0,0,0,1,1,1,1,1,0,1,0,1,0,1,1,0,1,0,1,0,0,0,0,0,0,0,0,0,0,1,0,1,1,0,1,0,0,0,0,0,0,0,0,0,0,0,1,0,0,0,0,1,1,1,0,1,1,1,1,0,0,1,0,0,0,1.7788052185854886,3.7910124361028457,5.9970702677958343,7.9868162050812543,0.07858396276798657,0.0018310826276035706,0.013672083619439994,0.052735179674982834,6.1972075989929047,6.452735179674983,6.8794689860379954,7.2258182650492095,7.6026245517662323,7.9293812466620892,8.3117418173495086,8.62073701075761,8.4726329442282751,8.9940947585259785,9.5042038605325398,9.7499046311131448,10.282902265964751,11.007553215838865,11.502983138780804,11.209155413138017,2.2056657090860319,0.46883126464474484,0,0.033602798004519159,0,1
57,1,0,1,1,1,1,0,1,1,1,1,0,0,1,0,1,1,1,0,1,1,1,0,0,1,0,1,0,0,0,1,1,1,0,1,0,0,0,1,1,1,1,0,0,1,1,0,1,0,1,1,1,1,1,1,1,0,1,0,0,1,1,1,1,0,0,1,0,1,1,0,1,0,1,1,1,1,0,0,1,0,0,0,1,0,1,1,1,0,1,0,1,0,1,1,0,0,1,1,0,0,1,1,0,1,0,1,1,0,0,1,0,0,1,0,1,1,0,0,0,1,0,0,1,1,1,0,1,0,1,0,1,1,0,0,0,1,0,1,0,0,0,0,1,0,1,0,1,0,0,0,1,1,0,0,1,0,1,0,0,0,1,0,1,0,0,0,0,0,1,0,1,1,1,0,1,0,1,0,0,1,1,0,0,0,0,0,1,0,1,1,1,0,1,0,0,1,0,1,0,0,1,1,0,0,0,0,1,0,1,0,0,1,0,0,0,0,1,0,1,1,0,1,1,0,1,0,0,0,1,1,0,1,1,1,0,0,1,0,0,0,1,0,0,0,1,0,0,0,0,0,1,0,0,1,1,0,0,1,1,1,1,1,1,1,1,0,0,0,0,1,1,0,0,1,1,1,1,1,1,1,1,1,1,0,0,0,1,0,1,0,0,0,0,0,0,0,0,0,0,0,1,0,0,0,0,1,1,1,1,0,1,0,1,1,0,1,0,0,0,0,0,1,1,1,1,0,0,0,0,0,1,0,1,1,0,0,1,0,0,0,0,0,0,1,0,0,0,0,1,0,0,0,1,0,0,0,0,0,0,0,0,0,0,1,1,0,1,0,0,1,1,1,0,0,0,0,0,0,1,1,0,0,1,1.4835736629282064,3.4475013351644161,3.839139391165026,3.9784542610818647,1.7763027389944306,1.093888761730373,5.6162355992980855,5.5384145876249331,6.2318150606546121,6.373388265812161,6.906324864576181,7.1335317006179899,7.5542229343099114,7.9140001525902193,8.3076218814374005,8.5094071869993133,8.4684824902723737,8.9918974593728542,9.5024643320363165,9.5948729686427097,9.8579995422293436,11.088792248416876,11.509300373846036,10.518471046005951,1.8710480099522906,2.0088978998998095,0,0.033530751424015806,0,1
58,1,1,1,0,0,1,1,0,0,0,1,1,1,1,1,0,0,0,0,0,1,0,1,1,0,1,0,0,1,1,0,1,1,0,0,0,1,1,1,1,1,1,1,0,1,0,1,0,1,0,1,1,0,1,0,1,0,0,1,0,0,0,0,1,0,0,1,0,1,1,1,0,0,1,0,1,1,0,0,0,0,1,0,1,0,1,1,0,1,1,0,1,0,1,1,0,0,1,0,1,1,0,1,1,1,1,0,1,1,1,0,1,0,1,0,0,1,1,1,1,0,0,0,0,1,1,1,1,0,1,0,0,1,0,1,0,1,1,0,0,1,1,0,1,0,1,0,0,1,0,0,0,1,0,1,1,1,0,0,1,0,1,0,0,0,1,0,1,1,0,0,1,0,1,1,0,0,1,0,0,0,0,1,0,0,1,0,1,0,1,1,0,0,1,0,0,0,0,0,0,0,0,0,1,1,1,1,0,0,0,1,1,1,1,1,0,0,0,0,0,0,1,0,1,0,0,1,1,1,0,1,1,1,0,1,0,1,0,0,0,0,0,1,1,1,0,0,1,1,0,1,0,0,0,1,1,0,0,1,1,1,0,0,0,0,0,0,0,1,0,0,1,0,0,1,1,0,1,1,0,0,0,0,1,0,0,1,1,0,0,1,1,0,0,1,1,1,1,1,0,0,1,0,0,0,0,1,1,0,0,1,0,1,1,0,0,1,0,0,0,0,0,1,1,0,0,0,1,0,0,0,0,0,1,0,1,0,1,0,0,0,0,0,0,0,0,0,0,0,0,1,1,0,1,0,0,0,0,0,0,0,0,0,0,0,0,0,1,0,0,1,1,0,0,0,0,0,0,0,0,0,0,0,0,1.798794537270161,0.176577401388571,3.3730373083085374,5.6603646906233314,1.8103303578240635,4.0704966811627372,5.0238498512245364,4.9412375066758223,5.259510185397116,5.681544213015945,5.9801327534905004,6.2190890363927682,6.5120012207217517,6.7834897383077744,6.9910734721904326,7.2046997787441827,7.442282749675746,7.604303044174868,7.7026321812771803,7.9346913862821387,8.0423895628290225,11.002182040131228,11.50087739375906,9.0001373311970703,1.5943669732372068,2.6487306714560517,0,0.033279363633051687,0,1
59,1,0,0,1,0,1,0,1,0,1,0,1,0,1,0,1,0,0,1,1,1,1,1,1,1,1,0,0,1,1,0,1,0,0,0,0,1,0,0,1,0,1,1,1,1,0,1,1,0,0,0,1,0,0,1,0,1,1,1,1,0,1,1,1,1,1,1,1,1,0,1,0,1,0,1,1,0,1,0,1,1,0,1,1,1,0,1,0,1,1,0,1,1,1,1,1,0,1,0,1,0,0,0,1,0,1,1,1,0,0,1,1,0,1,0,1,1,1,0,1,1,1,0,1,1,1,0,1,0,1,0,0,1,0,0,1,1,1,0,1,1,0,0,0,0,1,0,0,1,0,0,0,1,0,1,0,1,0,0,1,0,1,0,0,0,1,0,1,0,0,0,1,0,1,1,0,0,1,0,0,0,0,1,0,0,0,0,1,0,0,1,0,0,1,0,0,0,0,0,0,1,1,0,1,1,1,1,0,0,0,1,1,1,1,0,1,0,0,0,1,0,0,1,0,0,0,1,1,1,0,1,1,0,0,0,1,0,1,1,0,0,0,1,1,1,0,0,1,1,1,1,0,0,0,0,0,0,0,1,1,1,0,0,0,0,0,0,0,1,0,0,1,0,0,1,1,0,1,1,0,0,0,0,1,0,0,1,1,0,0,1,1,0,0,1,1,1,1,1,1,1,1,1,1,0,0,1,1,0,0,1,0,1,0,0,1,1,1,0,0,0,0,1,1,0,0,0,1,0,0,1,0,0,1,1,1,0,1,0,0,0,0,0,0,0,0,1,0,0,0,0,1,0,1,0,0,0,0,0,0,0,0,0,0,0,0,0,1,0,0,1,1,0,0,0,0,0,0,0,0,0,0,1,0,1.1666742961776151,0.99690241855497064,0.22220187685969328,0.59266041046768903,9.7933928435187294,8.7597161821927205,4.4543221179522394,5.8665445944914927,5.1922178988326841,5.6766613260090022,5.9371633478294035,6.1941863126573597,6.58817425803006,6.6796673533226523,6.9242389562829025,7.234485389486534,7.442282749675746,7.604303044174868,7.7182879377431908,7.9078355077439531,8.0641794460975049,11.022323949034867,11.50087739375906,9.0016021972991531,0.83147375571188653,3.8356251686736562,0,0.033221377670625822,0,1
60,1,1,1,1,0,1,1,0,0,1,1,0,1,0,1,1,0,0,1,1,0,1,1,1,1,0,1,1,0,1,0,1,0,1,0,1,0,0,1,1,0,1,1,0,0,1,0,0,1,0,0,1,1,1,0,1,0,0,1,0,0,0,0,1,0,1,0,0,1,1,1,1,0,1,1,0,1,0,1,0,0,1,0,1,0,1,1,1,1,1,1,1,0,0,0,0,0,1,0,1,0,0,1,0,1,1,0,1,0,1,1,1,0,1,0,1,0,0,0,1,0,1,0,0,0,1,0,0,0,1,0,0,1,0,1,1,0,1,0,0,1,1,0,1,0,1,0,0,1,0,0,0,0,0,1,0,0,0,1,1,0,1,0,0,0,1,0,0,0,1,0,1,1,1,1,0,0,1,0,0,0,0,1,0,0,1,0,1,0,1,0,1,0,1,0,0,0,0,0,0,0,0,0,0,1,0,0,0,0,0,1,1,1,1,0,1,1,0,0,1,0,0,0,0,0,0,1,1,1,0,1,1,0,1,1,0,1,1,0,0,0,0,1,1,1,0,0,1,0,1,1,0,1,0,0,0,0,0,1,1,1,0,0,0,0,0,1,0,1,0,0,1,0,0,1,1,0,1,1,0,1,0,0,1,0,0,1,1,0,0,1,1,0,0,1,1,1,1,1,1,1,1,0,0,0,0,1,1,0,0,1,0,1,0,0,0,1,0,0,1,0,0,1,1,0,0,0,1,0,1,0,0,0,1,1,1,0,1,0,0,0,0,0,0,0,0,0,0,0,0,1,1,0,1,0,0,0,0,0,0,1,0,1,1,0,0,0,1,0,0,1,1,0,0,0,0,0,0,0,0,0,0,0,0,1.9251697566186008,0.8704356450751507,1.9544975967040514,4.9103532463569088,3.1021591515983826,4.1221332112611577,4.5303730830853741,5.0791790646219575,5.2946669718471044,5.6357671473258559,5.8753948271915766,6.2187228198672475,6.5032730601968414,6.7335011825741971,6.9636072327763792,7.1758907454032199,7.4588845654993516,7.6746166170748449,7.7165484092469674,7.8962386511024638,8.0846875715266648,11.002182040131228,11.624414435034714,9.0001373311970703,1.5425994026440524,2.7558309125718656,0,0.033159396371873893,0,1
61,1,1,0,0,1,0,0,0,1,0,1,1,0,1,1,0,1,0,1,0,1,0,1,1,0,1,0,0,0,1,1,1,1,0,0,1,1,0,1,1,0,1,1,0,1,1,0,1,0,1,0,0,0,1,1,0,0,1,0,1,1,1,1,0,0,0,0,0,0,0,1,1,1,1,0,0,1,0,1,1,0,1,0,1,0,1,1,0,1,0,1,1,1,1,1,1,0,1,0,1,0,0,1,0,1,1,0,0,1,1,1,1,0,1,0,0,1,1,0,1,1,0,0,0,0,1,0,0,0,1,0,0,1,0,1,1,0,0,0,1,0,1,1,1,0,1,0,0,1,0,1,0,1,0,1,1,0,0,0,1,0,1,0,0,0,1,1,1,0,0,0,1,1,1,1,1,0,1,0,0,0,0,1,0,0,1,0,1,0,1,0,0,0,1,0,0,0,0,0,0,1,0,0,1,1,1,1,0,0,0,1,1,1,1,1,0,0,0,0,0,0,1,0,1,0,0,1,1,1,0,1,1,1,0,0,0,1,0,0,0,0,0,1,1,1,0,0,1,1,1,0,0,0,1,1,1,0,0,1,1,1,0,0,0,0,0,0,0,1,0,0,1,0,0,1,1,0,1,1,0,0,1,0,1,0,0,1,1,0,0,1,1,0,0,1,1,1,1,1,1,0,1,0,0,0,0,1,1,0,0,1,0,1,1,0,0,1,0,0,0,0,0,1,1,0,0,0,1,0,0,0,0,0,1,0,1,0,1,0,0,0,0,0,0,0,0,0,0,0,0,1,1,0,1,0,0,0,0,0,0,0,0,0,0,0,0,0,1,0,0,1,1,0,0,0,0,0,0,0,0,0,0,0,0,1.5680781261921111,2.6762493324177918,3.642847333485923,2.1990081635767149,0.14816510261692226,4.066285191119249,4.5286640726329441,4.8448004882887004,5.2798352025635156,5.8353551537346462,6.112062256809339,6.2183566033417268,6.5627832455939572,6.7834897383077744,6.9764248111696041,7.2222781719691769,7.442282749675746,7.6394598306248565,7.7119096665903717,7.9346913862821387,8.0423895628290225,11.002182040131228,11.50087739375906,9.0001373311970703,1.6600837168554272,2.5053441120163642,0,0.033027192891463976,0,1
62,0,0,1,0,1,1,1,0,1,1,1,1,1,1,0,1,1,1,0,0,1,1,1,0,1,0,0,1,1,0,0,1,0,1,0,1,1,1,0,1,1,0,1,0,1,0,0,1,1,0,1,0,1,1,1,0,1,0,1,0,0,0,0,1,0,1,1,1,0,1,0,0,0,0,1,0,1,0,0,1,0,1,0,1,0,1,1,1,1,1,0,0,0,1,1,0,0,1,0,1,0,0,1,0,1,1,0,0,1,1,0,1,0,1,0,0,1,1,1,1,1,0,1,0,1,1,1,1,0,1,0,0,1,0,1,1,1,1,0,0,1,1,1,0,0,1,0,0,1,0,0,0,1,0,1,0,0,1,0,0,0,1,0,0,0,1,0,1,0,0,0,0,1,0,0,1,0,1,0,0,0,0,1,0,0,1,0,1,0,0,0,0,0,1,0,0,0,0,0,0,1,0,0,1,1,1,1,0,0,0,1,1,1,1,1,0,0,1,0,0,0,1,0,1,0,0,1,1,1,0,1,1,1,0,0,1,1,0,0,0,0,0,1,1,1,0,0,1,1,1,0,0,0,1,1,0,0,0,1,1,1,0,0,0,0,0,0,0,1,0,0,1,0,0,1,1,0,1,1,0,0,1,0,1,0,0,1,1,0,0,1,1,0,0,1,1,1,1,1,0,0,1,0,0,0,0,1,1,0,0,1,0,1,1,0,0,1,0,0,0,0,0,1,1,0,0,0,1,0,0,0,0,0,1,0,1,0,1,0,0,0,0,0,0,0,0,0,0,0,0,0,1,0,1,0,0,0,0,0,0,0,0,0,0,0,1,0,1,0,0,1,1,0,0,0,0,0,0,0,0,0,0,0,0,0.36710154879072249,3.2281376363775083,2.1951934081025404,5.4572365911345084,4.5375753414206148,4.1144426642252228,4.5282368200198366,4.980300602731365,5.3300984206912334,5.6751354238193326,5.9327992675669483,6.2168917372396439,6.5627832455939572,6.8108339055466542,6.9837491416800184,7.2217898832684826,7.442282749675746,7.6394598306248565,7.7026321812771803,7.9346913862821387,8.0423895628290225,11.000839246204318,11.503685053788052,9.0001373311970703,1.4753824986922408,2.8251164077246527,0,0.032943950030395498,0,1
63,1,1,1,0,0,0,1,0,0,0,1,1,1,1,1,0,0,0,1,0,1,1,1,1,1,1,0,0,0,1,0,1,0,0,0,0,0,0,0,0,0,1,0,1,1,0,1,1,0,0,0,1,1,1,0,0,1,1,1,1,1,0,1,1,1,1,0,1,1,0,0,0,1,0,0,1,0,1,1,1,1,0,0,1,1,1,0,0,1,0,0,1,1,0,1,0,0,1,0,1,0,0,1,1,1,1,0,0,0,0,1,0,0,1,0,1,0,0,1,1,1,1,1,1,1,0,0,1,0,1,0,0,1,0,1,0,1,0,0,1,0,1,1,0,0,1,0,0,1,0,0,1,1,0,1,0,0,1,0,0,0,1,0,0,0,1,0,1,0,0,0,1,0,0,1,0,0,1,0,0,0,0,1,0,0,0,1,1,0,1,0,0,0,1,0,0,0,0,0,0,0,0,1,1,1,1,1,0,0,0,1,1,1,1,0,0,1,0,0,1,1,0,0,0,0,0,1,1,1,0,1,1,0,0,0,0,1,0,1,0,0,0,1,1,1,0,0,0,1,1,1,0,0,1,0,0,0,0,1,1,1,0,0,0,0,0,0,0,1,0,1,0,0,0,1,1,0,1,0,0,1,0,0,0,1,0,1,1,0,0,1,1,0,0,1,1,1,0,0,1,1,1,1,1,0,0,1,1,0,0,1,0,0,0,0,0,0,1,0,0,0,0,1,1,0,0,0,0,0,0,0,1,0,1,1,1,0,1,0,0,0,0,0,0,0,0,0,0,0,1,1,1,0,1,0,0,0,0,0,0,0,0,0,0,0,0,0,1,0,0,1,1,0,0,0,0,0,0,0,1,0,0,0,0,1.7675440604257266,0.74641031509880218,0.0083314259555962462,0.90565346761272603,8.4606698710612651,7.3408102540627151,4.5805752651255052,5.2483710994125277,5.2444037537193866,5.753261615930418,5.9358205539024942,6.206637674525064,6.5246967269398031,6.6275425345235366,6.9187457084000918,7.1114366369115736,7.4428015564202337,7.388967727168688,7.6626230258640424,7.8150606546120391,7.8898603799496456,11.004867627985046,11.50087739375906,9.0118562600137331,0.98937479235564285,3.6666099046811462,0,0.032908292089045124,0,1
64,1,1,0,1,0,1,0,0,1,1,1,0,0,1,1,0,1,1,1,1,1,0,1,0,0,0,1,1,1,1,1,1,1,0,0,0,1,1,1,1,1,0,0,0,0,0,1,1,0,1,1,1,0,0,1,0,0,1,0,1,1,0,0,0,0,0,1,0,0,0,0,0,0,0,1,0,1,0,0,0,0,0,0,1,0,0,0,0,0,1,1,1,0,1,1,0,0,1,1,0,1,1,1,0,1,1,0,0,0,0,0,1,0,1,0,1,1,0,0,0,1,0,0,1,1,1,0,1,0,1,0,1,1,0,0,0,1,0,1,0,0,0,1,1,0,1,0,1,0,0,0,1,1,1,0,1,0,1,0,0,0,1,0,1,0,0,0,0,0,1,0,1,1,1,0,1,0,1,0,0,1,1,0,0,0,0,0,1,0,1,1,1,0,1,0,0,1,0,1,0,0,0,1,0,0,0,0,1,0,1,0,0,1,0,0,0,1,0,0,0,1,0,1,1,0,1,0,0,0,1,1,0,1,1,1,0,0,1,0,0,0,1,0,0,0,1,0,0,0,0,0,1,0,1,1,1,0,0,1,1,1,1,1,0,1,1,0,0,0,0,1,1,0,0,1,1,1,1,1,1,1,1,1,1,0,0,0,1,0,1,0,0,0,0,0,0,0,0,0,0,0,1,0,0,0,0,1,1,1,1,0,1,0,1,1,0,1,0,0,0,0,0,1,1,1,1,0,0,0,0,0,1,0,1,1,0,0,1,0,0,0,0,0,0,1,0,0,0,0,1,0,0,0,1,0,0,0,0,0,0,0,0,0,0,1,0,0,1,0,0,1,1,1,0,0,0,0,0,0,1,1,0,0,1,1.6632944228274968,3.9101548790722513,3.3636072327763791,3.5732967116807814,1.2561226825360494,0.77161821927214458,6.0569466697184708,5.5384145876249331,6.2323643854428932,6.3929198138399324,6.906324864576181,7.1335317006179899,7.5288319218738087,7.9345082780193792,8.3076218814374005,8.5113603418020904,8.3356679636835267,8.9918974593728542,9.5024643320363165,9.5948729686427097,9.8579995422293436,11.088792248416876,11.506492713817044,10.518471046005951,1.9011866125945833,1.9062476975789764,0,0.032783100665799446,0,1
65,0,0,0,1,0,1,1,1,1,1,0,0,0,1,0,0,0,0,1,0,1,0,0,0,1,0,0,1,0,1,0,0,0,0,1,0,1,0,0,1,1,1,1,0,0,1,0,0,0,1,0,1,1,0,1,1,0,1,0,1,1,1,0,0,1,1,1,1,1,1,1,1,0,1,0,1,1,1,0,1,1,1,1,1,0,1,0,0,1,0,0,0,0,1,0,0,0,1,0,1,0,0,0,1,1,1,0,0,1,1,1,1,0,1,0,0,1,1,0,1,1,1,0,0,0,0,0,0,0,1,0,0,1,0,0,1,1,1,0,1,0,0,1,1,0,1,0,0,1,0,0,1,1,0,0,1,0,1,1,1,0,1,0,0,0,1,0,0,0,0,1,0,0,1,1,0,0,1,0,0,0,0,1,0,0,0,0,1,0,0,0,0,0,1,0,0,0,0,0,0,0,0,0,1,1,0,0,1,0,0,1,1,1,1,0,1,0,0,0,1,0,0,1,0,0,0,1,1,1,0,1,1,1,0,0,0,0,1,1,0,0,0,1,1,1,0,0,0,0,1,1,0,0,1,1,0,0,0,1,1,1,0,0,0,0,1,0,0,1,1,0,0,0,0,1,1,0,1,0,0,1,1,1,0,0,1,1,0,0,0,1,1,0,0,1,1,1,1,1,0,0,1,0,0,0,0,1,1,0,0,1,0,1,1,0,0,1,0,0,0,0,0,1,1,0,0,0,1,0,0,0,0,0,1,0,1,0,1,0,0,0,0,0,0,0,0,0,0,0,0,1,1,0,1,0,0,0,0,0,0,0,0,0,0,0,0,0,1,0,0,1,1,0,0,0,0,0,0,0,0,0,0,1,0,0.18567177843900207,0.63404287785152968,0.98182650492103463,2.8550240329594874,9.9752803845273519,11.461844815747311,4.4739757381551843,4.8594491493095289,5.1908445868619815,5.7492942702372769,5.8565957122148466,6.1934538796063183,6.5100175478751812,6.6796673533226523,6.9755092698558023,7.0499122606240938,7.4770428015564203,7.4389562829022653,7.7026321812771803,7.9346913862821387,8.0423895628290225,11.002182040131228,11.50087739375906,9.0016021972991531,0.711637667288753,3.9323102524160873,0,0.032699005603122624,0,1
66,1,0,1,1,0,1,1,1,0,1,0,0,1,1,1,0,1,0,0,0,0,1,0,1,0,1,0,0,0,1,1,1,1,0,0,1,0,1,0,0,0,0,1,0,1,1,1,1,0,1,1,0,1,1,1,1,0,0,1,1,0,1,0,0,0,0,1,0,1,1,0,0,0,1,1,1,1,0,0,0,0,1,0,1,0,1,1,0,1,0,0,1,0,1,1,0,0,1,0,1,0,0,1,0,1,1,0,1,0,1,0,1,0,1,0,1,0,0,0,1,0,1,0,0,0,1,0,0,0,1,0,0,1,0,1,1,0,1,0,0,1,0,0,1,0,1,0,0,1,0,0,0,1,0,1,0,0,0,1,1,0,1,0,0,0,1,0,0,0,1,0,1,1,1,1,0,0,1,0,0,0,0,1,0,0,1,0,1,0,1,0,0,0,1,0,0,0,0,0,0,1,0,0,1,1,1,1,0,0,0,1,1,1,1,1,0,0,0,0,0,0,1,0,1,0,0,1,1,1,0,1,1,1,0,0,0,1,0,0,0,0,0,1,1,1,0,0,1,1,1,0,0,0,1,1,0,0,0,1,1,1,0,0,0,0,0,0,0,1,0,0,1,0,0,1,1,0,1,1,0,0,1,0,1,0,0,1,1,0,0,1,1,0,0,1,1,1,1,1,0,0,1,0,0,0,0,1,1,0,0,1,0,1,1,0,0,1,0,0,0,0,0,1,1,0,0,0,1,0,0,0,0,0,1,0,1,0,1,0,0,0,0,0,0,0,0,0,0,0,0,1,1,0,1,0,0,0,0,0,0,0,0,0,0,0,0,0,1,0,0,1,1,0,0,0,0,0,0,0,0,0,0,0,0,1.4320897230487526,2.082490272373541,3.4731059739070727,3.47515068284123,1.7370870527199207,4.0587777523460744,4.5299458304722666,5.0791790646219575,5.2935683222705423,5.6748302433813986,5.8753948271915766,6.2183566033417268,6.5627832455939572,6.7834897383077744,6.9764248111696041,7.2217898832684826,7.442282749675746,7.6394598306248565,7.7026321812771803,7.9346913862821387,8.0423895628290225,11.002182040131228,11.50087739375906,9.0001373311970703,1.6107418368741511,2.6024443193081348,0,0.032622935776689184,0,1
67,1,0,0,0,1,0,0,0,0,0,1,1,0,1,1,1,0,1,0,0,0,0,1,0,1,1,1,1,1,1,1,1,0,1,0,1,1,1,0,0,1,1,1,0,1,0,0,1,1,0,1,0,0,0,0,1,1,0,1,0,0,1,0,0,0,1,1,0,1,1,0,0,1,1,1,1,1,0,1,0,0,1,0,1,0,1,1,0,1,0,1,1,1,0,0,1,0,1,0,1,0,0,1,0,1,1,0,0,1,1,1,1,0,1,0,0,1,1,0,1,1,0,0,0,0,1,0,0,0,1,0,0,1,0,0,1,0,0,0,1,0,1,1,1,0,1,0,0,1,0,1,0,1,0,0,1,0,0,0,1,0,1,0,0,0,1,1,1,0,0,0,1,1,0,1,1,0,1,0,0,0,0,1,0,0,1,0,1,0,1,0,0,0,1,0,0,0,0,0,0,0,0,0,1,1,1,1,0,0,0,1,1,1,1,1,0,0,0,1,0,0,1,0,1,0,0,1,1,1,0,1,1,1,0,0,0,1,0,0,0,0,0,1,1,1,0,0,1,1,0,1,0,0,1,1,1,0,0,1,1,1,0,0,0,0,0,0,0,1,0,0,1,0,0,1,1,0,1,1,0,0,1,0,1,0,0,1,1,0,0,1,1,0,0,1,1,1,1,1,1,0,1,0,0,0,0,1,1,0,0,1,0,1,1,0,0,1,0,0,0,0,0,1,1,0,0,0,1,0,0,0,0,0,1,0,0,0,1,0,0,0,0,0,0,0,0,0,0,1,0,1,1,0,1,0,0,0,0,0,0,0,0,0,0,0,0,0,1,0,0,1,1,0,0,0,0,0,0,0,0,0,0,0,0,1.0641947051194018,1.0468299382009614,2.1776150148775462,5.0513466086823833,4.2569619287403677,4.0651865415426869,4.5286640726329441,4.8448004882887004,5.139208056763561,5.8255893797207605,6.1107194628824297,6.2183566033417268,6.5120012207217517,6.7971618219272143,6.9764248111696041,7.2066529335469598,7.442282749675746,7.6394598306248565,7.7119096665903717,7.9346913862821387,8.0417486839093613,11.007553215838865,11.50087739375906,9.0001373311970703,1.3397447921870915,3.1016049524216833,0,0.03250978950267789,0,1
68,1,1,0,0,1,0,0,0,0,0,1,1,0,1,1,0,1,0,1,0,1,0,1,1,0,1,0,0,0,1,1,1,1,0,0,1,1,1,0,1,0,1,1,0,1,1,0,1,0,1,1,0,0,0,1,0,1,1,0,0,0,0,1,0,0,0,0,0,0,0,1,1,1,1,0,1,1,0,1,1,0,1,0,1,0,1,1,1,1,0,1,1,0,1,0,1,0,1,0,1,1,0,0,0,1,1,0,0,1,1,0,1,0,1,0,0,1,1,1,1,0,0,0,0,1,1,1,1,0,1,0,0,1,0,1,0,1,1,0,0,1,0,0,1,0,1,0,0,1,0,0,0,1,0,1,1,1,0,1,1,0,1,0,0,0,1,0,1,0,0,1,1,1,1,1,0,0,1,0,0,0,0,1,0,0,1,1,1,1,1,0,0,0,1,0,0,0,0,0,0,0,1,0,1,1,0,1,0,0,0,1,1,1,1,1,0,0,0,0,0,0,1,0,1,0,0,1,1,1,0,1,1,1,1,0,1,1,0,0,0,0,0,1,1,1,0,0,1,0,1,1,0,0,1,1,0,0,0,1,1,1,0,0,0,0,0,1,0,1,0,0,0,0,0,1,1,0,1,1,0,0,1,0,1,0,0,0,1,0,0,1,1,0,0,1,1,1,1,1,0,1,1,0,0,0,0,1,1,0,0,1,1,1,0,0,0,1,1,0,0,0,0,1,1,0,0,0,1,0,0,0,0,0,1,1,1,0,1,0,0,0,0,0,0,0,0,0,0,0,0,1,1,0,1,0,0,0,0,0,0,0,0,0,0,0,1,0,1,0,0,1,1,0,0,0,0,0,0,0,0,0,0,0,0,1.5641718165865568,2.6762493324177918,3.6897230487525752,3.0862287327382316,0.15060654612039368,4.1113298237582967,4.8563668268863962,4.9412375066758223,5.2584115358205539,5.6821545738918129,5.9505912870984963,6.2330052643625553,6.535805294880598,6.7834897383077744,7.0130464637216754,7.1749141680018313,7.458365758754864,7.6383611810482943,7.707270923933776,8.0543221179522391,8.043671320668345,11.002182040131228,11.503685053788052,9.0001373311970703,1.7118599641843282,2.3549405722341672,0,0.032502905307851077,0,1
69,1,1,1,0,0,0,1,0,1,0,1,1,1,0,1,1,1,1,0,0,0,1,1,1,0,1,0,0,0,1,1,1,1,0,1,0,1,0,1,1,1,1,1,0,1,1,0,1,0,1,1,0,1,1,1,1,1,1,0,0,1,1,0,1,0,0,1,0,1,1,0,1,0,1,1,1,1,0,0,0,0,0,0,0,0,1,1,0,0,1,0,1,0,0,1,0,0,1,1,0,1,1,0,1,0,0,0,1,0,1,1,1,0,1,0,1,1,0,0,0,1,0,0,1,1,1,1,1,0,1,0,1,1,0,0,1,0,1,0,1,0,1,1,1,0,1,0,1,0,0,1,0,1,1,0,1,0,0,0,1,0,1,0,0,1,1,1,0,0,1,1,1,1,1,1,1,0,1,0,0,1,1,0,0,0,1,0,1,1,1,0,1,0,1,0,0,1,0,1,0,0,0,1,0,1,0,0,1,0,1,0,0,1,0,0,0,0,1,1,1,1,1,0,0,0,1,0,0,0,1,1,0,0,0,0,0,1,0,1,0,0,1,0,0,0,1,0,0,1,1,1,1,1,1,1,0,0,0,1,1,1,1,1,1,1,1,0,0,0,0,1,1,0,0,1,1,1,1,1,1,1,1,1,1,0,0,0,1,0,1,0,0,0,0,0,0,0,0,0,0,0,1,0,0,0,0,1,1,1,1,0,1,0,1,1,0,1,0,0,0,0,0,1,1,1,1,0,0,0,0,0,1,0,1,1,0,0,1,0,0,0,0,0,0,0,0,0,0,0,1,0,0,0,1,0,0,0,0,0,0,0,0,0,0,1,0,0,0,0,0,1,1,1,0,0,0,0,0,0,1,1,0,0,1,1.7713588158999007,3.1137560082398719,4.0295719844357976,3.4938277256427863,1.7761501487754636,0.29626916914625773,5.9659418631265737,5.5389028763256274,6.2818036163881894,6.4701304646372169,6.745860990310522,7.1591668574044398,7.5320057984283215,7.9280994888227667,8.2078278782330063,8.62415503166247,8.4684824902723737,8.9918974593728542,9.5024643320363165,9.5948729686427097,9.8579995422293436,11.002853437094682,11.505790798809796,10.518471046005951,1.888921797237844,1.9712635192747927,0,0.032400979816712402,0,1
70,1,1,1,0,1,1,1,1,1,1,1,0,1,1,1,0,1,1,1,1,1,0,1,1,0,0,1,1,1,1,1,1,1,0,0,0,0,1,1,1,1,0,0,0,0,0,1,1,0,1,1,1,0,0,1,0,0,1,1,0,1,0,1,0,0,0,0,0,0,0,0,0,0,0,1,0,1,0,1,0,0,0,0,1,0,1,0,0,0,1,1,1,1,1,0,0,0,1,1,0,1,1,1,0,1,0,0,1,0,0,0,1,0,1,0,1,1,0,0,1,0,0,0,1,1,1,1,1,0,1,0,1,0,1,1,0,1,0,0,1,0,0,1,1,0,1,0,1,0,0,1,0,1,0,0,1,1,1,1,0,0,1,0,0,1,1,1,0,0,1,1,1,1,0,1,1,0,1,0,0,1,1,0,0,0,0,0,1,1,1,1,1,0,1,0,0,1,0,1,0,1,1,0,1,1,0,0,1,0,1,0,0,1,0,0,0,0,0,1,1,1,1,1,1,0,1,0,0,0,1,1,0,1,0,0,0,1,0,1,0,0,1,0,0,0,1,0,0,1,0,1,1,1,1,1,0,0,0,1,1,1,1,1,1,1,1,0,0,0,0,1,1,0,0,1,1,1,1,1,1,1,1,1,1,0,0,0,1,0,1,0,0,0,0,0,0,0,0,0,0,0,1,0,0,0,0,1,1,1,1,0,1,0,1,1,0,1,0,0,0,0,0,1,1,1,1,0,0,0,0,0,1,0,1,1,0,0,1,0,0,0,0,0,0,0,0,0,0,0,1,0,0,0,1,0,0,0,0,0,0,0,0,0,0,1,1,0,1,0,0,1,1,1,0,0,0,0,0,0,0,0,0,0,0,1.8744792858777752,3.9257801174944684,3.1761043717097737,3.5754940108339057,0.0064087891966124969,0.96021972991531235,6.0466926070038909,5.5701533531700615,6.0873426413366909,6.4545662623025866,6.7445181963836127,7.1364614328221556,7.6018310826276041,7.9020370794232093,8.2664225223163204,8.5929045548180358,8.4684824902723737,8.9918974593728542,9.5024643320363165,9.5948729686427097,9.8579995422293436,11.002853437094682,11.509300373846036,10.500160219729915,1.9312685450312246,1.7984469123691313,0,0.032213931172583324,0,1
71,1,0,1,1,0,0,0,1,0,1,1,0,0,0,0,1,1,1,0,1,1,0,1,0,0,0,1,0,0,0,0,1,1,0,1,1,0,0,0,1,0,0,1,0,0,1,1,1,0,1,0,0,1,0,1,0,0,0,1,1,0,0,1,0,0,0,0,0,0,0,0,0,0,1,0,0,0,1,0,0,0,1,1,1,0,1,1,0,0,0,1,1,1,1,1,0,0,1,1,0,1,0,1,1,1,1,0,0,0,0,0,1,0,1,0,1,1,0,0,1,0,0,0,1,1,1,0,1,0,1,0,1,0,1,1,0,1,0,0,1,0,0,1,1,0,1,0,1,0,0,0,1,1,0,0,1,0,1,0,0,0,1,0,1,0,0,0,0,0,1,0,0,1,1,0,1,0,1,0,0,1,1,0,0,0,0,0,1,0,1,1,1,0,1,0,0,1,0,1,0,0,1,1,0,0,0,0,1,0,1,0,0,1,0,0,0,1,1,0,0,1,0,1,1,0,1,0,0,0,1,1,0,1,1,1,0,0,1,0,0,0,1,0,0,0,1,0,0,0,0,1,1,1,0,1,0,0,0,1,1,1,1,1,1,1,1,1,0,0,1,1,1,0,0,1,1,1,1,1,1,1,1,1,1,0,0,1,1,0,1,0,0,0,0,0,0,1,0,0,0,0,1,0,0,0,0,1,1,1,1,0,1,0,1,1,0,1,0,1,0,0,0,1,1,1,1,0,0,0,0,0,1,0,1,1,0,0,1,0,0,0,0,0,0,0,0,0,0,0,1,0,0,0,1,0,0,0,0,0,0,0,0,0,0,1,0,0,0,0,0,1,1,1,0,0,0,0,0,0,1,1,0,0,1,1.3857938506141756,3.4083161669336994,4.152071412222476,2.3186388952468149,0.010376134889753566,5.5426871137560081,5.8928816662851915,5.5696650644693673,6.0873426413366909,6.373388265812161,6.9009536888685439,7.1335317006179899,7.5542229343099114,7.9618524452582591,8.3076218814374005,8.5284504463263904,8.48715953307393,8.9929961089494164,9.5766842145418476,9.5960936903944454,9.8579995422293436,11.002853437094682,11.505790798809796,10.518471046005951,1.7469009883732143,2.259484972176141,0,0.032204495869127756,0,1
72,1,1,0,0,1,0,0,1,0,0,1,0,0,1,0,0,0,0,0,0,0,0,1,0,1,0,1,0,1,0,0,0,0,0,0,1,1,0,1,1,1,1,0,1,0,1,0,0,1,1,1,1,0,1,1,0,0,1,1,1,0,1,0,0,0,1,1,1,1,1,1,0,1,1,1,0,0,0,0,0,0,1,0,1,0,1,1,0,1,1,1,1,0,1,0,1,0,1,0,1,1,0,0,1,1,1,0,0,1,1,0,1,0,1,0,0,1,1,1,1,0,0,0,0,1,1,1,1,0,1,0,0,1,0,1,1,0,1,1,1,0,1,1,0,0,1,0,0,0,0,1,1,1,0,1,1,0,1,1,1,0,1,0,0,0,1,0,0,0,0,0,0,0,1,1,0,0,1,0,0,0,0,1,0,0,0,0,1,0,0,0,0,0,1,0,0,0,0,0,0,0,0,0,1,1,0,1,0,0,0,1,1,1,1,0,0,1,0,0,1,1,0,0,0,0,0,1,1,1,0,1,1,0,0,1,1,0,1,1,0,0,0,1,1,1,0,0,1,1,1,1,0,0,0,0,0,0,0,1,1,1,0,0,0,0,0,0,0,1,0,1,0,0,0,1,1,0,1,1,0,0,0,0,1,1,1,1,1,0,0,1,1,0,0,1,1,1,0,1,1,1,1,1,1,0,0,1,1,0,0,1,0,1,0,0,1,1,1,0,1,0,0,1,1,0,0,0,1,0,0,1,0,0,1,1,1,0,1,0,0,0,0,0,0,1,0,1,0,0,0,1,1,0,1,0,0,0,0,0,0,0,0,0,0,0,0,0,1,0,0,1,1,0,0,0,0,0,0,0,0,0,0,0,0,1.5714351110093843,0.041504539559014265,0.65223163195239187,7.7017776760509653,4.9561303120469979,4.0761730373083083,4.911055161364156,4.9412375066758223,5.3059281300068664,5.2903028915846493,5.8458533607995724,6.1934538796063183,6.5104142824444953,6.6275425345235366,6.938887617303731,7.234485389486534,7.4428015564202337,7.6108949416342409,7.6811779964904252,7.9084458686198209,8.0641794460975049,11.10960555428397,11.50087739375906,9.0001373311970703,1.3741486608794753,3.0070697706357974,0,0.032133329380320347,0,1
73,0,0,0,0,1,0,0,0,0,0,0,0,1,0,0,0,0,0,1,0,0,1,1,1,1,1,1,0,0,0,1,1,0,0,0,0,0,1,1,1,1,1,0,1,1,0,0,0,0,1,0,1,1,1,1,1,1,0,1,1,0,1,0,0,1,1,1,1,1,1,1,1,0,1,0,1,1,0,1,1,1,1,1,1,1,1,0,0,1,0,1,1,0,1,0,1,0,1,1,1,0,0,1,1,0,1,1,1,1,1,0,1,0,1,0,0,1,1,1,1,1,1,0,0,1,1,1,1,0,1,0,0,1,0,0,1,1,1,0,1,0,0,1,1,0,1,0,0,1,0,0,0,0,0,1,1,0,1,1,1,0,1,0,0,0,1,0,0,0,0,0,0,0,1,1,0,0,1,0,0,0,0,1,0,1,0,0,1,0,0,0,0,0,1,0,0,0,0,0,0,0,0,0,1,0,0,0,0,0,0,1,1,1,1,0,1,0,1,0,0,1,1,0,1,0,0,1,1,1,0,0,1,1,1,0,0,0,1,1,0,0,0,1,1,1,0,0,0,1,1,1,0,0,1,1,0,0,0,1,1,1,0,0,0,0,0,0,0,1,1,0,0,0,0,1,1,0,1,0,0,1,1,0,0,1,1,1,1,0,0,1,1,0,0,1,1,1,0,0,0,1,1,0,0,0,0,1,1,0,0,1,0,0,0,0,0,0,1,0,0,0,0,1,1,0,0,0,0,0,0,0,0,1,1,1,1,0,1,0,0,0,0,0,0,0,0,0,0,0,0,1,1,0,1,0,0,0,0,0,0,0,0,0,0,0,0,0,1,0,0,1,1,0,0,0,0,0,0,0,0,0,0,1,0,0.062745098039215685,0.62323949034866866,0.18384069581139847,2.9907682917524987,9.974975204089418,11.84582284275578,6.3158617532616157,4.9881132219424735,5.1908445868619815,5.6418707560845345,5.8458533607995724,6.2403295948729696,6.5064469367513542,6.7048752574959947,6.7704280155642023,7.1124132143129621,7.443839169909209,7.4263218127718007,7.6516060120546276,7.8150606546120391,7.8847333485923556,11.002182040131228,11.50087739375906,9.0016021972991531,0.58945413898689702,4.0214425406915497,0,0.032115510554423375,0,1
74,0,0,0,0,1,1,1,0,0,1,0,1,0,1,0,1,1,1,0,0,1,1,1,0,1,0,0,1,0,0,0,1,0,1,0,1,1,1,0,1,1,1,1,0,1,0,0,1,1,0,1,0,1,0,1,0,1,1,1,0,0,1,0,1,0,1,1,1,0,1,0,0,0,0,0,0,1,0,1,1,0,1,0,1,0,1,1,0,1,1,0,0,0,1,1,0,0,1,0,1,1,0,1,0,1,0,0,0,1,1,0,1,0,1,0,0,1,1,1,0,1,0,1,0,0,0,0,0,0,1,0,0,1,0,0,1,1,0,0,1,1,0,1,1,0,1,0,0,1,0,0,0,0,0,1,0,0,1,1,1,0,1,0,0,0,1,0,0,0,1,0,0,1,1,0,0,0,1,0,0,0,0,1,1,0,0,0,0,0,0,0,0,0,1,0,0,0,0,0,0,0,0,0,1,1,1,1,0,0,0,1,1,1,1,0,0,1,0,0,1,1,1,0,0,0,0,1,1,1,0,1,1,0,0,0,0,1,0,1,0,0,0,1,1,1,0,0,0,0,1,1,0,0,1,1,0,0,0,1,1,1,0,0,0,0,0,0,1,0,0,1,0,0,0,1,1,0,1,0,0,1,0,0,0,0,0,1,1,0,0,1,1,0,0,1,0,1,0,0,1,1,1,0,1,0,0,1,1,0,0,1,0,0,0,0,0,0,0,0,1,0,0,1,1,0,0,0,0,0,0,0,1,0,0,1,1,0,1,0,0,0,0,0,0,0,0,0,0,0,0,0,1,0,1,0,0,0,0,0,0,0,0,0,0,0,1,0,0,0,0,1,1,0,0,0,0,0,0,0,0,0,0,0,0,0.11197070267795835,3.227649347676814,2.2010528725108718,5.3405355916685737,4.5329976348516059,4.0675669489585715,4.9520714122224767,4.9141374837872895,5.1754634927901115,5.6369878690775916,5.8693522545204848,6.2813458457312894,6.5120012207217517,6.6292515449759666,6.9187457084000918,7.0499122606240938,7.4469520103761351,7.3845731288624394,7.5130235751888303,7.8132295719844356,7.8872968642710006,11.000839246204318,11.502983138780804,9.0001373311970703,1.386375286309717,2.9704878866662727,0,0.032033456003537394,0,1
75,1,1,1,0,0,1,1,0,0,1,1,0,0,1,1,0,0,0,1,0,1,0,1,1,1,1,0,0,0,1,0,1,0,0,0,0,1,1,0,0,0,1,0,0,1,0,1,1,0,0,0,1,1,0,0,0,1,1,1,1,1,0,1,1,1,1,1,1,0,0,0,0,0,1,0,1,1,0,1,1,0,1,1,1,1,0,1,1,1,1,1,0,1,1,1,1,0,1,0,1,0,0,1,0,0,0,1,1,1,1,0,1,0,1,0,0,1,1,1,1,1,1,0,0,0,0,1,0,0,1,0,0,1,0,0,1,0,1,0,0,1,0,1,1,0,1,0,0,1,0,0,1,0,0,1,0,0,1,1,1,0,1,0,0,0,1,0,0,0,1,0,1,1,1,1,0,0,1,0,0,0,0,1,0,0,1,0,1,0,0,0,0,0,1,0,0,0,0,0,0,0,0,1,0,1,1,1,0,0,0,1,1,1,1,0,0,1,0,0,1,1,0,0,0,0,0,1,1,1,0,1,1,0,0,0,0,1,0,1,0,0,0,1,1,1,0,0,0,1,1,1,0,0,1,1,0,0,0,1,1,1,0,0,0,0,0,0,0,1,0,1,0,0,0,1,1,0,1,0,0,1,0,0,0,1,0,1,1,0,0,1,1,0,0,1,1,1,0,0,1,1,1,0,1,0,0,1,1,0,1,1,0,0,0,0,0,0,0,0,0,0,0,1,1,0,0,0,0,0,0,0,0,0,0,1,1,0,1,0,0,0,0,0,0,0,0,0,0,0,0,1,0,0,1,0,0,0,0,0,0,0,0,0,1,0,1,0,1,0,0,1,1,0,0,0,0,0,0,0,0,0,0,1,0,1.8000152590218967,0.68390936140993364,0.28812085145342187,0.78065156023498894,9.3890287632562757,5.8094758525978483,4.4974746318760968,4.9849393453879607,5.1534905012588688,5.715114061188677,5.8753948271915766,6.2168917372396439,6.5183489738307774,6.6275425345235366,6.9187457084000918,7.1124132143129621,7.4428015564202337,7.388967727168688,7.6614633401998935,8.4376287479972536,7.8770428015564207,11.001510643167773,11.514915693904021,9.0016021972991531,1.0071834370273329,3.6397368548396845,0,0.031974944298665681,0,1
76,1,1,1,0,0,1,1,0,0,1,1,1,1,1,1,0,0,0,0,0,1,0,1,0,0,1,0,0,1,1,0,1,1,0,0,1,1,1,1,1,1,1,1,0,1,0,1,0,1,0,1,1,0,1,0,1,0,0,1,0,0,0,0,1,0,0,1,0,1,1,1,0,0,1,0,1,1,0,0,0,0,1,0,1,0,1,1,0,1,1,0,1,0,1,1,0,0,1,0,1,0,0,1,0,0,1,0,0,1,1,0,1,0,1,0,0,1,1,1,1,1,0,1,0,1,1,0,1,0,1,0,0,1,0,1,1,1,1,0,0,1,1,1,0,0,1,0,0,1,0,0,0,0,0,1,1,0,0,0,0,0,1,0,0,0,1,0,0,1,1,0,1,0,0,1,0,0,1,0,0,0,0,1,1,1,0,0,1,0,0,1,0,0,1,0,0,0,0,1,0,0,1,0,1,1,1,1,0,0,0,1,1,1,1,1,0,0,0,0,0,0,1,0,1,0,0,1,1,1,0,1,1,1,0,0,1,1,0,0,0,0,0,1,1,1,0,0,1,1,0,1,0,0,1,1,0,0,0,1,1,1,0,0,0,0,0,0,0,1,0,1,0,0,0,1,1,0,1,1,0,1,1,0,1,0,0,1,1,0,0,1,1,0,0,1,1,1,1,1,0,0,1,0,0,0,0,1,1,0,0,1,0,1,1,0,0,1,1,0,0,0,0,1,1,0,0,0,1,1,0,0,0,0,1,0,1,0,1,0,0,0,0,0,0,0,0,0,0,0,0,0,1,0,1,0,0,0,0,0,0,0,0,0,0,0,0,0,1,0,0,1,1,0,0,0,0,0,0,0,0,0,0,0,0,1.8007476920729382,0.16095216296635387,3.7480430304417487,5.6603646906233314,1.8103303578240635,4.0704966811627372,4.5008926527809567,4.9798123140306707,5.3300984206912334,5.639734493018997,5.9143358510719457,6.3348134584573135,6.7405203326466783,6.7834897383077744,6.9837491416800184,7.2061646448462655,7.4428015564202337,7.7097734035248333,7.7026321812771803,7.9371328297856101,8.1244220645456622,11.000839246204318,11.50087739375906,9.0001373311970703,1.6232667454513598,2.575681177899467,0,0.031787912892752734,0,1
77,1,1,0,1,0,1,0,0,1,0,1,1,1,1,1,1,1,1,1,1,0,0,1,0,1,0,0,1,1,1,0,1,1,1,1,1,1,1,1,1,1,1,0,1,1,0,1,1,1,1,1,1,1,1,1,1,1,1,0,1,0,0,1,1,0,0,0,0,0,0,1,1,1,1,0,0,0,0,1,1,0,0,0,0,0,1,0,0,0,0,0,0,1,0,1,1,0,0,0,0,0,0,0,0,0,1,0,0,0,0,0,0,0,0,0,0,0,0,1,0,1,1,0,1,1,0,0,0,0,1,0,1,1,0,0,0,0,0,1,0,0,0,1,1,0,1,0,1,0,0,1,0,1,0,0,1,1,0,0,0,0,1,0,1,0,0,0,0,0,0,0,0,1,1,0,1,0,1,0,0,1,1,0,1,0,0,0,1,0,0,1,1,0,1,0,0,1,0,1,1,1,1,0,1,1,0,0,0,0,1,0,0,1,0,0,0,0,1,1,1,1,1,1,1,0,1,0,0,0,1,1,0,1,1,1,0,1,1,0,1,0,1,0,0,0,1,0,0,1,0,1,1,0,1,1,1,0,0,1,1,1,1,1,1,1,1,1,0,1,0,0,1,0,0,1,1,1,1,1,1,1,1,1,1,0,0,0,1,0,1,0,0,0,0,0,0,0,0,0,1,0,1,1,0,0,0,1,1,1,1,0,1,0,1,1,0,1,0,0,0,0,0,1,1,1,1,0,0,0,0,1,1,0,0,1,0,0,1,0,0,0,0,0,0,0,0,1,0,0,1,0,0,0,1,0,0,0,0,0,0,0,0,0,0,1,1,0,1,0,0,1,1,1,0,0,1,0,0,0,0,0,0,0,1,1.6621042191195545,3.7908903639276721,5.9967040512703136,7.9946288242923629,0.14694438086518655,0.18951705195696955,0.013672083619439994,0.17773708705271993,6.1972075989929047,6.452735179674983,6.8794689860379954,7.2258182650492095,7.702998397802701,7.9293812466620892,8.3117418173495086,8.5894865339131758,8.4881971465629054,8.9918974593728542,9.5129015030136568,9.5948729686427097,9.8759441519798585,11.024338139925231,11.509300373846036,10.688395513847563,2.20073987718109,0.55733898271749371,0,0.031316005149558679,0,1
78,1,1,0,1,1,1,0,1,1,0,0,0,1,1,1,0,1,1,1,1,1,1,1,1,1,1,1,1,0,1,1,0,1,1,1,0,1,1,1,1,1,1,1,0,0,0,0,0,1,1,0,0,1,1,0,0,1,1,0,0,0,0,1,1,0,0,0,0,0,0,0,0,1,0,0,1,0,1,0,1,0,0,0,0,0,0,0,0,0,0,0,0,1,0,1,0,0,0,0,0,0,0,0,0,0,0,1,0,0,0,0,1,0,1,0,1,1,0,1,1,1,1,0,1,0,0,0,1,0,1,0,1,1,0,0,0,1,0,1,0,0,1,1,0,0,1,0,1,0,1,0,0,1,0,1,0,1,1,0,1,0,1,0,1,0,0,1,1,0,1,1,0,1,1,0,1,0,1,0,0,1,1,1,1,0,0,1,0,1,0,1,0,0,1,0,0,1,1,0,1,1,0,0,1,0,0,1,1,0,1,0,0,1,0,1,1,1,1,1,1,0,1,1,1,0,1,0,0,0,1,1,0,1,0,0,0,0,0,0,0,0,1,0,0,0,1,1,0,1,0,1,0,1,1,1,1,0,0,1,1,1,1,1,1,1,0,0,1,0,0,0,0,0,0,1,1,1,1,1,1,1,1,1,0,1,0,0,1,0,1,0,0,0,0,0,1,1,0,0,1,0,1,1,0,0,0,1,1,1,1,1,1,1,1,1,0,0,1,1,0,0,0,1,1,1,1,1,0,1,0,1,0,1,1,0,1,0,1,0,0,0,0,0,0,0,0,0,0,1,0,1,1,0,1,0,0,0,0,0,0,0,1,0,0,0,1,0,0,0,0,1,1,1,0,1,1,1,0,0,0,0,0,0,0,1.7309224078736554,3.9994506752117189,5.6221560997940028,6.3989013504234382,0.022735942626077671,0.0018310826276035706,0.0070496681162737478,5.7386129549095903,6.2331883726253148,6.6153963530937663,7.1695124742504008,7.4217441062027927,7.8787518120088498,8.3087815671015495,8.2618448157473114,8.8355840390630966,8.4420233463035022,8.9875028610666057,9.7355611505302502,9.9842832074464027,10.282902265964751,11.007553215838865,11.547905699244678,11.156420233463034,2.1770047602368359,0.82366191747756512,0,0.030906911222527096,0,1
79,1,1,1,0,1,1,1,1,1,1,1,1,0,0,1,0,1,1,1,1,0,0,1,1,1,0,0,1,1,1,0,1,1,1,1,1,1,1,1,1,1,1,0,1,1,0,1,1,1,1,1,1,1,1,1,0,1,0,0,1,0,0,1,1,0,0,0,0,0,0,1,1,0,0,1,0,1,0,1,1,0,0,0,0,0,0,0,0,0,0,0,0,0,0,1,0,0,0,0,0,0,0,0,0,0,1,0,0,1,0,0,0,0,0,0,0,0,0,0,0,1,1,0,1,1,0,0,0,0,1,0,1,1,0,0,0,0,0,1,0,0,1,1,0,0,1,0,1,0,1,0,1,1,0,1,0,0,1,0,1,0,1,0,1,0,0,1,1,0,1,1,0,0,1,0,1,0,1,0,0,1,1,1,1,0,0,1,0,1,0,1,0,0,1,0,0,1,1,0,1,1,0,0,1,0,0,1,1,0,1,0,0,1,0,1,1,1,1,1,1,0,1,1,1,0,1,0,0,0,1,1,1,1,0,0,0,0,0,0,0,0,1,0,0,0,1,1,0,1,0,1,0,1,0,1,1,0,0,1,1,1,1,1,1,1,0,0,1,1,0,0,0,0,0,1,1,1,1,1,1,1,1,1,0,1,0,0,1,0,1,0,0,0,0,0,1,1,0,0,1,0,1,1,0,0,0,1,1,1,1,1,1,1,1,1,0,0,1,1,0,0,0,1,1,1,1,1,0,1,0,1,0,1,1,0,1,0,1,0,0,0,0,0,0,0,0,0,0,1,0,1,1,0,1,0,0,0,0,0,0,0,1,0,0,1,1,0,0,0,0,1,1,1,0,1,1,1,0,0,0,0,0,0,0,1.8746013580529488,3.8065156023498892,5.9967040512703136,7.9555657282368202,0.12375066758220797,0.00036621652552071412,0.015381094071869994,0.052735179674982834,6.1980315861753263,6.6910811017013803,7.1668268863965823,7.4217441062027927,7.8787518120088498,8.3087815671015495,8.3790341039139395,8.8336308842603195,8.4461738002594036,8.9875028610666057,9.7355611505302502,9.9842832074464027,10.282902265964751,11.007553215838865,11.553521019302663,11.156420233463034,2.2085821514060471,0.39469066930062646,0,0.029895437375009933,0,1
80,1,1,1,1,1,1,1,1,1,1,0,0,1,0,0,0,1,0,0,1,1,1,0,1,0,0,0,1,1,1,0,1,1,1,1,0,1,1,1,1,1,1,1,0,0,0,0,0,1,1,0,1,1,1,1,1,1,1,0,0,0,0,1,0,0,0,0,0,1,1,0,0,1,0,0,0,0,1,0,1,0,0,0,0,0,0,0,0,0,1,0,0,0,0,1,1,0,0,0,0,0,0,0,0,0,0,0,0,0,0,1,1,0,1,0,1,1,0,0,1,1,0,0,1,1,0,1,0,0,1,0,1,1,0,0,1,0,1,0,1,0,1,1,1,0,1,0,1,0,0,1,0,0,1,0,1,0,1,0,0,0,1,0,1,0,0,0,1,0,1,1,0,1,1,1,1,0,1,0,0,1,1,0,0,0,1,0,1,1,1,0,1,0,1,0,0,1,0,1,0,0,1,1,0,1,0,0,1,0,1,0,0,1,0,0,0,0,1,1,1,1,1,0,1,0,1,0,0,0,1,1,1,1,0,0,0,1,0,1,0,0,1,0,0,0,1,0,0,0,0,1,1,1,1,1,0,0,0,1,1,1,1,1,1,1,1,1,1,0,0,1,1,0,0,1,1,1,1,1,1,1,1,1,1,0,0,0,1,0,1,0,0,0,0,0,0,0,0,0,0,0,1,1,0,0,0,1,1,1,1,1,0,0,1,1,0,0,0,1,0,0,0,1,1,1,1,0,0,1,0,0,1,0,0,1,0,0,1,0,0,0,0,0,0,0,0,0,0,0,1,0,0,0,1,0,0,0,0,0,0,0,0,0,0,1,1,1,1,0,0,1,1,1,0,0,1,0,0,0,1,0,0,0,0,1.9983215075913634,2.4549324788281073,5.6221560997940028,6.9925383382925155,0.4890516517891203,0.012268253604943925,0.00064087891966124971,5.60018310826276,6.2818036163881894,6.4319829098954759,6.9983062485694667,7.1591668574044398,7.5573968108644243,7.9285267414358742,8.3836118104829485,8.5304036011291675,8.4933852140077821,8.9918974593728542,9.5036240177004654,9.7474631876096733,9.9374685282673383,11.002853437094682,11.510704203860533,10.699382009613185,2.1091757446361337,1.0572269215198016,0,0.029758329044105927,0,1
81,1,1,0,1,0,0,1,1,1,1,1,0,1,0,1,0,1,1,1,1,1,0,1,1,0,0,0,1,1,1,1,0,1,1,1,1,0,0,1,0,0,1,1,0,0,0,0,1,0,1,1,1,1,0,1,0,1,1,1,0,0,1,0,0,0,0,0,0,1,1,0,1,0,0,1,0,1,1,0,0,0,0,0,0,0,1,0,1,0,1,0,0,0,1,0,1,0,0,1,0,0,1,1,1,0,1,0,1,1,0,1,0,0,1,0,1,1,0,0,0,1,0,0,1,1,1,1,1,0,1,0,1,1,0,0,0,1,0,1,0,0,0,1,1,0,1,0,1,0,0,1,0,1,0,0,1,1,1,1,0,0,1,0,0,1,1,1,0,0,1,1,1,1,0,1,1,0,1,0,0,1,1,0,0,0,0,0,1,1,1,1,1,0,1,0,0,1,0,1,0,1,1,0,1,1,0,0,1,0,1,0,0,1,0,0,0,0,1,1,1,0,1,0,1,0,1,0,0,0,1,1,0,1,0,0,0,1,0,1,0,0,1,0,0,0,1,0,0,0,0,1,1,1,0,1,0,0,0,1,1,1,1,1,1,1,1,1,0,0,1,1,1,0,0,1,1,1,1,1,1,1,1,1,1,0,0,1,1,0,1,0,0,0,0,0,0,1,0,0,0,0,1,0,0,0,0,1,1,1,1,0,1,0,1,1,0,1,0,0,0,0,0,1,1,1,1,0,0,0,0,0,1,1,1,1,0,0,1,0,0,0,0,0,0,0,0,0,0,0,1,0,0,0,1,0,0,0,0,0,0,0,0,0,0,1,0,0,1,0,0,1,1,1,0,0,0,0,0,0,1,1,0,0,1,1.6556038757915617,3.9237659266041045,5.680842298008697,3.8403906309605556,0.51453421835660329,0.24701304646372169,2.1520714122224769,5.5389028763256274,6.2323643854428932,6.4545662623025866,6.7445181963836127,7.1364614328221556,7.6018310826276041,7.9251087205310142,8.2664225223163204,8.5284504463263904,8.48715953307393,8.9929961089494164,9.5766842145418476,9.5948729686427097,9.8631265735866336,11.002853437094682,11.506492713817044,10.518471046005951,2.0697443131458191,1.3419439922914527,0,0.029752619987226163,0,1
82,1,1,1,0,0,0,1,1,1,0,1,0,1,1,1,1,1,1,1,1,0,0,1,0,1,0,0,1,1,1,0,1,1,1,1,1,0,0,1,0,1,1,1,1,1,1,1,1,1,1,0,1,1,1,0,1,0,0,0,1,0,0,1,1,0,0,0,0,1,0,1,0,0,1,0,0,0,0,1,1,0,0,0,1,0,0,0,0,0,0,0,0,1,0,1,0,0,0,0,0,0,0,1,0,0,1,0,0,0,1,0,0,0,0,0,0,1,0,0,0,1,1,0,1,1,0,0,0,0,1,0,1,1,0,0,1,0,0,1,0,0,0,1,0,0,1,0,1,0,1,1,0,0,0,0,1,0,1,1,0,0,1,0,1,0,0,0,0,0,0,0,0,1,1,0,1,0,1,0,0,1,1,0,1,1,0,0,1,0,1,1,1,0,1,0,0,1,0,1,0,1,1,0,0,1,0,0,1,0,1,0,0,1,0,0,0,0,1,1,1,1,1,1,1,0,1,0,0,0,1,1,0,1,0,0,0,1,0,1,0,0,1,0,0,0,1,0,0,1,0,1,1,1,1,1,0,0,0,1,1,1,1,1,1,1,1,0,0,0,0,1,1,0,0,1,1,1,1,1,1,1,1,1,1,0,0,0,1,0,1,0,0,0,0,0,0,0,0,0,0,0,1,0,0,0,0,1,1,1,1,0,1,0,1,1,0,1,0,0,0,0,0,1,1,1,1,0,0,0,0,0,1,0,1,1,0,0,1,0,0,0,0,0,0,0,0,0,0,0,1,0,0,0,1,0,0,0,0,0,0,0,0,0,0,1,1,0,1,0,0,1,1,1,0,0,0,0,0,0,0,0,0,0,0,1.7788052185854886,3.7908903639276721,5.6953078507667652,6.9086747539482722,0.40085450522621502,0.75184252689402609,0.12390325780117495,0.55274280918593122,6.2672465094987411,6.7255664911879158,6.8794689860379954,7.2741588464179436,7.5954833295185784,7.9293812466620892,8.2664225223163204,8.5929045548180358,8.4684824902723737,8.9918974593728542,9.5024643320363165,9.5948729686427097,9.8579995422293436,11.002853437094682,11.509300373846036,10.500160219729915,2.1911910339097433,0.7582222980624479,0,0.029675160674340131,0,1
83,1,1,0,0,0,1,0,1,1,1,1,1,0,1,0,1,0,0,1,1,0,0,1,1,1,1,1,1,1,0,0,1,0,1,0,1,1,1,0,1,1,0,1,0,1,0,0,1,1,0,1,0,1,1,1,0,1,0,1,0,0,0,0,1,0,1,1,1,0,1,0,0,0,0,1,0,1,0,0,1,0,1,0,1,0,1,1,1,1,1,0,0,0,1,1,0,0,1,0,1,0,0,1,0,1,1,0,0,1,1,0,1,0,1,0,0,1,1,1,1,1,0,1,0,1,1,1,1,0,1,0,0,1,0,1,0,0,1,0,1,0,0,1,0,0,1,0,0,1,0,0,0,1,0,1,0,1,0,0,0,0,1,0,0,0,1,0,1,0,0,0,1,0,0,1,0,0,1,0,0,0,0,1,0,0,0,1,1,0,1,0,0,0,1,0,0,0,0,0,0,0,0,0,1,0,0,0,1,0,0,1,1,1,1,0,1,0,0,0,1,0,0,1,0,0,0,1,1,1,0,1,1,1,0,0,0,1,0,0,0,0,0,1,1,1,0,0,1,1,0,0,0,0,1,1,0,0,0,1,1,1,0,0,0,0,0,0,0,1,0,0,0,0,0,1,1,0,1,1,0,0,0,0,1,0,0,1,1,0,0,1,1,0,0,1,1,1,0,1,1,1,1,1,1,0,0,1,1,0,0,1,0,0,0,0,1,1,1,0,0,0,0,1,1,0,0,0,1,0,0,1,0,0,1,1,1,0,1,0,0,0,0,0,0,0,0,1,0,0,0,0,1,0,1,0,0,0,0,0,0,0,0,0,0,0,0,0,0,0,0,1,1,0,0,0,0,0,0,0,0,0,0,1,0,1.5465629053177692,0.81208514534218357,2.1951934081025404,5.4572365911345084,4.5375753414206148,4.1144426642252228,4.5282368200198366,4.980300602731365,5.2257267109178303,5.6763561455710683,5.9358205539024942,6.206637674525064,6.5068436713206683,6.6796673533226523,6.9764248111696041,7.1905394064240484,7.4417639429312583,7.604303044174868,7.6811779964904252,7.8297093156328676,8.0641794460975049,11.022323949034867,11.500175478751812,9.0016021972991531,1.4568580141367264,2.8304837898134232,0,0.029009080703460317,0,1
84,1,1,0,0,0,1,1,0,0,0,0,1,1,1,1,0,0,0,0,0,0,1,0,1,1,0,0,0,0,1,1,1,0,1,1,0,1,1,1,1,0,1,1,0,0,1,0,0,0,0,0,1,1,0,1,1,1,0,0,0,1,1,1,0,1,1,1,1,0,1,0,1,0,0,1,0,1,0,1,1,0,1,0,1,0,1,1,1,1,0,0,1,1,0,0,0,0,1,0,1,0,0,0,1,1,1,1,1,0,0,0,1,0,1,0,0,1,1,1,1,1,1,0,0,0,1,1,1,0,1,0,0,1,0,0,0,1,1,0,1,0,0,1,1,0,1,0,0,1,0,0,0,0,0,1,1,0,1,1,1,0,1,0,0,0,1,0,0,0,0,0,0,1,1,1,0,0,1,0,0,0,1,1,0,0,0,0,1,0,0,1,0,0,1,0,0,0,0,0,0,0,0,1,1,1,0,1,1,0,0,1,1,1,1,0,1,0,0,0,1,0,0,1,0,0,0,1,1,1,0,1,1,1,0,0,1,0,1,1,0,0,0,1,1,1,0,0,1,1,1,1,0,0,0,0,0,0,0,1,1,1,0,0,0,0,0,0,0,1,0,0,1,0,0,1,1,0,1,1,0,0,0,0,1,0,0,1,1,0,0,1,1,0,0,1,1,1,1,1,1,1,1,1,1,0,0,1,1,0,0,1,0,1,0,0,1,1,1,0,0,0,0,1,1,0,0,0,1,0,0,0,0,0,1,1,1,0,1,0,0,0,0,0,0,0,0,0,0,0,0,1,1,0,1,0,0,0,0,0,0,0,0,0,0,0,0,0,1,0,0,1,1,0,0,0,0,0,1,0,0,0,0,0,0,1.5478141451132983,0.086366063935301746,2.610757610437171,0.86109712367437252,9.5770199130235749,4.1060196841382464,4.4812390325780118,4.9861600671396964,5.1205310139620046,5.6418707560845345,5.848538948653391,6.5691920347905706,6.5235065232318608,6.6796673533226523,6.9828336003662166,7.234485389486534,7.442282749675746,7.604303044174868,7.7182879377431908,7.9078355077439531,8.043671320668345,11.002182040131228,11.50087739375906,9.0470130464637215,1.079983542548965,3.5368572302036019,0,0.028600467414845124,0,1
85,0,0,1,0,1,0,1,0,0,1,1,1,1,0,1,1,1,1,0,0,0,1,0,1,1,0,0,1,0,1,0,0,1,1,1,0,0,1,0,0,1,1,1,0,0,1,0,1,1,1,0,0,0,1,1,0,1,0,0,1,1,0,1,0,0,0,0,0,0,0,0,0,1,1,0,0,1,0,1,1,0,1,0,1,1,1,0,1,0,0,0,0,1,1,1,0,0,1,1,0,1,1,0,1,0,0,0,1,0,0,1,0,0,1,0,1,1,0,0,1,0,0,0,1,1,0,1,0,0,1,0,1,1,0,0,1,0,1,0,1,0,1,1,1,0,1,0,1,0,1,1,0,0,1,0,1,0,1,0,0,0,1,0,1,0,0,0,0,0,1,0,0,1,1,1,0,0,1,0,0,1,1,0,1,1,0,0,1,0,0,1,1,0,1,0,0,1,0,1,0,0,1,1,0,0,0,0,1,0,1,0,0,1,0,0,0,0,1,1,1,1,0,0,1,0,1,0,0,0,1,1,0,1,0,0,0,1,0,1,0,0,1,0,0,0,1,0,0,0,0,1,1,1,1,1,0,0,0,1,1,1,1,1,1,1,1,1,0,0,0,1,1,0,0,1,1,1,1,1,1,1,1,1,1,1,0,0,1,0,1,0,0,0,0,0,0,0,0,0,0,0,1,1,0,0,0,1,1,1,1,0,1,0,1,1,0,1,0,0,0,0,0,1,1,1,1,0,0,0,0,0,1,0,0,1,0,0,1,0,0,0,0,0,0,0,0,0,0,0,1,0,0,0,1,0,0,0,0,0,0,0,0,0,0,1,1,0,1,0,0,1,1,1,0,0,0,0,0,0,0,0,0,0,0,0.33188372625314716,3.0872053101396202,5.3647974364843218,6.206393530174716,0.030975814450293734,4.3620050354772255,5.964873731593805,5.5689326314183258,6.2818036163881894,6.7444876783398193,6.9012893873502712,7.2726939803158608,7.5542229343099114,7.9268177309834442,8.2664225223163204,8.5304036011291675,8.4850843060959793,8.9962920576791028,9.5036240177004654,9.5948729686427097,9.8554360265506986,11.002853437094682,11.509300373846036,10.500160219729915,1.8206817755517408,2.1919645773674223,0,0.02851261334956999,0,1
86,0,0,1,0,1,0,0,0,0,0,1,1,0,1,1,1,0,0,0,1,0,1,0,1,1,0,0,0,0,1,1,0,0,0,0,0,1,1,1,0,0,1,1,1,0,0,1,1,0,0,0,0,0,0,1,1,1,1,0,1,1,1,0,1,1,1,1,1,1,1,0,1,1,0,0,1,0,0,0,0,1,1,1,1,1,0,1,0,0,1,1,1,1,1,0,0,1,1,0,0,1,0,0,0,0,1,1,0,0,0,1,1,0,1,0,0,1,1,0,1,1,0,0,0,0,0,0,0,0,1,0,0,1,0,0,1,1,1,0,1,0,0,1,1,0,1,0,0,1,0,0,1,1,0,0,1,0,1,1,1,0,1,0,0,0,1,0,0,0,0,1,0,0,1,1,0,0,1,0,0,0,0,1,0,0,0,1,1,0,0,0,0,0,1,0,0,0,0,0,0,0,1,1,1,1,1,1,0,0,0,1,1,1,1,1,0,0,0,0,0,0,1,0,1,0,0,1,1,1,0,1,1,0,1,1,0,1,1,1,0,0,0,1,1,1,0,0,1,0,1,1,0,0,0,0,0,0,0,1,1,1,0,0,0,0,0,1,0,1,0,0,1,0,0,1,1,0,1,1,0,1,0,0,1,0,0,1,1,0,0,1,1,0,0,1,1,1,1,1,1,1,1,0,0,0,0,1,1,0,0,1,0,1,0,0,0,1,0,1,1,0,0,1,1,0,0,0,1,0,1,0,0,0,1,1,1,0,1,0,0,0,0,0,0,0,0,0,0,0,1,1,1,0,1,0,0,0,0,0,0,0,0,0,0,0,0,0,1,0,0,1,1,0,0,0,0,0,0,0,1,0,0,0,0,0.31418326085297932,0.33630884260318916,0.3386587319752804,0.12072938124666209,9.9049362935835816,11.741634241245135,10.958815899900817,4.8438239108873118,5.1908445868619815,5.7492942702372769,5.8565957122148466,6.2051728084229811,6.5500877393759058,6.7834897383077744,6.9645227740901809,7.1719844357976656,7.4588845654993516,7.6746166170748449,7.7165484092469674,7.8974593728541995,8.0846875715266648,11.004867627985046,11.50087739375906,9.0118562600137331,0.39631672796665174,4.1212161021230926,0,0.027967929886134613,0,1
87,1,0,0,1,1,1,0,1,0,1,0,1,0,1,1,0,1,0,0,0,1,1,0,1,0,0,0,0,0,1,1,1,1,0,0,0,1,0,1,1,1,1,1,1,1,1,0,1,0,1,1,0,0,0,0,0,0,1,0,0,1,0,1,1,0,0,1,1,1,0,1,1,1,1,1,0,1,0,0,1,0,1,0,1,1,1,1,1,1,0,1,1,0,1,0,1,0,1,0,1,1,0,1,1,1,1,0,1,1,1,0,1,0,1,0,0,1,1,1,1,0,0,0,0,1,1,1,1,0,1,0,0,1,0,1,0,1,1,0,0,1,1,0,1,0,1,0,0,1,0,0,0,1,0,1,1,1,0,1,1,0,1,0,0,0,1,0,1,1,0,0,1,0,1,1,0,0,1,0,0,0,0,1,0,0,1,0,1,0,1,0,0,0,1,0,0,0,0,0,0,0,0,0,1,1,1,1,0,0,0,1,1,1,1,1,0,0,0,0,0,0,1,0,1,0,0,1,1,1,0,1,1,1,0,0,0,1,0,0,0,0,0,1,1,1,0,0,1,1,0,1,0,0,0,1,0,0,0,1,1,1,0,0,0,0,0,0,0,1,1,0,0,0,0,1,1,0,1,0,1,0,1,0,0,0,1,1,1,0,0,1,1,0,0,1,1,1,1,1,1,1,1,0,0,0,0,1,1,0,0,1,0,1,0,0,0,1,0,0,0,0,0,1,1,0,0,0,1,0,0,0,0,1,0,1,1,0,1,0,0,0,0,0,0,0,0,0,0,0,0,1,0,0,1,0,0,0,0,0,0,0,0,0,0,0,0,0,1,0,0,1,1,0,0,0,0,0,0,0,0,1,0,0,0,1.229205767910277,2.2035858701457238,3.2810254062714579,3.0092011902037079,2.3402761882963303,4.4863355458915084,5.0238498512245364,4.9412375066758223,5.259510185397116,5.6821545738918129,5.9801327534905004,6.2183566033417268,6.5120012207217517,6.7834897383077744,6.9764248111696041,7.2042114900434884,7.443839169909209,7.4922407873655299,7.7165484092469674,7.895628290226596,8.04623483634699,11.001510643167773,11.50087739375906,9.0059967956054017,1.5346808277596056,2.8006436954312326,0,0.027862315143502181,0,1
88,1,1,1,0,0,1,1,1,1,0,1,0,1,1,1,1,1,1,1,1,0,0,1,0,1,0,0,1,1,1,0,1,1,1,1,1,0,0,1,0,0,1,1,0,0,0,0,1,0,1,0,1,1,0,1,0,1,1,1,0,0,1,1,0,0,0,0,0,1,1,0,1,0,0,1,0,0,1,0,0,0,0,0,0,0,1,0,1,0,1,0,0,0,0,0,1,0,0,1,0,1,1,1,1,0,1,0,1,1,1,1,0,0,1,0,1,1,1,0,1,0,0,0,1,1,1,0,1,0,1,0,1,0,1,1,0,1,0,0,1,0,0,1,1,0,1,0,1,0,0,1,0,1,0,0,1,1,1,1,0,0,1,0,0,1,1,1,0,0,1,1,1,1,0,1,1,0,1,0,0,1,1,0,0,0,0,0,1,1,1,1,1,0,1,0,0,1,0,1,0,1,1,0,1,1,0,0,1,0,1,0,0,1,0,0,0,0,1,1,1,0,1,0,1,0,1,0,0,0,1,1,0,1,0,0,0,1,0,1,0,0,1,0,0,0,1,0,0,0,0,1,1,1,0,1,0,0,0,1,1,1,1,1,1,1,1,1,0,0,1,1,1,0,0,1,1,1,1,1,1,1,1,1,1,0,0,1,1,0,1,0,0,0,0,0,0,1,0,0,0,0,1,0,0,0,0,1,1,1,1,0,1,0,1,1,0,1,0,0,0,0,0,1,1,1,1,0,0,0,0,0,1,0,1,1,0,0,1,0,0,0,0,0,0,0,0,0,0,0,1,0,0,0,1,0,0,0,0,0,0,0,1,0,0,1,1,0,0,0,0,1,1,1,0,1,1,1,0,0,0,0,0,1,0,1.810055695429923,3.7908903639276721,5.680842298008697,2.840619516289006,0.51331349660486758,0.24628061341268026,2.5904325932707715,5.8196688792248414,6.0873426413366909,6.4545662623025866,6.7445181963836127,7.1364614328221556,7.6018310826276041,7.9251087205310142,8.2664225223163204,8.5284504463263904,8.48715953307393,8.9929961089494164,9.5766842145418476,9.5948729686427097,9.8579995422293436,11.002853437094682,11.553521019302663,11.157885099565117,2.0522679104492139,1.46510615253303,0,0.027640198656918226,0,1
89,0,0,1,0,1,0,0,0,0,0,1,1,0,1,1,1,0,0,0,0,0,1,0,1,1,0,0,0,0,1,1,0,0,0,1,0,1,0,0,1,1,1,1,0,0,0,0,0,0,1,0,0,1,0,1,1,0,1,0,1,1,1,0,0,1,1,1,1,1,1,1,1,0,1,0,1,1,1,0,1,1,1,1,1,0,1,0,0,1,0,0,0,0,1,0,0,0,1,0,1,0,0,0,1,1,1,0,0,1,1,1,1,0,1,0,0,1,1,0,1,1,0,0,0,0,0,0,0,0,1,0,0,1,0,0,1,1,1,0,1,0,0,1,1,0,1,0,0,1,0,0,1,1,1,0,1,0,1,1,1,0,1,0,0,0,1,0,0,0,0,1,0,0,1,1,1,0,1,0,0,0,0,1,0,0,0,0,1,0,0,0,0,0,1,0,0,0,0,0,0,0,0,0,1,1,1,0,1,0,0,1,1,1,1,0,1,0,0,0,1,0,0,1,0,0,0,1,1,1,0,1,1,1,0,0,0,0,1,1,0,0,0,1,1,1,0,0,0,1,1,1,0,0,1,1,0,0,0,1,1,1,0,0,0,0,0,0,0,1,1,1,0,0,0,1,1,0,1,0,0,1,1,1,0,0,1,1,0,0,0,1,1,0,0,1,0,1,0,0,1,0,1,0,0,0,0,1,1,0,0,1,0,0,0,1,0,1,1,0,0,0,0,1,1,0,0,0,0,0,0,0,0,0,1,0,1,0,1,0,0,0,0,0,0,0,0,0,0,0,0,1,1,0,1,0,0,0,0,0,0,0,0,0,0,0,0,0,1,0,0,1,1,0,0,0,0,0,0,0,0,0,0,0,0,0.31418326085297932,0.08630502784771496,0.98146028839551391,2.355016403448539,9.9752803845273519,11.461844815747311,4.4739757381551843,4.8438239108873118,5.1908445868619815,5.7688258182650483,5.856931410696574,6.1934538796063183,6.5116044861524376,6.6796673533226523,6.9755092698558023,7.1124132143129621,7.4448767833981844,7.4389562829022653,7.5078049897001602,7.8394750896467533,7.8783245593957432,11.002182040131228,11.50087739375906,9.0001373311970703,0.62339096064148702,4.0042305675078662,0,0.027038936226007441,0,1
90,1,0,0,1,1,1,0,0,0,1,0,0,0,1,0,1,0,0,1,0,1,1,1,1,1,1,0,0,1,1,0,1,0,0,1,0,1,0,0,0,0,1,1,1,1,0,1,1,0,0,0,1,0,1,0,0,1,1,1,1,1,1,1,1,1,1,1,1,1,0,0,0,1,0,1,1,0,1,1,1,1,0,1,1,1,1,1,0,1,0,0,1,1,1,1,0,0,1,0,1,0,0,1,0,1,1,0,0,1,1,0,1,0,1,0,0,1,1,1,0,1,0,1,0,0,1,0,0,0,1,0,0,1,0,1,0,1,0,1,1,0,1,0,0,0,1,0,0,1,1,0,0,0,0,1,0,0,0,0,0,0,1,0,0,0,1,0,0,1,1,0,1,0,1,1,0,0,1,0,0,0,0,1,0,1,0,0,1,0,0,1,1,0,1,0,0,0,0,0,0,1,1,0,1,1,1,1,0,0,0,1,1,1,1,0,1,0,0,0,1,0,0,1,0,0,0,1,1,1,0,1,1,0,0,0,1,0,1,1,0,0,0,1,1,1,0,0,1,1,1,1,0,0,0,0,0,0,0,1,1,1,0,0,0,0,0,1,0,1,0,0,1,0,0,1,1,0,1,1,0,1,0,0,1,0,0,1,1,0,0,1,1,0,0,1,1,1,1,1,1,1,1,0,0,0,0,1,1,0,0,1,0,1,0,0,0,1,0,0,1,0,0,1,1,0,0,0,1,0,0,0,0,0,1,1,1,0,1,0,0,0,0,0,0,0,0,0,0,0,0,1,1,0,1,0,0,0,0,0,0,0,0,0,0,0,1,0,1,0,0,1,1,0,0,0,0,0,0,1,0,0,0,0,0,1.2208743419546808,0.74689860379949646,0.94877546349279007,0.65613794155794614,9.7155718318455779,8.9353170061799041,4.5282368200198366,4.9151140611886781,5.2526436255436026,5.9473563744563975,5.915678644998855,6.2414282444495317,6.58817425803006,6.6796673533226523,6.9242389562829025,7.234485389486534,7.4588845654993516,7.6746166170748449,7.7165484092469674,7.8962386511024638,8.043671320668345,11.002182040131228,11.503685053788052,9.0235751888303959,0.89073064850157868,3.7710711215711177,0,0.026922252776905478,0,1
91,1,0,1,1,0,0,0,1,0,1,1,0,0,0,1,1,1,1,0,1,1,0,1,0,0,0,1,0,0,0,0,1,1,0,1,1,0,0,0,1,0,0,1,0,0,1,1,1,0,1,0,0,1,1,1,0,0,0,1,1,0,0,1,0,0,0,0,0,0,0,0,0,0,0,0,0,0,1,0,0,0,1,1,1,0,1,1,0,0,0,1,1,1,1,1,0,0,1,1,0,1,0,1,1,1,1,0,0,0,0,0,1,0,1,0,1,1,0,0,1,0,0,0,1,1,1,0,1,0,1,0,1,0,1,1,0,1,0,0,1,0,0,1,1,0,1,0,1,0,0,0,1,1,0,1,1,0,1,0,0,0,1,0,1,0,0,0,0,0,1,0,0,1,1,0,1,0,1,0,0,1,1,0,0,0,0,0,1,0,1,1,1,0,1,0,0,1,0,1,0,0,0,1,0,0,0,0,1,0,1,0,0,1,0,0,0,1,1,0,0,1,0,1,1,0,1,0,0,0,1,1,0,1,1,1,0,0,1,0,0,0,1,0,0,0,1,0,0,0,0,0,1,0,1,1,1,0,0,1,1,1,1,1,1,1,1,0,0,0,0,1,1,0,0,1,1,1,1,1,1,1,1,1,1,0,0,0,1,0,1,0,0,0,0,0,0,0,1,0,0,0,1,0,0,0,0,1,1,1,1,0,1,0,1,1,0,1,0,0,0,0,0,1,1,1,1,0,0,0,0,1,1,0,0,1,0,0,1,0,0,0,0,0,0,0,0,0,0,0,1,0,0,0,1,0,0,0,0,0,0,0,0,0,0,1,1,0,1,0,0,1,1,1,0,0,1,0,0,0,0,0,0,0,0,1.3858548867017624,3.4083161669336994,4.152071412222476,2.443640802624552,0.00061036087586785687,5.5426871137560081,5.8928816662851915,5.5696650644693673,6.0873426413366909,6.3831540398260467,6.9009536888685439,7.1335317006179899,7.5288319218738087,7.9618524452582591,8.3076218814374005,8.5113603418020904,8.4684824902723737,8.9918974593728542,9.539574273289082,9.5948729686427097,9.8759441519798585,11.002853437094682,11.509300373846036,10.687663080796522,1.7595637051458106,2.244824674176646,0,0.026900440303033804,0,1
92,1,1,1,0,0,1,1,0,0,0,1,1,1,1,1,0,0,0,0,0,1,0,0,1,0,0,0,0,0,1,0,1,0,1,1,0,1,1,1,1,0,1,1,0,0,1,0,0,0,0,0,1,1,0,1,1,1,0,0,0,1,1,1,0,1,1,1,1,0,1,0,1,0,0,1,0,1,0,1,1,0,1,0,1,0,1,1,1,1,0,0,1,1,0,0,0,0,1,0,1,0,0,0,1,1,1,1,1,0,0,0,1,0,1,0,0,1,1,1,1,1,1,0,0,0,1,1,1,0,1,0,0,1,0,0,1,1,1,0,1,0,0,1,1,0,1,0,0,1,0,0,0,0,0,1,1,0,1,1,1,0,1,0,0,0,1,0,0,0,0,0,0,1,1,1,0,0,1,0,0,0,0,1,0,0,0,0,1,0,0,0,0,0,1,0,0,0,0,0,0,0,0,1,1,1,0,1,1,0,0,1,1,1,1,0,1,0,0,0,1,0,0,1,0,0,0,1,1,1,0,1,1,0,0,0,1,0,1,1,0,0,0,1,1,1,0,0,1,1,1,1,0,0,0,0,0,0,0,1,1,1,0,0,0,0,0,0,0,1,0,0,1,0,0,1,1,0,1,1,0,0,0,0,1,0,0,1,1,0,0,1,1,0,0,1,1,1,1,1,1,1,1,1,1,0,0,1,1,0,0,1,0,1,0,0,1,1,1,0,0,0,0,1,1,0,0,0,1,0,0,1,0,0,1,1,1,0,1,0,0,0,0,0,0,0,0,1,0,0,0,0,1,0,1,0,0,0,0,0,0,0,0,0,0,0,0,0,1,0,0,1,1,0,0,0,0,0,0,0,0,0,0,0,0,1.798794537270161,0.14093232623788815,2.610757610437171,0.86109712367437252,9.5770199130235749,4.1060196841382464,4.4812390325780118,4.9861600671396964,5.1908445868619815,5.6418707560845345,5.848538948653391,6.1934538796063183,6.5235065232318608,6.6796673533226523,6.9242389562829025,7.234485389486534,7.442282749675746,7.604303044174868,7.7182879377431908,7.9078355077439531,8.0641794460975049,11.022323949034867,11.50087739375906,9.0001373311970703,1.1591390765939156,3.4082801844368156,0,0.026038390077603238,0,1
93,0,0,1,0,1,1,1,0,0,1,0,0,0,1,0,0,0,0,1,0,1,1,0,1,0,0,0,1,0,0,1,0,0,0,1,0,0,1,0,1,1,1,0,0,1,1,1,0,0,1,0,1,0,0,0,1,1,1,1,0,0,1,0,0,1,1,1,1,1,1,1,1,0,1,0,1,1,0,1,1,1,1,1,0,1,0,0,1,1,1,1,1,0,1,1,0,0,1,0,1,0,0,1,0,0,1,0,0,1,1,0,1,0,1,0,0,1,1,1,1,1,0,1,0,1,1,1,1,0,1,0,0,1,0,1,1,1,1,0,0,1,1,1,0,0,1,0,0,1,0,0,0,0,0,1,1,0,0,0,0,0,1,0,0,0,1,0,0,1,1,0,1,0,1,1,0,0,1,0,0,0,0,1,1,1,0,0,1,0,0,1,0,0,1,0,0,0,0,0,0,0,1,0,1,1,1,1,0,0,0,1,1,1,1,1,0,0,0,0,0,0,1,0,1,0,0,1,1,1,0,1,1,1,0,0,1,1,0,0,0,0,0,1,1,1,0,0,1,1,0,1,0,0,1,1,0,0,0,1,1,1,0,0,0,0,0,0,0,1,0,1,0,0,0,1,1,0,1,1,0,1,1,0,1,0,0,1,1,0,0,1,1,0,0,1,1,1,1,1,0,0,1,0,0,0,0,1,1,0,0,1,0,1,1,0,0,1,1,0,0,0,0,1,1,0,0,0,1,0,0,0,0,0,1,0,1,0,1,0,0,0,0,0,0,0,0,0,0,0,0,0,1,0,1,0,0,0,0,0,0,0,0,0,0,0,0,0,1,0,0,1,1,0,0,0,0,0,0,0,0,0,0,0,0,0.36145571068894483,0.70423437857633331,0.88606088349736778,2.5591210803387501,9.974975204089418,10.967086289768826,4.5008926527809567,4.980300602731365,5.3300984206912334,5.639734493018997,5.915678644998855,6.3348134584573135,6.5373922331578544,6.7834897383077744,6.9837491416800184,7.2061646448462655,7.4428015564202337,7.7097734035248333,7.7026321812771803,7.9371328297856101,8.0423895628290225,11.000839246204318,11.50087739375906,9.0001373311970703,0.74783685087082774,3.903871504512709,0,0.026034820182730355,0,1
94,0,1,0,0,0,0,0,0,0,1,0,1,1,1,0,1,0,0,0,0,0,0,1,0,1,0,0,0,0,1,0,1,0,0,1,1,0,0,0,1,0,0,1,1,0,0,0,0,0,0,1,1,1,0,0,0,0,1,0,0,0,1,1,0,1,1,1,1,1,1,1,1,0,1,0,1,1,1,0,0,1,1,1,1,1,1,0,1,1,1,1,1,1,1,0,1,0,1,0,1,1,0,1,1,0,0,1,1,1,1,1,1,0,1,0,0,1,1,1,1,0,0,0,0,1,1,1,1,0,1,0,0,1,0,1,0,0,1,0,1,0,1,1,0,0,1,0,0,1,0,0,0,1,0,1,0,1,0,0,0,0,1,0,0,0,1,0,1,0,0,0,1,0,0,1,0,0,1,0,0,0,0,1,0,0,0,1,1,0,1,0,0,0,1,0,0,0,0,0,0,0,0,0,1,0,0,0,1,0,0,1,1,1,1,0,1,0,0,0,1,0,0,1,0,0,0,1,1,1,0,1,1,1,0,0,0,1,0,0,0,0,0,1,1,1,0,0,1,1,0,0,0,0,1,1,0,0,0,1,1,1,0,0,0,0,0,0,0,1,0,0,0,0,0,1,1,0,1,1,0,0,0,0,1,0,0,1,1,0,0,1,1,0,0,1,1,1,0,0,1,1,1,1,1,0,0,1,1,0,0,1,0,0,0,0,1,0,1,0,0,0,0,1,1,0,0,0,1,0,0,1,0,0,1,1,1,0,1,0,0,0,0,0,0,0,0,1,0,0,0,1,1,0,1,0,0,0,0,0,0,0,0,0,0,0,1,0,1,0,0,1,1,0,0,0,0,0,0,0,0,0,0,0,0,0.50284580758373387,0.039368276493476767,1.1528496223392082,1.7585717555504692,9.9751277943083849,11.905882352941177,4.9900968947890441,4.9412375066758223,5.2268253604943924,5.6763561455710683,5.9358205539024942,6.206637674525064,6.5068436713206683,6.6796673533226523,6.9764248111696041,7.1905394064240484,7.4417639429312583,7.604303044174868,7.6626230258640424,7.8248264286259248,8.0641794460975049,11.023666742961776,11.503685053788052,9.0001373311970703,0.64518672272866651,3.9835955956717948,0,0.025894717575065295,0,1
95,1,1,1,0,1,1,1,0,1,1,1,0,0,1,1,0,1,1,1,1,1,0,1,1,0,0,0,1,1,1,1,0,1,0,1,1,1,1,1,1,1,0,0,0,0,0,1,1,0,1,1,0,1,0,1,0,0,1,1,0,1,0,0,0,0,0,0,0,0,0,0,0,0,0,1,0,1,0,1,0,0,0,0,0,0,0,0,0,0,1,1,1,1,1,1,0,0,1,1,0,1,0,1,0,1,1,0,0,1,0,0,0,0,1,0,1,1,0,0,1,1,0,0,1,0,1,0,0,0,1,0,1,1,0,0,0,1,0,0,1,0,0,1,1,0,1,0,1,0,0,1,0,1,1,0,1,1,0,0,0,0,1,0,1,0,0,0,0,0,1,0,0,1,1,0,1,0,1,0,0,1,1,0,1,0,0,0,1,0,0,1,1,0,1,0,0,1,0,1,0,1,1,0,1,1,0,0,1,0,1,0,0,1,0,0,0,0,1,1,1,1,1,1,1,0,1,0,0,0,1,1,0,1,0,1,0,1,1,0,1,0,1,0,0,0,1,0,0,1,0,1,1,0,1,1,1,0,0,1,1,1,1,1,1,1,1,0,0,0,0,1,1,0,0,1,1,1,1,1,1,1,1,1,1,1,1,1,1,0,1,0,0,0,0,0,0,0,0,0,0,1,1,1,1,0,0,1,1,1,1,1,0,0,1,1,0,0,0,1,0,0,0,1,1,1,1,0,0,0,0,0,1,0,0,1,0,0,1,0,0,0,0,0,0,0,0,0,0,0,1,0,0,0,1,0,0,0,0,0,0,0,0,0,0,1,1,0,1,0,0,1,1,1,0,1,1,1,0,0,0,0,0,0,0,1.8664225223163196,3.9237659266041045,4.4886243991760129,3.3252460517280844,0.0064087891966124969,0.023071641107804991,5.839688715953308,5.5987182421606771,6.2279697871366446,6.4722667277027544,6.9009536888685439,7.2258182650492095,7.6018310826276041,7.9293812466620892,8.2824444953078515,8.5894865339131758,8.4684824902723737,8.9995880064087892,9.5088426031891355,9.7474631876096733,9.8554360265506986,11.002853437094682,11.509300373846036,11.156420233463034,2.0114986562666224,1.5581568923976561,0,0.025403711229432052,0,1
96,1,1,1,0,0,0,1,1,1,0,1,0,1,1,1,1,1,1,1,1,0,0,1,0,1,0,0,1,1,1,0,1,1,1,1,1,0,1,1,1,1,1,0,1,1,1,1,1,1,1,1,1,1,1,1,1,1,0,0,1,0,0,1,1,0,0,0,0,0,0,1,0,0,0,0,0,0,0,1,1,0,0,0,0,0,0,0,0,0,0,0,0,1,0,1,0,0,0,0,0,0,0,0,0,0,1,0,0,0,0,0,0,0,0,0,0,0,0,0,0,1,1,0,1,1,0,0,0,0,1,0,1,1,0,0,0,0,0,1,0,0,0,1,1,0,1,0,1,0,0,1,0,1,0,0,1,1,0,0,0,0,1,0,1,0,0,0,0,0,0,0,0,1,1,0,1,0,1,0,0,1,1,0,1,0,0,0,1,0,0,1,1,0,1,0,0,1,0,1,0,1,1,0,1,1,0,1,1,0,1,0,0,1,0,0,0,0,1,1,1,1,1,1,1,0,1,0,0,0,1,1,0,1,1,1,0,1,1,0,1,0,1,0,0,0,1,0,0,1,0,1,1,0,1,1,1,0,0,1,1,1,1,1,1,1,1,0,0,1,0,1,1,0,0,1,1,1,1,1,1,1,1,1,1,0,1,0,1,0,1,0,0,0,0,0,0,0,0,0,0,0,1,1,1,0,0,1,1,1,1,1,0,0,1,1,0,0,1,1,0,0,0,1,1,1,1,1,0,1,0,1,0,1,1,0,1,0,1,0,0,0,0,0,0,0,0,0,0,1,0,1,1,0,1,0,0,0,0,0,0,0,0,0,0,0,1,0,0,0,0,1,1,1,0,1,1,1,0,0,0,0,0,0,0,1.7788052185854886,3.7908903639276721,5.8095674067292284,7.9868162050812543,0.07858396276798657,0.0018310826276035706,0.013672083619439994,0.052735179674982834,6.1972075989929047,6.452735179674983,6.8794689860379954,7.2258182650492095,7.6026245517662323,7.9293812466620892,8.3117418173495086,8.5894865339131758,8.4726329442282751,8.9940947585259785,9.5042038605325398,9.7499046311131448,10.282902265964751,11.007553215838865,11.502983138780804,11.156420233463034,2.2033404485799464,0.51725934934716911,0,0.024822285168276455,0,1
97,0,0,0,0,1,1,0,1,0,1,0,1,0,1,0,1,0,0,0,0,0,0,0,1,0,0,1,0,0,0,0,1,0,0,0,1,1,1,1,0,0,1,0,0,0,0,1,1,0,0,0,0,1,0,1,1,1,0,0,1,1,1,0,1,1,1,1,1,1,1,1,1,1,0,0,1,0,1,1,0,1,1,1,1,1,1,1,0,0,0,1,0,1,0,0,0,1,1,0,1,1,0,0,0,0,1,1,0,0,1,1,1,0,1,0,0,1,1,0,1,1,0,0,0,0,0,1,1,0,1,0,0,1,0,1,0,1,0,0,0,0,1,1,0,0,1,0,1,1,0,0,0,0,0,1,1,0,0,0,0,0,1,0,0,0,1,0,0,1,1,0,1,0,1,1,0,0,1,0,0,0,0,1,0,1,0,0,1,0,0,1,0,0,1,0,0,0,0,0,0,0,1,0,1,1,1,1,0,0,0,1,1,1,1,1,0,0,0,0,0,0,1,0,1,0,0,1,1,1,0,1,1,1,0,0,1,1,0,0,0,0,0,1,1,1,0,0,1,0,1,1,0,0,1,1,0,0,0,1,1,1,0,0,0,0,0,0,0,1,0,0,1,0,0,1,1,0,1,1,0,0,0,0,1,0,0,1,1,0,0,1,1,0,1,1,1,1,1,1,1,1,1,1,1,0,0,1,1,0,0,1,0,1,0,0,1,1,1,0,0,0,0,1,1,0,0,0,1,0,0,1,1,0,1,1,1,0,1,0,0,0,0,0,0,0,0,1,0,0,0,0,1,0,1,0,0,0,0,0,0,0,0,0,0,0,0,0,1,0,0,1,1,0,0,0,0,0,0,0,0,0,0,0,0,0.10415808346684978,0.017639429312581063,0.709269855802243,0.36292057679102768,9.9839780270084688,11.913756008239872,11.834683756771192,4.8445563439383532,5.2400091554131381,6.8897535667963687,5.915678644998855,6.241062027924011,6.5373922331578544,6.7834897383077744,6.9837491416800184,7.1749141680018313,7.442282749675746,7.604303044174868,8.3120469977874425,7.9078355077439531,8.0744335088120849,11.022323949034867,11.50087739375906,9.0001373311970703,0.33292415294333244,4.1453726921162248,0,0.024528047880639704,0,1
98,1,1,1,0,1,1,1,0,1,0,1,1,1,1,0,0,1,1,1,1,1,0,1,0,1,1,0,1,1,1,0,1,1,1,1,1,1,1,1,1,1,1,0,1,1,0,1,1,1,1,1,1,1,1,1,0,1,0,0,1,0,0,1,1,0,0,0,0,0,0,1,1,0,0,1,0,1,0,1,1,0,0,0,0,0,0,0,0,0,0,0,0,0,0,1,0,0,0,0,0,0,0,0,0,0,1,0,0,1,0,0,0,0,0,0,0,0,0,0,0,1,1,0,1,1,0,0,0,0,1,0,1,1,0,0,0,0,0,1,0,0,1,1,0,0,1,0,1,0,1,0,1,1,0,0,0,0,1,0,1,0,1,0,1,0,0,1,1,0,1,1,0,0,1,0,1,0,1,0,0,1,1,1,1,0,0,1,0,1,0,1,0,0,1,0,0,1,1,0,1,1,0,0,1,0,0,1,1,0,1,0,0,1,0,1,1,1,1,1,1,0,1,1,1,0,1,0,0,0,1,1,1,1,1,0,0,0,0,0,0,0,1,0,0,0,1,1,0,1,0,1,0,1,0,1,1,0,0,1,1,1,1,1,1,1,0,0,1,1,0,0,0,0,0,1,1,1,1,1,1,1,1,1,0,1,0,0,1,0,1,0,0,0,0,0,1,1,0,0,1,0,1,1,0,0,0,1,1,1,1,1,1,1,1,1,0,0,1,1,0,0,0,1,1,1,1,1,0,1,0,1,0,1,1,0,1,0,1,0,0,0,0,0,0,0,1,0,0,1,0,1,1,0,1,0,0,0,0,0,0,0,1,1,0,1,1,0,0,0,0,1,1,1,0,1,1,1,0,0,0,0,0,0,0,1.8651407644769971,3.9197985809109634,5.9967040512703136,7.9555657282368202,0.12375066758220797,0.00036621652552071412,0.015381094071869994,0.052735179674982834,6.1980315861753263,6.6813153276874946,7.1668268863965823,7.4217441062027927,7.8787518120088498,8.3087815671015495,8.4083314259555966,8.8336308842603195,8.4461738002594036,8.9875028610666057,9.7355611505302502,9.9842832074464027,10.282902265964751,11.050522621499962,11.5759822995346,11.156420233463034,2.2091045986944469,0.3574226815917142,0,0.024419940415467606,0,1
99,1,1,0,0,0,0,0,1,0,0,1,0,0,1,0,0,0,0,0,0,0,0,1,0,1,0,1,0,1,0,0,0,0,0,0,1,0,0,1,1,1,1,0,1,0,1,0,0,1,1,1,0,0,1,1,0,0,1,1,1,0,1,0,0,0,1,1,1,1,1,1,0,1,1,1,0,0,0,0,0,0,1,0,1,0,1,0,1,1,1,1,1,0,1,1,1,0,1,0,1,1,0,0,0,1,1,0,0,1,1,0,1,0,1,0,0,1,1,1,1,0,0,1,0,1,1,1,1,0,1,0,0,1,0,1,1,0,1,1,1,1,1,1,0,0,1,0,0,1,0,1,1,1,0,1,1,0,0,1,1,0,1,0,0,0,1,0,0,0,0,1,0,0,1,1,0,0,1,0,0,0,0,1,0,0,0,0,1,0,0,0,0,0,1,0,0,0,0,0,0,0,0,0,1,1,0,0,1,0,0,1,1,1,1,0,1,0,0,0,1,0,0,1,0,0,0,1,1,1,0,1,1,1,0,0,0,0,1,1,0,0,0,1,1,1,0,0,0,0,1,1,0,0,1,1,0,0,0,1,1,1,0,0,0,0,1,0,0,1,1,0,0,0,0,1,1,0,1,0,0,1,1,1,0,0,1,1,0,0,0,1,1,0,0,1,1,1,1,1,0,0,1,0,0,0,0,1,1,0,0,1,0,1,1,0,0,1,0,0,0,0,0,1,1,0,0,0,1,0,0,0,0,0,1,0,1,0,1,0,0,0,0,0,0,0,0,0,0,0,0,1,1,0,1,0,0,0,0,0,0,0,0,0,0,0,0,0,1,0,0,1,1,0,0,0,0,0,1,0,0,0,0,1,0,1.5089341573205157,0.041504539559014265,0.46472877088578624,7.201770046540017,4.9561303120469979,4.0296635385671777,4.8563668268863962,4.9490501258869308,5.3081254291599906,5.9140917067215995,5.8565957122148466,6.1934538796063183,6.5100175478751812,6.6796673533226523,6.9755092698558023,7.0499122606240938,7.4770428015564203,7.4389562829022653,7.7026321812771803,7.9346913862821387,8.0423895628290225,11.002182040131228,11.50087739375906,9.0484779125658044,1.3137473050524127,3.1489909498245314,0,0.024261127616141312,0,1
100,1,1,0,1,0,0,1,1,1,1,1,0,0,1,1,0,1,1,0,1,0,1,0,1,1,1,1,1,1,1,0,0,1,1,1,1,1,1,1,1,1,1,0,0,0,1,0,0,1,1,0,0,1,1,1,0,0,0,0,1,0,1,1,1,0,0,0,0,0,0,0,0,1,0,1,1,1,0,1,1,0,0,0,0,0,0,1,0,0,1,1,1,0,0,1,0,0,0,0,0,0,0,0,0,0,0,1,0,0,1,1,0,0,1,1,1,0,0,0,0,1,1,0,1,0,0,0,1,0,1,0,1,1,0,0,0,1,0,1,0,0,1,1,0,0,1,0,1,0,1,0,0,1,0,1,0,1,1,1,1,0,1,0,1,0,0,1,1,0,1,0,0,1,1,0,1,0,1,0,0,1,1,1,1,0,0,1,0,1,0,1,0,0,1,0,0,1,1,0,1,1,0,1,1,0,0,1,1,0,1,0,0,1,0,1,1,1,1,1,1,0,1,1,1,0,1,0,0,0,1,1,0,1,0,0,0,0,0,0,0,0,1,0,0,0,1,0,0,1,0,1,0,1,1,1,1,0,0,1,1,1,1,1,1,1,0,0,1,0,0,0,0,0,0,1,1,1,1,1,1,1,1,1,1,1,0,0,1,0,1,0,0,0,0,0,1,1,0,0,1,0,1,0,0,0,0,1,1,1,1,1,1,1,1,1,0,0,1,1,0,0,0,1,1,1,1,1,0,1,0,1,0,1,1,0,1,0,1,0,0,0,0,0,0,0,0,1,0,1,1,1,1,0,1,0,0,0,0,0,0,0,1,0,0,0,1,0,0,0,0,1,1,1,0,1,1,0,0,0,0,0,1,0,1,1.6554818036163881,3.34355687800412,5.9945983062485695,6.4404058899824523,0.028534370946822308,0.11462577248798353,0.008117799649042497,7.0511329823758295,6.2331883726253148,6.6160067139696341,7.1587701228351266,7.4217441062027927,7.8914473182269012,8.3087815671015495,8.2618448157473114,8.5855802243076216,8.4420233463035022,8.9962920576791028,9.7344014648661013,9.9842832074464027,10.282902265964751,11.031723506523232,11.547905699244678,11.066330968184939,2.1255543361183138,0.99901262371363297,0,0.024000639185776728,0,1
101,1,1,1,0,1,1,1,0,1,1,1,0,0,1,1,0,1,1,1,1,1,0,1,1,1,0,0,1,1,1,1,0,1,0,1,1,1,1,1,1,1,0,0,0,0,0,1,1,0,1,1,0,1,0,1,1,0,1,1,0,1,0,0,0,0,0,0,0,0,0,0,0,0,0,1,0,1,0,1,0,0,0,0,0,0,0,0,0,0,1,1,1,1,1,1,0,0,1,1,0,1,0,1,0,1,1,0,0,1,0,0,0,0,1,0,1,1,0,0,1,1,0,0,1,0,1,0,0,0,1,0,1,1,0,0,0,1,0,1,0,0,0,1,0,0,1,0,1,0,1,0,0,0,0,1,1,0,1,1,0,0,1,0,1,0,0,0,0,0,0,0,0,1,1,0,1,0,1,0,0,1,1,0,1,1,0,0,1,0,1,1,0,0,1,0,0,1,0,1,0,1,1,0,0,1,0,0,1,0,1,0,0,1,0,0,0,0,1,1,1,1,1,1,1,0,1,0,0,0,1,1,0,1,0,0,0,1,0,1,0,0,1,0,0,0,1,0,0,1,1,1,1,1,1,1,0,0,0,1,1,1,1,1,1,1,1,0,0,0,0,0,1,0,0,1,1,1,1,1,1,1,1,1,1,0,0,0,1,0,1,0,0,0,0,1,0,0,0,0,0,0,1,0,0,0,0,1,1,1,1,0,1,0,1,1,0,1,0,0,0,0,0,1,1,1,1,0,0,0,0,0,1,0,0,1,0,0,1,0,0,0,0,0,0,0,0,0,0,0,1,0,0,0,1,0,0,0,0,0,0,0,0,0,0,1,1,0,0,0,0,1,1,1,0,0,1,0,0,0,0,0,0,0,0,1.8664225223163196,3.931578545815213,4.4886243991760129,3.3564965285725186,0.0064087891966124969,0.023071641107804991,5.839688715953308,5.5987182421606771,6.2320897230487526,6.5790798809796289,6.8794689860379954,7.2737926298924229,7.5954833295185784,7.9293812466620892,8.2664225223163204,8.62415503166247,8.4674448767833983,8.9918974593728542,9.7993438620584428,9.5948729686427097,9.8554360265506986,11.002853437094682,11.508598458838788,10.687663080796522,2.0185128240622396,1.5549348647429546,0,0.023637139341777531,0,1
102,0,0,1,0,1,1,1,0,1,1,0,0,0,1,0,0,0,0,1,0,1,1,0,1,0,0,0,1,0,0,1,0,0,0,1,0,0,1,0,1,1,1,0,0,1,1,1,0,0,1,0,1,0,0,0,1,1,1,1,0,0,1,0,0,1,1,1,1,1,1,1,1,0,1,0,1,1,0,1,1,1,1,1,0,1,0,0,1,1,1,1,1,0,1,1,0,0,1,0,1,0,0,1,0,0,1,0,0,1,1,0,1,0,1,0,0,1,1,1,1,0,0,1,0,1,1,1,1,0,1,0,0,1,0,1,1,0,1,1,1,0,1,1,0,0,1,0,0,1,0,1,1,1,0,1,1,0,0,1,0,0,1,0,0,0,1,0,0,1,1,0,1,0,1,1,0,0,1,0,0,0,0,1,0,1,0,0,1,0,0,1,0,0,1,0,0,0,0,0,0,0,1,0,1,1,1,1,0,0,0,1,1,1,1,1,0,0,0,0,0,0,1,0,1,0,0,1,1,1,0,1,1,1,0,0,1,1,0,0,0,0,0,1,1,1,0,0,1,1,1,1,0,0,1,1,0,0,0,1,1,1,0,0,0,0,0,1,0,1,0,0,0,0,0,1,1,0,1,1,0,0,1,0,1,0,0,1,0,0,0,1,1,0,0,1,0,1,1,1,0,1,1,0,0,0,0,1,1,0,0,1,1,1,0,0,0,1,1,0,0,0,0,1,1,0,0,0,1,0,0,0,0,0,1,1,1,0,1,0,0,0,0,0,0,0,0,0,0,0,0,1,1,0,1,0,0,0,0,0,0,0,0,0,0,0,0,0,1,0,0,1,1,0,0,0,0,0,0,0,0,0,0,0,0,0.3653620202944991,0.70423437857633331,0.88606088349736778,2.5591210803387501,9.974975204089418,10.967086289768826,4.5008926527809567,4.9490501258869308,5.3059281300068664,5.9137865262836655,5.915678644998855,6.241062027924011,6.5373922331578544,6.7834897383077744,6.9837491416800184,7.2374151216906997,7.458365758754864,7.6389105058365754,7.5588311589227128,8.0543221179522391,8.043671320668345,11.002182040131228,11.50087739375906,9.0001373311970703,0.7500756470475739,3.9036791200299592,0,0.023610520456414482,0,1
103,1,1,1,0,0,0,1,1,1,0,1,0,1,1,1,0,1,1,1,1,1,1,1,1,1,1,1,1,0,1,1,0,1,1,1,0,1,1,1,1,1,1,1,0,0,0,0,0,1,1,0,0,1,1,0,0,1,1,0,0,0,0,1,1,0,0,0,0,0,0,0,0,1,0,0,1,0,1,0,1,0,0,0,0,0,0,0,0,0,0,0,0,1,0,1,0,0,0,0,0,0,0,0,0,0,0,1,0,0,0,0,1,0,1,0,1,1,0,1,1,0,1,0,1,0,0,0,1,0,1,0,1,1,0,0,0,1,0,1,0,0,1,1,0,0,1,0,1,0,1,0,0,1,0,1,0,1,1,1,1,0,1,0,1,0,0,1,0,0,1,1,0,1,1,0,1,0,1,0,0,1,1,1,1,0,0,0,0,1,0,1,0,0,1,0,0,1,1,0,1,1,0,0,1,0,0,1,1,0,1,0,0,1,0,1,1,1,1,1,1,0,1,1,1,0,1,0,0,0,1,1,0,1,0,0,0,0,0,0,0,0,1,0,0,0,1,1,0,1,0,1,0,1,0,1,1,0,0,1,1,1,1,1,1,1,0,0,1,0,0,0,0,0,0,1,1,1,1,1,1,1,1,1,0,1,0,0,1,0,1,0,0,0,0,0,1,1,0,0,1,0,1,1,0,0,0,1,1,1,1,1,1,1,1,1,0,0,1,1,0,0,0,1,1,1,1,1,0,1,0,1,0,1,1,0,1,0,1,0,0,0,0,0,0,0,0,0,0,1,0,1,1,0,1,0,1,0,0,0,0,0,1,0,0,0,1,0,0,0,0,1,1,1,0,1,1,1,0,0,0,0,0,0,0,1.7787747005416952,3.9994506752117189,5.6221560997940028,6.3989013504234382,0.022735942626077671,0.0018310826276035706,0.0070496681162737478,5.7073624780651562,6.2331883726253148,6.6160067139696341,7.0835736629282069,7.4100251773861299,7.8787518120088498,8.3087815671015495,8.2618448157473114,8.8336308842603195,8.4420233463035022,8.9875028610666057,9.7355611505302502,9.9842832074464027,10.282902265964751,11.007553215838865,14.422949568932632,11.156420233463034,2.1903339031142268,0.79700238059839046,0,0.023505520202413876,0,1
104,0,0,0,0,0,0,0,0,0,0,0,1,0,1,0,1,0,0,0,0,0,0,0,0,0,0,0,0,0,1,1,0,0,0,0,0,0,0,0,0,0,0,0,0,0,0,1,1,0,0,0,0,0,0,1,0,0,0,0,0,0,0,0,1,1,1,1,1,1,1,1,1,1,1,0,1,0,0,0,1,1,1,1,1,1,1,1,1,1,0,1,0,0,0,1,0,1,1,1,1,1,1,1,1,1,0,0,1,1,1,1,1,0,1,0,1,0,0,1,0,0,0,0,0,1,0,0,1,0,1,0,0,1,0,1,0,1,0,1,1,0,0,1,1,0,1,0,0,1,0,0,0,1,0,1,0,0,1,0,0,0,1,0,0,0,1,0,1,0,1,0,1,1,0,1,0,0,1,0,0,0,0,0,0,0,1,0,1,0,1,1,1,0,1,0,0,0,0,0,0,0,0,1,1,1,1,1,0,0,0,1,1,1,1,0,0,1,0,0,1,1,0,0,0,0,0,1,1,1,0,1,1,0,0,0,0,1,0,1,0,0,0,1,1,1,0,0,0,1,1,1,0,0,1,1,1,0,0,1,1,1,0,0,0,0,0,0,0,1,1,0,0,0,0,1,1,0,1,0,0,1,1,0,0,0,0,1,1,0,0,1,1,0,0,1,0,1,0,0,0,1,1,0,1,0,0,1,1,0,0,1,0,0,0,0,0,0,0,0,0,0,0,1,1,0,0,0,0,0,0,0,1,0,0,1,1,0,1,0,0,0,0,0,0,0,0,0,0,0,0,0,1,0,1,0,0,0,0,0,0,0,0,0,0,0,1,0,1,0,0,1,1,0,0,0,0,0,0,0,0,0,0,0,0,0.00064087891966124971,0.00036621652552071412,0.00027466239414053559,0.062623025864042114,9.9929808499275197,11.982970931563287,13.97949187457084,5.1272755016403453,5.2523689631494621,5.6751354238193326,5.9599908445868612,6.0319523918516822,6.5246967269398031,6.6275425345235366,6.9187457084000918,7.1129015030136564,7.443839169909209,7.4197299153124279,7.503746089875639,7.8126192111085677,7.8872968642710006,11.000839246204318,11.503685053788052,9.0001373311970703,0.17630030816068443,4.1697716122455999,0,0.023414414256482042,0,1
105,1,1,1,1,1,1,1,1,1,1,0,1,1,0,1,0,1,1,1,1,1,1,0,1,1,0,1,1,1,1,0,1,1,1,1,1,1,1,1,1,1,1,0,1,1,0,1,1,1,1,1,1,1,1,1,1,1,0,0,1,1,0,1,0,0,0,0,0,0,0,0,0,0,0,0,0,1,1,1,1,0,0,0,0,0,0,0,0,0,0,0,0,0,0,1,0,0,0,0,0,0,0,0,0,1,1,0,0,1,1,0,0,0,0,0,0,0,0,0,0,1,0,1,1,1,0,0,1,0,1,0,1,1,0,0,0,0,0,1,0,0,1,1,1,0,1,0,1,0,1,0,1,1,0,1,0,0,1,0,1,0,1,0,1,0,0,1,1,0,1,1,0,1,1,0,1,0,1,0,0,1,1,1,1,0,0,1,0,1,1,1,0,0,1,0,0,1,1,0,1,1,0,0,1,0,0,1,1,0,1,0,0,1,0,1,1,1,1,1,1,0,1,1,1,0,1,0,0,0,1,1,0,1,0,0,0,0,0,0,0,0,1,0,0,0,1,1,0,1,0,1,0,1,1,1,1,0,0,1,1,1,1,1,1,1,0,0,1,0,0,0,0,0,0,1,1,1,1,1,1,1,1,1,0,1,0,0,1,0,1,0,0,0,0,0,1,1,0,0,1,0,1,1,0,0,0,1,1,1,1,1,1,1,1,1,0,0,1,1,0,0,0,1,1,1,1,1,0,1,0,1,0,1,1,0,1,0,1,0,0,0,0,0,0,0,0,0,0,1,0,1,1,0,1,0,0,0,0,0,0,0,1,0,0,1,1,0,0,0,0,1,1,1,0,1,1,1,0,0,0,1,0,0,0,1.9988708323796445,3.964721141374838,5.9967040512703136,7.9876707103074693,0.0022888532845044634,0.00036621652552071412,0.043579766536964985,0.045166704814221408,6.1983062485694669,6.6910811017013803,7.1695124742504008,7.4232089723048755,7.8787518120088498,8.3087815671015495,8.2618448157473114,8.8355840390630966,8.4420233463035022,8.9875028610666057,9.7355611505302502,9.9842832074464027,10.282902265964751,11.007553215838865,11.553521019302663,11.162279697871366,2.2150593363065458,0.23310412983737089,0,0.023315749798683585,0,1
106,1,0,1,1,1,1,1,1,1,1,1,1,1,1,1,1,1,1,1,1,0,1,0,1,1,0,0,1,0,0,1,0,1,1,1,0,1,1,1,1,1,1,1,0,0,0,0,0,1,1,0,0,1,1,1,0,1,1,0,0,1,0,1,1,0,0,0,0,0,0,0,0,1,0,0,1,0,1,0,1,0,0,0,0,0,0,0,0,0,0,0,0,1,0,1,1,0,0,0,0,0,0,0,0,0,0,0,0,0,0,0,1,0,1,0,1,1,1,1,1,0,0,1,1,1,0,1,0,0,1,0,1,1,0,0,0,0,0,0,0,0,0,1,0,0,1,0,1,0,1,0,0,0,0,1,1,0,1,1,0,0,1,0,1,0,0,0,0,0,1,0,0,1,1,0,1,0,1,0,0,1,1,0,1,1,0,0,1,1,1,1,1,0,1,0,0,1,0,1,0,1,0,1,0,1,0,0,1,0,1,0,0,1,0,0,0,0,1,1,1,1,1,1,1,0,1,0,0,0,1,1,0,1,1,1,0,1,1,0,1,0,1,0,0,0,1,0,0,1,0,1,1,0,1,1,1,0,0,1,1,1,1,1,1,1,1,0,0,1,0,1,1,0,0,1,1,1,1,1,1,1,1,1,1,0,1,0,1,0,1,0,0,0,0,0,1,1,0,0,1,0,1,1,0,0,0,1,1,1,1,1,1,1,1,1,0,0,1,1,0,0,0,1,1,1,1,1,0,1,0,1,0,1,1,0,1,0,1,0,0,0,0,0,0,0,0,0,0,1,0,1,1,0,1,0,0,0,0,0,0,0,1,0,0,0,1,0,0,0,0,1,1,1,0,1,1,1,0,0,0,0,0,0,0,1.4999923704890517,3.8370946822308691,5.6221560997940028,6.4623788815136951,0.022735942626077671,0.0020141908903639275,0.0002136263065537499,5.9517509727626461,6.1881437399862671,6.5790798809796289,6.9009536888685439,7.2770885786221093,7.582787823300527,7.9293812466620892,8.3117418173495086,8.5894865339131758,8.4726329442282751,8.9940947585259785,9.7355611505302502,9.9842832074464027,10.282902265964751,11.007553215838865,11.547905699244678,11.156420233463034,2.1169426509515139,1.0136797071901535,0,0.02274699996568591,0,1
107,1,1,0,1,0,0,1,1,1,1,1,0,0,0,1,0,1,1,1,1,0,0,0,1,0,0,0,1,1,1,1,0,1,1,1,1,0,0,1,0,0,1,1,0,0,0,0,1,0,1,1,1,1,0,1,0,1,1,1,1,1,1,1,0,0,0,0,0,1,1,0,1,0,0,1,0,1,1,0,0,0,0,0,0,0,1,0,1,0,1,0,0,0,1,0,1,0,0,1,0,1,1,1,1,0,1,0,1,1,0,1,0,0,1,0,1,1,0,0,0,1,0,0,1,1,1,1,1,0,1,0,1,1,0,0,0,1,0,1,0,1,0,1,1,0,1,0,1,0,0,1,0,1,0,0,1,1,0,0,0,0,1,0,1,0,0,0,0,0,0,0,0,1,1,0,1,0,1,0,0,1,1,0,1,0,0,0,1,0,0,1,1,0,1,0,0,1,0,1,0,1,1,0,1,0,0,1,1,0,1,0,0,1,0,0,0,0,1,1,1,1,1,1,1,0,1,0,0,0,1,1,0,1,0,0,0,1,0,1,0,0,1,0,0,0,1,0,0,1,1,1,1,1,1,1,0,0,0,1,1,1,1,1,1,1,1,0,0,0,0,1,1,0,0,1,1,1,1,1,1,1,1,1,1,0,0,0,1,0,1,0,0,0,0,0,0,0,0,0,0,0,1,0,0,0,0,1,1,1,1,0,1,0,1,1,0,1,0,0,0,0,0,1,1,1,1,0,0,0,0,0,1,0,1,1,0,0,1,0,0,0,0,0,0,0,0,0,0,0,1,0,0,0,1,0,0,0,0,0,0,0,0,0,0,1,0,0,1,0,0,1,1,1,0,0,0,0,0,0,1,1,0,0,1,1.6553597314412145,3.7675135423819333,5.680842298008697,3.8435645075150684,0.51453421835660329,0.24701304646372169,2.5895780880445565,5.5389028763256274,6.2345616845960175,6.452735179674983,6.8794689860379954,7.2258182650492095,7.5994506752117195,7.9293812466620892,8.2664225223163204,8.62415503166247,8.4684824902723737,8.9918974593728542,9.5024643320363165,9.5948729686427097,9.8579995422293436,11.002853437094682,11.506492713817044,10.518471046005951,2.0601456394215441,1.3996394137378074,0,0.022504521612680253,0,1
108,1,1,1,0,1,0,1,0,1,0,1,1,1,0,1,1,1,1,0,0,0,1,1,0,0,1,0,0,0,1,1,1,1,0,1,0,1,0,1,1,1,1,1,0,1,0,0,1,0,1,1,0,1,1,1,1,1,1,0,0,1,1,0,1,0,0,1,0,1,1,0,1,0,1,1,1,1,0,0,0,0,0,0,0,0,1,1,0,0,1,0,1,0,0,1,0,0,1,1,0,1,1,1,1,0,1,0,1,1,1,1,0,0,1,0,1,1,1,0,1,0,0,0,1,1,1,0,1,0,1,0,1,0,1,1,0,1,0,0,1,0,0,1,1,0,1,0,1,0,0,1,0,1,0,0,1,1,1,1,0,0,1,0,0,1,1,1,0,0,1,1,1,1,0,1,1,0,1,0,0,1,1,0,0,0,0,0,1,1,1,1,1,0,1,0,0,1,0,1,0,1,1,0,1,1,0,0,1,0,1,0,0,1,0,0,0,0,1,1,1,0,1,0,1,0,1,0,0,0,1,1,0,1,0,0,0,1,0,1,0,0,1,0,0,0,1,0,0,0,0,1,1,1,0,1,0,0,0,1,1,1,1,1,1,1,1,1,0,0,1,1,1,0,0,1,1,1,1,1,1,1,1,1,1,0,0,1,1,0,1,0,0,0,0,0,0,1,0,0,0,0,1,0,0,0,0,1,1,1,1,0,1,0,1,1,0,1,0,0,0,0,0,1,1,1,1,0,0,0,0,0,1,0,1,1,0,0,1,0,0,0,0,0,0,0,0,0,0,0,1,0,0,0,1,0,0,0,0,0,0,0,0,0,0,1,0,0,1,0,0,1,1,1,0,0,0,0,0,0,1,1,0,0,1,1.8338597695887693,3.0981307698176548,4.0292057679102768,3.4938277256427863,1.7761501487754636,0.29626916914625773,6.0904859998474095,5.8196688792248414,6.0873426413366909,6.4545662623025866,6.7445181963836127,7.1364614328221556,7.6018310826276041,7.9251087205310142,8.2664225223163204,8.5284504463263904,8.48715953307393,8.9929961089494164,9.5766842145418476,9.5948729686427097,9.8579995422293436,11.002853437094682,11.506492713817044,10.518471046005951,1.8974243484875384,1.9318556480800202,0,0.022459215841514904,0,1
109,0,0,1,0,1,0,1,0,0,0,1,1,1,1,0,1,1,1,0,1,0,1,0,1,1,0,0,0,0,0,1,0,0,1,0,0,0,1,1,1,0,1,1,1,1,1,0,0,0,0,1,0,0,0,1,0,0,0,1,0,1,0,1,1,1,1,1,1,1,0,1,0,1,1,0,0,1,0,1,1,0,1,0,1,0,1,1,0,1,0,1,1,0,0,1,1,0,1,0,1,0,0,0,1,0,1,1,1,0,1,1,1,0,1,0,0,1,1,0,1,1,1,0,1,1,1,0,1,0,1,0,0,1,0,1,0,0,1,1,1,0,1,1,1,0,1,0,0,1,0,0,1,1,0,1,1,0,1,1,1,0,1,0,0,0,1,0,0,0,0,0,0,0,1,1,0,0,1,0,0,0,0,1,0,0,0,0,1,0,0,0,0,0,1,0,0,0,0,0,0,1,0,0,1,1,1,1,1,0,0,1,1,1,1,0,1,0,0,1,1,1,1,0,1,0,0,1,1,1,1,0,1,1,0,0,0,0,1,1,0,0,0,1,1,1,0,0,0,1,1,1,0,0,1,1,0,0,0,1,1,1,0,0,0,0,0,0,0,1,1,0,0,0,0,1,1,0,1,0,0,1,1,0,0,0,1,1,1,0,0,1,1,0,0,1,1,1,0,0,1,1,1,0,0,0,0,1,1,0,0,1,0,0,0,0,1,0,1,0,0,0,0,1,1,0,0,0,0,0,1,0,0,1,0,1,1,0,1,0,0,0,0,0,0,0,0,0,0,0,0,1,0,0,1,0,0,0,0,0,0,0,0,0,0,0,1,0,1,0,0,1,1,0,0,0,0,0,0,0,0,1,1,0,0,0.32999160753795681,3.3361104753185322,1.6754406042572672,1.0677653162432288,9.7967498283360026,4.0640878919661247,4.4551766231784544,4.866529335469596,5.23588921950103,5.7590600442511626,5.8458533607995724,6.1934538796063183,6.5631799801632713,6.6980392156862747,7.2098878461890594,7.1124132143129621,7.443839169909209,7.4219272144655521,7.660883497367819,7.8248264286259248,7.9231860837720305,11.001510643167773,11.503685053788052,9.0089265278095674,1.1190370738286475,3.4670869054322933,0,0.022262080226978016,0,1
110,1,0,0,1,1,1,0,1,0,1,0,0,0,1,0,1,0,0,1,0,1,1,1,1,1,1,0,0,1,1,0,1,0,0,1,0,1,0,0,0,0,1,1,1,1,0,1,1,0,0,0,1,0,1,0,0,1,1,1,1,1,1,1,1,1,1,1,1,1,0,0,0,1,0,1,1,0,1,1,1,1,0,1,1,1,1,1,0,1,0,0,1,1,1,1,0,0,1,0,1,0,0,1,0,1,1,0,0,1,1,0,1,0,1,0,0,1,1,1,0,1,0,1,0,0,1,0,0,0,1,0,0,1,0,1,0,1,0,1,1,0,1,0,0,0,1,0,0,1,0,0,0,0,0,1,0,0,0,0,0,0,1,0,0,0,1,0,0,1,1,0,1,0,1,1,0,0,1,0,0,0,0,1,0,1,0,0,1,0,0,1,1,0,1,0,0,0,0,0,0,1,1,0,1,1,1,1,0,0,0,1,1,1,1,0,1,0,0,0,1,0,0,1,0,0,0,1,1,1,0,1,1,0,0,0,1,0,1,1,0,0,0,1,1,1,0,0,1,1,1,1,0,0,0,0,0,0,0,1,1,1,0,0,0,0,0,1,0,1,0,0,1,0,0,1,1,0,1,1,0,1,0,0,1,0,0,1,1,0,0,1,1,0,0,1,1,1,1,1,1,1,1,0,0,0,0,1,1,0,0,1,0,1,0,0,0,1,0,1,1,0,0,1,1,0,0,0,1,0,1,0,0,0,1,1,1,0,1,0,0,0,0,0,0,0,0,0,0,0,0,1,1,0,1,0,0,0,0,0,0,0,0,0,0,0,0,0,1,0,0,1,1,0,0,0,0,0,0,0,0,0,0,0,0,1.2286869611657893,0.74689860379949646,0.94877546349279007,0.65613794155794614,9.7155718318455779,8.9353170061799041,4.5282368200198366,4.9151140611886781,5.2526436255436026,5.6348516060120541,5.915678644998855,6.2414282444495317,6.58817425803006,6.6796673533226523,6.9242389562829025,7.234485389486534,7.4588845654993516,7.6746166170748449,7.7165484092469674,7.8974593728541995,8.0846875715266648,11.002182040131228,11.50087739375906,9.0001373311970703,0.89229242256620966,3.7673815912015183,0,0.021866157263780005,0,1
111,0,0,0,1,0,1,1,1,1,1,0,0,0,1,0,0,0,0,1,0,1,0,0,0,1,0,0,1,0,1,0,0,0,0,1,0,1,0,0,1,1,1,1,0,0,0,0,0,0,1,0,0,1,1,1,1,0,1,0,1,1,1,0,0,1,1,1,1,1,1,1,1,0,1,0,1,1,1,0,1,1,1,1,1,0,1,0,0,1,0,0,0,0,1,0,1,0,1,0,1,0,0,0,1,1,1,0,0,1,1,1,1,0,1,0,0,1,1,0,1,1,0,0,0,0,0,0,0,0,1,0,0,1,0,0,1,1,1,0,1,0,0,1,1,0,1,0,0,1,0,0,1,1,1,0,1,0,1,1,1,0,1,0,0,0,1,0,0,0,0,1,0,0,1,1,0,0,1,0,0,0,0,1,0,0,0,0,1,0,0,1,0,0,1,0,0,0,0,0,0,0,0,0,1,1,0,0,1,0,0,1,1,0,1,0,1,0,0,0,1,0,0,1,0,0,0,1,1,1,0,1,1,1,0,0,0,0,1,1,0,0,0,1,1,1,0,0,0,1,1,1,0,0,1,1,0,0,0,1,1,1,0,0,0,0,0,0,0,1,1,0,0,0,0,1,1,0,1,0,0,1,1,1,0,0,1,1,0,0,0,1,1,0,0,1,0,1,0,0,1,0,1,0,0,0,0,1,1,0,0,1,0,0,0,1,0,1,1,0,0,0,0,1,1,0,0,0,0,0,0,0,0,0,1,0,1,0,1,0,0,0,0,0,0,0,0,0,0,0,0,1,1,0,1,0,0,0,0,0,0,0,0,0,0,0,0,1,1,0,0,1,1,0,0,0,0,0,0,0,1,1,0,0,1,0.18567177843900207,0.63404287785152968,0.98146028839551391,2.4800183108262761,9.9752803845273519,11.462027924010071,4.4739757381551843,4.8438239108873118,5.1908445868619815,5.7688258182650483,5.8565957122148466,6.1941863126573597,6.5100175478751812,5.8046540016784931,6.9755092698558023,7.1124132143129621,7.443839169909209,7.4389562829022653,7.5078049897001602,7.8394750896467533,7.8783245593957432,11.002182040131228,11.502281223773556,9.0184481574731059,0.68560810231644942,3.9629209428806416,0,0.020962064107287438,0,1
112,0,0,1,0,1,1,1,0,0,1,0,0,0,1,0,0,0,0,0,0,0,0,0,0,1,0,0,0,0,1,0,0,0,0,1,1,0,0,0,1,0,0,1,1,0,0,0,0,0,0,1,1,1,1,0,0,0,1,0,0,0,1,0,0,1,1,1,1,1,1,1,1,0,1,0,1,1,0,1,1,1,1,1,1,1,0,0,1,1,1,1,1,0,1,1,0,0,1,0,1,0,0,1,0,1,1,0,0,0,1,1,1,0,1,0,1,1,1,1,1,1,0,0,0,1,1,1,1,0,1,0,0,1,0,1,1,1,1,0,0,1,1,1,0,0,1,0,0,1,0,0,0,0,0,1,1,0,0,0,0,0,1,0,0,0,1,0,0,1,1,1,1,0,1,1,0,0,1,0,0,0,0,1,0,1,0,0,1,0,0,1,0,0,1,0,0,0,0,0,0,0,1,0,1,1,1,1,0,0,0,1,1,0,1,1,0,0,0,0,0,0,1,0,1,0,0,1,1,1,0,1,1,1,0,0,1,1,0,0,1,0,0,1,1,1,0,0,1,0,1,1,0,0,1,1,0,0,0,1,1,1,0,0,0,0,0,1,0,1,0,0,0,0,0,1,1,0,1,0,0,1,1,1,0,0,1,1,1,0,0,1,1,0,0,1,0,1,0,0,1,0,1,0,0,0,0,1,1,0,0,1,0,0,0,1,0,1,1,0,0,0,0,1,1,0,0,0,0,0,0,0,0,0,1,0,0,0,1,0,0,0,0,0,0,0,0,0,0,0,0,1,1,0,1,0,0,0,0,0,0,0,0,0,0,0,0,0,1,0,0,1,1,0,0,0,0,0,0,0,0,0,0,0,0,0.36145571068894483,0.0080567635614557116,1.1528496223392082,1.8833295185778591,9.974975204089418,11.717097734035248,4.5269550621805141,5.9725032425421531,5.3300984206912334,5.639734493018997,5.9264209964141292,6.241062027924011,6.5373922331578544,5.9084763866636152,6.9842069123369193,7.1749141680018313,7.458365758754864,7.4395056076905464,7.5078049897001602,7.8394750896467533,7.8776836804760819,11.002182040131228,11.50087739375906,9.0001373311970703,0.60833582474912995,4.0192539504150453,0,0.020943227919634266,0,1
113,0,0,0,1,1,1,0,0,0,0,0,1,1,1,0,1,0,0,1,0,1,1,0,1,0,0,0,1,0,0,1,0,0,0,1,0,0,1,0,1,1,1,0,0,1,1,1,0,0,1,0,1,0,0,0,1,1,1,1,0,0,1,0,0,1,1,1,1,1,1,1,1,0,1,0,1,1,0,1,1,1,1,1,0,1,0,0,1,1,1,1,1,0,1,1,0,0,1,0,1,0,0,1,0,0,1,0,0,1,1,0,1,0,1,0,0,1,1,1,1,1,0,1,0,1,1,1,1,0,1,0,0,1,0,1,1,1,1,0,0,1,1,1,0,0,1,0,0,1,0,0,0,0,0,1,1,0,0,0,0,0,1,0,0,0,1,0,0,1,1,0,1,0,1,1,0,0,1,0,0,0,0,1,1,1,0,0,1,0,0,1,1,0,1,0,0,0,0,0,0,0,1,0,1,1,1,1,0,0,0,1,1,1,1,1,0,0,0,0,0,0,1,0,1,0,0,1,1,1,0,1,1,1,0,0,1,1,0,0,0,0,0,1,1,1,0,0,1,1,0,1,0,0,1,1,0,0,0,1,1,1,0,0,0,0,0,0,0,1,0,1,0,0,0,1,1,0,1,1,0,1,1,0,1,0,0,1,1,0,0,1,1,0,0,1,1,1,1,1,0,0,1,0,0,0,0,1,1,0,0,1,0,1,1,0,0,1,1,0,0,0,0,1,1,0,0,0,1,0,0,0,0,0,1,0,1,0,1,0,0,0,0,0,0,0,0,0,0,0,0,0,1,0,1,0,0,0,0,0,0,0,0,0,0,0,0,0,1,0,0,1,1,0,0,0,0,0,0,0,0,0,0,0,0,0.21963836118104829,0.70423437857633331,0.88606088349736778,2.5591210803387501,9.974975204089418,10.967086289768826,4.5008926527809567,4.980300602731365,5.3300984206912334,5.639734493018997,5.915678644998855,6.3351796749828342,6.5373922331578544,6.7834897383077744,6.9837491416800184,7.2061646448462655,7.4428015564202337,7.7097734035248333,7.7026321812771803,7.9371328297856101,8.0423895628290225,11.000839246204318,11.50087739375906,9.0001373311970703,0.70252647098064358,3.9455557878413714,0,0.020472433165363728,0,1
114,1,1,1,0,0,1,1,1,1,0,1,0,1,1,1,1,1,1,1,1,0,1,1,0,1,0,0,1,1,1,0,1,1,1,1,1,0,0,1,0,0,1,1,0,0,0,0,1,0,1,0,1,1,0,1,0,1,1,1,0,0,1,1,0,0,0,0,0,1,1,0,1,0,0,1,0,0,1,0,0,0,0,0,0,0,1,0,1,0,1,0,0,0,0,0,1,0,0,1,0,1,1,1,1,0,1,0,1,1,1,1,0,0,1,0,1,1,1,0,1,0,0,0,1,1,1,0,1,0,1,0,1,0,1,1,0,1,0,0,1,0,0,1,1,0,1,0,1,0,0,1,0,1,0,0,1,1,1,1,0,0,1,0,0,1,1,1,0,0,1,1,1,1,0,1,1,0,1,0,0,1,1,0,1,0,1,0,1,0,0,1,1,0,1,0,0,1,0,1,0,0,1,1,0,0,0,0,1,0,1,0,0,1,0,0,0,0,1,0,1,1,0,0,1,0,1,0,0,0,1,1,0,1,0,0,0,1,0,1,0,0,1,0,0,0,1,0,0,0,1,1,1,1,1,1,0,0,0,1,1,1,1,1,1,1,1,1,0,0,0,1,1,0,0,1,1,1,1,0,1,1,1,1,1,1,0,0,1,0,1,0,0,0,0,0,0,0,0,0,0,0,1,1,0,0,0,1,1,1,1,0,1,0,1,1,0,1,0,0,0,0,0,1,1,1,1,0,0,0,0,0,1,0,0,1,0,0,1,0,0,0,0,0,0,0,0,0,0,0,1,0,0,0,1,0,0,0,0,0,0,0,0,0,0,1,1,0,1,0,0,1,1,1,0,0,1,0,0,0,0,0,0,0,0,1.810055695429923,3.8533913176165409,5.680842298008697,2.840619516289006,0.51331349660486758,0.24628061341268026,2.5904325932707715,5.8196688792248414,6.0873426413366909,6.4545662623025866,6.7445181963836127,7.2492561226825352,7.5542229343099114,7.9131456473640043,8.2664225223163204,8.5616540779736017,8.4850843060959793,8.7150377660791936,9.5036240177004654,9.5948729686427097,9.8554360265506986,11.002853437094682,11.509300373846036,10.687663080796522,2.0560992104130684,1.4417451176853051,0,0.020429539685407734,0,1
115,1,1,0,0,0,1,1,0,0,0,0,1,1,1,1,0,0,0,0,0,0,0,0,0,1,0,0,0,0,1,1,1,0,1,1,0,1,1,1,1,0,1,1,1,0,1,0,0,0,0,0,1,1,0,1,1,1,0,0,0,1,1,1,0,1,1,1,1,0,1,0,1,0,0,1,0,1,0,1,1,0,1,0,1,0,1,1,1,1,0,0,1,1,0,0,0,0,1,0,1,0,0,0,1,1,1,1,1,0,0,0,1,0,1,0,0,1,1,1,1,1,1,0,0,0,1,1,1,0,1,0,0,1,0,0,0,1,1,0,1,0,0,1,1,0,1,0,0,1,0,0,0,0,0,1,1,0,1,1,1,0,1,0,0,0,1,0,0,0,0,0,0,1,1,1,0,0,1,0,0,0,1,1,0,0,0,0,1,0,0,1,0,0,1,0,0,0,0,0,0,0,0,1,1,1,0,1,1,0,0,1,1,1,1,0,1,0,0,0,1,0,0,1,0,0,0,1,1,1,0,1,1,1,0,0,1,0,1,1,0,0,0,1,1,1,0,0,1,1,1,1,0,0,0,0,0,0,0,1,1,1,0,0,0,0,0,0,0,1,0,0,1,0,0,1,1,0,1,1,0,0,0,0,1,0,0,1,1,0,0,1,1,0,0,1,1,1,1,1,1,1,1,1,0,0,0,1,1,0,0,1,0,0,0,0,0,0,0,0,1,0,0,1,1,0,0,0,0,0,0,0,1,0,0,1,1,0,1,0,0,0,0,0,0,0,0,0,0,0,0,0,1,0,1,0,0,0,0,0,0,0,0,0,0,0,1,0,0,0,0,1,1,0,0,0,0,0,0,0,0,0,0,0,0,1.5478141451132983,0.008239871824216068,2.6122224765392539,0.86109712367437252,9.5770199130235749,4.1060196841382464,4.4812390325780118,4.9861600671396964,5.1205310139620046,5.6418707560845345,5.848538948653391,6.5691920347905706,6.5235065232318608,6.6796673533226523,6.9828336003662166,7.234485389486534,7.442282749675746,7.604303044174868,7.7177080949111163,7.8132295719844356,7.8872968642710006,11.000839246204318,11.502983138780804,9.0001373311970703,1.0686856062061576,3.5537917174602467,0,0.019999475380531994,0,1
116,0,0,1,0,1,0,1,0,0,1,1,1,1,1,1,1,1,1,0,0,0,1,0,1,1,0,0,1,0,1,0,0,1,1,1,0,0,1,0,1,1,1,1,0,0,1,0,1,1,1,0,0,0,1,1,0,1,0,0,1,1,0,1,0,0,0,0,0,0,0,0,0,1,1,0,0,1,0,1,1,0,1,0,1,1,1,0,1,0,0,0,0,1,1,1,0,0,1,1,0,1,1,0,1,0,0,0,1,0,0,1,0,0,1,0,1,1,0,0,1,0,0,0,1,1,0,1,0,0,1,0,1,1,0,0,1,0,1,0,1,0,1,1,1,0,1,0,1,0,1,1,0,0,1,0,1,0,1,0,0,0,1,0,1,0,0,0,0,0,1,0,0,1,1,1,0,0,1,0,0,1,1,0,1,0,0,0,1,0,0,1,1,0,1,0,0,1,0,1,0,0,1,1,0,0,0,0,1,0,1,0,0,1,0,0,0,0,1,1,1,1,0,0,1,0,1,0,0,0,1,1,0,1,0,0,0,1,0,1,0,0,1,0,0,0,1,0,0,0,0,1,1,1,1,1,0,0,0,1,1,1,1,1,1,1,1,1,0,0,0,1,1,0,0,1,1,1,1,1,1,1,1,1,1,1,0,0,1,0,1,0,0,0,0,0,0,0,0,0,0,0,1,1,0,0,0,1,1,1,1,0,1,0,1,1,0,1,0,0,0,0,0,1,1,1,1,0,1,0,0,1,1,0,0,1,0,0,1,0,0,0,0,0,0,0,0,0,0,0,1,0,0,0,1,0,0,0,0,0,0,0,0,0,0,1,1,0,1,0,0,1,1,1,0,0,1,0,0,0,0,0,0,0,0,0.33200579842832073,3.0872053101396202,5.3882352941176475,6.206393530174716,0.030975814450293734,4.3620050354772255,5.964873731593805,5.5689326314183258,6.2818036163881894,6.7444876783398193,6.9012893873502712,7.2258182650492095,7.5542229343099114,7.9268177309834442,8.2664225223163204,8.5304036011291675,8.4850843060959793,8.9962920576791028,9.5036240177004654,9.5948729686427097,10.040009155413138,11.002853437094682,11.509300373846036,10.687663080796522,1.8228032590437386,2.1871421992601503,0,0.01979681451526883,0,1
117,1,1,0,1,0,1,0,0,1,0,1,1,1,1,1,1,0,1,1,0,0,0,1,0,1,0,0,1,1,1,0,1,1,1,1,1,1,1,1,1,1,1,0,1,1,1,1,1,1,1,1,1,1,1,1,1,1,0,0,1,0,0,1,1,0,0,1,0,0,0,1,1,1,1,0,0,0,0,1,1,0,0,0,0,0,1,0,0,0,0,0,0,1,0,1,1,0,0,0,0,0,0,0,0,1,1,0,1,1,0,1,0,0,1,0,1,1,0,1,0,1,0,0,0,1,1,1,1,0,1,0,1,0,1,0,0,1,1,0,1,0,0,1,1,0,1,0,1,0,0,1,0,1,0,0,1,1,0,0,0,0,1,0,1,0,0,0,0,0,0,0,0,1,1,0,1,0,1,0,0,1,1,0,1,0,0,0,1,0,0,1,1,0,1,0,0,1,0,1,0,0,1,0,1,1,0,0,1,0,1,0,0,1,0,0,0,0,1,1,1,0,1,1,1,0,1,0,0,0,1,1,0,1,0,0,0,1,0,1,0,0,1,0,0,0,1,0,0,1,0,1,1,0,0,1,0,0,0,1,1,1,1,1,1,1,1,0,0,0,0,1,1,0,0,1,1,1,1,1,1,1,1,1,1,0,0,1,1,0,1,0,0,0,0,0,0,1,0,0,0,0,1,0,0,0,0,1,1,1,1,0,1,0,1,1,0,1,0,0,0,0,0,1,1,1,1,0,0,0,0,1,0,1,0,0,1,0,1,0,0,0,0,0,0,0,0,0,0,0,1,0,0,0,1,0,0,0,0,0,0,0,0,0,0,1,1,0,1,0,0,1,1,1,0,1,1,1,0,0,0,0,0,0,0,1.6621042191195545,1.5408560311284047,5.9970702677958343,7.9868162050812543,1.3969634546425573,0.18951705195696955,0.04657053482871748,5.6599984740978107,5.9642938887617305,6.452735179674983,6.8794689860379954,7.2258182650492095,7.5510490577553986,7.9259632257572292,8.2664225223163204,8.5870450904097044,8.4684824902723737,8.9929961089494164,9.5766842145418476,9.5948729686427097,9.8701762417029073,11.002853437094682,11.509300373846036,11.156420233463034,2.0696988173365747,1.3791259898822164,0,0.019302392814455557,0,1
118,1,1,1,0,0,0,0,0,0,0,1,1,1,1,1,0,1,0,1,0,1,0,1,1,0,1,0,0,1,1,1,1,1,0,0,1,1,0,1,1,0,1,1,0,1,1,0,1,0,1,0,0,0,1,1,0,0,1,0,1,1,1,1,0,0,0,0,0,0,0,1,1,1,1,0,0,1,0,1,1,0,1,0,1,0,1,1,0,1,0,1,1,1,1,1,1,0,1,0,1,0,0,1,0,1,1,0,0,1,1,1,1,0,1,0,0,1,1,0,1,1,0,0,0,0,1,0,0,0,1,0,0,1,0,1,1,0,0,0,1,0,1,1,1,0,1,0,0,1,0,1,0,1,0,1,1,0,0,0,1,0,1,0,0,0,1,1,1,0,0,0,1,1,1,1,1,0,1,0,0,0,0,1,0,0,1,0,1,0,1,0,0,0,1,0,0,0,0,0,0,1,0,0,1,1,1,1,0,0,0,1,1,1,0,1,0,0,0,0,0,0,1,0,1,0,0,1,1,1,0,1,1,1,0,0,0,1,0,0,0,0,0,1,1,1,0,0,1,1,1,0,0,0,1,1,1,0,0,1,1,1,0,0,0,0,0,0,0,1,0,0,1,0,0,1,1,0,1,1,0,0,1,0,1,0,0,1,1,0,0,1,1,0,0,1,1,1,1,1,1,0,1,0,0,0,0,1,1,1,0,1,0,1,1,0,0,1,0,0,0,0,0,1,1,0,0,0,1,0,0,0,0,0,1,0,1,0,1,0,0,0,0,0,0,0,0,0,0,0,0,1,1,0,1,0,0,0,0,0,0,0,0,0,0,0,0,0,1,0,0,1,1,0,0,0,0,0,0,0,0,0,0,0,0,1.7519188220035096,2.6767376211184861,3.642847333485923,2.1990081635767149,0.14816510261692226,4.066285191119249,4.5286640726329441,4.8448004882887004,5.2798352025635156,5.8353551537346462,6.112062256809339,6.2183566033417268,6.5627832455939572,6.3459830624856943,6.9764248111696041,7.2222781719691769,7.442282749675746,7.6394598306248565,7.7119096665903717,9.1847104600595095,8.0423895628290225,11.002182040131228,11.50087739375906,9.0001373311970703,1.700664545753201,2.386675679065088,0,0.01748089032845556,0,1
119,1,1,0,0,1,0,0,1,0,0,1,0,0,1,0,0,0,0,0,0,0,0,1,0,1,0,1,0,1,0,0,0,0,0,0,1,0,0,1,1,1,1,0,1,0,1,0,0,1,1,1,0,0,1,1,0,0,1,1,1,0,1,0,0,0,1,1,1,1,1,1,0,1,1,1,0,0,0,0,0,0,1,0,1,0,1,1,0,1,1,1,1,0,1,0,1,0,1,0,1,1,0,0,1,1,1,0,0,1,1,0,1,0,1,0,0,1,1,1,1,0,0,0,0,1,1,0,1,0,1,0,0,1,0,1,1,0,1,1,1,0,1,1,0,0,1,0,0,1,0,1,1,1,0,1,1,0,1,1,1,0,1,0,0,0,1,0,0,0,0,0,0,0,1,1,0,0,1,0,0,0,0,1,0,0,0,0,1,0,0,0,0,0,1,0,0,0,0,0,0,1,0,0,1,1,0,1,0,0,0,1,1,1,1,0,1,0,0,1,1,0,1,0,1,0,0,1,1,1,0,0,1,1,0,0,0,1,1,1,0,0,0,1,1,1,1,0,0,0,1,1,0,0,1,1,0,0,0,1,1,1,0,0,0,0,0,0,1,1,1,0,0,0,0,1,1,0,1,0,0,1,1,0,0,0,1,1,1,0,0,1,1,0,0,1,1,1,0,0,1,1,0,0,0,0,0,1,1,0,0,1,0,0,0,0,0,1,1,0,0,0,0,1,1,0,0,0,0,0,0,0,0,1,1,1,0,0,1,0,0,0,0,0,0,0,0,0,0,0,0,1,1,0,1,0,0,0,0,0,0,0,0,0,0,0,1,0,1,0,0,1,1,0,0,0,0,0,0,0,0,0,0,0,0,1.5714351110093843,0.041504539559014265,0.46472877088578624,7.201770046540017,4.9561303120469979,4.0761730373083083,4.911055161364156,4.940749217975128,5.3059281300068664,5.9153124284733352,5.8458533607995724,6.1934538796063183,6.5611963073167008,6.6946211947814147,6.7447928587777524,7.5499198901350422,7.4521400778210118,7.4219272144655521,7.6585641260395212,7.819943541618982,7.8840924696726944,11.002182040131228,11.503685053788052,9.0001373311970703,1.3279599029456641,3.1130185529417913,0,0.016809294502539911,0,1

