parameter,value
function,WFG4
dimension,24
population_size,120
max_generation,2000
seed,1
constraint,0
output_filename,results/WFG4
bits_per_variable,16
total_bits,384
crossover_rate,1
bit_mutation_rate,0.01
M,2
k,4
l,20

snapshot_generation_1100
index,bit0,bit1,bit2,bit3,bit4,bit5,bit6,bit7,bit8,bit9,bit10,bit11,bit12,bit13,bit14,bit15,bit16,bit17,bit18,bit19,bit20,bit21,bit22,bit23,bit24,bit25,bit26,bit27,bit28,bit29,bit30,bit31,bit32,bit33,bit34,bit35,bit36,bit37,bit38,bit39,bit40,bit41,bit42,bit43,bit44,bit45,bit46,bit47,bit48,bit49,bit50,bit51,bit52,bit53,bit54,bit55,bit56,bit57,bit58,bit59,bit60,bit61,bit62,bit63,bit64,bit65,bit66,bit67,bit68,bit69,bit70,bit71,bit72,bit73,bit74,bit75,bit76,bit77,bit78,bit79,bit80,bit81,bit82,bit83,bit84,bit85,bit86,bit87,bit88,bit89,bit90,bit91,bit92,bit93,bit94,bit95,bit96,bit97,bit98,bit99,bit100,bit101,bit102,bit103,bit104,bit105,bit106,bit107,bit108,bit109,bit110,bit111,bit112,bit113,bit114,bit115,bit116,bit117,bit118,bit119,bit120,bit121,bit122,bit123,bit124,bit125,bit126,bit127,bit128,bit129,bit130,bit131,bit132,bit133,bit134,bit135,bit136,bit137,bit138,bit139,bit140,bit141,bit142,bit143,bit144,bit145,bit146,bit147,bit148,bit149,bit150,bit151,bit152,bit153,bit154,bit155,bit156,bit157,bit158,bit159,bit160,bit161,bit162,bit163,bit164,bit165,bit166,bit167,bit168,bit169,bit170,bit171,bit172,bit173,bit174,bit175,bit176,bit177,bit178,bit179,bit180,bit181,bit182,bit183,bit184,bit185,bit186,bit187,bit188,bit189,bit190,bit191,bit192,bit193,bit194,bit195,bit196,bit197,bit198,bit199,bit200,bit201,bit202,bit203,bit204,bit205,bit206,bit207,bit208,bit209,bit210,bit211,bit212,bit213,bit214,bit215,bit216,bit217,bit218,bit219,bit220,bit221,bit222,bit223,bit224,bit225,bit226,bit227,bit228,bit229,bit230,bit231,bit232,bit233,bit234,bit235,bit236,bit237,bit238,bit239,bit240,bit241,bit242,bit243,bit244,bit245,bit246,bit247,bit248,bit249,bit250,bit251,bit252,bit253,bit254,bit255,bit256,bit257,bit258,bit259,bit260,bit261,bit262,bit263,bit264,bit265,bit266,bit267,bit268,bit269,bit270,bit271,bit272,bit273,bit274,bit275,bit276,bit277,bit278,bit279,bit280,bit281,bit282,bit283,bit284,bit285,bit286,bit287,bit288,bit289,bit290,bit291,bit292,bit293,bit294,bit295,bit296,bit297,bit298,bit299,bit300,bit301,bit302,bit303,bit304,bit305,bit306,bit307,bit308,bit309,bit310,bit311,bit312,bit313,bit314,bit315,bit316,bit317,bit318,bit319,bit320,bit321,bit322,bit323,bit324,bit325,bit326,bit327,bit328,bit329,bit330,bit331,bit332,bit333,bit334,bit335,bit336,bit337,bit338,bit339,bit340,bit341,bit342,bit343,bit344,bit345,bit346,bit347,bit348,bit349,bit350,bit351,bit352,bit353,bit354,bit355,bit356,bit357,bit358,bit359,bit360,bit361,bit362,bit363,bit364,bit365,bit366,bit367,bit368,bit369,bit370,bit371,bit372,bit373,bit374,bit375,bit376,bit377,bit378,bit379,bit380,bit381,bit382,bit383,x0,x1,x2,x3,x4,x5,x6,x7,x8,x9,x10,x11,x12,x13,x14,x15,x16,x17,x18,x19,x20,x21,x22,x23,f0,f1,rank,crowding_distance,constraint_violation,evaluated
0,1,1,1,1,1,1,1,1,1,1,1,1,0,1,1,0,0,0,0,0,0,0,0,0,0,0,0,1,0,1,0,0,1,1,1,1,1,1,1,1,1,1,1,1,0,1,1,0,0,0,0,0,0,0,0,0,0,0,0,1,0,1,0,0,0,1,0,1,1,0,0,1,1,1,1,1,1,1,0,0,0,1,0,1,0,1,1,0,1,0,0,1,1,1,1,1,0,1,0,1,1,1,1,0,1,1,1,1,1,1,0,0,0,1,0,1,1,1,1,0,1,1,1,1,0,1,1,0,0,1,1,0,0,1,0,0,0,1,1,1,0,1,1,1,1,0,0,0,0,1,0,1,0,0,0,1,0,1,0,0,0,1,1,0,1,0,1,0,0,0,0,0,1,1,0,0,0,1,0,1,1,0,0,1,1,0,1,0,0,1,0,0,0,1,0,1,1,1,1,1,0,0,0,0,1,0,0,1,0,1,0,1,1,1,1,1,0,0,0,0,0,1,1,1,0,1,0,1,1,1,1,1,0,0,0,1,0,1,0,1,0,1,1,0,0,1,0,1,0,0,0,0,0,0,0,1,0,1,1,0,0,1,0,0,0,1,1,1,1,1,1,0,0,1,0,1,0,0,1,1,1,0,1,1,0,0,0,0,0,1,0,1,0,1,1,0,1,0,1,1,0,0,0,0,0,1,1,0,1,0,0,1,1,1,1,1,0,0,1,0,0,1,0,1,0,0,1,1,1,0,1,1,0,0,0,1,0,1,0,1,0,1,1,0,1,1,0,0,0,0,0,0,0,1,0,1,1,1,1,0,1,1,1,1,0,1,1,1,0,1,1,0,1,0,1,0,0,0,0,0,0,0,0,0,1.9997253376058595,0.0012207217517357137,5.9991760128175784,0.0024414435034714275,3.5150682841229877,4.0604257267109176,5.1945372701609829,5.9351491569390404,7.0640421149004347,10.396887159533074,9.1135423819333194,8.4039368276493462,9.6521553368429096,10.393774319066148,11.142595559624628,12.62568093385214,13.346822308690014,11.76873426413367,12.867872129396506,16.554207675288012,13.730830853742276,14.910383764400702,17.064255741206988,19.875303273060197,2.0067186873575058,0.016254953021529638,0,inf,0,1
1,0,1,0,1,0,1,1,0,1,0,0,1,1,1,1,0,0,1,1,0,1,0,1,0,0,0,0,1,1,0,0,1,0,1,0,1,1,1,1,1,0,0,0,0,0,0,1,0,0,1,0,1,0,1,1,0,1,0,1,0,0,0,1,1,0,1,0,1,1,0,0,1,1,0,1,0,0,1,0,1,0,1,0,1,0,1,1,0,1,0,0,1,1,1,0,1,0,1,0,1,1,1,1,0,1,1,1,0,1,0,0,0,0,1,0,1,1,1,1,0,1,1,1,1,1,0,0,0,0,1,1,0,0,1,0,0,0,1,1,1,0,1,1,0,1,0,0,0,0,1,0,1,0,0,0,1,0,1,1,1,0,1,1,0,1,0,1,0,0,0,0,0,1,1,0,1,0,1,0,1,1,0,0,1,1,0,1,0,1,0,0,0,0,1,0,1,1,1,1,1,0,0,0,0,0,0,0,0,0,1,0,1,1,1,1,1,0,0,0,0,0,1,1,1,0,1,0,1,1,1,1,1,0,0,0,1,0,0,0,1,0,1,1,0,0,1,0,0,0,0,0,0,1,1,1,1,0,1,1,0,0,1,0,0,0,1,1,1,1,1,1,0,0,1,0,1,0,0,1,1,1,0,1,1,0,1,1,0,0,1,0,1,0,1,1,0,1,0,1,1,0,0,0,0,0,1,1,0,1,0,0,1,1,1,1,1,0,0,1,1,0,1,0,1,0,0,1,1,1,0,1,1,0,1,1,1,0,1,0,1,0,1,1,0,1,1,0,0,0,0,0,1,0,1,0,1,1,1,1,0,1,1,1,1,1,1,1,1,0,1,1,0,1,0,1,0,0,0,0,0,0,0,0,1,0.67670710307469295,1.6578011749446862,2.2267795834287023,2.7074387731746397,3.5017929350728618,4.0600595101853969,5.1902647440299079,5.9356374456397347,7.0637674525062941,10.397802700846876,9.1138780804150468,8.4054016937514291,9.6485847257190827,10.393774319066148,11.140764476997024,12.507515068284123,13.346822308690014,11.772030212863356,12.867872129396506,16.55481803616388,13.734676127260244,14.911055161364157,17.069871061264973,19.876035706111239,0.01600309221434084,4.0061647796306605,0,inf,0,1
2,0,1,1,1,0,0,0,1,1,1,1,0,1,1,1,0,0,0,0,0,1,0,0,0,0,0,0,1,1,0,0,1,1,0,1,1,1,1,1,1,1,0,1,1,1,0,1,1,0,0,0,0,0,0,1,0,0,1,1,1,1,1,1,0,0,1,0,1,1,0,0,1,0,1,1,0,1,1,0,0,0,1,0,1,0,1,1,0,1,0,0,1,1,0,0,0,0,1,0,1,1,1,1,0,1,1,1,1,1,1,0,0,0,1,0,1,1,1,1,0,1,1,1,1,1,0,0,0,0,1,1,0,0,1,0,0,0,1,0,1,0,0,1,0,1,0,0,0,0,1,0,1,0,0,0,1,1,1,1,1,0,1,1,0,1,0,1,0,0,0,0,0,1,1,0,1,0,1,0,1,1,0,0,1,1,0,1,0,0,1,0,0,0,1,0,1,1,1,1,1,0,0,0,0,1,1,0,0,0,1,0,1,1,1,0,1,1,0,0,0,0,1,1,1,0,1,0,1,1,1,1,1,0,0,0,1,0,1,0,0,0,1,1,0,0,1,0,1,0,0,0,0,0,1,0,0,0,1,1,0,0,1,0,0,0,1,1,1,1,1,1,0,0,1,0,1,0,0,1,1,1,0,1,1,0,1,1,0,0,1,0,1,0,1,1,0,1,0,1,1,1,0,0,0,0,1,1,0,1,0,0,1,1,1,1,1,0,0,1,0,0,1,0,1,0,0,1,1,1,0,1,1,0,1,1,1,0,1,0,1,0,1,1,0,1,1,0,0,0,0,0,1,0,1,0,1,1,1,1,0,1,1,1,1,1,1,1,1,0,1,1,0,1,0,1,0,0,0,0,0,0,0,0,1,0.89008926527809562,0.12652780956740672,4.4937514305333028,0.077882047760738538,3.4930952925917449,4.0591439688715951,5.1945372701609829,5.9356374456397347,7.0538796063172349,10.400244144350347,9.1138780804150468,8.4039368276493462,9.6533455405508519,10.229709315632867,11.142137788967727,12.627145799954222,13.346822308690014,11.772030212863356,12.872510872053102,16.554207675288012,13.734676127260244,14.911055161364157,17.069871061264973,19.876035706111239,1.5774202493742184,2.5003119122171409,0,0.077331292732248175,0,1
3,0,1,0,1,0,1,1,0,1,0,0,1,1,1,1,0,0,1,1,0,1,0,1,0,0,0,0,1,0,0,0,1,0,1,0,1,1,1,1,1,1,0,0,0,0,0,1,0,0,1,0,1,0,1,0,0,1,0,1,0,0,0,1,1,0,1,0,1,1,0,0,1,1,0,1,0,0,1,0,1,0,1,0,1,0,1,1,0,1,0,0,1,1,1,0,1,0,1,0,1,1,1,1,0,1,1,1,0,1,0,0,0,0,1,0,1,1,1,1,0,1,1,1,1,1,0,0,0,0,1,1,0,0,1,0,0,0,1,1,1,0,1,1,0,1,0,0,0,0,1,0,1,0,0,0,1,0,1,1,1,0,1,1,0,1,0,1,0,0,0,0,0,1,1,0,0,0,1,0,1,1,0,0,1,1,0,1,0,0,1,0,0,0,1,0,1,1,1,1,1,0,0,0,0,0,0,0,0,0,1,0,1,1,1,1,1,0,0,0,1,0,1,1,1,0,1,0,1,1,1,1,1,0,0,0,1,0,0,0,1,0,1,1,0,0,1,0,0,0,0,0,0,1,1,0,0,0,1,1,0,0,1,0,0,0,1,1,1,1,1,1,0,0,1,0,1,0,0,1,1,1,0,1,1,0,1,1,0,0,1,0,1,0,1,1,0,1,0,1,1,0,0,0,0,0,1,1,0,1,0,0,1,1,1,1,1,0,0,1,0,0,1,0,1,0,0,1,1,1,0,1,1,1,0,1,1,0,1,0,1,0,1,1,0,1,1,0,0,0,0,0,1,0,1,0,1,1,1,1,0,1,1,1,1,1,1,1,0,0,1,1,0,1,0,1,0,0,0,0,0,0,0,0,0,0.67670710307469295,1.6573128862439919,2.2384985122453651,2.6449378194857709,3.5017929350728618,4.0600595101853969,5.1902647440299079,5.9356374456397347,7.0637674525062941,10.397802700846876,9.1135423819333194,8.4039368276493462,9.6485847257190827,10.400610360875868,11.140764476997024,12.50605020218204,13.346822308690014,11.772030212863356,12.867872129396506,16.554207675288012,13.737239642938889,14.911055161364157,17.069169146257725,19.875303273060197,0.11550227659037121,4.0002621297181431,0,0.055283274603151335,0,1
4,1,1,1,1,1,1,1,1,0,1,0,0,0,0,1,0,0,0,0,0,0,0,1,0,0,0,0,1,0,0,0,1,1,1,1,1,1,1,1,1,1,1,0,1,1,0,1,1,1,0,0,0,1,1,1,0,1,0,1,0,0,0,1,1,0,1,0,1,1,0,0,1,1,0,1,0,0,1,0,1,0,1,0,1,0,1,1,0,1,0,0,1,1,1,0,1,0,1,0,1,1,1,1,0,1,1,1,0,1,0,0,0,0,1,0,1,1,1,1,0,1,1,1,1,1,0,0,0,0,1,1,0,0,1,0,0,0,1,1,1,0,1,1,0,1,0,0,0,0,1,0,1,0,0,1,1,0,0,0,0,0,1,1,0,1,0,1,0,0,0,0,1,1,1,0,0,0,1,0,1,1,0,0,1,1,0,1,0,0,1,0,0,0,1,0,1,1,1,1,1,0,0,0,0,0,0,0,0,0,1,0,1,1,1,1,1,0,0,0,1,0,1,1,1,0,1,0,1,1,1,1,1,0,0,0,1,0,0,0,1,0,1,1,0,0,1,0,0,0,0,0,0,1,1,0,0,0,1,1,0,0,1,0,0,0,1,0,1,1,1,1,0,0,1,0,1,0,0,1,1,1,0,1,1,0,0,0,0,0,1,0,1,0,1,1,0,1,0,1,0,0,0,0,0,0,1,1,0,1,0,0,1,1,1,1,0,0,0,1,0,0,1,0,1,0,0,1,1,1,0,1,1,1,0,0,1,0,1,0,1,0,1,1,0,1,1,0,0,0,0,0,1,0,1,0,1,1,1,1,0,1,1,1,1,1,1,1,1,0,1,1,0,1,0,1,0,0,0,0,0,0,0,0,0,1.9942320897230488,0.032288090333409632,5.9967040512703136,4.4574654764629589,3.5017929350728618,4.0600595101853969,5.1902647440299079,5.9356374456397347,7.0637674525062941,10.405432211795224,9.1189135576409566,8.4039368276493462,9.6485847257190827,10.400610360875868,11.140764476997024,12.50605020218204,13.330220492866408,11.76873426413367,12.858594644083315,16.544441901274126,13.735957885099566,14.911055161364157,17.069871061264973,19.875303273060197,1.8538228152605349,1.5382823720284784,0,0.05521588894625741,0,1
5,1,1,1,1,1,1,0,1,1,1,0,0,1,1,1,0,0,1,0,0,0,0,0,0,0,0,0,1,1,1,0,1,1,1,1,0,1,1,1,1,1,0,0,0,0,0,1,0,0,1,1,1,0,1,0,0,1,1,0,1,0,0,1,1,0,1,0,1,1,0,0,1,1,0,1,0,0,1,0,1,0,1,0,1,0,1,1,0,1,0,0,1,1,1,0,1,0,1,0,1,1,1,1,0,1,1,1,0,1,0,0,0,0,1,0,1,1,1,1,0,1,1,1,1,1,1,1,1,0,1,1,0,0,1,0,0,0,1,1,1,1,0,1,0,1,0,0,0,0,1,0,1,0,1,0,1,1,1,0,1,0,1,1,0,1,0,1,0,0,0,0,0,1,1,0,0,0,1,0,1,1,0,0,1,1,0,1,0,1,0,0,0,0,1,0,1,1,1,1,1,0,0,0,0,0,0,0,1,0,1,0,1,1,1,1,1,0,0,0,1,0,1,0,1,0,1,0,1,1,1,1,1,0,0,0,1,0,0,1,1,0,1,1,0,0,1,0,0,0,0,0,0,1,1,0,0,0,1,1,0,0,1,0,0,0,1,1,1,1,1,0,0,0,1,0,1,0,0,1,1,1,0,1,1,0,1,1,1,0,1,0,1,0,1,1,0,1,0,1,1,0,1,0,0,0,1,1,0,1,0,0,1,1,1,1,1,1,0,1,0,0,1,0,1,0,0,1,1,1,0,1,1,0,0,1,1,0,1,0,1,0,1,1,0,1,1,0,0,0,0,0,1,0,1,0,1,1,1,1,0,1,1,1,1,1,1,0,1,0,1,1,0,1,0,1,0,0,0,0,0,0,0,0,0,1.9828793774319067,1.0017853055619135,5.613550011444266,3.650812542915999,3.5017929350728618,4.0600595101853969,5.1902647440299079,5.9373464560921647,7.0648661020828563,10.419165331502251,9.1135423819333194,8.4054016937514291,9.6489814602883968,10.399755855649653,11.141680018310826,12.50605020218204,13.345784695201038,11.772579537651637,12.870191500724804,16.559090562294955,13.732112611581599,14.911055161364157,17.068467231250477,19.875303273060197,1.3522895408313371,2.9647579065981331,0,0.0540652128796512,0,1
6,0,1,0,1,0,1,1,0,1,1,1,1,0,1,0,0,0,1,1,0,1,0,0,0,1,0,0,0,1,0,0,0,0,1,0,1,1,1,1,1,1,1,1,1,1,1,1,0,0,1,0,0,0,0,1,0,0,1,0,1,1,0,1,0,0,1,0,1,1,0,0,1,0,1,1,1,1,1,0,1,0,1,0,1,0,1,1,0,1,0,0,1,1,0,0,0,0,1,0,1,1,1,1,0,1,1,1,0,1,1,0,0,0,1,0,1,1,1,1,0,1,1,1,1,1,0,0,0,0,1,1,0,0,1,0,0,0,1,1,1,0,1,1,0,1,0,0,0,0,1,0,1,0,0,0,1,0,1,0,1,0,1,1,0,1,0,1,0,0,0,0,0,1,1,0,0,0,1,0,1,1,0,0,1,1,0,1,0,0,1,0,0,0,1,0,1,1,1,1,1,0,0,0,0,0,0,0,0,0,1,0,1,1,1,1,1,0,0,0,1,0,1,1,1,0,1,0,1,1,1,1,1,0,0,0,1,0,0,0,1,0,1,1,0,0,1,0,0,0,0,0,0,1,1,0,0,0,1,1,0,0,1,0,0,0,1,1,1,1,1,1,0,0,1,0,1,0,0,1,1,1,0,1,1,0,1,1,0,0,1,0,1,0,1,1,0,1,0,1,1,0,0,0,0,0,1,1,0,1,0,0,1,1,1,1,1,0,0,1,0,0,1,0,1,0,0,1,1,1,0,1,1,1,0,1,1,0,1,0,1,0,1,1,0,1,1,0,0,0,0,0,1,0,1,0,1,1,1,1,0,1,1,1,1,1,1,1,0,0,1,1,0,1,0,1,0,0,0,0,0,0,0,0,0,0.67933165484092473,1.633325703822385,2.2498512245365072,2.0735179674982835,3.4956893263141833,4.0591439688715951,5.1911192492561229,5.9356374456397347,7.0637674525062941,10.397192339971008,9.1135423819333194,8.4039368276493462,9.6485847257190827,10.400610360875868,11.140764476997024,12.50605020218204,13.346822308690014,11.772030212863356,12.867872129396506,16.554207675288012,13.737239642938889,14.911055161364157,17.069169146257725,19.875303273060197,0.18416401407405938,3.99052361882524,0,0.053306145420027262,0,1
7,1,1,1,1,1,1,1,1,1,1,0,1,1,1,1,1,0,1,0,0,0,0,0,0,0,0,0,1,0,0,1,0,1,1,1,1,1,1,1,1,1,1,0,0,0,0,0,0,0,1,0,0,0,1,1,0,0,1,0,0,0,1,1,0,0,1,0,1,1,0,0,1,1,0,1,0,0,1,0,1,0,1,0,1,0,1,1,0,1,0,1,1,1,1,0,1,0,1,0,1,1,1,1,0,1,1,0,0,1,1,0,0,0,1,0,1,1,1,1,0,1,1,1,1,1,0,1,1,0,1,1,0,0,1,0,0,0,1,0,0,0,1,1,0,1,0,0,0,0,1,0,1,0,1,1,0,1,0,1,0,0,1,1,0,1,0,1,0,0,0,0,0,1,1,0,0,0,1,0,1,1,0,0,1,1,0,1,0,0,0,0,1,0,1,0,1,1,1,1,1,0,0,0,0,0,0,0,0,0,1,0,1,1,1,1,1,0,0,0,1,0,1,1,0,0,1,0,1,1,1,1,1,0,0,0,1,1,0,0,1,0,1,1,0,0,1,0,1,0,0,0,0,1,1,0,0,0,1,1,0,0,1,0,0,0,1,0,1,1,1,1,0,0,1,0,1,0,0,1,1,1,0,1,1,0,1,1,0,0,1,0,1,0,1,1,0,1,0,1,1,0,0,0,0,0,1,1,0,1,0,0,1,1,1,1,1,0,0,1,0,0,1,0,1,0,0,1,1,1,0,1,1,0,1,1,1,0,1,0,1,0,1,1,0,1,1,0,0,0,0,0,1,0,1,0,1,1,1,1,0,1,1,1,1,0,1,1,0,0,1,1,0,1,0,1,0,0,0,0,0,0,0,0,0,1.9990234225986114,1.0011139085984588,5.9942320897230488,2.1960784313725492,3.5017929350728618,4.0659189745937283,5.1842832074464029,5.9363698786907761,7.0505836575875485,10.423132677195392,9.1135423819333194,8.4028381780727841,9.6485847257190827,10.400183108262761,11.144426642252231,12.631052109559777,13.330220492866408,11.772030212863356,12.867872129396506,16.554207675288012,13.734676127260244,14.911055161364157,17.06355382619974,19.875303273060197,1.6106022316251472,2.3968976930370758,0,0.051097928411192067,0,1
8,1,1,1,1,1,1,1,1,1,1,1,0,1,1,1,0,0,0,0,0,0,0,0,0,0,0,0,1,1,1,0,1,1,1,1,1,1,1,1,1,1,1,1,1,1,0,1,1,0,0,0,0,0,0,1,0,0,1,0,1,1,1,1,0,0,1,0,1,1,0,0,1,0,1,1,1,1,1,0,0,0,1,0,1,0,1,1,0,1,0,0,1,1,1,0,0,0,1,0,1,1,1,1,0,1,1,1,0,1,1,0,0,0,1,0,1,1,1,1,0,1,1,1,1,1,0,1,0,0,1,1,0,0,1,0,0,0,1,1,0,1,1,1,1,1,0,0,0,0,1,0,1,0,0,1,1,0,0,1,0,0,1,1,0,1,0,1,0,0,0,0,0,0,1,0,0,0,1,0,1,1,0,0,1,1,0,1,0,0,1,0,0,0,1,0,1,1,1,1,1,0,0,0,0,0,0,0,1,0,1,0,1,1,1,1,1,0,0,0,1,0,1,1,1,0,1,0,1,1,1,1,1,0,0,0,1,0,0,0,1,0,1,1,0,0,1,0,0,0,0,0,0,1,1,0,0,0,1,1,0,0,1,0,0,0,1,1,1,1,1,1,0,0,1,0,1,0,0,1,1,1,0,1,1,0,1,1,0,0,1,0,1,0,1,1,0,1,0,1,1,0,0,0,0,0,1,1,0,1,0,0,1,1,1,1,0,0,0,1,0,0,1,0,1,0,0,1,1,1,0,1,1,1,0,1,1,0,1,0,1,0,1,1,0,1,1,0,0,0,0,0,1,0,1,0,1,1,1,1,0,1,1,1,1,1,1,1,0,0,1,1,0,1,0,1,0,0,0,0,0,0,0,0,0,1.9994811932555123,0.0017700465400167849,5.9996337834744793,0.073975738155184254,3.4955367360952163,4.0598764019226365,5.1911192492561229,5.936125734340429,7.0618448157473104,10.406042572671092,9.1108567940795009,8.4039368276493462,9.6489814602883968,10.400610360875868,11.140764476997024,12.50605020218204,13.346822308690014,11.772030212863356,12.867872129396506,16.544441901274126,13.737239642938889,14.911055161364157,17.069169146257725,19.875303273060197,2.0046464756082076,0.16927597621773716,0,0.050352517357277506,0,1
9,1,1,1,1,1,1,0,1,1,1,0,0,0,1,1,1,0,0,0,0,0,0,0,0,0,0,0,1,0,1,1,1,1,0,1,1,1,1,0,0,1,1,1,0,0,1,1,0,0,1,0,0,0,1,0,0,1,1,0,1,0,0,1,1,0,1,0,1,1,0,0,1,1,0,1,0,0,1,0,1,0,1,0,1,0,1,1,0,1,0,0,1,1,1,0,0,0,1,0,1,1,1,1,0,1,1,1,0,1,1,1,0,0,1,0,1,1,1,1,0,1,1,1,1,1,0,1,0,0,1,1,0,0,1,0,0,0,1,1,0,1,1,1,1,1,0,0,0,0,1,0,1,0,0,1,1,0,0,1,0,0,1,1,0,1,0,1,0,0,0,0,0,0,1,0,0,0,1,0,1,1,0,0,1,1,0,1,0,0,1,0,0,0,1,0,1,1,1,1,1,0,0,0,0,0,0,0,1,0,1,0,1,1,1,1,1,0,0,0,1,0,1,1,1,0,1,0,1,1,1,1,1,0,0,0,1,0,0,0,1,0,1,1,0,0,1,0,0,1,0,0,0,1,1,0,0,0,1,1,0,0,1,0,0,0,1,1,1,1,1,1,0,0,1,0,1,0,0,1,1,1,0,1,1,0,1,1,0,0,1,0,1,0,1,1,0,1,0,1,0,0,0,0,0,0,1,1,0,1,0,0,1,1,1,1,0,0,0,1,0,0,1,0,1,0,0,1,1,1,0,1,1,0,0,1,1,0,1,0,1,0,1,1,0,1,1,0,0,0,0,0,1,0,1,0,1,1,1,1,0,1,1,1,1,1,1,1,0,0,1,1,0,1,0,1,0,0,0,0,0,0,0,0,0,1.9826657511253529,0.0014038300144960708,4.4273746852826736,2.1507896543831539,3.5017929350728618,4.0598764019226365,5.1915465018692304,5.936125734340429,7.0618448157473104,10.406042572671092,9.1108567940795009,8.4039368276493462,9.6489814602883968,10.400610360875868,11.140764476997024,12.568551155870908,13.346822308690014,11.772030212863356,12.858594644083315,16.544441901274126,13.732112611581599,14.911055161364157,17.069169146257725,19.875303273060197,1.541688344584133,2.5673212933041056,0,0.047355611453025151,0,1
10,1,1,1,1,1,1,1,0,1,1,1,0,1,1,1,1,0,0,0,0,0,0,0,1,0,0,0,0,0,0,0,1,1,1,1,1,1,1,1,1,1,1,0,1,1,0,0,1,0,0,0,0,1,0,1,0,1,1,0,1,1,0,0,0,0,1,0,1,1,0,0,1,0,1,1,1,0,1,1,0,0,1,0,1,0,1,1,0,1,0,0,1,1,0,0,0,0,1,0,1,1,1,1,0,1,1,1,1,1,1,0,0,0,1,0,1,1,1,1,0,1,1,1,1,1,0,0,0,0,1,1,0,0,1,0,0,0,1,1,1,0,1,1,0,1,0,0,0,0,1,0,1,0,0,0,1,0,1,0,1,0,1,1,0,1,0,1,0,0,0,0,0,1,1,0,0,0,1,0,1,1,0,0,1,1,0,1,0,0,1,0,0,0,1,0,1,1,1,1,1,0,0,0,0,0,0,0,1,0,1,0,1,1,1,1,1,0,0,0,1,0,1,0,1,0,1,0,1,1,1,1,1,0,0,0,1,0,0,1,1,0,1,1,0,0,1,0,0,0,0,0,0,1,1,0,0,0,1,1,0,0,1,0,0,0,1,1,1,1,1,1,0,0,1,0,1,0,0,1,1,1,0,1,1,0,1,1,1,0,1,0,1,0,1,1,0,1,0,1,1,0,1,0,0,0,1,1,0,1,0,0,1,1,1,1,1,0,0,1,0,0,1,0,1,0,0,1,1,1,0,1,1,0,0,1,1,0,1,0,1,0,1,1,0,1,1,0,0,0,0,0,1,0,1,0,1,1,1,1,0,1,1,1,1,1,1,1,1,0,1,1,0,1,0,1,0,0,0,0,0,0,0,0,0,1.9916990920881972,0.015686274509803921,5.9965209430075532,0.33887235828183415,3.4946211947814145,4.0591439688715951,5.1945372701609829,5.9356374456397347,7.0637674525062941,10.397192339971008,9.1135423819333194,8.4039368276493462,9.6489814602883968,10.399755855649653,11.141680018310826,12.50605020218204,13.346822308690014,11.772579537651637,12.870191500724804,16.554207675288012,13.732112611581599,14.911055161364157,17.069871061264973,19.875303273060197,1.965089023054136,0.8152436952247718,0,0.046106884182387939,0,1
11,1,1,1,1,1,1,1,0,1,1,1,0,1,1,1,1,0,0,0,1,0,0,0,1,0,0,0,1,1,0,0,1,1,1,1,1,1,1,1,0,1,1,0,1,1,0,0,0,0,0,0,0,0,1,1,1,0,1,0,0,0,1,1,0,0,1,0,1,1,0,0,1,1,0,1,0,0,1,0,0,0,1,0,1,0,1,1,0,1,0,0,1,1,1,0,1,0,1,0,1,1,1,1,0,1,1,1,0,1,0,0,0,0,1,0,1,1,1,1,0,1,1,1,1,1,0,0,0,0,1,1,0,0,1,0,0,0,1,0,1,0,0,1,0,1,0,0,0,0,1,0,1,0,0,0,1,1,1,1,1,0,1,1,0,1,0,1,0,0,0,0,0,1,1,0,0,0,1,0,1,1,0,0,1,1,0,1,0,0,1,0,0,0,1,0,1,1,1,1,1,0,0,0,0,0,0,0,0,0,1,0,1,1,1,1,1,0,0,0,0,0,1,1,1,0,1,0,1,1,1,1,1,0,1,0,1,0,1,0,1,0,1,1,0,0,1,0,0,0,1,0,0,0,1,0,0,0,1,1,0,0,1,0,0,0,1,1,1,0,0,1,1,0,1,0,1,0,0,1,1,1,0,1,1,0,0,1,0,0,1,0,1,0,1,1,0,1,0,0,1,0,1,0,0,0,1,1,0,1,0,0,1,1,1,1,1,0,0,0,0,0,1,0,1,0,0,1,1,0,1,1,1,1,0,1,1,0,1,0,1,0,1,1,0,1,1,0,0,0,0,0,1,0,1,0,1,1,1,1,0,1,1,1,1,1,1,1,0,0,1,1,0,1,0,1,0,0,0,0,0,0,0,0,0,1.9916990920881972,0.26715495536736095,5.9729915312428474,0.2272983901731899,3.5016403448538949,4.0600595101853969,5.1902647440299079,5.9356374456397347,7.0538796063172349,10.400244144350347,9.1135423819333194,8.4039368276493462,9.6485847257190827,10.393774319066148,11.171892881666285,12.53339436942092,13.341115434500649,11.769832913710232,12.851636530098421,16.552986953536276,13.696223392080569,14.911055161364157,17.069169146257725,19.875303273060197,1.9157046761800756,1.1998865105670145,0,0.046044306345503959,0,1
12,0,0,0,0,0,1,0,1,1,1,0,1,0,1,1,0,1,0,0,0,0,0,0,0,1,0,1,1,0,1,0,1,0,0,1,1,1,1,1,1,1,1,1,0,0,1,1,0,0,0,0,0,0,0,0,1,1,0,1,0,0,0,0,0,0,1,0,1,1,0,0,1,1,0,1,0,0,1,0,1,0,1,0,1,0,1,1,0,1,0,0,1,0,1,0,1,0,1,0,1,1,1,1,0,1,1,1,0,1,0,0,0,0,1,0,1,1,1,1,0,1,1,1,1,0,1,0,0,0,1,1,0,0,1,0,0,0,1,1,1,0,1,1,0,1,0,0,0,0,1,0,1,0,0,0,1,0,1,1,1,0,1,1,0,1,0,1,0,0,0,0,0,1,1,0,1,0,1,0,1,1,0,0,1,1,0,1,0,1,0,0,0,0,1,0,1,1,1,1,1,0,0,0,0,1,0,1,0,0,1,0,1,1,1,1,1,0,0,0,0,0,1,1,1,0,1,0,1,1,1,1,1,0,0,0,1,0,0,1,0,0,1,1,0,0,1,0,1,0,0,0,1,0,1,0,0,0,1,1,0,0,1,0,0,0,1,1,1,1,0,1,0,0,1,0,1,0,0,1,1,1,0,1,1,0,1,1,0,0,1,0,1,0,1,1,0,1,0,1,1,0,0,0,0,0,1,1,0,1,0,0,1,1,1,1,1,0,0,1,0,0,1,0,1,0,0,1,1,1,0,1,1,0,1,1,1,0,1,0,1,0,1,1,0,1,1,0,0,0,0,0,1,0,1,0,1,1,1,1,0,1,1,1,1,0,1,1,1,0,1,1,0,1,0,1,0,0,0,0,0,0,0,0,0,0.045593957427328906,2.0110780498970016,1.4976424811169604,0.050782024872205692,3.5017929350728618,4.0585946440833141,5.1902647440299079,5.9346608682383462,7.0637674525062941,10.397802700846876,9.1138780804150468,8.4054016937514291,9.6525520714122237,10.393774319066148,11.141222247653925,12.634958419165331,13.344747081712063,11.772030212863356,12.867872129396506,16.554207675288012,13.734676127260244,14.911055161364157,17.064255741206988,19.875303273060197,1.3892880305418513,2.8967312825001597,0,0.04524597886951149,0,1
13,0,1,0,1,0,1,1,0,1,1,1,1,1,0,0,0,0,1,1,0,1,1,0,0,1,0,0,0,0,0,1,1,1,1,0,1,1,1,1,1,1,1,1,1,1,1,1,0,0,1,0,0,0,0,0,0,1,1,0,0,0,1,0,0,0,1,0,1,1,0,0,1,1,0,1,0,0,1,0,1,0,1,0,1,0,1,1,0,1,0,0,1,1,1,0,1,0,1,0,1,0,1,1,0,1,1,1,0,1,0,0,0,0,1,0,1,1,1,1,0,1,1,1,1,1,0,0,0,0,1,1,0,0,1,0,0,1,1,1,1,0,1,1,0,1,0,0,0,0,1,0,1,0,0,1,1,0,0,0,0,0,1,1,0,1,0,1,0,0,0,0,0,1,1,0,0,0,1,0,1,1,0,0,1,1,0,0,0,0,1,0,0,0,1,0,1,1,1,1,1,0,0,0,0,0,0,1,0,0,1,0,1,1,1,1,1,0,0,0,0,0,1,1,1,0,1,0,1,1,1,1,1,0,1,0,1,0,1,0,1,0,1,1,0,0,1,0,0,0,0,0,0,1,1,0,1,0,1,1,0,0,1,0,0,0,1,1,1,0,1,1,0,0,1,0,1,0,0,1,1,1,0,1,1,1,1,1,0,0,1,0,1,0,1,1,0,1,0,0,1,0,0,0,0,0,1,1,0,1,0,0,1,1,1,0,1,1,0,1,0,0,1,0,1,0,0,1,1,1,0,1,1,0,1,1,1,0,1,0,1,0,1,1,0,1,1,0,0,0,1,0,1,0,1,0,1,1,1,1,0,1,1,1,1,1,1,1,1,0,1,1,0,1,0,1,0,0,0,0,0,0,0,0,0,0.6794537270160983,1.6955214770733196,5.2498970016021973,2.0239566643778133,3.5017929350728618,4.0600595101853969,4.7527580682078279,5.9356374456397347,7.0989242389562826,10.405432211795224,9.1135423819333194,8.3922178988326834,9.6493781948577109,10.393774319066148,11.171892881666285,12.506538490882734,13.342671854734112,11.776424811169605,12.849317158770123,16.539559014267184,13.734676127260244,14.913740749217975,17.069871061264973,19.875303273060197,0.84739284642034673,3.6380086695959637,0,0.043802866524498635,0,1
14,1,1,1,1,1,1,1,1,1,1,1,0,1,1,1,0,0,0,0,0,0,0,0,0,0,0,0,1,1,0,0,1,1,1,1,1,1,1,1,1,1,1,1,1,1,0,1,1,0,1,0,0,0,0,1,0,0,1,0,1,1,0,1,0,0,1,0,1,1,0,0,1,0,1,1,1,1,1,0,1,0,1,0,1,0,1,1,0,1,0,0,1,1,0,0,0,0,1,0,1,1,1,1,0,1,1,1,1,1,1,0,0,0,1,0,1,1,1,1,0,1,1,1,1,1,0,0,0,0,1,1,0,0,1,0,0,0,1,1,1,0,1,1,0,1,0,0,0,0,1,0,1,0,0,0,1,0,1,0,1,0,1,1,0,1,0,1,0,0,0,0,0,1,1,0,0,0,1,0,1,1,0,0,1,1,0,1,0,0,1,0,0,0,1,0,1,1,1,1,1,0,0,0,0,0,0,0,1,0,1,0,1,1,1,1,1,0,0,0,1,0,1,1,1,0,1,0,1,1,1,1,1,0,0,0,1,0,0,0,1,0,1,1,0,0,1,0,0,1,0,0,0,1,1,0,0,0,1,1,0,0,1,0,0,0,1,1,1,1,1,1,0,0,1,0,1,0,0,1,1,1,0,1,1,0,1,1,0,0,1,0,1,0,1,1,0,1,0,1,1,0,0,0,0,0,1,1,0,1,0,0,1,1,1,1,0,0,0,1,0,0,1,0,1,0,0,1,1,1,0,1,1,1,0,1,1,0,1,0,1,0,1,1,0,1,1,0,0,0,0,0,1,0,1,0,1,1,1,1,0,1,1,1,1,1,1,1,0,0,1,1,0,1,0,1,0,0,0,0,0,0,0,0,0,1.9994811932555123,0.0015259021896696422,5.9996337834744793,2.0735179674982835,3.4956893263141833,4.0591439688715951,5.1945372701609829,5.9356374456397347,7.0637674525062941,10.397192339971008,9.1135423819333194,8.4039368276493462,9.6489814602883968,10.400610360875868,11.140764476997024,12.568551155870908,13.346822308690014,11.772030212863356,12.867872129396506,16.544441901274126,13.737239642938889,14.911055161364157,17.069169146257725,19.875303273060197,1.8720257105021387,1.4440283660045272,0,0.043331980609504495,0,1
15,0,1,0,1,0,1,1,1,1,1,1,0,1,0,1,1,0,1,1,0,1,0,1,0,0,0,0,1,0,0,0,1,0,1,0,1,0,1,0,1,1,1,1,0,0,0,0,0,0,0,1,0,1,0,0,1,1,1,0,0,1,1,1,1,0,1,0,1,1,0,0,1,0,1,1,0,1,1,0,1,0,1,0,1,0,1,1,0,1,0,0,1,1,1,0,0,0,1,0,1,1,1,1,0,1,1,1,1,1,0,0,0,0,1,0,1,1,1,1,0,1,1,1,1,1,1,0,0,0,1,1,0,0,1,0,0,0,1,0,1,0,1,1,0,1,0,0,0,0,1,0,1,1,0,1,1,0,0,0,0,0,1,1,0,1,0,1,0,0,0,0,0,1,1,0,0,0,1,0,1,1,0,0,1,1,0,1,0,0,1,0,1,0,1,0,1,1,1,1,1,0,0,0,0,0,0,0,0,0,1,0,1,1,1,1,1,0,0,0,1,0,1,1,1,0,1,0,1,1,1,1,1,0,0,0,1,0,0,0,1,0,1,1,0,0,1,0,0,1,0,0,0,1,1,0,0,0,1,1,0,0,1,0,0,0,1,1,1,1,1,1,0,0,1,0,1,0,0,1,1,1,0,1,1,0,1,1,0,0,1,0,1,0,1,1,0,1,0,1,1,0,0,0,0,0,1,1,0,1,0,0,1,1,1,1,0,0,0,1,0,0,1,0,1,0,0,1,1,1,0,1,1,1,0,1,1,0,1,0,1,0,1,1,0,1,1,0,0,0,0,0,1,0,1,0,1,1,1,1,0,1,1,1,1,1,1,1,0,0,1,1,0,1,0,1,0,0,0,0,0,0,0,0,0,0.68686961165789273,1.6573128862439919,2.0127260242618448,1.3065384908827344,3.4932478828107119,4.0598764019226365,5.1936827649347679,5.9366140230411233,7.054978255893797,10.444495307850767,9.1135423819333194,8.404303044174867,9.6485847257190827,10.400610360875868,11.140764476997024,12.568551155870908,13.346822308690014,11.772030212863356,12.867872129396506,16.544441901274126,13.737239642938889,14.911055161364157,17.069169146257725,19.875303273060197,0.4666108311503388,3.8992767502743542,0,0.041373047104471657,0,1
16,1,1,0,1,0,1,1,1,1,1,1,0,0,0,1,0,0,1,1,0,1,0,1,0,0,0,0,1,0,0,0,1,0,1,1,1,1,1,1,1,1,1,0,1,1,0,0,1,0,1,0,0,0,1,1,0,0,1,0,0,0,1,1,0,0,1,0,1,1,0,0,1,1,0,1,0,0,1,0,1,0,1,0,1,0,1,1,0,1,0,0,1,1,1,0,1,0,1,0,1,1,1,1,0,1,1,1,0,1,0,0,0,0,1,0,1,1,1,1,0,1,1,1,1,1,0,0,0,0,1,1,0,0,1,0,0,0,1,0,1,0,0,1,0,1,0,0,0,0,1,0,1,0,0,0,1,1,1,1,1,0,1,1,0,1,0,1,0,0,0,0,0,1,1,0,1,0,1,0,1,1,0,0,1,1,0,1,0,0,1,0,0,0,1,0,1,1,1,1,1,0,0,0,0,1,1,0,0,0,1,0,1,1,1,0,1,1,0,0,0,0,1,1,1,0,1,0,1,1,1,1,1,0,0,0,1,0,1,0,0,0,1,1,0,0,1,0,1,0,0,0,0,0,1,0,0,0,1,1,0,0,1,0,0,0,1,1,1,1,1,1,0,0,1,0,1,0,0,1,1,1,0,1,1,0,1,1,0,0,1,0,1,0,1,1,0,1,0,1,1,1,0,0,0,0,1,1,0,1,0,0,1,1,1,1,1,0,0,1,0,0,1,0,1,0,0,1,1,1,0,1,1,0,1,1,1,0,1,0,1,1,1,1,0,1,1,0,0,0,0,0,1,0,1,0,1,1,1,1,0,1,1,1,1,1,1,1,1,0,1,1,0,1,0,1,0,0,0,0,0,0,0,0,1,1.6866102082856489,1.6573128862439919,2.9964751659418631,2.1960784313725492,3.5017929350728618,4.0600595101853969,5.1902647440299079,5.9356374456397347,7.0538796063172349,10.400244144350347,9.1138780804150468,8.4039368276493462,9.6533455405508519,10.229709315632867,11.142137788967727,12.627145799954222,13.346822308690014,11.772030212863356,12.872510872053102,16.554207675288012,13.734676127260244,16.286076142519263,17.069871061264973,19.876035706111239,0.60090512872754587,3.8339321619069948,0,0.0408290265203037,0,1
17,1,1,1,1,1,1,1,1,1,1,1,0,1,1,1,0,0,0,0,0,0,1,0,0,0,0,0,1,1,1,0,0,1,1,1,1,0,1,1,1,1,1,1,1,1,0,1,1,0,0,0,0,0,0,1,0,0,1,0,1,1,1,1,0,0,1,0,1,1,0,0,1,1,0,1,0,0,1,0,1,0,1,0,1,0,1,1,0,1,0,0,1,1,1,0,1,0,1,0,1,1,1,1,0,1,1,1,0,1,0,0,0,0,1,0,1,1,1,1,0,1,1,1,1,1,0,0,1,0,1,1,0,0,1,0,0,0,1,0,1,0,1,1,0,1,0,0,0,0,1,0,1,1,0,1,1,0,0,0,0,0,1,1,0,1,0,1,0,0,0,0,0,1,1,0,0,0,1,0,1,1,0,0,1,1,0,1,0,0,1,0,1,0,1,0,1,1,1,1,1,0,0,0,0,0,0,0,0,0,1,0,1,1,1,1,1,0,0,0,1,0,1,0,1,0,1,0,1,1,1,1,1,0,0,0,1,0,0,1,1,0,1,1,0,0,1,0,0,0,0,0,0,1,1,0,0,0,1,1,0,0,1,0,0,0,1,1,1,1,1,1,0,0,1,0,1,0,0,1,1,1,0,1,1,0,1,1,1,0,1,0,1,0,1,1,0,1,0,1,1,0,1,0,0,0,1,1,0,1,0,0,1,1,1,1,1,0,0,1,0,0,1,0,1,0,0,1,1,1,0,1,1,0,0,1,1,0,1,0,1,0,1,1,0,1,1,0,0,0,0,0,1,0,1,0,1,1,1,1,0,1,1,1,1,1,1,1,0,0,1,1,0,1,0,1,0,0,0,0,0,0,1,0,1,1.9994811932555123,0.064209964141298537,5.8121309224078734,0.073975738155184254,3.5017929350728618,4.0600595101853969,5.1902647440299079,5.9358815899900819,7.054978255893797,10.444495307850767,9.1135423819333194,8.404303044174867,9.6485847257190827,10.399755855649653,11.141680018310826,12.50605020218204,13.346822308690014,11.772579537651637,12.870191500724804,16.554207675288012,13.732112611581599,14.911055161364157,17.069169146257725,19.878965438315404,1.9573933808182815,0.89112580728770385,0,0.039974153593555641,0,1
18,1,1,1,1,1,1,1,1,0,1,1,1,0,1,1,0,0,0,0,0,0,0,0,0,0,0,0,1,0,1,0,0,1,1,1,1,1,1,1,1,1,1,1,1,0,1,1,1,0,0,0,0,0,0,0,0,0,1,0,1,0,1,1,0,0,1,0,1,1,0,0,1,1,0,1,1,1,1,0,0,0,1,0,1,0,1,1,0,1,0,0,1,1,1,1,1,0,1,0,1,1,1,1,0,1,1,1,1,1,1,0,0,0,1,0,1,1,1,1,0,1,1,1,1,0,1,1,0,0,1,1,0,0,1,0,0,0,1,1,1,0,1,1,1,1,0,0,0,0,1,0,1,0,0,0,1,0,1,1,1,0,1,1,0,1,0,1,0,0,0,0,0,1,1,0,0,0,1,0,1,1,0,0,1,1,0,1,0,0,1,0,1,0,1,0,1,1,1,1,1,0,0,0,0,0,0,0,0,0,1,0,1,1,1,1,1,0,0,1,1,0,1,1,1,0,1,0,1,1,1,1,1,0,0,0,1,0,0,0,1,0,1,1,0,0,1,0,0,0,0,0,0,1,1,1,0,0,1,1,0,0,1,0,0,0,1,1,1,1,1,1,0,0,1,0,1,0,0,1,1,1,0,1,1,0,1,1,0,0,1,0,1,0,1,1,0,1,0,1,1,0,0,0,0,0,1,1,0,1,0,0,1,1,1,1,1,0,0,1,1,0,1,0,1,0,0,1,1,1,0,1,1,0,1,1,1,0,1,0,1,0,1,1,0,1,1,0,0,0,0,0,1,0,1,0,1,1,1,1,0,1,1,1,1,1,1,1,1,0,1,1,0,1,0,1,0,0,0,0,0,0,0,0,1,1.9958190280003052,0.0012207217517357137,5.9992675669489586,0.010498207064927139,3.505302510109102,4.0604257267109176,5.1945372701609829,5.9351491569390404,7.0640421149004347,10.397802700846876,9.1135423819333194,8.404303044174867,9.6485847257190827,10.414282444495308,11.140764476997024,12.507026779583429,13.346822308690014,11.772030212863356,12.867872129396506,16.55481803616388,13.734676127260244,14.911055161364157,17.069871061264973,19.876035706111239,2.0058908624708933,0.085609495601074351,0,0.039392938502606507,0,1
19,1,1,1,1,1,0,0,1,1,1,1,0,1,1,1,1,0,0,0,0,0,0,0,0,0,1,0,1,1,0,0,1,1,0,1,1,1,1,0,1,0,0,1,1,0,0,1,1,0,0,0,0,0,0,1,0,0,1,0,1,1,1,1,0,0,1,0,1,1,0,0,1,0,1,1,0,1,1,0,0,0,1,0,1,0,1,1,0,1,0,0,1,1,1,0,0,0,1,0,1,0,1,1,0,1,0,1,1,1,0,1,0,0,1,0,1,1,1,1,0,1,1,1,1,0,0,1,0,0,1,1,0,0,1,0,0,0,1,1,1,0,1,1,0,1,0,0,0,0,1,0,1,0,1,0,1,1,1,0,0,0,1,1,0,1,0,1,0,0,0,1,0,1,1,0,0,0,1,0,1,1,0,0,1,1,0,1,1,0,1,0,0,0,1,0,1,1,1,1,1,0,0,0,0,0,0,0,0,0,1,0,1,1,1,1,1,0,0,0,1,0,1,1,1,0,1,0,1,1,1,1,1,0,0,0,1,0,0,0,1,0,1,1,0,0,1,0,1,0,0,0,0,0,1,0,0,0,1,1,0,0,1,0,0,0,1,1,1,0,0,1,1,0,1,0,1,0,0,1,1,1,0,1,1,0,0,0,0,0,1,0,1,0,1,1,0,1,0,0,1,0,1,0,0,0,1,1,0,1,0,0,1,1,1,1,1,1,0,0,0,0,1,0,1,0,0,1,1,1,0,1,1,1,0,1,0,0,1,0,1,1,1,1,0,1,1,1,0,1,0,0,1,0,1,0,1,1,1,1,0,1,1,1,0,1,0,0,1,0,1,1,0,1,0,1,0,0,0,0,0,0,0,0,0,1.9526359960326543,0.0054322117952239259,4.4344243533989474,0.073975738155184254,3.4930952925917449,4.0598764019226365,4.7429312581063554,5.9341725795376519,7.0637674525062941,10.418860151064317,9.1242847333485937,8.4097962920576776,9.6485847257190827,10.400610360875868,11.140764476997024,12.627145799954222,13.341115434500649,11.76873426413367,12.851636530098421,16.557869840543219,13.736598764019227,16.312932021057449,17.054428931105516,19.875303273060197,1.9039752147718454,1.2735702907129565,0,0.039052882368926498,0,1
20,1,1,1,0,1,1,1,1,1,1,0,0,0,0,1,0,0,0,0,0,0,0,1,1,0,0,0,1,0,0,0,1,1,1,1,1,1,1,1,1,1,1,0,1,1,0,0,1,0,0,0,0,1,1,1,0,1,0,1,1,0,0,1,1,0,1,0,1,1,0,0,1,1,0,1,0,0,0,0,1,0,1,0,1,0,1,1,0,1,0,0,1,1,1,0,1,0,1,0,1,1,1,1,0,1,1,1,1,1,0,0,0,0,1,0,1,1,1,1,0,1,1,1,1,1,0,1,1,0,1,1,0,0,1,0,0,0,1,1,1,0,1,1,0,1,0,0,0,0,1,0,1,0,1,0,1,0,1,1,1,0,1,1,0,1,0,1,0,0,0,0,0,1,1,0,1,0,1,0,1,1,0,0,1,1,0,1,0,0,1,0,0,0,1,0,1,1,1,1,1,0,0,0,0,1,0,0,0,0,1,0,1,1,1,1,1,1,0,0,0,0,1,1,1,0,1,0,1,1,1,1,1,0,0,0,1,0,1,0,1,0,1,1,0,0,1,0,1,0,0,0,0,0,0,0,1,0,1,1,0,0,1,0,0,0,1,1,1,1,1,1,0,0,1,0,1,0,0,1,1,1,0,1,1,0,0,0,0,0,1,0,1,0,1,1,0,1,0,1,1,0,0,0,0,0,1,1,0,1,0,0,1,1,1,1,1,0,0,1,0,0,1,0,1,0,0,1,1,1,0,1,1,0,0,0,1,0,1,0,1,0,1,1,0,1,1,0,0,0,0,0,0,0,1,0,1,1,1,1,0,1,1,1,1,0,1,1,1,0,1,1,0,1,0,1,0,0,0,0,0,0,0,0,0,1.873136491950866,0.047913328755626768,5.9965209430075532,0.45935759517814906,3.501182574196994,4.0600595101853969,5.1936827649347679,5.9363698786907761,7.0637674525062941,10.417334248874647,9.1138780804150468,8.4039368276493462,9.6517586022735955,10.448462653543908,11.142595559624628,12.62568093385214,13.346822308690014,11.76873426413367,12.867872129396506,16.554207675288012,13.730830853742276,14.910383764400702,17.064255741206988,19.875303273060197,1.9731638624627852,0.73877162819929298,0,0.038571946525161417,0,1
21,1,1,1,1,1,1,1,1,1,1,0,0,0,0,1,0,0,0,0,0,0,0,1,1,0,0,0,1,0,0,0,1,1,1,1,1,1,1,1,1,1,1,0,1,1,0,0,1,0,0,0,0,1,1,1,0,1,0,1,0,0,0,1,1,0,1,0,1,1,0,0,1,1,0,1,0,0,1,0,1,0,1,0,1,0,1,1,0,1,0,0,1,1,1,0,1,0,1,0,1,1,1,1,0,1,1,1,1,1,0,0,0,0,1,0,1,1,1,1,0,1,1,1,1,1,0,1,1,0,1,1,0,0,1,0,0,0,1,1,1,0,1,1,0,1,0,0,0,0,1,0,1,0,0,1,0,0,0,1,0,0,1,1,0,1,0,1,0,0,0,0,0,1,1,0,0,0,1,0,1,1,0,0,1,1,0,1,0,0,0,0,1,0,1,0,1,1,1,1,1,0,0,0,0,0,0,0,0,0,1,0,1,1,1,1,1,0,0,0,1,0,1,1,1,0,1,0,1,1,1,1,1,0,0,0,1,1,0,0,1,0,1,1,0,0,1,0,0,0,0,0,0,1,1,0,0,0,1,1,0,0,1,0,0,0,1,1,1,1,1,1,0,0,1,0,1,0,0,1,1,1,0,1,1,0,1,1,0,0,1,0,1,0,1,1,0,1,0,1,1,0,0,0,0,0,1,1,0,1,0,0,1,1,1,1,1,0,0,1,0,0,1,0,1,0,0,1,1,1,0,1,1,0,1,1,1,0,1,0,1,0,1,1,0,1,1,0,0,0,0,0,1,0,1,0,1,1,1,1,0,1,1,1,1,0,1,1,1,0,1,1,0,1,0,1,0,0,0,0,0,0,0,0,0,1.998138399328603,0.047913328755626768,5.9965209430075532,0.45740444037537192,3.5017929350728618,4.0600595101853969,5.1936827649347679,5.9363698786907761,7.0637674525062941,10.401159685664149,9.1135423819333194,8.4028381780727841,9.6485847257190827,10.400610360875868,11.144426642252231,12.50605020218204,13.346822308690014,11.772030212863356,12.867872129396506,16.554207675288012,13.734676127260244,14.911055161364157,17.064255741206988,19.875303273060197,1.9906128845341016,0.50430379876064624,0,0.037646802228322104,0,1
22,1,1,1,1,1,0,0,1,1,1,1,0,1,1,1,1,0,0,0,0,0,0,0,0,0,1,0,1,1,0,0,1,1,0,1,0,1,1,0,1,0,0,1,0,0,0,1,1,1,0,0,0,0,0,1,0,0,1,0,1,1,1,1,0,0,1,0,1,1,0,0,1,0,1,1,0,1,1,0,0,0,1,0,1,0,1,1,0,1,0,0,1,1,1,0,0,0,1,0,1,0,1,1,0,1,0,1,1,1,0,1,0,0,1,0,1,1,1,1,0,1,1,1,1,0,0,1,0,0,1,1,0,0,1,0,0,0,1,1,1,0,1,1,0,1,0,0,0,0,1,0,1,0,1,0,1,1,1,0,0,0,1,1,0,1,0,1,0,0,0,1,0,1,1,0,0,0,1,0,1,1,0,0,1,1,0,1,1,0,1,0,0,0,1,0,1,1,1,1,1,0,0,0,0,0,0,0,0,0,1,0,1,1,1,1,1,0,0,0,0,0,1,1,1,0,1,0,1,1,1,1,1,0,0,0,1,0,0,0,1,0,1,1,0,0,1,0,1,0,0,0,0,1,1,0,1,0,1,1,0,0,1,0,0,0,1,1,1,1,0,1,0,0,1,0,1,0,0,1,1,1,0,1,1,0,1,1,0,0,1,0,1,0,1,1,0,1,0,1,1,0,0,0,0,0,1,1,0,1,0,0,1,1,1,1,1,0,0,1,0,0,1,0,1,0,0,1,1,1,0,1,1,0,1,1,1,0,1,0,1,0,1,1,0,1,1,0,0,0,0,0,1,0,1,0,1,1,1,1,0,1,1,1,1,1,1,1,1,0,1,1,0,1,0,1,0,0,0,0,0,0,0,0,0,1.9526359960326543,0.0054322117952239259,4.0579537651636528,4.0740367742427708,3.4930952925917449,4.0598764019226365,4.7429312581063554,5.9341725795376519,7.0637674525062941,10.418860151064317,9.1242847333485937,8.4097962920576776,9.6485847257190827,10.393774319066148,11.140764476997024,12.631540398260471,13.344747081712063,11.772030212863356,12.867872129396506,16.554207675288012,13.734676127260244,14.911055161364157,17.069871061264973,19.875303273060197,1.6400179575600611,2.3159281213038838,0,0.037426495530605966,0,1
23,1,1,1,0,1,1,1,1,1,1,1,0,0,0,1,0,0,0,0,0,0,0,1,1,0,0,0,1,0,1,0,0,1,1,1,1,1,1,1,1,1,1,1,1,0,1,1,1,0,0,0,0,0,0,0,0,0,1,0,1,0,1,1,0,0,1,0,1,1,0,0,1,1,0,1,1,1,1,0,0,0,1,0,1,0,1,1,0,1,0,0,1,1,1,1,1,0,1,0,1,1,1,1,0,1,1,1,1,1,1,0,0,0,1,0,1,1,1,1,0,1,1,1,1,1,1,0,0,0,1,1,0,0,1,0,0,0,1,1,1,0,1,1,0,1,0,0,0,0,1,0,1,0,0,0,1,0,1,0,1,0,1,1,0,1,0,1,0,0,0,0,0,1,1,0,0,0,1,0,1,1,0,0,1,1,0,1,0,0,1,1,0,0,1,0,1,1,1,1,1,0,0,0,0,0,0,0,1,0,1,0,1,1,1,1,1,0,0,0,1,0,1,0,1,0,1,0,1,1,1,1,1,0,0,0,1,0,0,1,1,0,1,1,0,0,1,0,0,0,0,0,0,1,1,0,0,0,1,1,0,0,1,0,0,0,1,1,1,1,1,1,0,0,1,0,1,0,0,1,1,1,0,1,1,0,1,1,1,0,1,0,1,0,1,1,0,1,0,1,1,0,1,0,0,0,1,1,0,1,0,0,1,1,1,1,1,0,0,1,0,0,1,0,1,0,0,1,1,1,0,1,1,0,0,1,1,0,1,0,1,0,1,1,0,1,1,0,0,0,0,0,1,0,1,0,1,1,1,1,0,1,1,1,1,1,1,1,0,0,1,1,0,1,0,1,0,0,0,0,0,0,0,0,0,1.8741130693522545,0.048096437018387124,5.9992675669489586,0.010498207064927139,3.505302510109102,4.0604257267109176,5.1945372701609829,5.9366140230411233,7.0637674525062941,10.397192339971008,9.1135423819333194,8.4046692607003877,9.6489814602883968,10.399755855649653,11.141680018310826,12.50605020218204,13.346822308690014,11.772579537651637,12.870191500724804,16.554207675288012,13.732112611581599,14.911055161364157,17.069169146257725,19.875303273060197,1.9970455301157626,0.38943682237214211,0,0.03727177691462822,0,1
24,1,0,1,1,1,1,1,1,1,1,1,1,0,1,1,1,1,0,0,0,0,0,0,0,0,0,0,1,0,0,0,1,0,1,1,1,1,1,1,1,1,1,0,1,0,0,1,0,0,1,0,1,0,1,1,0,1,0,1,0,0,0,0,1,0,1,0,1,1,0,0,1,1,0,1,0,0,1,0,1,0,1,0,1,0,1,1,0,1,0,0,1,1,1,0,1,0,1,0,1,1,1,1,0,1,1,1,0,1,0,0,0,0,1,0,1,1,1,1,0,1,1,1,1,1,0,0,0,0,1,1,0,0,1,0,0,0,1,1,1,0,1,1,0,1,0,0,0,0,1,0,1,0,0,0,1,0,1,1,1,0,1,1,0,1,0,1,0,0,0,0,0,1,1,0,1,0,1,0,1,1,0,0,1,1,0,1,0,1,0,0,0,0,1,0,1,1,1,1,1,0,0,0,0,0,0,0,0,0,1,0,1,1,1,1,1,0,0,0,0,0,1,1,1,0,1,0,1,1,1,1,1,0,0,0,0,0,0,0,1,0,1,1,0,0,1,0,0,0,0,0,0,1,1,1,1,0,1,1,0,0,1,0,0,0,1,1,1,1,1,1,0,0,1,0,1,0,0,1,1,1,0,1,1,0,1,1,0,0,1,0,1,0,1,1,0,1,0,1,1,0,0,0,0,0,1,1,0,1,0,0,1,1,1,1,1,0,0,1,1,0,1,0,1,0,0,1,1,1,0,1,1,0,1,1,1,0,1,0,1,0,1,1,0,1,1,0,0,0,0,0,1,0,1,0,1,1,1,1,0,1,1,1,1,1,1,1,1,0,1,1,0,1,0,1,0,0,0,0,0,0,0,0,1,1.4997482261387045,2.0010681315327687,2.9958342870222019,2.7071946288242925,3.5017929350728618,4.0600595101853969,5.1902647440299079,5.9356374456397347,7.0637674525062941,10.397802700846876,9.1138780804150468,8.4054016937514291,9.6485847257190827,10.393774319066148,11.13344014648661,12.507515068284123,13.346822308690014,11.772030212863356,12.867872129396506,16.55481803616388,13.734676127260244,14.911055161364157,17.069871061264973,19.876035706111239,0.38534893285919447,3.9336907359514188,0,0.037184081358177447,0,1
25,1,1,1,1,1,0,0,1,1,1,1,0,1,1,1,1,0,0,0,0,0,0,0,0,0,0,0,1,1,0,0,1,1,1,1,1,1,1,0,1,1,0,1,1,0,0,1,1,0,0,0,0,0,0,1,0,0,1,0,1,1,1,1,0,0,1,0,1,1,0,0,1,0,1,1,1,1,1,0,0,0,1,0,1,0,1,1,0,1,0,0,1,0,1,1,0,0,1,0,1,1,1,1,0,1,1,1,1,0,0,1,0,0,1,0,1,1,1,1,0,1,1,1,1,0,1,0,1,0,1,1,0,0,1,0,0,0,1,1,1,0,1,1,0,1,0,0,0,0,1,0,1,0,0,0,1,0,1,1,1,0,1,1,0,1,0,1,0,0,0,0,0,1,1,0,0,0,1,0,1,1,0,0,1,1,0,1,0,0,1,1,0,0,1,0,1,1,1,1,1,0,0,0,0,0,0,0,0,0,1,0,1,1,1,1,1,0,0,0,0,0,1,1,1,0,1,0,1,1,1,1,1,0,0,0,1,0,0,0,1,0,1,1,0,0,1,0,0,0,0,0,0,1,1,0,0,0,1,1,0,0,1,0,0,0,1,1,1,1,1,1,0,0,1,0,1,0,0,1,1,1,0,1,1,0,1,1,0,0,1,0,1,0,1,1,0,1,0,1,1,0,0,0,0,0,1,1,0,1,0,0,1,1,1,1,1,0,0,1,0,0,1,0,1,0,0,1,1,1,0,1,1,0,1,0,1,0,1,0,1,0,1,1,0,1,1,0,0,0,0,0,1,0,1,0,1,1,1,1,0,1,1,1,1,1,1,1,1,0,1,1,0,1,0,1,0,0,0,0,0,0,0,0,0,1.9526359960326543,0.0015259021896696422,5.9461661707484552,0.073975738155184254,3.4955367360952163,4.0587777523460744,5.1924010070954454,5.9349050125886933,7.0637674525062941,10.397802700846876,9.1135423819333194,8.4046692607003877,9.6485847257190827,10.393774319066148,11.140764476997024,12.50605020218204,13.346822308690014,11.772030212863356,12.867872129396506,16.554207675288012,13.733394369420921,14.911055161364157,17.069871061264973,19.875303273060197,1.9863704592773439,0.57059281475814272,0,0.037169124462012419,0,1
26,1,1,1,1,1,1,1,1,1,1,0,1,1,1,1,1,0,1,0,0,1,0,0,0,0,1,0,0,1,0,0,1,1,1,1,1,0,1,1,1,1,0,1,0,1,0,0,1,0,0,0,0,0,0,0,0,1,1,0,1,1,0,0,0,0,1,0,1,1,0,0,1,0,1,0,1,1,1,0,0,0,1,0,1,1,1,1,0,1,0,0,1,0,0,0,0,0,1,0,1,0,1,1,0,0,1,0,1,1,0,0,0,0,1,0,1,1,1,1,0,1,1,1,1,1,0,1,1,0,1,1,0,0,1,0,0,0,1,1,1,0,0,1,0,1,0,0,0,0,1,0,1,0,0,1,1,0,0,1,0,0,1,1,0,1,0,1,0,0,0,0,0,1,1,0,0,0,1,0,1,1,0,0,1,1,0,1,0,0,0,0,1,0,1,0,1,1,1,1,1,0,0,0,0,0,0,0,0,0,1,0,1,1,1,1,1,0,0,0,1,0,1,1,1,0,1,0,1,1,1,1,1,0,0,0,1,1,0,0,1,0,1,1,0,0,1,0,0,0,0,1,0,1,1,0,0,0,1,1,0,0,1,0,0,0,1,1,1,1,1,1,0,0,1,0,1,0,0,1,1,1,0,1,1,0,1,1,0,0,1,0,1,0,1,1,0,1,0,1,1,0,0,0,0,0,1,1,0,1,0,0,1,1,1,1,1,0,1,1,0,0,1,0,1,0,0,1,1,1,0,1,1,0,1,1,1,0,1,0,1,1,1,1,0,1,1,0,0,0,0,0,1,0,1,0,1,1,1,1,0,1,1,1,1,1,1,1,0,0,1,1,0,1,0,1,0,0,0,0,0,0,0,0,0,1.9990234225986114,1.1294728007934691,5.8046234836346988,0.026367589837491417,3.4906538490882735,4.432684824902724,4.721995880064088,5.9363698786907761,7.062668802929732,10.406042572671092,9.1135423819333194,8.4028381780727841,9.6485847257190827,10.400610360875868,11.144426642252231,12.521675440604257,13.346822308690014,11.772030212863356,12.867872129396506,16.556649118791483,13.734676127260244,16.286076142519263,17.069169146257725,19.875303273060197,1.7461111289503726,1.9873875361966442,0,0.036047576242956597,0,1
27,1,1,1,1,1,1,0,1,1,1,1,0,1,1,1,0,0,0,0,0,0,0,0,0,0,0,0,1,0,0,0,1,0,1,0,1,1,1,1,1,1,0,0,0,0,0,1,0,0,1,0,1,0,1,1,0,1,0,1,0,1,0,0,0,0,1,0,1,1,0,0,1,1,0,1,0,0,1,0,1,0,1,0,1,0,1,1,0,1,0,0,1,1,1,0,1,0,1,0,1,1,1,1,0,1,1,1,0,1,0,0,0,0,1,0,1,1,1,1,0,1,1,1,1,1,0,0,0,0,1,1,0,0,1,0,0,0,1,1,1,0,1,1,0,1,0,0,0,0,1,0,1,0,0,1,1,0,0,0,0,0,1,1,0,1,0,1,0,0,0,0,0,1,1,0,0,0,1,0,1,1,0,0,1,1,0,0,0,0,1,0,0,0,1,0,1,1,1,1,1,0,0,0,0,0,0,1,0,0,1,0,1,1,1,1,1,0,0,0,0,0,1,1,1,0,1,0,1,1,1,1,1,0,1,0,1,0,1,0,1,0,1,1,0,0,1,0,0,0,0,0,0,1,1,0,1,0,1,1,0,0,1,0,0,0,1,1,1,0,1,1,0,0,1,0,1,0,0,1,1,1,0,1,1,1,1,1,0,0,1,0,1,0,1,1,0,1,0,1,1,0,0,0,0,0,1,1,0,1,0,0,1,1,1,0,1,1,0,1,0,0,1,0,1,0,0,1,1,1,0,1,1,0,1,1,1,0,1,0,1,0,1,1,0,1,1,0,0,0,1,0,1,0,1,0,1,1,1,1,0,1,1,1,1,1,1,1,1,0,1,1,0,1,0,1,0,0,0,0,0,0,0,0,0,1.9838559548332952,0.0010376134889753567,2.2384985122453651,2.7080491340505075,3.5017929350728618,4.0600595101853969,5.1902647440299079,5.9356374456397347,7.0637674525062941,10.405432211795224,9.1135423819333194,8.3922178988326834,9.6493781948577109,10.393774319066148,11.171892881666285,12.506538490882734,13.342671854734112,11.776424811169605,12.867872129396506,16.539559014267184,13.734676127260244,14.913740749217975,17.069871061264973,19.875303273060197,1.3331356862967796,2.9999027602842334,0,0.035838243694670265,0,1
28,1,1,1,1,1,1,1,1,1,1,0,0,1,1,1,0,0,0,0,0,0,0,0,0,0,0,0,1,1,1,0,1,1,1,1,1,1,1,1,1,0,0,0,0,0,0,1,0,0,1,1,1,0,1,0,0,1,1,0,1,0,0,1,1,0,1,0,1,1,0,0,1,1,0,1,0,0,1,0,1,0,1,0,1,0,1,1,0,1,0,0,1,1,1,0,1,0,1,0,1,1,1,1,0,1,1,1,0,1,1,0,0,0,1,0,1,1,1,1,0,1,1,1,1,1,0,0,0,0,1,1,0,0,1,0,0,0,1,1,1,0,1,1,0,1,0,0,0,0,1,0,1,0,0,0,1,0,1,1,1,0,1,1,0,1,0,1,0,0,0,0,0,1,1,0,0,0,1,0,1,1,0,0,1,1,0,1,0,0,1,0,0,0,1,0,1,1,1,1,1,0,0,0,0,0,0,0,1,0,1,0,1,1,1,1,1,0,0,0,1,0,1,1,1,0,1,0,1,1,1,1,1,0,0,0,1,0,0,0,1,0,1,1,0,0,1,0,0,0,0,0,0,1,1,0,0,0,1,1,0,0,1,0,0,0,1,1,1,1,1,1,0,0,1,0,1,0,0,1,1,1,0,1,1,1,1,1,0,0,1,0,1,0,1,1,0,1,0,1,1,0,0,0,0,0,1,1,0,1,0,0,1,1,1,1,0,0,0,1,0,0,1,0,1,0,0,1,1,1,0,1,1,1,0,1,1,0,1,0,1,0,1,1,0,1,1,0,0,0,0,0,1,0,1,0,1,1,1,1,0,1,1,1,1,0,0,1,0,0,1,1,0,1,0,1,0,0,0,0,0,0,0,0,0,1.9985046158541238,0.0017700465400167849,5.9768368047608149,3.650812542915999,3.5017929350728618,4.0600595101853969,5.1911192492561229,5.9356374456397347,7.0637674525062941,10.397802700846876,9.1135423819333194,8.4039368276493462,9.6489814602883968,10.400610360875868,11.140764476997024,12.50605020218204,13.346822308690014,11.776424811169605,12.867872129396506,16.544441901274126,13.737239642938889,14.911055161364157,17.060746166170748,19.875303273060197,1.840432219383725,1.6010132421461516,0,0.035719274728417336,0,1
29,0,1,1,1,1,1,1,1,1,1,0,1,1,1,1,1,1,1,0,0,1,0,0,0,0,1,0,0,1,0,1,1,1,1,1,1,1,1,1,1,1,0,0,1,0,0,0,1,0,0,0,0,0,0,0,0,1,1,0,1,1,0,0,0,0,1,0,1,1,0,0,1,0,1,1,1,1,1,0,1,0,1,0,1,0,1,1,0,1,0,0,1,1,1,0,0,0,1,0,1,1,1,1,0,1,1,1,1,1,0,0,1,0,1,0,1,1,1,1,0,1,1,1,1,1,1,0,0,0,1,1,0,0,1,0,0,0,1,0,1,0,1,1,0,1,0,0,0,0,1,0,1,0,0,1,1,0,0,0,0,0,1,1,0,1,0,1,0,0,0,0,0,1,1,1,0,0,1,0,1,1,0,0,1,1,0,1,0,0,1,0,0,0,1,0,1,1,1,1,1,0,1,0,0,0,0,0,0,0,1,0,1,1,1,1,1,0,0,0,0,0,1,1,1,0,1,0,1,1,1,1,1,0,0,0,1,0,0,0,1,0,1,1,0,0,1,0,1,0,0,0,1,0,1,0,0,0,1,1,0,0,1,0,0,0,0,1,1,1,1,0,0,0,1,0,1,0,0,1,1,1,0,1,1,0,1,1,0,0,1,0,1,0,1,1,0,1,0,1,1,0,0,0,0,0,1,1,0,1,0,0,1,1,1,1,0,0,0,1,0,0,1,0,1,0,0,1,1,1,0,1,1,1,0,1,1,0,1,0,1,0,1,1,0,1,1,0,0,0,0,0,1,0,1,0,1,1,1,1,0,1,1,1,1,1,1,1,0,0,1,1,0,1,0,1,0,0,0,0,0,0,0,0,0,0.99900816357671474,3.1296253910124361,5.9899290455481804,0.026367589837491417,3.4956893263141833,4.0598764019226365,5.1938963912413216,5.9366140230411233,7.054978255893797,10.405432211795224,9.1142137788967741,8.4039368276493462,9.6739757381551854,10.393774319066148,11.140764476997024,12.634958419165331,13.312581063553827,11.772030212863356,12.867872129396506,16.544441901274126,13.737239642938889,14.911055161364157,17.069169146257725,19.875303273060197,1.6178899896408252,2.3775476303178302,0,0.035070042657534342,0,1
30,0,1,1,1,0,1,1,0,1,1,0,1,0,1,1,0,0,1,1,0,0,0,0,0,1,0,0,1,0,1,0,1,0,1,0,1,1,1,1,1,1,1,0,1,0,0,1,0,0,1,0,1,0,0,1,0,1,0,1,0,0,0,1,1,0,1,0,1,1,0,0,1,1,1,1,0,0,1,1,0,0,1,0,1,0,1,1,0,1,0,0,1,1,0,0,0,0,1,0,1,1,1,0,0,1,1,1,1,1,1,0,0,0,1,0,1,1,1,1,0,1,1,1,1,1,0,0,0,0,1,1,0,0,1,0,0,0,1,1,1,0,1,1,0,1,0,0,0,0,1,0,1,0,0,0,1,0,1,0,1,0,1,1,0,1,0,1,0,0,0,0,0,1,1,0,0,0,1,0,1,1,0,0,1,1,0,1,0,0,1,0,0,0,1,0,1,1,1,1,1,0,0,0,0,0,0,0,1,0,1,0,1,1,1,1,1,0,0,0,1,0,1,0,1,0,1,0,1,1,1,1,1,0,0,0,1,0,0,1,1,0,1,1,0,0,1,0,0,0,0,0,0,1,1,0,0,0,1,1,0,0,1,0,0,0,1,1,1,1,1,1,0,0,1,0,1,0,0,1,1,1,0,1,1,0,1,1,1,0,1,0,1,0,1,1,0,1,0,1,1,0,1,0,0,0,1,1,0,1,0,0,1,1,1,1,1,0,0,1,0,0,1,0,1,0,0,1,1,1,0,1,1,0,0,1,1,0,1,0,1,0,1,1,0,1,1,0,0,0,0,0,1,0,1,0,1,1,1,1,0,1,1,1,1,1,1,1,1,0,1,1,0,1,0,1,0,0,0,0,0,0,0,0,1,0.92841992828259712,1.5091172655832761,2.2458228427557794,2.5824368657969026,3.5117112993057145,4.0591439688715951,5.0851606012054624,5.9356374456397347,7.0637674525062941,10.397192339971008,9.1135423819333194,8.4039368276493462,9.6489814602883968,10.399755855649653,11.141680018310826,12.50605020218204,13.346822308690014,11.772579537651637,12.870191500724804,16.554207675288012,13.732112611581599,14.911055161364157,17.069871061264973,19.876035706111239,0.35682697675605474,3.9542919202410656,0,0.034953138159291255,0,1
31,1,1,1,1,1,1,1,1,0,1,1,1,0,1,1,0,0,0,0,0,0,0,0,0,0,0,0,1,0,1,0,0,1,1,1,1,1,0,1,1,1,1,1,0,0,1,0,1,0,0,0,0,0,0,0,0,0,1,0,1,0,1,1,0,0,1,0,1,1,0,0,1,1,0,1,1,1,1,0,0,0,1,0,1,0,1,1,0,1,0,0,1,1,1,1,1,0,1,0,1,1,1,1,0,1,1,1,1,1,1,0,0,0,1,0,1,1,1,1,0,1,1,1,1,1,0,0,1,0,1,1,0,0,1,0,0,0,1,1,1,0,1,1,0,1,0,0,0,0,1,0,1,0,0,1,1,0,0,1,0,0,1,1,0,1,0,1,0,0,0,0,0,1,1,0,0,0,1,0,1,1,0,0,1,1,0,1,1,0,1,0,0,0,1,0,1,1,1,1,1,0,0,0,0,0,0,0,0,0,1,0,1,1,1,1,1,0,0,0,0,0,1,1,1,0,1,0,1,1,1,1,1,0,0,0,1,0,0,0,1,0,1,1,0,0,1,0,0,0,0,0,0,1,1,0,0,0,1,1,0,0,1,0,0,0,1,1,1,1,1,1,0,0,1,0,1,0,0,1,1,1,0,1,1,1,1,1,0,0,1,0,1,0,1,1,0,1,0,1,1,0,0,0,0,0,1,1,0,1,0,0,1,1,1,1,0,0,1,1,0,0,1,0,1,0,0,1,1,1,0,1,1,1,0,1,1,0,1,0,1,0,1,1,0,1,1,0,0,0,0,0,1,0,1,0,1,1,1,1,0,1,1,1,1,0,1,1,0,0,1,1,0,1,0,1,0,0,0,0,0,0,0,0,0,1.9958190280003052,0.0012207217517357137,5.903868162050812,0.010498207064927139,3.505302510109102,4.0604257267109176,5.1945372701609829,5.9358815899900819,7.0637674525062941,10.406042572671092,9.1135423819333194,8.4097962920576776,9.6485847257190827,10.393774319066148,11.140764476997024,12.50605020218204,13.346822308690014,11.776424811169605,12.867872129396506,16.546883344777598,13.737239642938889,14.911055161364157,17.06355382619974,19.875303273060197,2.0016075314329091,0.27792659423223154,0,0.034844981796362501,0,1
32,0,1,1,1,1,1,1,1,1,1,0,0,0,1,1,1,0,0,0,0,0,0,0,0,0,0,0,1,0,1,0,1,1,1,1,1,1,1,1,1,1,1,0,1,1,0,0,1,0,0,0,0,1,1,1,0,1,0,1,0,0,0,1,1,0,1,0,1,1,0,0,0,1,0,1,0,0,1,0,1,0,1,0,1,0,1,1,0,1,0,0,1,1,1,0,1,0,1,0,1,1,1,1,0,1,1,1,0,1,0,0,0,0,1,0,1,1,1,1,0,1,1,1,1,1,0,0,0,0,1,1,0,0,1,0,0,0,1,1,1,0,1,1,0,1,0,0,0,0,1,0,1,0,0,1,0,0,0,0,0,0,1,1,0,1,0,1,0,0,0,0,0,1,1,0,0,0,1,0,1,1,0,0,1,1,0,1,0,0,1,0,0,0,1,0,1,1,1,1,1,0,0,0,0,0,0,0,0,0,1,0,1,1,1,1,1,0,0,0,1,0,1,1,1,0,1,0,1,1,1,1,1,0,0,0,1,0,0,0,1,0,1,1,0,0,1,0,1,1,0,0,0,1,1,0,0,0,1,1,0,0,1,0,0,0,1,1,1,1,1,1,0,0,1,0,1,0,0,1,1,1,0,1,1,0,0,0,0,0,1,0,1,0,1,1,0,1,0,1,1,1,0,0,0,0,1,1,0,1,0,0,1,1,0,1,1,0,0,1,0,0,1,0,1,0,0,1,1,1,0,1,1,0,1,1,1,0,1,0,1,0,1,1,0,1,1,0,0,0,0,0,1,0,1,0,1,1,1,1,0,1,1,0,1,1,1,1,1,0,1,1,0,1,0,1,0,0,0,0,0,0,0,0,1,0.99827573052567331,0.0012817578393224994,5.9965209430075532,0.45740444037537192,3.4627298390173191,4.0600595101853969,5.1902647440299079,5.9356374456397347,7.0637674525062941,10.400549324788281,9.1135423819333194,8.4039368276493462,9.6485847257190827,10.400610360875868,11.140764476997024,12.693553063248645,13.346822308690014,11.76873426413367,12.872510872053102,16.515144579232469,13.734676127260244,14.911055161364157,17.047409781033036,19.876035706111239,1.792334309003895,1.8476404989501376,0,0.034603170154928066,0,1
33,0,1,0,0,0,1,1,0,1,0,1,1,0,0,1,0,1,0,1,0,1,0,1,0,0,0,0,1,0,1,0,1,1,1,1,1,1,1,1,1,1,1,1,1,1,0,0,1,0,1,0,1,0,0,1,0,0,1,0,1,1,1,1,0,0,1,0,1,1,0,0,1,0,1,1,0,1,1,0,0,0,1,0,1,0,1,1,0,1,0,0,1,0,1,0,0,0,1,0,1,1,1,1,0,1,1,1,0,1,1,1,0,0,1,0,1,1,1,1,0,1,1,1,1,1,0,1,0,0,1,1,0,0,1,0,0,0,1,1,0,1,1,0,1,1,0,0,0,0,1,0,1,0,0,0,1,0,1,1,0,0,1,1,0,1,0,1,0,0,0,0,0,0,1,0,0,0,1,0,1,1,0,0,1,1,0,1,0,0,1,0,0,0,1,0,1,1,1,1,1,0,0,0,0,0,0,0,0,0,1,0,1,1,1,1,1,0,0,0,1,0,1,1,1,0,1,0,1,1,1,1,1,0,0,0,1,0,0,0,1,0,1,1,0,0,1,0,0,1,0,0,0,1,1,0,0,0,1,1,0,0,1,0,0,0,1,1,1,1,1,1,0,0,1,0,1,0,0,1,1,1,0,1,1,0,1,1,0,0,1,0,1,0,1,1,0,1,0,1,1,0,0,0,0,0,1,1,0,1,0,0,1,1,1,1,0,0,0,1,0,0,1,0,1,0,0,1,1,1,0,1,1,1,0,1,1,0,1,0,1,0,1,1,0,1,1,0,0,0,0,0,1,0,1,0,1,1,1,1,0,1,1,1,1,1,1,1,0,0,1,1,0,1,0,1,0,0,0,0,0,0,1,0,0,0.55231555657282372,2.6575722896162355,5.9994506752117189,2.5740138857099262,3.4930952925917449,4.0584115358205537,5.1915465018692304,5.936125734340429,7.0612954909590293,10.397497520408942,9.1108567940795009,8.4039368276493462,9.6485847257190827,10.400610360875868,11.140764476997024,12.568551155870908,13.346822308690014,11.772030212863356,12.867872129396506,16.544441901274126,13.737239642938889,14.911055161364157,17.069169146257725,19.878233005264363,1.2089732192288236,3.2015588627649456,0,0.034263007678430282,0,1
34,1,1,1,1,1,0,0,1,1,1,1,0,1,1,1,1,0,1,0,0,0,0,0,0,1,0,0,1,0,1,0,0,1,0,1,1,0,1,1,1,1,1,0,0,0,0,0,0,0,1,0,0,0,1,1,0,0,1,0,0,0,1,1,0,0,1,0,1,1,0,0,1,1,0,1,0,0,1,0,1,0,1,0,1,0,1,1,0,1,0,0,1,1,1,0,1,0,1,0,1,1,1,1,0,1,1,1,0,1,0,0,0,0,1,0,1,1,1,1,0,1,1,1,1,1,0,0,0,0,1,1,0,0,1,0,0,0,1,1,1,0,1,1,0,1,0,0,0,0,1,0,1,0,0,0,1,0,1,1,1,0,1,1,0,1,0,1,0,0,0,0,1,1,1,0,1,0,1,0,1,1,0,0,1,1,0,1,0,0,1,0,0,0,1,0,1,1,1,1,1,0,0,0,0,0,0,0,0,0,1,0,1,1,1,1,1,0,0,0,0,0,1,1,1,0,1,0,1,1,1,1,1,0,0,0,1,0,0,0,1,0,1,1,0,0,1,0,0,0,0,0,0,1,1,0,1,0,1,1,0,0,1,0,0,0,1,1,1,0,1,1,0,0,1,0,1,0,0,1,1,1,0,1,1,0,1,1,0,0,1,0,1,0,1,1,0,1,0,1,1,0,0,0,0,0,1,1,0,1,0,0,1,1,0,0,1,1,0,1,0,0,1,0,1,0,0,1,1,1,0,1,1,0,1,1,1,0,1,0,1,0,1,1,0,1,1,0,0,0,0,0,1,0,1,0,1,1,1,1,0,1,1,1,1,0,1,1,1,0,1,1,0,1,0,1,0,0,0,0,0,0,0,0,0,1.9526359960326543,1.0090485999847409,4.3067063401235979,2.1960784313725492,3.5017929350728618,4.0600595101853969,5.1902647440299079,5.9356374456397347,7.0637674525062941,10.397802700846876,9.1192492561226839,8.4039368276493462,9.6485847257190827,10.393774319066148,11.140764476997024,12.506538490882734,13.342671854734112,11.772030212863356,12.867872129396506,16.500495918211641,13.734676127260244,14.911055161364157,17.064255741206988,19.875303273060197,1.2458193427394793,3.146315923791744,0,0.034250144735460286,0,1
35,0,1,1,1,0,1,1,0,0,0,0,0,0,0,1,0,0,1,1,0,1,0,1,0,0,0,1,1,0,0,0,1,1,1,0,1,1,1,1,1,1,0,0,0,1,1,1,0,0,1,0,1,0,1,0,0,0,0,1,0,0,0,1,1,0,1,0,1,1,0,0,1,1,0,1,0,0,1,0,0,0,1,0,1,0,1,1,0,1,0,0,1,1,1,0,1,0,1,0,1,1,1,1,0,1,1,1,1,1,0,0,0,0,1,0,1,1,1,1,0,1,1,1,1,1,0,1,1,0,1,1,0,0,1,0,0,0,1,1,1,0,1,0,0,1,0,0,0,0,1,0,1,0,0,1,1,0,0,1,0,0,1,1,0,1,0,1,0,0,0,0,0,1,1,0,1,0,1,0,1,1,0,0,1,1,0,0,1,1,0,0,1,0,1,0,1,1,1,1,1,0,0,0,0,1,0,0,0,0,1,0,1,1,1,1,1,0,0,0,1,0,1,1,1,0,1,0,1,1,1,1,1,0,0,0,1,0,0,0,1,0,1,1,0,0,1,0,0,1,0,0,0,1,1,0,0,0,1,1,0,0,1,0,0,0,1,1,1,1,1,1,0,0,1,0,1,0,0,1,1,1,0,1,1,0,1,1,0,0,1,0,1,0,1,1,0,1,0,1,1,0,0,0,0,0,1,1,0,1,0,0,1,1,1,1,0,0,0,1,0,0,1,0,1,0,0,1,1,1,0,1,1,1,0,1,1,0,1,0,1,0,1,1,0,1,1,0,0,0,0,0,1,0,1,0,1,1,1,1,0,1,1,1,1,1,1,1,0,0,1,1,0,1,0,1,0,0,0,0,0,0,0,0,0,0.92195010299839786,1.659266041046769,5.2396429388876173,2.6293125810635538,3.5016403448538949,4.0600595101853969,5.1936827649347679,5.9363698786907761,7.0632181277180131,10.406042572671092,9.1138780804150468,8.3999084458686184,9.6517586022735955,10.400610360875868,11.140764476997024,12.568551155870908,13.346822308690014,11.772030212863356,12.867872129396506,16.544441901274126,13.737239642938889,14.911055161364157,17.069169146257725,19.875303273060197,0.64768663867907239,3.7938495172065467,0,0.034062186468853416,0,1
36,0,1,1,1,0,1,1,0,1,0,0,0,0,0,1,0,0,1,1,0,1,0,1,0,0,0,1,1,1,0,0,1,1,1,0,1,1,1,1,1,1,0,0,0,0,1,1,0,0,1,0,1,0,1,0,0,0,0,1,0,0,0,1,1,0,1,0,1,1,0,0,1,1,0,1,0,0,1,0,1,0,1,0,1,0,1,1,0,1,0,0,1,1,1,0,1,0,1,0,1,1,1,1,0,1,1,1,1,1,0,0,0,0,1,0,1,1,1,1,0,1,1,1,1,1,1,1,0,0,1,1,0,0,1,0,0,0,1,0,1,0,1,1,0,1,0,0,0,0,1,0,1,1,0,1,1,0,0,0,0,0,1,1,0,1,0,1,0,0,0,0,0,1,1,0,0,0,1,0,1,1,0,0,1,1,0,1,0,0,1,0,1,0,1,0,1,1,1,1,1,0,0,0,0,0,0,0,0,0,1,0,1,1,1,1,1,0,0,0,1,0,1,1,1,0,1,0,1,1,1,1,1,0,0,0,1,0,0,0,1,0,1,1,0,0,1,0,0,1,0,0,0,1,1,0,0,0,1,1,0,0,1,0,0,0,1,1,1,1,0,1,0,0,1,0,1,0,0,1,1,1,0,1,1,0,1,1,0,0,1,0,1,0,1,1,0,1,0,1,1,0,0,0,0,0,1,1,0,1,0,0,1,1,1,1,0,0,0,1,0,0,1,0,1,0,0,1,1,1,0,1,1,1,0,1,1,0,1,0,1,0,1,1,0,1,1,0,0,0,0,0,1,0,1,0,1,1,1,1,0,1,1,1,1,1,1,1,0,0,1,1,0,1,0,1,0,0,0,0,0,0,0,0,0,0.92585641260395213,1.6597543297474633,5.2389105058365759,2.6293125810635538,3.5017929350728618,4.0600595101853969,5.1936827649347679,5.9371023117418176,7.054978255893797,10.444495307850767,9.1135423819333194,8.404303044174867,9.6485847257190827,10.400610360875868,11.140764476997024,12.568551155870908,13.344747081712063,11.772030212863356,12.867872129396506,16.544441901274126,13.737239642938889,14.911055161364157,17.069169146257725,19.875303273060197,0.6852164054347134,3.7687235258340084,0,0.033850362800231321,0,1
37,0,1,0,1,0,1,1,1,1,1,1,0,1,0,1,0,0,1,1,0,1,0,1,0,0,0,0,1,0,0,0,1,0,1,1,1,1,1,1,1,1,1,0,1,1,0,0,1,0,1,0,0,0,1,1,0,0,1,0,0,0,1,1,0,0,1,0,1,1,0,0,1,1,0,1,0,0,1,0,0,0,1,0,1,0,1,1,0,1,0,0,1,1,1,0,1,0,1,0,1,1,1,1,0,1,1,1,0,1,0,0,0,0,1,0,1,1,1,1,0,1,1,1,1,1,0,0,0,0,1,1,0,0,1,0,0,0,1,0,1,0,0,1,0,1,0,0,0,0,1,0,1,0,0,0,1,1,1,1,1,0,1,1,0,1,0,1,0,0,0,0,0,1,1,0,0,0,1,0,1,1,0,0,1,1,0,1,0,0,1,0,0,0,1,0,1,1,1,1,1,0,0,0,0,0,0,0,0,0,1,0,1,1,1,1,1,0,0,0,0,0,1,1,1,0,1,0,1,1,1,1,1,0,1,0,1,0,1,0,1,0,1,1,0,0,1,0,0,0,1,0,0,0,1,0,0,0,1,1,0,0,1,0,0,0,1,1,1,0,0,1,1,0,1,0,1,0,0,1,1,1,0,1,1,0,0,0,0,0,1,0,1,0,1,1,0,1,0,0,1,0,1,0,0,0,1,1,0,1,0,0,1,1,1,1,1,0,0,0,0,0,1,0,1,0,0,1,1,1,0,1,1,1,0,1,0,0,1,0,1,1,1,1,0,1,1,1,0,1,0,0,1,0,1,0,1,1,1,1,1,1,1,1,0,1,0,0,1,0,1,1,0,1,0,1,1,0,0,0,0,0,0,0,1,0.68683909361409934,1.6573128862439919,2.9964751659418631,2.1960784313725492,3.5016403448538949,4.0600595101853969,5.1902647440299079,5.9356374456397347,7.0538796063172349,10.400244144350347,9.1135423819333194,8.4039368276493462,9.6485847257190827,10.393774319066148,11.171892881666285,12.53339436942092,13.341115434500649,11.76873426413367,12.851636530098421,16.552986953536276,13.736598764019227,16.312932021057449,17.234119172961012,20.063538567177844,0.32880191846694334,3.9598157377719159,0,0.033757009744317265,0,1
38,1,1,1,1,1,0,0,1,1,1,1,0,1,1,1,1,0,0,0,0,0,0,0,0,0,0,0,1,0,1,0,0,1,0,1,1,1,1,0,1,0,0,1,0,1,1,1,1,0,0,0,0,0,0,0,0,0,1,0,1,1,0,1,1,0,1,0,1,1,0,0,1,0,1,1,1,1,1,0,1,0,1,0,1,0,1,1,0,1,0,0,1,1,1,0,0,0,1,0,1,1,1,1,0,1,1,1,0,1,1,0,0,0,1,0,1,1,1,1,0,1,1,1,1,0,1,1,0,0,1,1,0,0,1,0,0,0,1,1,1,0,1,1,1,1,0,0,0,0,1,0,1,0,0,0,1,0,1,0,1,0,1,1,0,1,0,1,0,0,0,0,0,1,1,0,1,0,1,0,1,1,0,0,1,1,0,1,0,0,1,0,0,0,1,0,1,1,1,1,1,0,0,0,0,1,0,0,0,0,1,0,1,1,1,1,1,0,0,0,0,0,1,1,1,0,1,0,1,1,1,1,1,0,0,0,1,0,1,0,1,0,1,1,0,0,1,0,1,0,0,0,0,1,1,0,0,0,1,1,0,0,1,0,0,0,1,1,1,1,0,1,0,0,1,0,1,0,0,1,1,1,0,1,1,0,0,0,0,0,1,0,1,0,1,1,0,1,0,0,1,0,1,0,0,0,1,1,0,1,0,0,1,1,1,1,0,0,0,0,0,0,1,0,1,0,0,1,1,1,0,1,1,1,0,1,0,0,1,0,1,1,1,1,0,1,1,1,0,0,0,0,1,0,1,0,1,0,1,1,0,1,1,1,1,1,1,1,1,0,1,1,0,1,0,1,0,0,0,0,1,0,0,0,0,1.9526359960326543,0.0012207217517357137,4.4340581368734266,0.011108567940794995,3.4956893263141833,4.0598764019226365,5.1911192492561229,5.9351491569390404,7.0640421149004347,10.397192339971008,9.1138780804150468,8.4039368276493462,9.6517586022735955,10.393774319066148,11.142595559624628,12.631052109559777,13.344747081712063,11.76873426413367,12.851636530098421,16.543221179522391,13.736598764019227,16.307560845349812,15.632349126420998,19.88702220187686,1.9265976180926754,1.13519881785267,0,0.033665250700468385,0,1
39,0,1,1,1,0,1,1,0,1,1,0,1,0,1,1,0,0,1,1,0,0,0,0,0,1,0,0,1,0,1,0,0,1,0,1,1,0,1,1,1,1,1,0,0,0,0,0,0,0,1,0,0,0,1,1,0,0,1,0,0,0,1,1,0,0,1,0,1,1,0,0,1,1,0,1,0,0,1,0,1,0,1,0,1,0,1,1,0,1,0,0,1,1,1,0,1,0,1,0,1,1,1,1,0,1,1,1,0,1,0,0,0,0,1,0,1,1,1,1,0,1,1,1,1,1,0,0,0,0,1,1,0,0,1,0,0,0,1,0,1,0,1,1,0,1,0,0,0,0,1,0,1,0,0,0,1,0,1,1,1,0,1,1,0,1,0,1,0,0,0,0,0,1,1,0,1,0,1,0,1,1,0,0,1,1,0,1,0,0,1,0,0,0,1,0,1,1,1,1,1,0,0,0,0,1,1,0,0,0,1,0,1,1,1,0,1,1,0,0,0,0,1,1,1,0,1,0,1,1,1,1,1,0,0,0,1,0,1,0,1,0,1,1,0,0,1,0,1,0,0,0,0,0,1,0,0,0,1,1,0,0,1,0,0,0,1,1,1,1,1,0,0,0,1,0,1,0,0,1,1,1,0,1,1,0,1,1,0,0,1,0,1,0,1,1,0,1,0,1,1,1,0,0,0,0,1,1,0,1,0,0,1,1,1,1,0,0,0,1,0,0,1,0,1,0,0,1,1,1,0,1,1,0,0,1,1,0,1,0,1,0,1,1,0,1,1,0,0,0,0,0,1,0,1,0,1,1,1,1,0,1,1,1,1,1,1,1,1,0,1,1,0,1,0,1,0,0,0,0,0,0,0,0,1,0.92841992828259712,1.5090562294956893,4.3067063401235979,2.1960784313725492,3.5017929350728618,4.0600595101853969,5.1902647440299079,5.9356374456397347,7.054978255893797,10.397802700846876,9.1138780804150468,8.4039368276493462,9.6533455405508519,10.229709315632867,11.142595559624628,12.627145799954222,13.345784695201038,11.772030212863356,12.872510872053102,16.544441901274126,13.732112611581599,14.911055161364157,17.069871061264973,19.876035706111239,0.63801496504642519,3.8100246623958687,0,0.033545848670289195,0,1
40,1,1,1,1,1,1,1,1,1,1,0,0,0,0,1,0,0,0,0,0,0,0,1,0,0,0,0,1,0,1,0,1,1,1,1,1,1,1,1,1,1,1,0,1,1,0,0,1,0,0,0,0,1,1,1,0,1,0,1,0,0,0,1,1,0,1,0,1,1,0,0,1,1,0,1,0,0,1,0,1,0,1,0,1,0,1,1,0,1,0,0,1,1,1,0,0,0,1,0,1,1,1,1,0,1,1,1,0,1,0,0,0,0,1,0,1,1,1,1,0,1,0,1,1,1,0,0,0,0,1,1,0,0,1,0,0,0,1,1,1,0,1,1,0,1,0,0,0,0,1,0,1,0,0,1,0,0,0,0,0,0,1,1,0,1,0,1,0,0,0,0,1,1,1,0,0,0,1,0,1,1,0,0,1,1,0,1,0,0,1,0,0,0,1,0,1,1,1,1,1,0,0,0,0,0,0,0,1,0,1,0,1,1,1,1,1,0,0,0,1,0,1,0,1,0,1,0,1,1,1,1,1,0,0,0,1,0,1,0,1,0,1,1,0,0,1,0,1,0,0,0,0,0,0,0,1,0,1,1,0,0,1,0,0,0,1,1,1,1,1,1,0,0,1,0,1,0,0,1,1,1,0,1,1,0,1,1,0,0,1,0,1,0,1,1,0,1,0,1,1,0,1,0,0,0,1,1,0,1,0,0,1,1,1,1,1,0,0,1,1,0,1,0,1,0,0,1,1,1,0,1,1,1,0,0,1,0,1,0,1,0,1,1,0,1,1,0,0,0,0,0,1,0,1,0,1,1,1,1,0,1,1,1,1,0,1,1,0,0,1,1,0,1,0,1,0,0,0,0,1,1,0,0,0,1.998138399328603,0.032532234683756774,5.9965209430075532,0.45740444037537192,3.5017929350728618,4.0598764019226365,5.1902647440299079,5.9200122072175176,7.0637674525062941,10.400549324788281,9.1189135576409566,8.4039368276493462,9.6489814602883968,10.399755855649653,11.142595559624628,12.62568093385214,13.346822308690014,11.772030212863356,12.870191500724804,16.55481803616388,13.735957885099566,14.911055161364157,17.06355382619974,19.892881666285191,1.9818865571944895,0.63511543280781491,0,0.033435794237094578,0,1
41,0,1,0,1,0,1,1,0,1,0,0,1,1,1,1,0,0,1,1,0,1,0,1,0,0,0,0,1,1,0,0,1,0,1,0,1,1,1,1,1,0,0,0,0,0,0,1,0,0,1,0,1,0,1,1,0,0,0,0,1,0,1,0,0,0,1,0,1,1,0,0,1,1,1,1,1,1,1,0,0,0,1,0,1,0,1,1,0,1,0,0,1,1,1,1,1,0,1,0,1,1,1,1,0,1,1,1,1,1,1,0,0,0,1,0,1,1,1,1,0,1,1,1,1,0,1,1,0,0,1,1,0,0,1,0,0,0,1,1,1,0,1,1,1,1,0,0,0,0,1,0,1,0,0,0,1,0,1,0,0,0,1,1,0,1,0,1,0,0,0,0,0,1,1,0,0,0,1,0,1,1,0,0,1,1,0,1,0,0,1,0,0,0,1,0,1,1,1,1,1,0,0,0,0,1,0,0,1,0,1,0,1,1,1,1,1,0,0,0,0,0,1,1,1,0,1,0,1,1,1,1,1,0,0,0,1,0,1,0,1,0,1,1,0,0,1,0,1,0,0,0,0,0,0,0,1,0,1,1,0,0,1,0,0,0,1,1,1,1,1,1,0,0,1,0,1,0,0,1,1,1,0,1,1,0,0,0,0,0,1,0,1,0,1,1,0,1,0,1,1,0,0,0,0,0,1,1,0,1,0,0,1,1,1,1,1,0,0,1,0,0,1,0,1,0,0,1,1,1,0,1,1,0,0,0,1,0,1,0,1,0,1,1,0,1,1,0,0,0,0,0,0,0,1,0,1,1,1,1,0,1,1,1,1,0,1,1,1,0,1,1,0,1,0,1,0,0,0,0,0,0,0,0,0,0.67670710307469295,1.6578011749446862,2.2267795834287023,2.689982452124819,3.5150682841229877,4.0604257267109176,5.1945372701609829,5.9351491569390404,7.0640421149004347,10.396887159533074,9.1135423819333194,8.4039368276493462,9.6521553368429096,10.393774319066148,11.142595559624628,12.62568093385214,13.346822308690014,11.76873426413367,12.867872129396506,16.554207675288012,13.730830853742276,14.910383764400702,17.064255741206988,19.875303273060197,0.061317290889932666,4.0052338928720621,0,0.03310950425768161,0,1
42,1,1,1,1,1,1,1,0,1,1,1,0,1,1,1,1,0,0,0,0,0,0,0,1,0,0,0,1,1,0,0,1,1,1,1,1,1,1,1,0,0,1,0,0,1,0,0,0,0,0,0,0,1,0,1,0,1,1,0,1,1,0,1,1,0,1,0,1,1,0,0,1,1,0,1,1,1,1,0,0,0,1,0,1,0,1,1,0,1,0,0,1,1,1,1,1,0,1,0,1,1,1,1,0,1,1,1,1,1,1,0,0,0,1,0,1,1,1,1,0,1,1,1,1,0,1,1,0,0,1,1,0,0,1,0,0,0,1,1,1,0,1,1,0,1,0,0,0,0,1,0,1,0,1,0,0,0,1,1,1,0,1,1,0,1,0,1,0,0,0,0,0,1,1,1,0,0,1,0,1,1,0,0,1,1,0,1,0,0,1,1,0,0,1,0,1,1,1,1,1,0,0,0,0,0,1,0,0,0,1,0,1,1,1,1,1,0,0,0,1,0,1,1,1,0,1,0,1,1,1,1,1,0,0,0,1,1,0,0,1,0,1,1,0,0,1,0,0,0,0,0,0,1,1,0,0,0,1,1,0,0,1,0,0,0,1,1,1,1,1,1,0,0,1,0,1,0,0,1,1,1,0,1,1,0,1,1,0,0,1,0,1,0,1,1,0,1,0,1,1,0,0,0,0,0,1,1,0,1,0,0,1,0,1,1,1,0,0,1,0,0,1,0,1,0,0,1,1,1,0,1,1,1,1,1,1,0,1,0,1,0,1,1,0,1,1,0,0,0,0,0,1,0,1,0,1,1,1,1,0,1,1,1,1,0,1,1,1,0,1,1,0,1,0,1,0,0,0,0,0,0,0,0,0,1.9916990920881972,0.01715114061188678,5.9598077363241018,0.33923857480735486,3.505302510109102,4.0604257267109176,5.1945372701609829,5.9351491569390404,7.0637674525062941,10.412451361867705,9.1142137788967741,8.4046692607003877,9.6501716639963391,10.400610360875868,11.144426642252231,12.50605020218204,13.346822308690014,11.772030212863356,12.867872129396506,16.476081483176927,13.739803158617534,14.911055161364157,17.064255741206988,19.875303273060197,1.9397239570489531,1.0350396322604158,0,0.033052478307163902,0,1
43,1,1,1,1,1,1,1,1,1,1,1,0,1,1,1,0,0,0,0,0,0,0,0,0,0,0,0,1,1,1,0,1,1,0,1,1,1,1,1,1,1,1,1,1,1,0,1,1,0,1,0,0,0,0,1,0,0,1,0,1,1,0,1,0,0,1,0,1,1,0,0,1,0,1,1,1,1,1,0,1,0,1,0,1,0,1,1,0,1,0,0,1,1,0,0,0,0,1,0,1,1,1,1,0,1,1,1,0,1,1,0,0,0,1,0,1,1,1,1,0,1,1,1,1,1,0,0,0,0,1,1,0,0,1,0,0,0,1,1,1,0,1,1,0,1,0,0,0,0,1,0,1,0,0,0,1,0,1,0,1,0,1,1,0,1,0,1,0,0,0,0,0,1,1,0,0,0,1,0,1,1,0,0,1,1,0,1,0,0,1,0,0,0,1,0,1,1,1,1,1,0,0,0,0,0,0,0,1,0,1,0,1,1,1,1,1,0,0,0,1,0,1,0,1,0,1,0,1,1,1,1,1,0,0,0,1,0,0,0,1,0,1,1,0,0,1,0,0,0,0,0,0,1,1,0,0,0,1,1,0,0,1,0,0,0,1,1,1,1,1,1,0,0,1,0,1,0,0,1,1,1,0,1,1,0,1,1,1,0,1,0,1,0,1,1,0,1,0,1,1,0,1,0,0,0,1,1,0,1,0,0,1,1,1,1,1,0,0,1,0,0,1,0,1,0,0,1,1,1,0,1,1,0,0,1,1,0,1,0,1,0,1,1,0,1,1,0,0,0,0,0,1,0,1,0,1,1,1,1,0,1,1,1,1,1,1,1,0,0,1,1,0,1,0,1,0,0,0,0,0,0,0,0,0,1.9994811932555123,0.0017700465400167849,4.4996108949416342,2.0735179674982835,3.4956893263141833,4.0591439688715951,5.1911192492561229,5.9356374456397347,7.0637674525062941,10.397192339971008,9.1135423819333194,8.4039368276493462,9.6489814602883968,10.399755855649653,11.140764476997024,12.50605020218204,13.346822308690014,11.772579537651637,12.870191500724804,16.554207675288012,13.732112611581599,14.911055161364157,17.069169146257725,19.875303273060197,1.6485324126587375,2.2896346428893586,0,0.03289918916643271,0,1
44,1,1,0,1,0,1,1,1,1,1,1,1,0,1,1,1,0,0,0,0,0,0,0,0,0,0,0,1,0,1,0,0,1,0,1,1,1,1,0,1,0,0,1,0,1,1,1,1,0,0,0,0,0,0,0,0,0,1,0,1,1,1,1,1,0,1,0,1,1,0,0,1,0,1,1,1,1,1,0,1,0,1,0,1,0,1,1,0,1,0,0,1,1,1,0,0,0,1,0,1,1,1,1,0,1,1,1,0,1,1,0,0,0,1,0,1,1,1,1,0,1,1,1,1,0,1,1,0,0,1,1,0,0,1,0,0,0,1,1,1,0,1,1,1,1,0,0,0,0,1,0,1,0,0,0,1,0,1,1,1,0,1,1,0,1,0,1,0,0,0,0,0,1,1,0,1,0,1,0,1,1,0,0,1,1,0,1,0,0,1,0,0,0,1,0,1,1,1,1,1,0,0,0,0,0,0,0,1,0,1,0,1,1,1,1,1,0,0,0,1,0,1,1,1,0,1,0,1,1,1,1,1,0,0,0,1,0,0,0,1,0,1,1,0,0,1,0,0,1,0,0,0,1,1,0,0,0,1,1,0,0,1,0,0,0,1,1,1,1,1,1,0,0,1,0,1,0,0,1,1,1,0,1,1,0,1,1,0,0,1,0,1,0,1,1,0,1,0,1,1,0,0,0,0,0,1,1,0,1,0,0,1,1,1,1,0,0,0,1,0,0,1,0,1,0,0,1,1,1,0,0,1,1,0,1,1,0,1,0,1,0,1,1,0,1,1,0,0,0,0,0,1,0,1,0,1,1,1,1,0,1,1,1,1,1,1,1,0,0,1,1,0,1,0,1,0,0,0,0,0,0,0,0,0,1.6872510872053101,0.0012207217517357137,4.4340581368734266,0.011596856641489281,3.4956893263141833,4.0598764019226365,5.1911192492561229,5.9351491569390404,7.0640421149004347,10.397802700846876,9.1138780804150468,8.4039368276493462,9.6489814602883968,10.400610360875868,11.140764476997024,12.568551155870908,13.346822308690014,11.772030212863356,12.867872129396506,16.544441901274126,13.716731517509729,14.911055161364157,17.069169146257725,19.875303273060197,1.8121055655898548,1.723787771034458,0,0.032807296624534819,0,1
45,0,1,0,0,0,1,1,0,1,0,1,1,0,1,1,1,0,0,0,1,0,0,0,0,0,0,0,1,0,0,0,0,1,1,1,1,1,1,0,1,0,0,1,1,1,0,1,1,0,0,1,0,0,0,0,0,1,1,0,0,0,0,0,0,0,1,0,1,1,0,0,1,1,0,1,0,0,1,1,1,0,1,0,1,0,1,1,0,1,0,1,0,1,1,1,1,0,1,0,1,1,1,1,0,1,1,1,1,1,0,1,0,0,1,0,1,1,1,1,0,1,1,1,0,1,0,0,1,0,1,1,0,0,1,0,0,0,1,1,1,0,1,0,0,1,0,0,0,0,1,0,1,0,0,1,0,0,0,1,0,0,1,1,0,1,0,1,0,0,0,0,0,1,1,0,0,0,1,1,1,1,0,1,1,1,0,1,0,0,0,0,0,0,1,0,1,1,1,1,1,0,0,1,0,0,0,0,1,0,1,0,1,1,1,1,1,0,0,0,1,0,1,1,1,0,1,0,1,1,1,1,1,0,0,0,1,0,0,0,1,0,1,1,0,0,1,0,0,1,0,0,0,1,1,0,0,0,1,1,0,0,1,0,0,0,1,1,1,1,1,1,0,0,1,0,1,0,0,1,1,1,0,1,1,0,1,1,0,0,1,0,1,0,1,1,0,1,0,1,1,0,0,0,0,0,1,1,0,1,0,0,1,1,1,1,0,0,0,1,0,0,1,0,1,0,0,1,1,1,0,1,1,1,0,1,1,0,1,0,1,0,1,1,0,1,1,0,0,0,0,0,1,0,1,0,1,1,1,1,0,1,1,1,1,1,1,1,0,0,1,1,0,1,0,1,0,0,0,0,0,0,0,0,0,0.55246814679179068,0.25098039215686274,5.9351796749828338,1.0234531166552223,3.5020981155107958,4.0633554589150833,5.1941100175478754,5.9319752803845276,7.0632181277180131,10.401159685664149,9.1135423819333194,11.59002059967956,9.6616769665064481,10.400610360875868,11.140764476997024,12.568551155870908,13.346822308690014,11.772030212863356,12.867872129396506,16.544441901274126,13.737239642938889,14.911055161364157,17.069169146257725,19.875303273060197,1.4435298307516329,2.8029732917163619,0,0.032541461094791252,0,1
46,1,1,1,1,1,0,0,1,1,1,1,0,1,1,1,1,0,0,1,0,0,0,0,1,0,1,0,1,1,0,0,1,0,0,1,1,1,1,0,1,1,0,0,0,0,0,1,0,0,1,0,1,0,0,1,0,1,0,1,0,0,0,1,1,0,1,0,1,1,0,0,1,1,0,1,0,0,1,0,1,0,1,0,1,0,1,1,0,1,0,0,1,1,1,0,1,0,1,0,1,1,1,1,0,1,1,1,0,1,0,0,0,0,1,0,1,1,1,1,0,1,1,1,1,1,0,0,0,0,1,1,0,0,1,0,0,0,1,1,1,1,1,1,0,1,0,0,0,0,1,0,1,0,0,0,1,0,1,1,1,0,1,1,0,1,0,1,0,0,0,1,1,1,1,0,1,0,1,0,1,1,0,0,1,1,0,1,0,0,1,0,0,0,1,0,1,1,1,1,1,0,0,0,0,1,0,0,0,0,1,0,1,1,1,1,1,0,0,0,1,0,1,1,1,0,1,0,1,1,1,1,1,0,0,0,1,0,1,0,1,0,1,1,0,0,1,0,1,0,0,0,0,0,1,1,0,0,1,1,0,0,1,0,0,0,1,1,1,1,1,1,0,0,1,0,1,0,0,1,1,1,0,1,1,0,1,1,0,0,1,0,1,0,1,1,0,1,0,1,1,0,0,0,0,0,1,1,0,1,0,0,1,1,1,1,1,0,0,1,1,0,1,0,1,0,0,1,1,1,0,1,1,0,1,1,1,0,1,0,1,0,1,1,0,1,1,0,0,0,0,0,1,0,1,0,1,1,1,1,0,1,1,1,1,1,1,1,1,0,1,0,0,1,0,1,0,1,0,0,0,0,0,0,1,1.9526359960326543,0.52106507972838945,1.4416113527122911,2.5824368657969026,3.5017929350728618,4.0600595101853969,5.1902647440299079,5.9356374456397347,7.0659647516594184,10.397802700846876,9.1299916075379581,8.4039368276493462,9.6517586022735955,10.400610360875868,11.142595559624628,12.628122377355611,13.346822308690014,11.772030212863356,12.867872129396506,16.55481803616388,13.734676127260244,14.911055161364157,17.069871061264973,13.969695582513161,1.228771431196958,3.1785391719936622,0,0.032354645230169746,0,1
47,1,1,0,1,1,0,1,0,1,1,1,0,1,1,1,1,0,0,0,0,0,0,0,1,0,0,0,1,0,0,0,1,0,1,0,1,1,1,0,1,0,1,0,0,1,0,0,0,0,1,1,0,1,0,0,1,1,0,0,0,1,1,1,1,0,1,0,1,1,0,0,1,0,1,1,1,1,1,0,1,0,1,0,1,0,1,1,0,1,0,1,1,0,1,0,0,0,1,0,1,1,1,1,0,1,1,1,1,1,0,0,0,0,1,0,1,1,1,1,0,1,1,0,1,1,0,0,0,0,1,1,0,0,1,0,0,0,1,1,1,0,1,1,0,1,0,0,0,0,1,0,1,0,0,1,1,0,0,1,0,0,1,1,0,1,0,1,0,0,0,0,0,0,1,0,0,0,1,0,1,1,0,0,1,1,0,1,0,0,1,0,0,0,1,0,1,1,1,1,1,0,0,0,0,0,0,0,1,0,1,0,1,1,1,1,1,0,0,0,1,0,1,1,1,0,1,0,1,1,1,1,1,0,0,0,1,0,0,0,1,0,1,1,0,0,1,0,0,0,0,0,0,1,1,0,0,0,1,1,0,0,1,0,0,0,1,1,1,1,1,1,0,0,1,0,1,0,0,1,1,1,0,1,1,1,1,1,0,0,1,0,1,0,1,1,0,1,0,1,1,0,1,0,0,0,1,1,0,1,0,0,1,1,1,1,0,0,0,1,0,0,1,0,1,0,0,1,1,1,0,1,1,1,0,1,1,0,1,0,1,0,1,1,0,1,1,0,0,0,0,0,1,0,1,0,1,1,1,1,0,1,1,1,1,0,1,1,0,0,1,1,0,1,0,1,0,0,0,0,0,0,0,0,0,1.7104448004882886,0.016662851911192492,2.1863126573586631,3.2987563897154191,3.4956893263141833,4.0642710002288851,5.1936827649347679,5.9278248264286262,7.0637674525062941,10.406042572671092,9.1108567940795009,8.4039368276493462,9.6489814602883968,10.400610360875868,11.140764476997024,12.50605020218204,13.346822308690014,11.776424811169605,12.870191500724804,16.544441901274126,13.737239642938889,14.911055161364157,17.06355382619974,19.875303273060197,1.1756366397838189,3.2515784486402812,0,0.032240027647854178,0,1
48,1,1,1,1,1,1,1,1,0,1,1,1,0,1,1,0,0,0,0,0,1,0,0,0,0,0,0,1,0,1,0,0,1,1,1,1,1,1,1,1,1,1,1,1,0,1,1,1,0,0,0,0,0,0,0,0,0,1,0,1,0,1,1,0,0,1,0,1,1,0,0,1,1,0,1,1,1,1,0,0,0,1,0,1,0,1,1,0,1,0,0,1,1,1,1,1,0,1,0,1,1,1,1,0,1,1,1,1,1,1,0,0,0,1,0,1,1,1,1,0,1,1,1,1,0,1,1,0,0,1,1,0,0,1,0,0,0,1,1,1,0,1,1,1,1,0,0,0,0,1,0,1,0,0,0,0,0,1,1,1,0,1,1,0,1,0,1,0,0,0,0,0,1,1,0,0,0,1,0,1,1,0,0,1,1,0,1,0,0,1,0,1,0,1,0,1,1,1,1,1,0,0,0,0,0,0,0,0,0,1,0,1,1,1,1,1,0,0,1,1,0,1,1,1,0,1,0,1,1,1,1,1,0,0,0,1,0,0,0,1,0,1,1,0,0,1,0,0,0,0,0,0,1,1,0,1,0,1,1,0,0,1,0,0,0,1,1,1,0,1,1,0,0,1,0,1,0,0,1,1,1,0,1,1,1,1,1,0,0,1,0,1,0,1,1,0,1,0,1,1,0,0,0,0,0,1,1,0,1,0,0,1,1,1,1,0,0,0,1,0,0,1,0,1,0,0,1,1,1,0,1,1,1,0,1,1,0,1,0,1,0,1,1,0,1,1,0,0,0,0,0,1,0,1,0,1,1,1,1,0,1,1,1,1,1,1,1,0,0,1,1,0,1,0,1,0,0,0,0,1,0,0,0,0,1.9958190280003052,0.1262226291294728,5.9992675669489586,0.010498207064927139,3.505302510109102,4.0604257267109176,5.1945372701609829,5.9351491569390404,7.0640421149004347,10.392919813839933,9.1135423819333194,8.404303044174867,9.6485847257190827,10.414282444495308,11.140764476997024,12.506538490882734,13.342671854734112,11.776424811169605,12.867872129396506,16.544441901274126,13.737239642938889,14.911055161364157,17.069169146257725,19.88702220187686,1.9947598604824346,0.43720000222954425,0,0.03202068976958828,0,1
49,1,1,0,1,0,1,1,1,1,1,1,1,0,1,1,1,0,0,0,0,0,0,0,0,0,0,0,1,0,1,0,0,1,1,1,1,1,1,0,1,0,0,1,0,1,0,1,1,0,0,0,0,0,0,0,0,0,1,0,1,0,1,0,0,0,1,0,1,1,0,0,1,1,1,1,1,1,1,0,0,0,1,0,1,0,1,1,0,1,0,0,1,1,1,1,1,0,1,0,1,1,1,1,0,1,1,1,1,1,1,0,0,0,1,0,1,1,1,1,0,1,1,1,1,0,1,1,0,0,1,1,0,0,1,0,0,0,1,1,1,0,1,1,1,1,0,0,0,0,1,0,1,0,0,0,1,0,1,0,0,0,1,1,0,1,0,1,0,0,0,0,0,0,1,0,0,0,1,0,1,1,0,0,1,1,0,1,0,0,1,0,0,0,1,0,1,1,1,1,1,0,0,0,0,0,0,0,1,0,1,0,1,1,1,1,1,0,0,0,1,0,1,1,1,0,1,0,1,1,1,1,1,0,0,0,1,0,0,0,1,0,1,1,0,0,1,0,0,1,0,0,0,1,1,0,0,0,1,1,0,0,1,0,0,0,1,1,1,1,1,1,0,0,1,0,1,0,0,1,1,1,0,1,1,0,1,1,0,0,1,0,1,0,1,1,0,1,0,1,0,0,0,0,0,0,1,1,0,1,0,0,1,1,1,1,0,0,0,1,0,0,1,0,1,0,0,1,1,1,0,1,1,0,0,1,1,0,1,0,1,0,1,1,0,1,1,0,0,0,0,0,1,0,1,0,1,1,1,1,0,1,1,1,1,1,1,1,0,0,1,1,0,1,0,1,0,0,0,0,0,0,0,0,0,1.6872510872053101,0.0012207217517357137,5.933714808880751,0.010254062714579995,3.5150682841229877,4.0604257267109176,5.1945372701609829,5.9351491569390404,7.0640421149004347,10.396887159533074,9.1108567940795009,8.4039368276493462,9.6489814602883968,10.400610360875868,11.140764476997024,12.568551155870908,13.346822308690014,11.772030212863356,12.858594644083315,16.544441901274126,13.732112611581599,14.911055161364157,17.069169146257725,19.875303273060197,1.930484421020662,1.0951876339224142,0,0.031696899242350453,0,1
50,1,1,1,1,1,1,1,0,1,1,1,0,1,1,1,1,0,0,0,0,0,0,0,1,0,0,0,1,1,0,0,1,1,1,1,1,1,1,1,0,1,1,0,1,1,0,0,0,0,0,0,0,1,0,1,0,1,1,0,1,1,0,1,1,0,1,0,1,1,0,0,1,0,1,1,1,0,1,1,0,0,1,0,1,0,1,1,0,1,0,0,1,1,1,1,0,0,1,0,1,1,1,1,0,1,1,1,0,1,1,0,0,0,1,0,1,1,1,1,0,1,1,1,1,1,0,0,1,0,1,1,0,0,1,0,0,0,1,1,1,0,1,1,0,1,0,0,0,0,1,0,1,0,0,1,1,0,0,1,0,0,1,1,0,1,0,1,0,0,0,0,0,1,1,0,0,0,1,0,1,1,0,0,1,1,0,1,1,0,1,0,0,0,1,0,1,1,1,1,1,0,0,0,0,0,0,0,0,0,1,0,1,1,1,1,1,0,0,0,0,0,1,1,1,0,1,0,1,1,1,1,1,0,0,0,1,0,0,0,1,0,1,1,0,0,1,0,0,0,0,0,0,1,1,0,1,0,1,1,0,0,1,0,0,0,1,1,1,0,1,1,0,0,1,0,1,0,0,1,1,1,0,1,1,1,1,1,0,0,1,0,1,0,1,1,0,1,0,1,1,0,0,0,0,0,1,1,0,1,0,0,1,1,1,0,1,1,0,1,0,0,1,0,1,0,0,1,1,1,0,1,1,0,1,1,1,0,1,0,1,0,1,1,0,1,1,0,0,0,0,0,1,0,1,0,1,1,1,1,0,1,1,1,1,1,1,1,1,0,1,1,0,1,0,1,0,0,0,0,1,0,0,0,0,1.9916990920881972,0.01715114061188678,5.9729915312428474,0.33923857480735486,3.4946211947814145,4.0602426184481573,5.1911192492561229,5.9358815899900819,7.0637674525062941,10.406042572671092,9.1135423819333194,8.4097962920576776,9.6485847257190827,10.393774319066148,11.140764476997024,12.506538490882734,13.342671854734112,11.776424811169605,12.867872129396506,16.539559014267184,13.734676127260244,14.911055161364157,17.069871061264973,19.88702220187686,1.9505194393847967,0.94553574295540133,0,0.031609222111064803,0,1
51,1,1,0,1,1,1,0,1,1,1,1,0,1,1,1,0,0,0,0,0,0,0,0,0,0,1,0,0,0,0,0,1,0,1,0,1,0,1,1,1,1,1,1,0,0,0,1,0,0,0,0,0,0,0,0,0,0,1,0,0,0,1,1,0,0,1,0,1,1,0,0,1,1,1,1,1,0,1,0,1,0,1,0,1,0,1,1,0,1,0,0,1,1,1,1,0,0,1,0,1,1,1,1,0,1,0,0,1,1,1,0,1,0,1,0,1,1,1,1,0,1,0,1,1,1,1,0,1,0,1,1,0,0,1,0,0,0,1,1,1,0,1,1,0,1,0,0,0,0,1,0,1,0,0,1,1,0,0,0,0,0,1,1,0,1,0,1,0,0,0,0,0,1,1,0,0,0,1,0,1,1,0,0,1,1,0,0,0,0,1,0,0,0,1,0,1,1,1,1,1,0,0,0,0,0,0,0,0,0,1,0,1,1,1,1,1,0,0,0,1,0,1,1,1,0,1,0,1,1,1,1,1,0,0,0,1,0,0,0,0,0,1,1,0,0,1,0,0,0,0,0,0,1,1,1,0,0,1,1,0,0,1,0,0,0,1,1,1,1,1,1,0,0,1,0,1,0,0,1,1,1,0,1,1,0,1,1,0,0,1,0,1,0,1,1,0,1,0,1,1,0,0,0,0,0,1,1,0,1,0,0,1,1,1,1,1,0,0,1,0,0,1,0,1,0,0,1,1,1,0,1,1,1,0,1,1,0,1,0,1,0,1,1,0,1,1,0,0,0,0,0,1,0,1,0,1,1,1,1,0,1,1,1,1,1,1,1,0,0,1,1,0,1,0,1,0,0,0,0,0,0,0,0,0,1.7338521400778211,0.0039673456931410694,2.0597848477912564,0.0085450522621499971,3.5140001525902189,4.0602426184481573,5.1742427710383767,5.9212329289692534,7.0637674525062941,10.405432211795224,9.1135423819333194,8.3922178988326834,9.6485847257190827,10.400610360875868,11.140306706340123,12.507026779583429,13.346822308690014,11.772030212863356,12.867872129396506,16.554207675288012,13.737239642938889,14.911055161364157,17.069169146257725,19.875303273060197,1.7649343729755846,1.9158636717216389,0,0.031123422638415714,0,1
52,0,0,1,1,1,1,1,1,0,1,0,1,0,0,1,1,0,0,1,1,0,0,1,0,0,0,0,1,1,0,0,1,0,1,0,1,0,1,1,1,1,0,0,0,0,0,1,0,0,1,0,1,0,1,0,0,1,1,0,1,0,0,1,1,0,1,0,1,1,0,0,1,1,0,1,0,0,1,0,1,0,1,0,1,0,1,1,0,1,0,0,1,1,1,0,1,0,1,0,1,1,1,1,0,1,1,1,0,1,0,0,0,0,1,0,1,1,1,1,0,1,1,1,1,1,0,0,0,0,1,1,0,0,1,0,0,0,1,1,1,0,1,1,0,1,0,0,0,0,1,0,1,0,0,0,1,0,1,1,1,0,1,1,0,1,0,1,0,0,0,0,0,1,1,0,1,0,1,0,1,1,0,0,1,1,0,1,0,1,1,0,0,0,1,0,1,1,1,1,1,0,0,0,0,1,0,0,0,0,1,0,1,1,1,1,1,0,0,0,0,0,1,1,1,0,1,0,1,1,1,0,1,0,0,0,1,0,0,0,1,0,1,1,0,0,1,0,1,0,0,0,0,0,1,0,0,0,1,1,0,0,1,0,0,0,1,1,1,0,0,1,1,0,1,0,1,0,0,1,1,1,0,1,1,0,0,0,0,0,1,0,1,0,1,1,0,1,0,0,1,0,1,0,0,0,1,1,0,1,0,0,1,1,1,1,1,1,0,0,0,0,1,0,1,0,0,1,1,1,0,1,1,1,0,0,0,0,1,0,1,1,1,1,0,1,1,1,0,1,0,0,1,0,1,0,1,1,1,1,0,1,1,1,0,1,0,0,1,0,1,1,0,1,0,1,0,0,0,0,0,0,0,0,1,0.49472800793469141,0.78278782330052643,2.0509956511787593,2.6507972838941023,3.5017929350728618,4.0600595101853969,5.1902647440299079,5.9356374456397347,7.0637674525062941,10.397802700846876,9.1138780804150468,8.4068665598535119,9.6517586022735955,10.393774319066148,10.906385900663768,12.627145799954222,13.341115434500649,11.76873426413367,12.851636530098421,16.557869840543219,13.735317006179905,16.312932021057449,17.054428931105516,19.876035706111239,0.51750648082513606,3.8842023805968595,0,0.030862984370701348,0,1
53,0,1,1,1,1,1,1,1,1,1,1,1,1,1,1,1,0,0,0,0,0,0,1,1,0,0,0,1,0,0,1,0,1,1,1,1,1,1,0,1,0,0,0,0,1,1,1,1,0,0,0,0,0,0,0,0,0,1,0,1,1,1,1,1,0,1,0,1,1,0,0,1,0,1,1,1,0,1,0,1,0,1,0,1,0,1,1,0,1,0,0,1,1,1,0,0,0,1,0,1,1,1,1,0,1,1,1,0,1,1,0,0,0,1,0,1,1,1,1,0,1,1,1,1,1,1,1,0,0,1,1,0,0,1,0,0,0,1,1,1,0,1,1,1,1,0,0,0,0,1,0,1,0,0,1,1,0,1,1,1,0,1,1,0,1,0,1,0,0,0,0,0,1,1,0,0,0,1,0,1,1,0,0,1,1,0,1,0,0,1,0,0,0,1,0,1,1,1,1,1,0,0,0,0,0,0,0,1,0,1,0,1,1,1,1,1,0,0,0,1,0,1,0,1,0,1,0,1,1,1,1,1,0,0,0,1,0,0,0,1,0,1,1,0,0,1,0,0,0,0,0,0,1,1,0,0,0,1,1,0,0,1,0,0,0,1,1,1,1,1,1,0,0,1,0,1,0,0,1,1,1,0,1,1,0,1,1,1,0,1,0,1,0,1,1,0,1,0,1,1,0,1,0,0,0,1,1,0,1,0,0,1,1,1,1,1,0,0,1,1,0,1,0,1,0,0,1,1,1,0,1,1,0,0,1,1,0,1,0,1,0,1,1,0,1,1,0,0,0,0,0,1,0,1,0,1,1,1,1,0,1,1,1,1,1,1,1,1,0,1,1,0,1,0,1,0,0,0,0,0,1,0,0,0,0.9999847409781033,0.047974364843213553,5.931151293202106,0.011596856641489281,3.4944686045624476,4.0598764019226365,5.1911192492561229,5.9371023117418176,7.0640421149004347,10.407568474860762,9.1135423819333194,8.4039368276493462,9.6489814602883968,10.399755855649653,11.140764476997024,12.50605020218204,13.346822308690014,11.772579537651637,12.870191500724804,16.55481803616388,13.732112611581599,14.911055161364157,17.069871061264973,19.881162737468529,1.7746744058447625,1.8752003402775892,0,0.030862788625623298,0,1
54,0,1,0,1,0,1,0,0,0,1,0,1,1,0,0,0,0,1,1,0,0,0,1,1,1,1,0,0,1,0,0,0,1,1,0,1,1,1,1,1,1,1,1,1,1,0,1,0,0,1,0,1,0,1,0,0,1,1,1,1,0,0,1,1,0,1,0,1,1,0,0,1,1,0,1,1,0,1,0,1,0,1,0,1,0,1,1,0,1,0,0,1,1,1,0,1,0,1,0,1,1,1,1,0,1,1,1,0,1,0,0,0,0,1,0,1,1,1,1,0,1,1,1,1,1,0,0,0,0,1,1,0,0,1,0,0,0,1,1,1,0,1,1,0,1,0,0,0,0,1,0,1,0,0,0,1,1,1,0,1,0,1,1,0,1,0,1,0,0,0,0,0,1,1,0,0,0,1,0,1,1,0,0,1,1,0,1,0,0,1,0,0,0,1,0,1,1,1,1,1,0,0,0,0,0,0,0,1,0,1,0,1,1,1,1,1,0,0,0,1,0,1,0,1,0,1,0,1,1,1,1,1,0,0,0,1,0,1,0,1,0,1,1,0,0,1,0,1,0,0,0,0,0,0,0,1,0,1,1,0,0,1,0,0,0,1,0,1,1,1,1,0,0,1,0,1,0,0,1,1,1,0,1,1,0,1,1,0,0,1,0,1,0,1,1,0,1,0,0,1,0,1,0,0,0,1,1,0,1,0,0,1,1,1,1,1,0,0,1,1,0,1,0,1,0,0,1,1,1,0,1,1,1,0,0,1,0,1,0,1,0,1,1,0,1,1,0,0,0,0,0,1,0,1,0,1,1,1,1,0,1,1,1,1,0,1,1,0,0,1,1,0,1,0,1,0,0,0,0,1,0,0,0,0,0.65894560158693827,1.5591058213168536,5.2495307850766766,2.6547035934996566,3.5042343785763332,4.0600595101853969,5.1902647440299079,5.9356374456397347,7.0637674525062941,10.39963378347448,9.1135423819333194,8.4039368276493462,9.6489814602883968,10.399755855649653,11.142595559624628,12.62568093385214,13.330220492866408,11.772030212863356,12.851636530098421,16.55481803616388,13.735957885099566,14.911055161364157,17.06355382619974,19.88702220187686,0.72686647689157613,3.7380397296309127,0,0.030846098223244037,0,1
55,1,1,1,1,1,1,1,1,1,0,1,0,0,1,1,1,0,0,0,0,0,0,1,0,0,0,0,1,1,0,0,1,0,1,1,1,1,1,1,1,1,1,0,1,0,0,1,1,0,1,0,0,0,0,1,1,1,1,0,0,0,0,0,0,0,1,0,1,1,0,0,1,0,1,0,1,1,1,1,0,0,1,0,1,0,1,1,0,1,0,0,0,1,1,1,0,0,1,0,1,1,1,1,0,1,1,1,1,1,0,0,1,0,1,0,1,1,1,1,0,1,1,1,1,0,1,0,0,0,1,1,0,0,1,0,0,0,1,1,1,0,1,1,1,1,0,0,0,0,1,0,1,0,0,0,1,0,1,0,0,0,1,1,0,1,0,1,0,0,0,0,0,1,1,0,0,0,1,0,1,1,0,0,1,1,0,1,0,0,1,0,0,0,1,0,1,1,1,1,1,0,0,1,0,1,0,0,1,0,1,0,1,1,1,1,1,0,0,0,0,0,1,1,1,0,1,0,1,1,1,1,1,0,0,0,1,0,1,0,1,0,1,1,0,0,1,0,1,0,0,0,0,0,0,0,1,0,1,1,0,0,1,0,0,0,1,1,1,1,1,1,0,0,1,0,1,0,0,1,1,1,0,1,1,0,0,0,0,0,1,0,1,0,1,1,0,1,0,1,1,0,0,0,0,0,1,1,0,1,0,0,1,1,1,1,0,0,0,1,0,0,1,0,1,0,0,1,1,1,0,1,1,1,0,1,1,0,1,0,1,0,1,1,0,1,1,0,0,0,0,0,1,0,1,0,1,1,1,1,0,1,1,1,1,1,0,0,0,0,1,1,0,1,0,1,1,0,0,0,1,0,0,0,1,1.9973144121461814,0.032776379034103915,2.9959258411535821,2.1172198062104219,3.4909590295262074,4.0573128862439916,5.1938963912413216,5.9346608682383462,7.0640421149004347,10.396887159533074,9.1135423819333194,8.4039368276493462,9.664850843060961,10.393774319066148,11.142595559624628,12.62568093385214,13.346822308690014,11.76873426413367,12.867872129396506,16.544441901274126,13.737239642938889,14.911055161364157,17.064957656214236,20.075257495994506,1.4804305395275814,2.7211362947969993,0,0.030700009235713255,0,1
56,0,1,0,1,0,1,1,1,1,1,1,0,1,0,1,0,0,1,0,1,0,0,0,0,0,0,0,1,1,1,0,1,1,0,1,1,1,1,1,1,1,1,1,1,1,0,0,1,1,1,0,0,0,0,1,0,0,1,0,1,1,0,1,0,0,1,0,1,1,0,0,1,0,1,1,1,1,1,0,1,0,1,0,1,0,1,1,0,1,0,0,1,1,0,0,0,0,1,0,1,1,1,1,0,1,1,1,0,1,1,0,0,0,1,0,1,1,1,1,0,1,1,1,0,1,0,0,0,0,1,1,0,0,1,0,0,0,1,1,1,0,1,1,0,1,0,0,0,0,1,0,1,0,0,0,1,0,1,0,1,0,1,1,0,1,0,1,0,0,0,0,1,1,1,0,0,0,1,0,1,1,0,0,1,1,0,1,0,0,1,0,0,0,1,0,1,1,1,1,1,0,0,0,0,0,0,0,1,0,1,0,1,1,1,1,1,0,0,0,1,0,1,0,1,0,1,0,1,1,1,1,1,0,0,0,1,0,0,1,1,0,1,1,0,0,1,0,0,0,1,0,0,1,1,0,0,0,1,1,0,0,1,0,0,0,1,1,1,1,1,1,0,0,1,0,1,0,0,1,1,1,0,1,1,0,1,1,1,0,1,0,1,0,1,1,0,1,0,1,1,0,1,0,0,0,1,1,0,1,0,0,1,1,1,1,1,0,0,1,0,0,1,0,1,0,0,1,1,1,0,1,1,0,0,1,1,0,1,0,1,0,1,1,0,1,1,0,0,0,0,0,1,0,1,0,1,1,1,1,0,1,1,1,1,1,1,1,0,0,1,1,0,1,0,1,0,0,0,0,0,1,0,0,0,0.68683909361409934,1.2517891203173876,4.4994277866788739,6.0735790035858699,3.4956893263141833,4.0591439688715951,5.1911192492561229,5.9317311360341805,7.0637674525062941,10.397192339971008,9.1189135576409566,8.4039368276493462,9.6489814602883968,10.399755855649653,11.141680018310826,12.537300679026474,13.346822308690014,11.772579537651637,12.870191500724804,16.554207675288012,13.732112611581599,14.911055161364157,17.069169146257725,19.881162737468529,0.78528643689728628,3.689902536119519,0,0.030533436460670207,0,1
57,0,1,0,1,0,1,0,0,0,1,0,1,1,0,0,0,0,1,1,0,0,1,1,1,1,1,0,0,1,0,0,0,1,1,0,1,1,1,1,1,1,1,1,1,0,0,1,0,0,1,0,1,0,1,0,1,1,1,1,1,0,0,1,1,0,1,0,1,1,0,0,1,1,0,1,1,0,1,0,1,0,1,0,1,0,1,1,0,1,0,0,1,1,1,0,1,0,1,0,1,1,1,1,0,1,1,1,0,1,0,0,0,0,1,0,1,1,1,1,0,1,1,1,1,1,0,0,0,0,1,1,0,0,1,0,0,0,1,1,1,0,1,1,0,1,0,0,0,0,1,0,1,0,0,0,1,1,1,0,1,0,1,1,0,1,0,1,0,0,0,0,0,1,1,0,0,0,1,0,1,1,0,0,1,1,0,1,0,0,1,0,0,0,1,0,1,1,1,1,1,0,0,0,0,0,0,0,1,0,1,0,1,1,1,1,1,0,0,0,1,0,1,0,1,0,1,0,1,1,1,1,1,0,0,0,1,0,1,0,1,0,1,1,0,0,1,0,1,0,0,0,0,0,1,0,0,0,1,1,0,0,1,0,0,0,1,1,1,1,1,1,0,0,1,0,1,0,0,1,1,1,0,1,1,0,1,1,0,0,1,0,1,0,1,1,0,1,0,1,1,0,0,0,0,0,1,1,0,1,0,0,1,1,1,1,1,0,0,1,0,0,1,0,1,0,0,1,1,1,0,1,1,1,0,1,1,0,1,0,1,0,1,1,0,1,1,0,0,0,0,0,1,0,1,0,1,1,1,1,0,1,1,1,1,1,1,1,0,0,1,1,1,1,0,1,0,0,0,0,0,0,0,0,0,0.65894560158693827,1.6216067750057221,5.2487983520256352,2.6859540703440907,3.5042343785763332,4.0600595101853969,5.1902647440299079,5.9356374456397347,7.0637674525062941,10.39963378347448,9.1135423819333194,8.4039368276493462,9.6489814602883968,10.399755855649653,11.142595559624628,12.627145799954222,13.346822308690014,11.772030212863356,12.867872129396506,16.554207675288012,13.737239642938889,14.911055161364157,17.069169146257725,22.875349050125887,0.76530342369957871,3.7099036468127724,0,0.030476774440838385,0,1
58,0,1,0,1,0,1,1,0,1,0,0,1,1,1,1,0,0,0,1,0,0,0,1,1,0,0,0,1,0,0,0,0,0,1,1,0,1,1,1,1,0,1,1,1,0,1,1,0,0,1,0,0,0,0,0,0,0,0,0,1,0,1,1,0,0,1,0,1,1,0,0,1,1,0,1,1,1,1,0,0,0,1,0,1,0,1,1,0,1,0,0,1,1,0,0,1,0,1,0,1,1,1,1,1,1,0,1,1,1,0,0,1,0,1,0,1,1,1,1,0,1,0,1,1,1,0,1,1,0,1,1,0,0,1,0,0,0,1,1,1,0,1,1,0,1,0,0,0,0,1,0,1,0,0,1,0,0,0,1,0,0,1,1,0,1,0,1,0,0,0,0,0,1,1,0,0,0,1,0,1,1,0,0,1,1,0,1,0,1,0,0,1,0,1,0,1,1,1,1,1,0,0,0,0,1,0,0,0,0,1,0,1,1,1,1,1,0,0,0,1,0,1,1,1,0,1,0,1,1,1,1,1,0,0,0,1,0,0,0,1,0,1,1,0,0,1,0,1,0,0,0,0,0,1,0,0,0,1,1,0,0,1,0,0,0,0,1,1,0,0,1,1,0,1,0,1,0,0,1,1,1,0,1,1,0,1,1,0,0,1,0,1,0,1,1,0,1,0,1,1,0,1,0,0,0,1,1,0,1,0,0,1,1,1,1,1,1,0,1,0,0,1,0,1,0,0,1,1,1,0,1,1,0,0,1,1,0,1,0,1,0,1,1,0,1,1,0,0,0,0,0,1,0,1,0,1,1,1,1,0,1,1,1,1,1,1,0,1,0,1,1,0,1,0,1,0,0,0,0,0,0,0,0,0,0.67670710307469295,0.54785992217898838,2.6124055848020142,2.002716105897612,3.505302510109102,4.0593270771343555,5.2349126420996415,5.9207446402685591,7.0637674525062941,10.401159685664149,9.1135423819333194,8.4057679102769498,9.6517586022735955,10.400610360875868,11.140764476997024,12.627145799954222,13.307911802853438,11.772030212863356,12.870191500724804,16.559090562294955,13.732112611581599,14.911055161364157,17.068467231250477,19.875303273060197,0.52714495436673792,3.8710098826060113,0,0.030467683766585086,0,1
59,1,1,1,1,1,1,1,1,0,1,0,0,0,0,1,0,0,0,0,0,0,0,1,0,0,0,0,1,0,0,0,1,1,1,1,1,1,1,1,1,1,1,0,1,1,0,0,1,0,0,0,0,1,1,1,0,1,0,1,0,0,0,1,1,0,1,0,1,1,0,0,1,1,0,1,0,0,1,0,1,0,1,0,1,0,1,1,0,1,0,0,1,1,1,0,1,0,1,0,1,1,1,1,0,1,1,1,0,1,0,0,0,0,1,0,1,1,1,1,0,1,1,1,1,1,0,0,0,0,1,1,0,0,1,0,0,0,1,1,1,0,1,1,0,1,0,0,0,0,1,0,1,0,0,1,0,0,0,0,0,0,1,1,0,1,0,1,0,0,0,0,0,1,1,0,0,0,1,0,1,1,0,0,1,1,0,1,0,0,1,0,0,0,1,0,1,1,1,1,1,0,0,0,0,0,0,0,0,0,1,0,1,1,1,1,1,0,0,0,1,0,1,1,1,0,1,0,1,1,1,1,1,0,0,0,1,0,0,0,1,0,1,1,0,0,1,0,0,1,0,0,0,1,1,0,0,0,1,1,0,0,1,0,0,0,1,1,1,1,1,1,0,0,1,0,1,0,0,1,1,1,0,1,1,0,0,0,0,0,1,0,1,0,1,1,0,1,0,1,1,1,0,0,0,0,1,1,0,1,0,0,1,1,1,1,1,0,0,1,0,0,1,0,1,0,0,1,1,1,0,1,1,0,1,1,1,0,1,0,1,0,1,1,0,1,1,0,0,0,0,0,1,0,1,0,1,1,1,1,0,1,1,0,1,1,1,1,1,0,1,1,0,1,0,1,0,0,0,0,0,0,0,0,1,1.9942320897230488,0.032288090333409632,5.9965209430075532,0.45740444037537192,3.5017929350728618,4.0600595101853969,5.1902647440299079,5.9356374456397347,7.0637674525062941,10.400549324788281,9.1135423819333194,8.4039368276493462,9.6485847257190827,10.400610360875868,11.140764476997024,12.568551155870908,13.346822308690014,11.76873426413367,12.872510872053102,16.554207675288012,13.734676127260244,14.911055161364157,17.047409781033036,19.876035706111239,1.9767526142798701,0.68472196548552144,0,0.03036127152208928,0,1
60,1,1,1,1,1,1,0,1,1,1,0,0,0,1,1,1,0,0,0,0,0,0,0,0,0,1,0,1,0,1,1,1,1,0,1,1,1,1,0,0,1,1,1,0,0,1,1,0,0,1,0,0,0,1,0,0,1,1,0,1,0,0,1,1,0,1,0,1,1,0,0,1,1,0,1,0,0,1,0,1,0,1,0,1,0,1,1,0,0,0,0,1,1,1,0,0,0,1,0,1,1,1,1,0,1,1,1,0,1,1,1,0,0,1,0,1,1,1,1,0,1,1,1,1,1,0,1,0,0,1,1,0,0,1,0,0,0,1,1,0,1,1,1,1,1,0,0,0,0,1,0,1,0,0,1,1,0,0,1,0,0,1,1,0,1,0,1,0,0,0,0,0,0,1,0,0,0,1,0,1,1,0,0,1,1,0,1,0,0,1,0,0,0,1,0,1,1,1,1,1,0,0,0,0,0,0,0,1,0,1,0,1,1,1,1,1,0,0,0,1,0,1,1,1,0,1,0,1,1,1,1,1,0,0,0,1,0,1,0,0,0,1,1,0,0,1,0,1,0,0,0,0,0,0,0,0,0,1,1,0,0,1,0,0,0,1,1,1,1,1,1,0,0,1,0,1,0,0,1,1,1,0,1,1,0,1,0,0,0,1,0,1,0,1,1,0,1,0,1,1,0,0,0,0,0,1,1,0,1,0,0,1,1,1,1,1,0,0,1,0,0,1,0,1,0,0,1,1,1,0,1,1,0,0,1,1,0,1,0,1,0,1,1,0,1,1,0,0,0,0,0,1,0,1,0,1,1,1,1,0,1,1,1,1,1,1,1,1,0,1,1,0,1,0,1,0,0,0,0,0,0,0,0,0,1.9826657511253529,0.005310139620050355,4.4273746852826736,2.1507896543831539,3.5017929350728618,4.0364385442893109,5.1915465018692304,5.936125734340429,7.0618448157473104,10.406042572671092,9.1108567940795009,8.4039368276493462,9.6489814602883968,10.400610360875868,11.142137788967727,12.625192645151445,13.346822308690014,11.770931563286794,12.867872129396506,16.554207675288012,13.732112611581599,14.911055161364157,17.069871061264973,19.875303273060197,1.532672110190048,2.5995696669908086,0,0.030354025832505488,0,1
61,1,1,1,1,1,0,0,1,1,1,1,0,1,1,1,0,0,0,0,0,0,0,0,0,0,0,0,1,1,0,0,1,1,1,1,1,1,1,1,1,1,0,1,1,1,0,1,1,0,0,0,0,0,0,1,0,0,1,0,1,1,1,1,0,0,1,0,1,1,0,0,1,0,1,1,0,1,1,0,0,0,1,0,1,0,1,1,0,1,0,0,1,1,0,0,0,0,1,0,1,1,1,1,0,1,1,1,1,1,1,0,0,0,1,0,1,1,1,1,0,1,1,1,1,1,0,1,0,0,1,1,0,0,1,0,0,0,1,1,1,0,1,1,0,1,0,0,0,0,1,0,1,0,0,0,1,0,1,0,1,0,1,1,0,1,0,1,0,0,0,0,0,1,1,0,0,0,1,0,1,1,0,0,1,1,0,1,0,0,1,0,0,0,1,0,1,1,1,1,1,0,0,0,0,0,0,0,1,0,1,0,1,1,1,1,1,0,0,0,1,0,1,0,1,0,1,0,1,1,1,1,1,0,0,0,1,0,0,1,1,0,1,1,0,0,1,0,0,0,0,0,0,1,1,0,0,0,1,1,0,0,1,0,0,0,1,1,1,1,1,1,0,0,1,0,1,0,0,1,1,1,0,1,1,0,1,1,1,0,1,0,1,0,1,1,0,1,0,1,1,0,1,0,0,0,1,1,0,1,0,0,1,1,1,1,1,0,0,1,0,0,1,0,1,0,0,1,1,1,0,1,1,0,0,1,1,0,1,0,1,0,1,1,0,1,1,0,0,0,0,0,1,0,1,0,1,1,1,1,0,1,1,1,1,1,1,1,1,0,1,1,0,1,0,1,0,0,0,0,0,0,0,0,0,1.9526054779888609,0.0015259021896696422,5.9937743190661479,0.073975738155184254,3.4930952925917449,4.0591439688715951,5.1945372701609829,5.936125734340429,7.0637674525062941,10.397192339971008,9.1135423819333194,8.4039368276493462,9.6489814602883968,10.399755855649653,11.141680018310826,12.50605020218204,13.346822308690014,11.772579537651637,12.870191500724804,16.554207675288012,13.732112611581599,14.911055161364157,17.069871061264973,19.875303273060197,2.0010826939838453,0.30116156978066189,0,0.030239696131089275,0,1
62,0,1,0,0,0,1,0,1,1,1,1,1,0,1,1,1,0,0,0,0,0,0,0,0,1,0,0,1,0,1,0,0,1,0,0,1,0,1,1,1,1,1,0,0,0,0,0,0,0,1,0,0,0,1,1,0,0,1,0,0,0,1,1,1,0,1,0,1,1,0,0,1,1,1,1,1,1,1,0,0,0,1,0,1,0,1,1,0,1,0,0,1,1,1,1,1,0,1,0,1,1,1,1,0,1,1,1,1,1,1,0,0,0,1,0,1,1,1,1,0,1,1,1,1,0,1,1,0,0,1,1,0,0,1,0,0,0,1,1,1,0,1,1,1,1,0,0,0,0,1,0,1,0,0,0,1,0,1,0,0,0,1,1,0,1,0,1,0,0,0,0,0,1,1,0,0,0,1,0,1,1,0,0,1,1,0,1,0,0,1,0,0,0,1,0,1,1,1,1,1,0,0,0,0,1,0,0,1,0,1,0,1,1,1,1,1,0,0,0,0,0,1,1,1,0,1,0,1,1,1,1,1,0,0,0,1,0,1,0,1,0,1,1,0,0,1,0,1,0,0,0,0,0,0,0,1,0,1,1,0,0,1,0,0,0,1,1,1,1,1,1,0,0,1,0,1,0,0,1,1,1,0,1,1,0,0,0,0,0,1,0,1,0,1,1,0,1,0,1,1,0,0,0,0,0,1,1,0,1,0,0,1,1,1,1,1,0,0,1,0,0,1,0,1,0,0,1,1,1,0,1,1,0,0,0,1,0,1,0,1,0,1,1,0,1,1,0,0,0,0,0,0,0,1,0,1,1,1,1,0,1,1,1,1,0,1,1,1,0,1,1,0,1,0,1,0,0,0,0,0,0,0,0,0,0.54660868238345917,0.0090333409628442825,3.5566948958571754,2.1962005035477228,3.5150682841229877,4.0604257267109176,5.1945372701609829,5.9351491569390404,7.0640421149004347,10.396887159533074,9.1135423819333194,8.4039368276493462,9.6521553368429096,10.393774319066148,11.142595559624628,12.62568093385214,13.346822308690014,11.76873426413367,12.867872129396506,16.554207675288012,13.730830853742276,14.910383764400702,17.064255741206988,19.875303273060197,1.1508082409390799,3.2876218534035702,0,0.03020285858728871,0,1
63,0,1,0,0,0,1,1,0,1,0,1,1,1,0,1,0,1,1,1,0,1,0,1,0,0,0,0,1,0,1,0,1,1,1,1,1,1,1,1,1,1,1,1,1,1,0,0,1,0,0,0,1,0,0,1,0,0,1,0,1,1,1,1,0,0,1,0,1,1,0,0,1,0,1,1,0,1,1,0,0,0,1,0,1,0,1,1,0,1,0,0,1,0,1,0,0,0,1,0,1,1,1,1,0,1,1,1,0,1,1,1,0,0,1,0,1,1,1,1,0,1,1,1,1,1,0,1,0,0,1,1,0,0,1,0,0,0,1,1,0,1,1,0,1,1,0,0,0,0,1,0,1,0,0,0,1,0,1,1,0,0,1,1,0,1,0,1,0,0,0,0,0,0,1,0,0,0,1,0,1,1,0,0,1,1,0,1,0,0,1,0,0,0,1,0,1,1,1,1,1,0,0,0,0,1,0,0,1,0,1,0,1,1,1,1,1,0,0,0,0,0,1,1,1,0,1,0,1,1,1,1,1,0,0,0,1,0,1,0,1,0,1,1,0,0,1,0,1,0,0,0,0,0,0,0,1,0,1,1,0,0,1,0,0,0,1,1,1,1,1,1,0,0,1,0,1,0,0,1,1,1,0,1,1,0,0,0,0,0,1,0,1,0,1,1,0,1,0,1,1,0,0,0,0,0,1,1,0,1,0,0,1,1,1,1,1,0,0,1,0,0,1,0,1,0,0,1,1,1,0,1,1,0,0,0,1,0,1,0,1,0,1,1,0,1,1,0,0,0,0,0,0,0,1,0,1,1,1,1,0,1,1,1,1,0,1,1,1,0,1,1,0,1,0,1,0,0,0,0,0,0,0,0,0,0.55255970092317086,3.6575875486381322,5.9994506752117189,0.57398336766613256,3.4930952925917449,4.0584115358205537,5.1915465018692304,5.936125734340429,7.0612954909590293,10.397497520408942,9.1108567940795009,8.4039368276493462,9.6521553368429096,10.393774319066148,11.142595559624628,12.62568093385214,13.346822308690014,11.76873426413367,12.867872129396506,16.554207675288012,13.730830853742276,14.910383764400702,17.064255741206988,19.875303273060197,1.710895494584459,2.1001486201443202,0,0.030149692676274219,0,1
64,0,1,0,1,0,1,1,0,1,0,0,1,1,1,1,0,0,1,1,0,1,0,1,0,0,0,0,1,1,0,0,1,0,1,0,1,1,1,1,1,0,1,0,1,1,0,1,0,0,0,0,0,1,0,1,0,1,1,0,1,1,0,0,1,0,1,0,1,1,0,0,1,0,1,1,1,0,1,1,0,0,1,0,1,0,1,1,0,1,0,0,1,1,1,1,0,0,1,0,1,1,1,1,0,1,1,1,0,1,1,0,0,0,1,0,1,1,1,1,0,1,1,1,1,1,0,0,0,0,1,1,0,0,1,0,0,0,1,1,1,0,1,1,0,1,0,0,0,0,1,0,0,0,0,0,0,0,1,0,1,0,1,1,0,1,0,1,0,1,0,0,0,1,1,0,1,0,1,0,1,1,0,0,1,1,0,1,0,0,1,0,0,0,1,0,1,1,1,1,0,0,0,0,0,0,0,0,1,0,1,0,1,1,1,1,1,0,0,0,0,0,1,0,1,0,1,0,1,1,1,1,1,0,0,0,1,0,0,1,1,0,1,1,0,0,1,0,0,0,0,0,0,1,1,0,0,0,1,1,0,0,1,0,0,0,1,1,1,1,1,1,0,0,1,0,1,0,0,1,1,1,0,1,1,0,1,1,1,0,1,0,1,0,1,1,0,0,0,1,1,0,1,0,0,0,1,1,0,1,0,0,1,1,1,1,1,0,0,1,0,0,1,0,1,0,0,1,1,1,0,1,1,0,0,1,1,0,1,0,1,0,1,1,0,1,1,0,0,0,0,0,1,0,1,0,1,1,1,1,0,1,1,1,1,1,1,1,0,0,1,1,0,1,0,1,0,0,0,0,0,0,1,0,1,0.67670710307469295,1.6578011749446862,2.234836346990158,0.33899443045700772,3.4946211947814145,4.0602426184481573,5.1911192492561229,5.9356374456397347,7.0637674525062941,10.31418326085298,9.1568474860761437,8.4039368276493462,9.5474174105439857,10.392919813839933,11.141680018310826,12.50605020218204,13.346822308690014,11.772579537651637,12.795971618219273,16.554207675288012,13.732112611581599,14.911055161364157,17.069169146257725,19.878965438315404,0.56858111323056737,3.8589477795413014,0,0.03014938131321861,0,1
65,1,1,1,1,1,1,0,1,1,1,0,0,0,1,1,1,0,0,1,0,0,0,0,0,1,0,0,1,0,1,1,1,1,0,1,1,1,1,0,1,1,1,1,0,0,1,1,0,0,1,0,0,0,1,0,0,1,1,0,1,0,1,1,1,0,1,0,1,1,0,0,1,1,0,1,0,0,1,0,1,0,1,0,1,0,1,1,0,1,0,0,1,1,1,0,0,0,1,0,1,1,1,1,0,1,1,1,0,1,1,1,0,0,1,0,1,1,1,1,0,1,1,1,1,1,0,1,1,0,1,1,0,0,1,0,0,0,1,1,0,1,1,1,1,1,0,0,0,0,1,0,1,0,0,1,0,0,0,1,0,0,1,1,0,1,0,1,0,0,0,0,0,0,1,0,0,0,1,0,1,1,0,0,1,1,0,1,0,0,1,0,0,0,1,0,1,1,1,1,1,0,0,0,0,0,0,0,1,0,1,0,1,1,1,1,1,0,0,0,1,0,1,1,1,0,1,0,1,1,1,1,1,0,0,0,1,0,0,0,1,0,1,1,0,0,1,0,1,0,0,0,0,1,1,0,0,0,1,1,0,0,1,0,0,0,1,1,1,1,1,1,0,0,1,0,1,0,0,1,1,1,0,1,1,0,1,1,1,0,1,0,1,0,1,1,0,1,0,1,1,0,1,0,0,0,1,1,0,1,0,0,1,1,1,0,1,0,0,1,0,0,1,0,1,0,0,1,1,1,0,1,1,0,0,1,1,0,1,0,1,0,1,1,0,1,1,0,0,0,0,0,1,0,1,0,1,1,1,1,0,1,1,1,1,1,1,0,1,0,1,1,0,1,0,1,0,0,0,0,0,0,1,0,0,1.9826657511253529,0.50922407873655295,4.4508125429159993,2.1512779430838482,3.5017929350728618,4.0598764019226365,5.1915465018692304,5.9363698786907761,7.0618448157473104,10.401159685664149,9.1108567940795009,8.4039368276493462,9.6489814602883968,10.400610360875868,11.140764476997024,12.631052109559777,13.346822308690014,11.772579537651637,12.870191500724804,16.534676127260241,13.732112611581599,14.911055161364157,17.068467231250477,19.878233005264363,1.3146145996107899,3.0322389238880363,0,0.03005474720384323,0,1
66,0,1,0,1,0,1,1,1,1,1,1,0,1,0,1,0,0,1,1,0,1,0,1,0,0,0,0,1,0,0,0,1,0,1,0,1,0,1,0,1,1,1,1,0,1,0,0,0,0,1,1,0,1,0,0,1,1,1,0,0,1,1,1,1,0,1,0,1,1,0,0,1,0,1,1,0,1,1,0,1,0,1,0,1,0,1,1,0,1,0,0,1,1,1,0,0,0,1,0,1,1,1,1,0,1,1,1,1,1,0,0,0,0,1,0,1,1,1,1,0,1,1,1,1,1,1,0,0,0,1,1,0,0,1,0,0,0,1,0,1,0,1,1,0,1,0,0,0,0,1,0,1,1,0,1,1,0,0,0,0,0,1,1,0,1,0,1,0,0,0,0,0,1,1,0,0,0,1,0,1,1,0,0,1,1,0,1,0,0,1,0,1,0,1,0,1,1,1,1,1,0,0,0,0,0,0,0,0,0,1,0,1,1,1,1,1,0,0,0,1,0,1,1,1,0,1,0,1,1,1,1,1,0,0,0,1,0,0,0,1,0,1,1,0,0,1,0,0,1,0,0,0,1,1,0,0,0,1,1,0,0,1,0,0,0,1,1,1,1,1,1,0,0,1,0,1,0,0,1,1,1,0,1,1,0,1,1,0,0,1,0,1,0,1,1,0,1,0,1,1,0,0,0,0,0,1,1,0,1,0,0,1,1,1,1,0,0,0,1,0,0,1,0,1,0,0,1,1,1,0,1,1,1,0,1,1,0,1,0,1,0,1,1,0,1,1,0,0,0,0,0,1,0,1,0,1,1,1,1,0,1,1,1,1,1,1,1,0,0,1,1,0,1,0,1,0,0,0,0,0,0,0,0,0,0.68683909361409934,1.6573128862439919,2.0134584573128862,3.3065690089265276,3.4932478828107119,4.0598764019226365,5.1936827649347679,5.9366140230411233,7.054978255893797,10.444495307850767,9.1135423819333194,8.404303044174867,9.6485847257190827,10.400610360875868,11.140764476997024,12.568551155870908,13.346822308690014,11.772030212863356,12.867872129396506,16.544441901274126,13.737239642938889,14.911055161364157,17.069169146257725,19.875303273060197,0.21399002745286252,3.9849703861801542,0,0.029855191071329751,0,1
67,1,1,1,1,1,1,0,1,1,1,0,0,0,1,1,1,0,0,1,0,0,0,0,0,1,1,0,1,0,1,1,1,1,0,1,1,1,1,0,1,1,1,1,0,0,1,1,0,0,1,0,0,0,1,0,0,1,1,0,1,0,1,1,1,0,1,0,1,1,0,0,1,1,0,1,0,0,1,0,1,0,1,0,1,0,1,1,0,1,0,0,1,1,1,0,0,0,1,0,1,1,1,1,0,1,1,1,0,1,1,1,0,0,1,0,1,1,1,1,0,1,0,1,1,1,0,1,1,0,1,1,0,0,1,0,0,0,1,1,0,1,1,1,1,1,0,0,0,0,1,0,1,0,0,1,0,0,0,1,0,0,1,1,0,1,0,1,0,0,0,0,0,0,1,0,0,0,1,0,1,1,0,0,1,1,0,1,0,1,0,0,0,0,1,0,1,1,1,1,1,0,0,0,0,0,0,0,1,0,1,0,1,1,1,1,1,0,0,0,1,0,1,0,1,0,1,0,1,1,1,1,1,0,0,0,1,0,0,1,1,0,1,1,0,0,1,0,0,0,0,0,0,1,1,0,0,0,1,1,0,0,1,0,0,0,1,1,1,1,1,0,0,0,1,0,1,0,0,1,1,1,0,1,1,0,1,1,1,0,1,0,1,1,1,1,0,1,0,1,1,0,1,0,0,0,1,1,0,1,0,0,1,1,1,1,1,1,0,1,0,0,1,0,1,0,0,1,1,1,0,1,1,0,0,1,1,0,1,0,1,0,1,1,0,1,1,0,0,0,0,0,1,0,1,0,1,1,1,1,0,1,1,1,1,1,1,0,1,0,1,1,0,1,0,1,0,0,0,0,0,0,0,0,0,1.9826657511253529,0.51313038834210722,4.4508125429159993,2.1512779430838482,3.5017929350728618,4.0598764019226365,5.1915465018692304,5.9207446402685591,7.0618448157473104,10.401159685664149,9.1108567940795009,8.4054016937514291,9.6489814602883968,10.399755855649653,11.141680018310826,12.50605020218204,13.345784695201038,11.772579537651637,14.057709620813306,16.559090562294955,13.732112611581599,14.911055161364157,17.068467231250477,19.875303273060197,1.2932659328904927,3.0694580785591707,0,0.02973601586896981,0,1
68,1,1,1,1,1,1,0,1,0,1,1,0,1,1,1,0,0,0,0,0,0,0,0,0,0,0,0,1,0,0,0,1,1,0,0,1,0,1,1,1,1,1,0,0,0,0,0,0,0,0,0,1,0,0,0,0,0,1,0,1,0,1,1,0,0,1,0,1,1,0,0,1,1,1,1,0,0,1,1,1,0,1,0,1,1,1,1,0,1,0,0,0,1,1,1,0,0,1,0,1,1,1,1,0,1,1,1,1,1,0,0,0,0,1,0,1,1,1,0,1,1,1,1,0,1,0,0,0,0,1,1,0,0,1,0,0,0,0,1,1,1,1,1,0,1,0,0,0,0,1,0,1,0,1,0,1,1,1,1,1,0,1,1,0,1,0,1,0,0,0,0,0,1,1,1,0,0,1,0,1,1,0,0,1,1,0,1,0,0,1,1,0,0,1,0,1,1,1,1,1,0,0,0,0,0,0,0,0,0,1,0,1,1,1,1,1,0,0,0,0,0,1,1,1,0,1,0,1,1,1,1,1,0,0,0,1,0,1,0,0,0,1,1,0,0,1,0,0,0,0,0,0,0,1,0,0,0,1,1,0,0,1,0,0,0,1,1,1,0,0,1,1,0,1,0,1,0,0,1,1,1,0,1,1,0,0,0,0,0,1,0,1,0,1,1,0,1,0,0,1,0,1,0,0,0,1,1,0,1,0,0,1,1,1,1,1,0,0,0,0,0,1,0,1,0,0,1,1,1,0,1,1,1,0,1,0,0,1,0,1,1,1,1,0,1,1,1,0,1,0,0,1,0,1,0,1,1,1,1,0,1,1,1,0,1,0,0,1,0,1,1,0,1,0,1,0,0,0,0,0,0,0,0,1,1.979949645227741,0.0010376134889753567,3.5566948958571754,0.51050583657587545,3.5118638895246814,4.4323186083772033,5.1936827649347679,5.8692301823453112,7.0483863584344242,10.419775692378119,9.1142137788967741,8.4046692607003877,9.6485847257190827,10.393774319066148,11.142137788967727,12.502143892576486,13.341115434500649,11.76873426413367,12.851636530098421,16.552986953536276,13.736598764019227,16.312932021057449,17.054428931105516,19.876035706111239,1.7300039365512998,2.0536753746541345,0,0.029691035893677629,0,1
69,0,1,1,1,1,1,1,1,1,1,0,1,1,1,1,1,0,1,0,0,1,0,0,0,0,1,0,0,1,0,0,1,1,1,1,1,1,1,1,1,1,0,0,1,0,0,0,1,0,0,0,0,0,0,0,0,1,1,0,1,1,0,0,0,0,1,0,1,1,0,0,1,0,1,1,1,1,1,0,1,0,1,0,1,0,1,1,0,1,0,0,1,1,1,0,0,0,1,0,1,1,1,1,0,1,1,1,1,1,0,0,1,0,1,0,1,1,1,1,0,1,1,1,1,1,1,0,0,0,1,1,0,0,1,0,0,0,1,1,1,0,1,1,0,1,0,0,0,0,1,0,1,0,0,1,1,0,0,0,0,0,1,1,0,1,0,1,0,0,0,0,0,1,1,1,0,0,1,0,1,1,0,0,1,1,0,1,0,0,1,0,0,0,1,0,1,1,1,1,1,0,1,0,0,0,0,0,0,0,1,0,1,1,1,1,1,0,0,0,0,0,1,1,1,0,1,0,1,1,1,1,1,0,0,0,1,0,0,0,1,0,1,1,0,0,1,0,1,0,0,0,1,0,1,0,0,0,1,1,0,0,1,0,0,0,0,1,1,1,1,0,0,0,1,0,1,0,0,1,1,1,0,1,1,0,1,1,0,0,1,0,1,0,1,1,0,1,0,1,1,0,0,0,0,0,1,1,0,1,0,0,1,1,1,1,0,0,0,1,0,0,1,0,1,0,0,1,1,1,0,1,1,1,0,1,1,0,1,0,1,0,1,1,0,1,1,0,0,0,0,0,1,0,1,0,1,1,1,1,0,1,1,1,1,1,1,1,0,0,1,1,0,1,0,1,0,0,0,0,0,0,0,0,0,0.99900816357671474,1.1294728007934691,5.9899290455481804,0.026367589837491417,3.4956893263141833,4.0598764019226365,5.1938963912413216,5.9366140230411233,7.0637674525062941,10.405432211795224,9.1142137788967741,8.4039368276493462,9.6739757381551854,10.393774319066148,11.140764476997024,12.634958419165331,13.312581063553827,11.772030212863356,12.867872129396506,16.544441901274126,13.737239642938889,14.911055161364157,17.069169146257725,19.875303273060197,1.3992527733106084,2.8783570164712406,0,0.029546013125072941,0,1
70,0,1,0,1,0,1,1,1,0,0,0,1,1,1,1,1,0,1,1,0,1,0,0,0,0,0,0,1,0,0,0,1,0,1,0,1,1,1,1,1,1,0,0,0,0,0,0,0,0,1,0,1,0,1,1,1,1,0,1,0,0,0,1,1,0,1,0,1,1,0,0,1,1,0,1,0,0,1,0,1,0,1,0,1,0,1,1,0,1,0,0,1,1,1,0,1,0,1,0,1,1,1,1,0,1,1,1,0,0,0,0,0,0,1,0,1,1,1,1,0,1,1,1,1,1,0,0,0,0,1,1,0,0,1,0,0,0,1,1,1,0,1,1,0,1,0,0,0,0,1,0,1,0,0,0,1,0,1,1,1,0,1,1,0,1,0,1,0,0,0,0,0,1,1,0,1,0,1,0,1,1,0,0,1,1,0,1,0,1,0,0,0,0,1,0,1,1,1,1,1,0,0,0,0,1,0,0,0,0,1,0,1,1,1,1,1,0,0,0,0,0,1,1,1,0,1,0,1,1,1,1,1,0,0,0,1,0,0,0,1,0,1,1,0,0,1,0,1,0,0,0,0,0,1,0,0,0,1,1,0,0,1,0,0,0,1,1,1,0,0,1,1,0,1,0,1,0,0,1,1,1,0,1,1,0,0,0,0,0,1,0,1,0,1,1,0,1,0,0,1,0,1,0,0,0,1,1,0,1,0,0,1,1,1,1,1,1,0,0,0,0,1,0,1,0,0,1,1,1,0,1,1,1,0,1,0,0,1,0,1,1,1,1,0,1,1,1,0,1,0,0,1,0,1,0,1,1,1,1,0,1,1,1,0,1,0,0,1,0,1,1,0,1,0,1,0,0,0,0,0,0,0,0,0,0.68064393072404061,1.6260624093995575,2.2383154039826048,2.7386892500190738,3.5017929350728618,4.0600595101853969,5.1885557335774779,5.9356374456397347,7.0637674525062941,10.397802700846876,9.1138780804150468,8.4054016937514291,9.6517586022735955,10.393774319066148,11.140764476997024,12.627145799954222,13.341115434500649,11.76873426413367,12.851636530098421,16.557869840543219,13.736598764019227,16.312932021057449,17.054428931105516,19.875303273060197,0.25117076400632321,3.9764606958664319,0,0.029516611048411134,0,1
71,0,1,1,1,1,1,1,1,1,0,0,0,1,1,1,0,0,0,0,0,1,0,1,0,0,0,0,1,0,1,0,1,1,1,1,1,0,1,1,1,1,0,1,1,1,0,0,1,0,1,0,0,0,0,1,0,1,1,0,1,1,1,1,0,0,1,0,1,1,0,0,1,0,1,1,0,1,1,0,0,0,1,0,1,0,1,1,0,1,0,0,1,0,1,0,0,0,1,0,1,1,1,1,0,1,1,1,0,1,1,1,0,0,1,0,1,1,1,1,0,1,1,1,1,1,1,1,1,0,1,1,0,0,1,0,0,0,1,1,1,1,0,1,0,1,0,0,0,0,1,0,1,0,1,0,1,1,1,0,1,0,1,1,0,1,0,1,0,0,0,0,0,1,1,0,0,0,1,0,1,1,0,0,1,1,0,0,0,1,0,0,0,0,1,0,1,1,1,1,1,0,0,0,0,0,0,0,1,0,1,0,1,1,1,1,1,0,0,0,1,0,1,0,1,0,1,0,1,1,1,1,1,0,0,0,1,0,0,1,1,0,1,1,0,0,1,0,0,0,0,0,0,1,1,0,0,0,1,1,0,0,1,0,0,0,1,1,1,1,1,0,0,0,1,0,1,0,1,1,1,1,0,1,1,0,1,1,1,0,1,0,1,0,1,1,0,1,0,1,1,0,1,0,0,0,1,1,0,1,0,0,1,1,1,1,1,1,0,1,0,0,1,0,1,0,0,1,1,1,0,1,1,0,0,1,1,0,1,0,1,0,1,1,0,1,1,0,0,0,0,0,1,0,1,0,1,1,1,1,0,1,1,1,1,1,1,0,1,0,1,1,0,1,0,1,0,0,0,0,0,0,0,0,0,0.99653620202944992,0.15753414206149385,5.8060883497367817,2.0896314946211949,3.4930952925917449,4.0584115358205537,5.1915465018692304,5.9373464560921647,7.0648661020828563,10.419165331502251,9.1135423819333194,8.3936827649347663,9.6489814602883968,10.399755855649653,11.141680018310826,12.50605020218204,13.345784695201038,12.335088120851454,12.870191500724804,16.559090562294955,13.732112611581599,14.911055161364157,17.068467231250477,19.875303273060197,1.1928991812746865,3.2433482000436658,0,0.029282548560097869,0,1
72,0,1,0,0,0,1,1,0,1,0,1,1,0,0,1,1,1,0,1,0,1,0,1,0,0,0,0,1,0,1,0,1,1,1,1,1,0,1,1,1,1,1,1,1,1,0,0,1,0,1,0,1,0,0,1,0,0,1,0,1,1,1,1,0,0,1,0,1,1,0,0,1,0,1,1,0,1,1,0,0,0,1,0,1,0,1,1,0,1,0,0,1,0,1,0,0,0,1,0,1,1,1,1,0,1,1,1,0,1,1,1,0,0,1,0,1,1,1,1,0,1,1,1,1,1,1,1,1,0,1,1,0,0,1,0,0,0,1,1,1,1,0,1,0,1,0,0,0,0,1,0,1,0,1,0,1,1,1,0,1,0,1,1,0,1,0,1,0,0,0,0,0,1,1,0,0,0,1,0,1,1,0,0,1,1,0,1,0,1,0,0,0,0,1,0,1,1,1,1,1,0,0,0,0,0,0,0,1,0,1,0,1,1,1,1,1,0,0,0,1,0,1,0,1,0,1,0,1,1,1,1,1,0,0,0,1,0,0,1,1,0,1,1,0,0,1,0,0,0,0,0,0,1,1,0,0,0,1,1,0,0,1,0,0,0,1,1,1,1,1,0,0,0,1,0,1,0,0,1,1,1,0,1,1,0,1,1,1,0,1,0,1,0,1,1,0,1,0,1,1,0,1,0,0,0,1,1,0,1,0,0,1,1,1,1,1,1,0,1,0,0,1,0,1,0,0,1,1,1,0,1,1,0,0,1,1,0,1,0,1,0,1,1,0,1,1,0,0,0,0,0,1,0,1,0,1,1,1,1,0,1,1,1,1,1,1,0,1,0,1,1,0,1,0,1,0,0,0,0,0,0,0,0,0,0.55234607461661711,2.6575722896162355,5.8119478141451131,2.5740138857099262,3.4930952925917449,4.0584115358205537,5.1915465018692304,5.9373464560921647,7.0648661020828563,10.419165331502251,9.1135423819333194,8.4054016937514291,9.6489814602883968,10.399755855649653,11.141680018310826,12.50605020218204,13.345784695201038,11.772579537651637,12.870191500724804,16.559090562294955,13.732112611581599,14.911055161364157,17.068467231250477,19.875303273060197,1.0513444901785558,3.4174025306303153,0,0.0291179446570057,0,1
73,0,1,0,0,0,1,1,0,1,0,1,1,0,0,1,1,1,0,1,0,1,0,1,0,0,0,0,1,0,1,0,1,1,1,1,1,0,1,1,1,1,1,1,1,1,0,0,1,0,1,0,1,0,1,1,0,0,1,0,1,1,1,1,0,0,1,0,1,1,0,0,1,0,1,1,0,1,1,0,0,0,1,0,1,0,1,1,0,1,0,0,1,0,1,0,1,0,1,0,1,1,1,1,0,1,1,1,0,1,1,1,0,0,1,0,1,1,1,1,0,1,1,1,1,1,1,1,1,0,1,1,0,0,1,0,0,0,1,1,1,1,0,1,0,1,0,0,0,0,1,0,1,0,1,0,1,1,1,0,1,0,1,1,0,1,0,1,0,0,0,0,0,1,1,0,0,0,1,0,1,1,0,0,1,1,0,1,0,1,0,0,0,0,1,0,1,1,1,1,1,0,0,0,0,0,0,0,1,0,1,1,1,1,1,1,1,0,0,0,0,0,1,1,1,0,1,0,1,1,1,1,1,0,0,0,1,0,0,0,1,0,1,1,0,0,1,0,0,0,0,0,0,1,1,0,0,0,1,1,0,0,1,0,0,0,1,1,1,1,1,1,0,0,1,0,1,0,0,1,1,1,0,1,1,0,1,1,0,0,1,0,1,0,1,1,0,1,1,1,1,0,0,0,0,0,1,1,0,1,0,0,1,1,1,1,1,0,0,1,0,0,1,0,1,0,0,1,1,1,0,1,1,0,1,0,1,0,1,0,1,0,1,1,0,1,1,0,0,0,0,0,1,0,1,0,1,1,1,1,0,1,1,1,1,1,1,1,0,0,1,1,0,1,0,1,0,0,0,0,0,0,0,0,0,0.55234607461661711,2.6575722896162355,5.8119478141451131,2.6990157930876633,3.4930952925917449,4.0585946440833141,5.1915465018692304,5.9373464560921647,7.0648661020828563,10.419165331502251,9.1135423819333194,8.4054016937514291,9.6489814602883968,13.893827725642787,11.140764476997024,12.50605020218204,13.346822308690014,11.772030212863356,12.904982070649272,16.554207675288012,13.733394369420921,14.911055161364157,17.069169146257725,19.875303273060197,0.95150595425070061,3.5407181699584509,0,0.028959743138647302,0,1
74,0,1,1,1,1,1,1,1,0,1,0,1,0,1,1,1,0,0,1,0,0,0,1,0,1,0,0,1,0,0,0,1,0,1,0,1,0,1,1,1,1,0,0,0,0,0,1,0,1,1,0,1,0,0,1,0,1,1,0,1,0,0,1,1,0,1,0,1,1,0,0,1,1,0,1,0,0,1,0,1,0,1,0,1,0,1,1,0,1,0,0,1,1,1,0,1,0,1,0,1,1,1,1,0,1,1,1,0,1,0,0,0,0,1,0,1,1,1,1,0,1,1,1,1,1,0,0,0,0,1,1,0,0,1,0,0,0,1,1,1,0,1,1,0,1,0,0,0,0,1,0,1,0,0,0,1,0,1,1,1,0,1,1,0,1,0,1,0,0,0,0,1,1,1,0,1,0,1,0,1,1,0,0,1,1,0,1,0,0,1,0,0,0,1,0,1,1,1,1,1,0,0,0,0,1,0,0,0,0,1,0,1,1,1,1,1,0,0,0,1,0,1,1,1,0,1,0,1,1,1,1,1,0,0,0,1,0,1,0,1,0,1,1,0,0,1,0,1,0,0,0,0,0,1,1,0,0,1,1,0,0,1,0,0,0,1,1,1,1,1,0,0,0,1,0,1,0,0,1,1,1,0,1,1,0,0,1,0,0,1,0,1,0,1,1,0,1,0,1,1,1,1,0,0,0,1,1,0,1,0,0,1,1,1,1,1,0,0,1,0,0,1,0,1,0,0,1,1,1,0,1,1,0,0,1,1,0,1,0,1,0,1,1,0,1,1,0,0,0,0,0,1,0,1,0,1,1,1,1,0,1,1,1,1,1,1,1,1,0,1,1,0,1,0,1,0,0,0,0,1,0,0,0,1,0.99485770962081332,0.54010833905546651,2.0509956511787593,6.5883573662928203,3.5017929350728618,4.0600595101853969,5.1902647440299079,5.9356374456397347,7.0637674525062941,10.397802700846876,9.1192492561226839,8.4039368276493462,9.6517586022735955,10.400610360875868,11.142595559624628,12.628122377355611,13.345784695201038,11.769832913710232,12.8748302433814,16.554207675288012,13.732112611581599,14.911055161364157,17.069871061264973,19.887754634927902,0.8251704000227289,3.6560796171922636,0,0.028721899912568353,0,1
75,0,1,1,1,1,1,1,1,1,1,0,0,0,1,1,1,0,0,0,0,0,0,1,0,0,0,0,1,1,0,0,1,0,1,1,1,1,1,1,1,1,1,0,1,0,0,1,1,0,1,0,0,0,0,1,1,1,1,0,0,0,0,0,0,0,1,0,1,1,0,0,1,0,1,0,1,1,1,1,0,0,1,0,1,0,1,1,0,1,0,0,0,1,1,1,0,0,1,0,1,1,1,1,0,1,1,1,1,1,0,0,1,0,1,0,1,1,1,1,0,1,1,1,0,0,1,0,0,0,1,1,0,0,1,0,0,0,1,1,1,0,1,1,1,1,0,0,0,0,1,0,1,0,0,0,1,0,1,0,0,0,1,1,0,1,0,1,0,0,0,0,0,1,1,0,0,0,1,0,1,1,0,0,1,1,0,1,0,0,1,0,0,0,1,0,1,1,1,1,1,0,0,0,0,1,0,0,1,0,1,0,1,1,1,1,1,0,0,0,0,0,1,1,1,0,1,0,1,1,1,1,1,0,0,0,1,0,1,0,1,0,1,1,0,0,1,0,1,0,0,0,0,0,0,0,1,0,1,1,0,0,1,0,0,0,1,1,1,1,1,1,0,0,1,0,1,0,0,1,1,1,0,1,1,0,1,1,0,0,1,0,1,0,1,1,0,1,0,1,1,0,1,0,0,0,1,1,0,1,0,0,1,1,1,1,1,0,0,1,1,0,1,0,1,0,0,1,1,1,0,1,1,1,0,0,1,0,1,0,1,0,1,1,0,1,1,0,0,0,0,0,1,0,1,0,1,1,1,1,0,1,1,1,1,1,1,1,0,0,1,1,0,1,0,1,0,0,0,0,0,0,0,0,0,0.99827573052567331,0.032776379034103915,2.9959258411535821,2.1172198062104219,3.4909590295262074,4.0573128862439916,5.1938963912413216,5.9307545586327919,7.0640421149004347,10.396887159533074,9.1135423819333194,8.4039368276493462,9.6521553368429096,10.393774319066148,11.142595559624628,12.62568093385214,13.346822308690014,11.772030212863356,12.870191500724804,16.55481803616388,13.735957885099566,14.911055161364157,17.069169146257725,19.875303273060197,0.88487361549523236,3.6009708419086777,0,0.028636533426169966,0,1
76,0,1,0,1,0,1,1,0,0,1,0,1,1,0,0,0,0,1,1,0,0,0,1,1,1,1,0,0,1,0,0,0,1,1,0,1,1,1,1,1,1,1,0,1,1,0,1,0,0,1,0,1,0,1,0,0,1,1,1,1,0,0,1,0,0,1,0,1,1,0,0,1,1,0,1,1,0,1,0,1,0,1,0,1,0,1,1,0,1,0,0,1,1,1,0,1,0,1,0,1,1,1,1,0,1,1,1,0,1,0,0,0,0,1,0,1,1,1,1,0,1,1,1,1,0,0,0,0,0,1,1,0,0,1,0,0,0,1,1,1,0,1,1,0,1,0,0,0,0,1,0,1,0,0,0,1,0,1,1,1,0,1,1,0,1,0,1,0,1,0,0,0,1,1,0,1,0,1,0,1,1,0,0,1,1,0,1,0,1,0,0,0,0,1,0,1,1,1,1,1,0,0,0,0,1,0,1,0,0,1,0,1,1,1,1,1,0,0,0,0,0,1,1,1,0,1,0,1,1,1,1,1,0,0,0,1,0,0,1,1,0,1,1,0,0,1,0,1,0,0,0,1,0,1,0,0,0,1,1,0,0,1,0,0,0,1,1,1,1,0,0,0,0,1,0,1,0,0,1,1,1,0,1,1,0,0,1,0,0,1,0,1,0,1,1,0,1,0,1,1,1,0,0,0,0,1,1,0,1,0,0,1,1,1,1,0,1,0,1,0,0,1,0,1,0,0,1,1,1,0,1,1,1,0,0,1,0,1,0,1,0,1,1,0,1,1,0,0,0,0,0,1,0,1,0,1,1,1,1,0,1,1,1,1,1,1,1,0,0,1,1,0,1,0,1,0,0,0,0,0,0,0,0,1,0.67457084000915546,1.5591058213168536,5.2466010528725109,2.654581521324483,3.5042343785763332,4.0600595101853969,5.1902647440299079,5.9336842908369576,7.0637674525062941,10.397802700846876,9.1568474860761437,8.4054016937514291,9.6525520714122237,10.393774319066148,11.141680018310826,12.634958419165331,13.343709468223087,11.769832913710232,12.872510872053102,16.549324788281069,13.735957885099566,14.911055161364157,17.069169146257725,19.876035706111239,0.69872913066468989,3.7610920005596533,0,0.028612508921019814,0,1
77,1,1,1,1,1,1,1,1,1,1,0,1,1,1,1,1,0,1,0,0,1,0,0,0,0,1,0,0,1,0,0,1,0,1,0,1,1,1,1,1,0,0,0,0,0,0,1,0,0,1,0,1,0,1,1,0,1,0,1,0,0,0,1,1,0,1,0,1,1,0,0,1,1,0,1,0,0,1,0,1,0,1,0,1,0,1,1,0,1,0,0,1,1,1,0,0,0,1,0,1,1,1,1,0,1,1,1,1,1,0,0,0,0,1,0,1,1,1,1,0,1,1,1,1,1,1,0,0,0,1,1,0,0,1,0,0,0,1,0,1,0,1,1,0,1,0,0,0,0,1,0,1,1,0,1,1,0,0,0,0,0,1,1,0,1,0,1,0,0,0,0,0,1,1,0,0,0,1,0,1,1,0,0,1,1,0,1,0,0,1,0,1,0,1,0,1,1,1,1,1,0,0,0,0,0,0,0,0,0,1,0,1,1,1,1,1,0,0,0,1,0,1,1,1,0,1,0,1,1,1,1,1,0,0,0,1,0,0,0,1,0,1,1,0,0,1,0,0,1,0,0,0,1,1,0,0,0,1,1,0,0,1,0,0,0,1,1,1,1,1,1,0,0,1,0,1,0,0,1,1,1,0,1,1,0,1,1,0,0,1,0,1,0,1,1,0,1,0,1,1,0,0,0,0,0,1,1,0,1,0,0,1,1,1,1,0,0,0,1,0,0,1,0,1,0,0,1,1,1,0,1,1,1,0,1,1,0,1,0,1,0,1,1,0,1,1,0,0,0,0,0,1,0,1,0,1,1,1,1,0,1,1,1,1,1,1,1,0,0,1,1,0,1,0,1,0,0,0,0,0,0,0,0,0,1.9990234225986114,1.1294728007934691,2.2267795834287023,2.7074387731746397,3.5017929350728618,4.0598764019226365,5.1936827649347679,5.9366140230411233,7.054978255893797,10.444495307850767,9.1135423819333194,8.404303044174867,9.6485847257190827,10.400610360875868,11.140764476997024,12.568551155870908,13.346822308690014,11.772030212863356,12.867872129396506,16.544441901274126,13.737239642938889,14.911055161364157,17.069169146257725,19.875303273060197,0.80701498776981695,3.6716787700723299,0,0.028512101651200328,0,1
78,0,1,0,1,0,1,1,0,1,0,0,1,1,1,1,0,0,1,1,0,1,0,1,0,0,0,0,1,0,0,0,1,0,1,0,1,1,1,1,1,1,1,0,1,0,0,1,0,0,1,0,1,1,0,1,0,1,0,1,0,0,0,1,1,0,1,0,1,1,0,0,1,1,1,1,0,0,1,1,0,0,1,0,1,0,1,1,0,1,0,0,0,1,1,1,0,0,1,0,1,1,1,1,0,1,1,0,1,0,1,0,0,0,1,0,1,1,1,1,0,1,1,1,1,0,1,0,1,0,1,1,0,0,1,0,0,0,1,1,1,0,1,0,0,1,0,0,0,0,1,0,1,0,0,1,1,0,0,1,0,0,1,1,0,1,0,1,0,0,0,0,0,1,1,0,1,0,1,0,1,1,0,0,1,1,0,0,1,1,0,0,1,0,1,0,1,1,1,1,1,0,0,0,0,1,0,0,0,0,1,0,1,1,1,1,1,0,0,0,1,0,1,1,1,0,1,0,1,1,1,1,1,0,0,0,1,0,1,0,0,0,1,1,0,0,1,0,1,0,0,0,0,0,0,0,0,0,1,1,0,0,1,0,0,0,1,1,1,1,1,1,0,0,1,0,1,0,0,1,1,1,0,1,1,0,1,0,0,0,1,0,1,0,1,1,0,1,0,1,1,0,0,0,0,0,1,1,0,1,0,0,1,1,1,1,1,0,0,1,0,0,1,0,1,0,0,1,1,1,0,1,1,0,0,1,1,0,1,0,1,0,1,1,0,1,1,0,0,0,0,0,1,0,1,0,1,1,1,1,0,1,1,1,1,1,1,1,1,0,1,1,0,1,0,1,0,0,0,0,0,0,0,0,0,0.67670710307469295,1.6573128862439919,2.2458228427557794,2.8324406805523767,3.5117112993057145,4.0573128862439916,5.1859922178988329,5.9349050125886933,7.0632181277180131,10.406042572671092,9.1138780804150468,8.3999084458686184,9.6517586022735955,10.400610360875868,11.142137788967727,12.625192645151445,13.346822308690014,11.770931563286794,12.867872129396506,16.554207675288012,13.732112611581599,14.911055161364157,17.069871061264973,19.875303273060197,0.080813747490675145,4.0039581881869548,0,0.028464932343291935,0,1
79,0,1,0,0,0,1,1,0,1,0,0,1,1,0,1,0,1,0,1,0,1,0,1,0,0,0,0,1,0,1,0,1,1,1,1,1,1,1,1,1,1,1,1,1,0,1,1,0,0,1,0,1,0,0,1,1,1,0,0,1,0,1,1,0,0,1,0,1,1,0,0,1,1,1,1,0,0,1,1,1,0,1,0,1,1,1,1,0,1,0,0,0,1,1,1,0,0,1,0,1,1,1,1,0,1,1,1,1,1,0,0,0,0,1,0,1,1,1,1,1,1,1,1,0,1,0,0,0,0,1,1,0,0,1,0,0,0,0,1,1,1,1,1,0,1,0,0,0,0,1,0,1,0,1,0,0,0,1,1,1,0,1,1,0,1,0,1,0,0,0,0,0,1,1,1,0,0,1,0,1,1,0,0,1,1,0,1,0,0,1,1,0,0,1,0,1,1,1,1,1,0,0,0,0,0,0,0,0,0,1,0,1,1,1,1,1,0,0,0,1,0,1,1,1,0,1,0,1,1,1,1,1,0,0,0,1,1,0,0,1,0,1,1,0,0,1,0,0,0,0,0,0,1,1,0,0,0,1,1,0,0,1,0,0,0,1,1,1,1,1,1,0,0,1,0,1,0,0,1,1,1,0,1,1,0,1,1,0,0,1,0,1,0,1,1,0,1,0,1,1,0,0,0,0,0,1,1,0,1,0,0,1,1,1,1,1,0,0,1,0,0,1,0,1,0,0,1,1,1,0,1,1,1,1,1,1,0,1,0,1,0,1,1,0,1,1,0,0,0,0,0,1,0,1,0,1,1,1,1,0,1,1,1,1,0,1,1,1,0,1,1,0,1,0,1,0,0,0,0,0,0,0,0,0,0.55158312352178229,2.6575722896162355,5.9991760128175784,2.6121004043640803,3.5118638895246814,4.4323186083772033,5.1936827649347679,5.9942320897230488,7.0483863584344242,10.412451361867705,9.1142137788967741,8.4046692607003877,9.6485847257190827,10.400610360875868,11.144426642252231,12.50605020218204,13.346822308690014,11.772030212863356,12.867872129396506,16.554207675288012,13.739803158617534,14.911055161364157,17.064255741206988,19.875303273060197,1.1112846882109235,3.3468784580989981,0,0.028435659597001981,0,1
80,1,1,1,1,1,1,1,1,0,1,1,1,0,1,1,0,0,0,0,0,0,0,0,0,0,0,0,1,0,1,0,0,1,1,1,1,1,0,1,1,1,1,0,1,0,1,0,1,0,0,1,0,0,0,0,0,0,1,0,1,0,1,1,0,0,1,0,1,1,0,0,1,1,0,1,1,1,1,0,0,0,1,0,1,0,1,1,0,1,0,0,1,1,1,1,1,0,1,0,1,1,1,1,0,1,1,1,1,1,1,0,0,0,1,0,1,1,1,1,0,1,1,1,1,0,1,1,0,0,1,1,0,0,1,0,0,0,1,1,1,0,1,1,1,1,0,0,0,0,1,0,1,0,0,0,1,0,1,1,1,0,1,1,0,1,0,1,0,0,0,0,0,1,1,0,1,0,1,0,1,1,0,0,1,1,0,1,0,0,1,0,0,0,1,0,1,1,1,1,1,1,0,0,0,1,0,0,0,0,1,0,1,1,1,1,1,0,0,0,1,0,1,0,1,0,1,0,1,1,1,1,1,0,0,0,1,0,0,1,1,0,1,1,0,0,1,0,0,0,1,0,0,1,1,0,0,0,1,1,0,0,1,0,0,0,1,1,1,1,1,1,0,0,1,0,1,0,0,1,1,1,0,1,1,0,1,1,1,0,1,0,1,0,1,1,0,1,0,1,1,0,1,0,0,0,1,1,0,1,0,0,1,1,1,1,1,0,0,1,0,0,1,0,1,0,0,1,1,1,0,1,1,0,0,1,1,0,1,0,1,0,1,1,0,1,1,0,0,0,0,0,1,0,1,0,1,1,1,1,0,1,1,1,1,1,1,1,0,0,1,1,0,1,0,1,0,0,0,0,0,1,0,0,0,1.9958190280003052,0.0012207217517357137,5.9024032959487291,1.0105134660868238,3.505302510109102,4.0604257267109176,5.1945372701609829,5.9351491569390404,7.0640421149004347,10.397802700846876,9.1138780804150468,8.4039368276493462,9.702540627145801,10.399755855649653,11.141680018310826,12.537300679026474,13.346822308690014,11.772579537651637,12.870191500724804,16.554207675288012,13.732112611581599,14.911055161364157,17.069169146257725,19.881162737468529,1.9447730926310249,0.99194942588594182,0,0.027855474868958074,0,1
81,1,0,0,1,0,1,1,1,1,1,1,1,0,1,1,0,0,0,0,0,0,0,1,0,0,0,0,1,0,0,0,1,1,1,1,1,1,1,0,1,1,1,0,1,1,0,0,1,0,0,0,0,0,1,1,1,1,1,1,0,0,0,1,1,0,1,0,1,1,0,0,1,1,0,1,0,0,1,0,1,0,1,0,1,0,1,1,0,1,0,0,1,1,1,0,1,0,1,0,1,1,1,1,0,1,1,1,1,1,0,0,0,0,1,0,1,1,1,1,0,1,1,1,1,1,0,0,0,0,1,1,0,0,1,0,0,0,1,1,1,0,1,1,0,1,0,0,0,0,1,0,1,0,0,0,1,0,1,1,1,0,1,1,0,1,0,1,0,0,0,0,0,1,1,0,0,0,1,0,1,1,0,0,1,1,0,1,0,0,1,1,0,0,1,0,1,1,1,1,1,0,0,0,0,0,0,0,0,0,1,0,1,1,1,1,1,0,0,0,0,0,1,1,1,0,1,0,1,1,1,1,1,0,0,0,1,0,0,0,1,0,1,1,0,0,1,0,0,0,0,0,0,1,1,0,0,0,1,1,0,0,1,0,0,0,1,1,1,1,1,1,0,0,1,0,1,0,0,1,1,1,0,1,1,0,1,1,0,0,1,0,1,0,1,1,0,1,1,1,1,0,0,0,0,0,1,1,0,1,0,0,1,1,1,1,1,0,0,1,0,0,1,0,1,0,0,1,1,1,0,1,1,0,1,0,1,0,1,0,1,0,1,1,0,1,1,0,0,0,0,0,1,0,1,0,1,1,1,1,0,1,1,1,1,1,1,1,0,0,1,1,0,1,0,1,0,0,0,0,0,0,0,0,0,1.1872129396505684,0.032288090333409632,5.949645227740902,0.24646372167544062,3.5017929350728618,4.0600595101853969,5.1936827649347679,5.9356374456397347,7.0637674525062941,10.397802700846876,9.1135423819333194,8.4046692607003877,9.6485847257190827,10.393774319066148,11.140764476997024,12.50605020218204,13.346822308690014,11.772030212863356,12.904982070649272,16.554207675288012,13.733394369420921,14.911055161364157,17.069169146257725,19.875303273060197,1.753260478508085,1.9564609315892156,0,0.027381702133194588,0,1
82,0,1,1,1,0,1,0,0,1,0,0,0,0,1,1,0,0,1,1,0,1,0,1,0,0,0,1,1,0,0,0,1,1,1,0,1,1,1,1,1,1,0,0,0,0,1,1,1,1,0,0,0,0,0,1,0,0,1,0,1,1,1,1,0,0,1,0,1,0,0,0,1,0,1,1,0,1,1,0,0,0,1,0,1,0,1,1,0,1,0,1,0,1,1,0,0,0,1,0,1,0,1,1,0,1,0,1,1,1,0,1,0,0,1,0,1,1,1,1,0,1,1,1,1,0,0,1,0,0,1,1,0,0,1,0,0,0,1,1,1,0,1,1,0,1,0,0,0,0,1,0,1,0,1,0,1,1,1,0,0,0,1,1,0,1,0,1,0,0,0,1,0,1,1,0,0,0,1,0,1,1,0,0,1,1,0,1,1,0,1,0,0,0,1,0,1,1,1,1,1,0,0,0,0,0,0,0,0,0,1,0,1,1,1,1,1,0,0,0,0,0,1,1,1,0,1,0,1,1,1,1,1,0,0,0,1,0,0,0,1,0,1,1,0,0,1,0,1,0,0,0,0,1,1,0,1,0,1,1,0,0,1,0,0,0,1,1,0,1,0,1,0,0,1,0,1,0,0,1,1,1,0,1,1,0,1,1,0,0,1,0,1,0,1,1,0,1,0,1,1,0,0,0,0,0,1,1,0,1,0,0,1,1,1,1,1,0,0,1,0,0,1,0,1,0,0,1,1,1,0,1,1,0,1,1,1,0,1,0,1,0,1,1,0,1,1,0,0,0,0,0,1,0,1,0,1,1,1,1,0,1,1,1,1,1,1,1,1,0,1,1,0,1,0,1,0,0,0,0,0,0,0,0,1,0.91035324635690851,1.659266041046769,5.2390020599679561,4.0740367742427708,3.180590524147402,4.0628061341268022,4.7429312581063554,5.9341725795376519,7.0637674525062941,10.418860151064317,9.1242847333485937,8.4097962920576776,9.6485847257190827,10.393774319066148,11.140764476997024,12.631540398260471,13.33644617380026,11.772030212863356,12.867872129396506,16.554207675288012,13.734676127260244,14.911055161364157,17.069871061264973,19.876035706111239,0.74491661164068312,3.7305905287234946,0,0.02635991473733906,0,1
83,0,1,0,0,0,1,0,1,1,1,1,1,0,1,1,1,0,1,0,0,0,0,0,0,1,0,0,1,0,1,0,0,1,0,0,1,0,1,1,1,1,1,0,0,0,0,0,0,0,0,0,1,0,0,0,0,0,1,0,1,0,1,1,0,0,1,0,1,1,0,0,1,1,1,1,0,0,1,1,1,0,1,0,1,1,1,1,0,1,0,0,0,1,1,1,0,0,1,0,1,1,1,1,0,1,1,1,1,1,0,0,0,0,1,0,1,1,1,1,1,1,1,1,0,1,0,0,0,0,1,1,0,0,1,0,0,0,0,1,1,1,1,1,0,1,0,0,0,0,1,0,1,0,1,0,1,0,1,1,1,0,1,1,0,1,0,1,0,0,0,0,0,1,1,1,0,0,1,0,1,1,0,0,1,1,0,1,0,0,1,1,0,0,1,0,1,1,1,1,1,0,0,0,0,0,0,0,0,0,1,0,1,1,1,1,1,0,0,0,0,0,1,1,1,0,1,0,1,1,1,1,1,0,1,0,1,0,1,0,1,0,1,1,0,0,1,0,0,0,0,0,0,0,1,0,0,0,1,1,0,0,1,0,0,0,1,1,1,0,0,1,1,0,1,0,1,0,0,1,1,1,0,1,1,0,0,0,0,0,1,0,1,0,1,1,0,1,0,0,1,0,1,0,0,0,1,1,0,1,0,0,1,1,1,1,1,0,0,0,0,0,1,0,1,0,0,1,1,1,0,1,1,1,0,1,0,0,1,0,1,1,1,1,0,1,1,1,0,1,0,0,1,0,1,0,1,1,1,1,0,1,1,1,0,1,0,0,1,0,1,1,0,1,0,1,0,0,0,0,0,0,0,0,1,0.54660868238345917,1.0090485999847409,3.5566948958571754,0.51050583657587545,3.5118638895246814,4.4323186083772033,5.1936827649347679,5.9942320897230488,7.0483863584344242,10.417334248874647,9.1142137788967741,8.4046692607003877,9.6485847257190827,10.393774319066148,11.171892881666285,12.502143892576486,13.341115434500649,11.76873426413367,12.851636530098421,16.552986953536276,13.736598764019227,16.312932021057449,17.054428931105516,19.876035706111239,0.92868061572596861,3.5620370015620364,0,0.026277339583986172,0,1
84,1,1,0,1,0,1,1,1,1,1,1,1,0,1,1,1,1,0,0,0,0,0,0,0,0,0,0,0,0,1,0,1,1,1,1,0,1,1,0,1,0,0,1,0,1,0,1,1,0,0,0,0,0,0,1,0,0,1,0,1,1,1,1,0,0,1,0,1,1,0,0,1,1,1,1,0,0,1,1,1,0,1,0,1,1,1,1,0,1,0,0,0,1,1,1,0,0,1,0,1,1,1,1,0,1,1,1,1,1,0,0,0,0,1,0,1,1,1,1,1,1,1,1,0,1,0,0,0,0,1,1,0,0,1,0,0,0,0,1,1,1,1,1,0,1,0,0,0,0,1,0,1,0,1,0,1,0,1,1,1,0,1,1,0,1,0,1,0,0,0,0,0,1,1,1,0,0,1,0,1,1,0,0,1,1,0,1,0,0,1,1,0,0,1,0,1,1,1,1,1,0,0,0,0,0,0,0,0,0,1,0,1,1,1,1,1,0,0,0,0,0,1,1,1,0,1,0,1,1,1,1,1,0,1,0,1,0,1,0,1,0,1,1,0,0,1,0,0,0,0,0,0,1,1,0,1,0,1,1,0,0,1,0,0,0,1,1,1,0,1,1,0,0,1,0,1,0,0,1,1,1,0,1,1,1,1,1,0,0,1,0,1,0,1,1,0,1,0,1,1,0,0,0,0,0,1,1,0,1,0,0,1,1,1,0,1,1,0,1,1,0,1,0,1,0,0,1,1,1,0,1,1,0,1,1,1,0,1,0,1,0,1,1,0,1,1,0,0,0,1,0,1,0,1,0,1,1,1,1,0,1,1,1,1,1,1,1,1,0,1,1,0,1,0,1,0,0,0,0,0,0,0,0,0,1.6872510872053101,2.0003356984817273,5.5587090867475393,0.073975738155184254,3.5118638895246814,4.4323186083772033,5.1936827649347679,5.9942320897230488,7.0483863584344242,10.417334248874647,9.1142137788967741,8.4046692607003877,9.6485847257190827,10.393774319066148,11.171892881666285,12.506538490882734,13.342671854734112,11.776424811169605,12.867872129396506,16.540169375143051,13.734676127260244,14.913740749217975,17.069871061264973,19.875303273060197,1.4933284693244739,2.6910833475761233,0,0.026176005337119078,0,1
85,1,1,1,1,1,1,1,1,1,1,0,1,1,1,1,1,1,1,0,0,1,0,0,0,0,1,0,0,1,0,0,1,1,1,1,1,0,1,1,1,1,0,1,0,1,0,0,1,0,0,0,0,0,0,0,0,1,1,0,1,1,0,0,0,0,1,0,1,1,0,0,1,0,1,1,1,0,1,0,1,0,1,0,1,0,1,1,0,1,0,0,1,1,1,0,0,0,1,0,1,1,1,1,0,1,1,1,0,1,1,0,0,0,1,0,1,1,1,1,0,1,1,1,1,1,1,1,0,0,1,1,0,0,1,0,0,0,1,1,1,0,1,1,1,1,0,0,0,0,1,0,1,0,0,1,1,0,1,1,1,0,1,1,0,1,0,1,0,0,0,0,0,0,1,0,0,0,1,0,1,1,0,0,1,1,0,1,0,0,1,0,0,0,1,0,1,1,1,1,1,0,0,0,0,0,0,0,1,0,1,0,1,1,1,1,1,0,0,0,1,0,1,1,1,0,1,0,1,1,1,1,1,0,0,0,1,0,0,0,1,0,1,1,0,0,1,0,0,1,0,1,0,1,1,0,0,0,1,1,0,0,1,0,0,0,1,1,1,1,1,1,0,0,1,0,1,0,0,1,1,1,0,1,1,0,1,1,0,0,1,0,1,0,1,1,0,1,0,1,0,0,0,0,0,0,1,1,0,1,0,0,1,1,1,1,0,0,0,1,0,0,1,0,1,0,0,1,1,1,0,1,1,0,0,1,1,0,1,0,1,0,1,1,0,1,1,0,0,0,0,0,1,0,1,0,1,1,1,1,0,1,1,1,1,1,1,1,0,0,1,1,0,1,0,1,0,0,0,0,0,0,0,0,0,1.9990234225986114,3.1295033188372625,5.8046234836346988,0.026367589837491417,3.4944686045624476,4.0598764019226365,5.1911192492561229,5.9371023117418176,7.0640421149004347,10.407568474860762,9.1108567940795009,8.4039368276493462,9.6489814602883968,10.400610360875868,11.140764476997024,12.584176394293126,13.346822308690014,11.772030212863356,12.858594644083315,16.544441901274126,13.732112611581599,14.911055161364157,17.069169146257725,19.875303273060197,1.8835729491515192,1.3832529084231198,0,0.026065889769841595,0,1
86,1,1,0,1,0,0,1,0,1,1,1,0,1,1,1,1,0,0,0,0,0,0,0,1,0,0,0,1,0,0,0,1,0,1,0,1,1,1,0,1,0,1,0,0,1,0,0,0,0,1,1,0,1,0,0,1,1,0,0,0,1,1,1,1,0,1,0,1,1,0,0,1,0,1,1,1,1,1,0,1,0,1,0,1,0,1,1,0,1,0,1,1,0,1,0,0,0,1,0,1,1,1,1,0,1,1,1,1,1,0,0,0,0,1,0,1,1,1,1,0,1,1,0,1,1,0,0,0,0,1,1,0,0,1,0,0,0,1,1,1,0,1,1,0,1,0,0,0,0,1,0,1,0,0,1,1,0,0,1,0,0,1,1,0,1,0,1,0,0,0,0,0,0,1,0,0,0,1,0,1,1,0,0,1,1,0,1,0,0,1,0,0,0,1,0,1,1,1,1,1,0,0,0,0,0,0,0,1,0,1,0,1,1,1,1,1,0,0,0,1,0,1,1,1,0,1,0,1,1,1,1,1,0,0,0,1,0,0,0,1,0,1,1,0,0,1,0,0,0,0,0,0,1,1,0,0,0,1,1,0,0,1,0,0,0,1,1,1,1,1,1,0,0,1,0,1,0,0,1,1,1,0,1,1,1,1,1,0,0,1,0,1,0,1,1,0,1,0,1,0,0,0,0,0,0,1,1,0,1,0,0,1,1,1,0,1,1,0,1,0,0,1,0,0,0,0,1,1,1,0,1,1,0,1,1,1,0,1,0,1,0,1,1,0,1,1,0,0,0,1,0,1,0,1,0,1,1,1,1,0,1,1,1,1,1,1,1,1,0,1,1,0,1,0,1,0,0,0,0,0,0,0,0,0,1.6479438467994201,0.016662851911192492,2.1863126573586631,3.2987563897154191,3.4956893263141833,4.0642710002288851,5.1936827649347679,5.9278248264286262,7.0637674525062941,10.406042572671092,9.1108567940795009,8.4039368276493462,9.6489814602883968,10.400610360875868,11.140764476997024,12.50605020218204,13.346822308690014,11.776424811169605,12.858594644083315,16.539559014267184,11.109636072327763,14.913740749217975,17.069871061264973,19.875303273060197,1.1293871167705498,3.3408288869552649,0,0.02600843517279916,0,1
87,0,1,0,1,0,1,1,1,1,1,1,0,1,0,1,0,0,1,1,0,1,0,1,0,0,0,0,1,0,1,0,1,0,0,1,1,1,0,1,1,0,1,0,1,1,0,0,1,0,1,0,0,0,1,1,0,0,1,0,0,0,1,1,0,0,1,0,1,1,0,0,1,1,0,1,0,0,1,0,1,0,1,0,1,0,1,1,0,1,0,0,1,1,1,0,1,0,1,0,1,1,1,1,0,1,1,1,0,1,0,0,0,0,1,0,1,1,1,1,0,1,1,1,1,1,0,0,0,0,1,1,0,0,1,0,0,0,1,0,1,0,0,1,0,1,0,0,0,0,1,0,1,0,0,0,1,1,1,1,1,0,1,1,0,1,0,1,0,0,0,0,0,0,1,0,1,0,1,0,1,1,0,0,1,1,0,1,0,0,0,0,0,0,1,0,1,1,1,1,1,0,0,0,0,1,0,0,0,0,1,0,1,1,1,1,1,0,0,0,0,0,1,1,1,0,1,0,1,1,1,1,1,0,0,0,1,0,0,1,1,0,1,1,0,0,1,0,1,0,0,0,0,0,1,0,0,0,1,1,0,0,1,0,0,0,1,1,1,0,0,1,1,0,1,0,1,0,0,1,1,1,0,1,1,0,1,1,0,0,1,0,1,0,1,1,0,1,0,1,1,1,0,0,0,0,1,1,0,1,0,0,1,1,1,1,1,0,0,1,0,0,1,0,1,0,0,1,1,1,0,1,0,1,1,1,1,0,1,0,1,1,1,1,0,1,1,0,0,0,0,0,1,0,1,0,1,1,1,1,0,1,1,1,1,1,1,1,1,0,1,1,0,1,0,1,0,0,0,0,0,0,0,0,1,0.68683909361409934,1.657557030594339,1.3909819180590524,2.1960784313725492,3.5017929350728618,4.0600595101853969,5.1902647440299079,5.9356374456397347,7.0538796063172349,10.400244144350347,9.1111924925612282,8.4024719615472634,9.6517586022735955,10.393774319066148,11.141680018310826,12.627145799954222,13.341115434500649,11.772030212863356,12.872510872053102,16.554207675288012,13.729549095902954,16.286076142519263,17.069871061264973,19.876035706111239,0.44720538485701467,3.9083754971845064,0,0.025784362461554425,0,1
88,0,1,0,1,0,1,1,1,1,1,0,0,1,1,1,0,0,0,0,0,0,0,0,0,0,0,0,1,1,1,0,1,1,0,1,1,1,1,1,1,1,1,1,0,1,0,1,1,0,1,0,0,0,1,1,0,0,1,0,1,1,0,0,0,0,1,0,1,1,0,0,1,0,1,1,1,0,1,0,1,0,1,0,1,0,1,1,0,1,0,0,1,1,1,0,0,0,1,0,1,1,1,1,0,1,1,1,0,1,1,0,0,0,1,0,1,1,1,1,0,1,1,1,1,1,1,1,0,0,1,1,0,0,1,0,0,0,1,1,1,0,1,1,1,1,0,0,0,0,1,0,1,0,0,1,1,0,1,1,1,0,1,1,0,1,0,1,0,0,0,0,0,1,1,0,0,0,1,0,1,1,0,0,1,1,0,1,1,0,1,0,0,0,1,0,1,1,1,1,1,0,0,0,0,0,0,0,1,0,1,0,1,1,1,1,1,0,0,0,1,0,1,1,1,0,1,0,1,1,1,1,1,0,0,0,1,0,0,0,1,0,1,1,0,0,1,0,0,1,0,0,0,1,1,0,0,0,1,1,0,0,1,0,0,0,1,1,1,1,1,1,0,0,1,0,1,0,0,1,1,1,0,1,1,0,1,1,0,0,1,0,1,0,1,1,0,1,0,1,0,0,0,0,0,0,1,1,0,1,0,0,1,1,1,1,1,0,0,1,0,0,1,0,1,0,0,1,1,1,0,1,1,0,0,1,1,0,1,0,1,0,1,1,0,1,0,0,0,0,0,0,1,0,1,0,1,1,1,1,0,1,1,1,1,0,1,1,0,0,1,1,0,1,0,1,0,0,0,0,1,0,0,0,0,0.68598458838788434,0.0017700465400167849,4.4981460288395514,2.1982757305256735,3.4944686045624476,4.0598764019226365,5.1911192492561229,5.9371023117418176,7.0640421149004347,10.407568474860762,9.1135423819333194,8.4097962920576776,9.6489814602883968,10.400610360875868,11.140764476997024,12.568551155870908,13.346822308690014,11.772030212863356,12.858594644083315,16.554207675288012,13.732112611581599,14.86808575570306,17.06355382619974,19.88702220187686,1.2683588101439536,3.1086328705760677,0,0.025486740319196073,0,1
89,0,0,0,0,0,1,0,1,1,1,0,1,0,1,1,0,1,0,0,0,0,0,0,0,1,0,1,1,0,1,0,1,0,0,0,1,1,1,1,1,1,1,1,0,0,1,1,0,0,0,0,1,0,0,0,1,1,0,1,0,0,0,0,0,0,1,0,1,1,0,0,1,1,0,1,0,0,1,0,0,0,1,0,1,0,1,1,0,1,0,0,1,0,1,0,1,0,1,0,1,1,1,1,0,1,1,1,0,1,0,0,0,0,1,0,1,1,1,1,0,1,1,1,1,0,1,0,0,0,1,1,0,0,1,0,0,0,1,0,1,0,1,1,0,1,0,0,0,0,1,0,1,0,0,0,1,0,1,1,1,0,1,1,0,1,0,1,0,0,0,0,0,1,1,0,1,0,1,0,1,1,0,0,1,1,0,1,0,1,0,0,0,0,1,0,1,1,1,0,1,0,0,0,0,1,0,1,0,0,1,0,1,1,1,1,1,0,0,0,0,0,1,1,1,0,1,0,1,1,1,1,1,0,0,0,1,0,0,1,0,0,1,1,0,0,1,0,1,0,0,0,1,0,1,0,0,0,1,1,0,0,1,0,0,0,0,1,1,1,0,0,0,0,1,0,1,0,0,1,1,1,0,1,1,0,0,1,0,0,1,0,1,0,1,1,0,1,0,1,1,1,0,0,0,0,1,1,0,1,0,0,1,1,1,1,0,1,0,1,0,0,1,0,1,0,0,1,1,1,0,1,1,1,0,0,1,0,1,0,1,0,1,1,0,1,1,0,0,0,0,0,1,0,1,0,1,1,1,1,0,1,1,1,1,1,1,1,1,0,1,0,0,1,0,1,0,0,0,0,1,0,0,0,1,0.045593957427328906,2.0110780498970016,0.74763103685053789,0.55078965438315408,3.5016403448538949,4.0585946440833141,5.1902647440299079,5.9346608682383462,7.054978255893797,10.397802700846876,9.1138780804150468,8.4054016937514291,9.4494239719233999,10.393774319066148,11.141222247653925,12.634958419165331,13.310505836575876,11.769832913710232,12.872510872053102,16.549324788281069,13.735957885099566,14.911055161364157,17.069871061264973,13.887663080796521,1.5247664525260665,2.6545152632777596,0,0.02541132946106903,0,1
90,0,1,1,1,1,1,1,1,1,0,0,0,1,1,1,0,0,0,0,0,0,0,0,0,0,0,1,1,1,1,0,1,1,1,1,1,1,1,1,1,0,0,0,0,0,0,1,0,0,1,1,1,0,1,0,0,1,1,0,1,0,1,1,1,0,1,0,1,1,0,0,1,1,0,1,0,0,1,0,1,0,1,0,1,0,1,1,0,1,0,0,1,1,1,0,1,0,1,0,1,1,1,1,0,1,1,1,0,1,1,0,0,0,1,0,1,1,1,1,0,1,1,1,1,1,0,0,0,0,1,1,0,0,1,0,0,0,1,1,1,0,1,1,0,1,0,0,0,0,1,0,1,0,0,0,1,0,1,1,1,0,1,1,0,1,0,1,0,0,0,0,0,1,1,0,0,0,1,0,1,1,0,0,1,1,0,1,0,0,1,0,0,0,1,0,1,1,1,1,1,0,1,0,0,0,0,0,0,0,1,0,1,1,1,1,1,0,0,0,0,0,1,1,1,0,1,0,1,1,1,1,1,0,0,0,1,0,0,0,1,0,1,1,0,0,1,0,1,0,0,0,1,0,1,0,0,0,1,1,0,0,1,0,0,0,0,1,1,1,1,0,0,0,1,0,1,0,0,1,1,1,0,1,1,0,1,1,0,0,1,0,1,0,1,1,0,1,0,1,1,0,0,0,0,0,1,1,0,1,0,0,0,1,1,1,0,0,0,1,0,0,1,0,1,0,0,1,1,1,0,1,1,1,0,1,1,0,1,0,1,0,1,1,0,1,1,0,0,0,0,0,1,0,1,0,1,1,1,1,0,1,1,1,1,1,1,1,0,0,1,1,0,1,0,1,0,0,0,0,0,0,0,0,0,0.99653620202944992,0.0037232013427939271,5.9768368047608149,3.6513008316166933,3.5017929350728618,4.0600595101853969,5.1911192492561229,5.9356374456397347,7.0637674525062941,10.397802700846876,9.1135423819333194,8.4039368276493462,9.6739757381551854,10.393774319066148,11.140764476997024,12.634958419165331,13.312581063553827,11.772030212863356,12.867872129396506,16.388189517051956,13.737239642938889,14.911055161364157,17.069169146257725,19.875303273060197,1.4213305489756749,2.8430668632237572,0,0.024965505129599067,0,1
91,0,1,1,0,1,1,1,1,1,1,0,0,0,1,1,1,0,0,0,0,0,0,0,0,0,0,0,1,0,1,0,1,1,0,1,1,0,1,1,0,1,1,1,0,0,1,1,0,0,1,0,0,0,1,0,1,1,1,0,0,0,0,1,1,0,1,0,1,1,0,0,1,1,0,0,0,0,1,0,1,0,1,0,1,0,1,1,0,1,0,1,0,1,0,1,0,0,1,0,1,1,1,1,0,1,1,0,1,0,1,0,0,0,1,0,1,1,1,1,0,1,1,1,1,1,0,0,0,0,1,1,0,0,1,0,0,0,1,1,1,0,1,1,0,1,0,0,0,0,1,0,1,0,0,0,1,0,1,1,0,0,1,1,0,1,0,1,0,0,0,0,0,1,1,0,1,0,1,0,1,1,0,0,1,1,0,1,0,1,0,0,0,0,1,0,1,1,1,1,1,0,0,0,1,1,0,0,0,0,1,0,1,1,1,1,1,0,0,0,0,0,1,1,1,0,1,0,1,1,1,1,1,0,0,0,1,0,0,0,1,0,1,1,0,0,1,0,1,0,0,0,0,0,1,0,0,0,1,1,0,0,1,0,0,0,1,1,1,0,0,1,1,0,1,0,1,0,0,1,1,1,0,1,1,0,0,0,0,0,1,0,1,0,1,1,0,1,0,0,1,0,1,0,0,0,1,1,0,1,0,0,1,1,1,1,1,1,0,0,0,0,1,0,1,0,0,1,1,1,0,1,1,1,0,1,0,0,1,0,1,1,1,1,0,1,1,1,0,1,0,0,1,0,1,0,1,1,1,1,0,1,1,1,0,1,0,0,1,0,1,1,0,1,0,1,0,0,0,0,0,0,0,0,0,0.87327382314793622,0.0012817578393224994,4.286747539482719,2.180086976424811,3.496910048065919,4.0624399176012815,5.1859922178988329,5.9356374456397347,7.0637674525062941,10.397497520408942,9.1138780804150468,8.4054016937514291,9.6581063553826212,10.393774319066148,11.140764476997024,12.627145799954222,13.341115434500649,11.76873426413367,12.851636530098421,16.557869840543219,13.736598764019227,16.312932021057449,17.054428931105516,19.875303273060197,1.0650070552863524,3.400563759430919,0,0.024963245706175818,0,1
92,0,1,0,1,0,1,0,0,1,1,1,1,0,1,0,0,0,1,1,0,1,0,0,0,1,0,0,1,1,0,0,0,0,1,0,1,1,1,1,1,1,1,1,1,1,1,1,0,0,1,0,0,0,0,1,0,0,1,0,1,1,0,1,0,0,1,0,1,1,0,0,1,0,1,1,1,1,1,0,1,0,1,0,1,0,1,1,0,1,0,0,1,1,0,0,0,0,1,0,1,1,1,1,0,1,1,1,0,1,1,0,0,0,1,0,1,1,1,1,0,1,1,1,1,1,0,0,0,0,1,1,0,0,1,0,0,0,1,1,1,0,1,1,0,1,0,0,0,0,1,0,1,0,0,0,1,0,1,0,1,0,1,1,0,1,0,1,0,0,0,0,0,1,1,0,0,0,1,0,1,1,0,0,1,1,0,1,0,0,1,0,0,0,1,0,1,1,1,1,1,0,0,0,0,0,0,0,1,0,1,0,1,1,1,1,1,0,0,0,1,0,1,0,1,0,1,0,1,1,1,1,1,0,0,0,1,0,0,1,1,0,1,1,0,0,1,0,0,0,0,0,1,1,1,0,0,0,1,1,0,0,1,0,0,0,1,1,1,1,1,0,0,0,1,0,1,0,0,1,1,1,0,1,1,0,1,1,1,0,1,0,1,0,1,1,0,1,0,1,1,0,1,0,0,0,1,1,0,1,0,0,1,1,1,1,1,1,0,1,0,0,1,0,1,0,0,1,1,1,0,1,1,0,0,1,1,0,1,0,1,0,1,1,0,1,1,0,0,0,0,0,1,0,1,0,1,1,1,1,0,1,1,1,1,1,1,0,1,0,1,1,0,1,0,1,0,0,0,0,0,0,0,0,0,0.66370641641870753,1.6343022812237735,2.2498512245365072,2.0735179674982835,3.4956893263141833,4.0591439688715951,5.1911192492561229,5.9356374456397347,7.0637674525062941,10.397192339971008,9.1135423819333194,8.4039368276493462,9.6489814602883968,10.399755855649653,11.141680018310826,12.513862821393149,13.345784695201038,11.772579537651637,12.870191500724804,16.559090562294955,13.732112611581599,14.911055161364157,17.068467231250477,19.875303273060197,0.29000605753188952,3.96577035979888,0,0.024873688837912862,0,1
93,0,1,0,1,0,1,0,1,1,1,0,1,1,1,1,0,0,0,1,0,0,0,0,0,1,0,0,1,0,1,0,1,0,0,0,1,1,0,1,1,1,1,1,0,0,1,1,0,0,1,0,0,0,0,1,1,1,0,0,1,0,1,1,0,0,1,0,1,1,0,0,1,1,1,1,0,0,1,1,1,0,1,0,1,1,1,1,0,1,0,0,0,1,1,1,0,0,1,0,1,1,1,1,0,1,1,1,1,1,0,0,0,0,1,0,1,1,1,1,1,1,1,1,0,1,0,0,0,0,1,1,0,0,1,0,0,0,0,1,1,1,1,1,0,1,0,0,0,0,1,0,1,0,1,0,1,0,1,1,1,0,1,1,0,1,0,1,0,0,0,0,0,1,1,1,0,0,1,0,1,1,0,0,1,1,0,1,0,0,1,1,0,0,1,0,1,1,1,1,1,0,0,0,0,0,0,0,0,0,1,0,1,1,1,1,1,0,0,0,0,0,1,1,1,0,1,0,1,1,1,1,1,0,1,0,1,0,1,0,1,0,1,1,0,0,1,0,0,0,0,0,0,1,1,0,1,0,1,1,0,0,1,0,0,0,1,1,1,0,1,1,0,0,1,0,1,0,0,1,1,1,0,1,1,1,1,1,0,0,1,0,1,0,1,1,0,1,0,1,1,0,0,0,0,0,1,1,0,1,0,0,1,1,1,0,1,1,0,1,0,0,1,0,1,0,0,1,1,1,0,1,1,0,1,1,1,0,1,0,1,0,1,1,0,1,1,0,0,0,1,0,1,0,1,0,1,1,1,1,0,1,1,1,1,1,1,1,1,0,1,1,0,1,0,1,0,0,0,0,0,0,0,0,0,0.67084763866636143,0.50910200656137938,0.65387960631723507,2.112092774853132,3.5118638895246814,4.4323186083772033,5.1936827649347679,5.9942320897230488,7.0483863584344242,10.417334248874647,9.1142137788967741,8.4046692607003877,9.6485847257190827,10.393774319066148,11.171892881666285,12.506538490882734,13.342671854734112,11.776424811169605,12.867872129396506,16.539559014267184,13.734676127260244,14.913740749217975,17.069871061264973,19.875303273060197,0.91612924666391715,3.5746582976366348,0,0.024802789561219524,0,1
94,1,1,1,1,1,0,0,1,1,1,1,0,1,1,1,1,0,0,0,0,0,0,0,0,0,1,0,1,1,0,0,1,1,0,1,1,1,1,0,1,0,0,1,1,0,0,1,1,1,0,0,0,0,0,1,0,0,1,0,1,1,1,1,0,0,1,0,1,1,0,0,1,0,1,1,0,1,1,0,0,0,1,0,1,0,1,1,0,1,0,0,1,1,1,0,0,0,1,0,1,0,1,1,0,1,0,1,1,1,0,1,0,0,1,0,1,1,1,1,0,1,1,1,1,0,0,1,0,0,1,1,0,0,1,0,0,0,1,1,1,0,1,1,0,1,0,0,0,0,1,0,1,0,1,0,1,1,1,0,0,0,1,1,0,1,0,1,0,0,0,1,0,1,1,0,0,0,1,0,1,1,0,0,1,1,0,1,1,0,1,0,0,0,1,0,1,1,1,1,1,0,0,0,0,0,0,0,0,0,1,0,1,1,1,1,1,0,0,0,0,0,1,1,1,0,1,0,1,1,1,1,1,0,0,0,1,0,0,0,1,0,1,1,0,0,1,0,0,0,0,0,0,1,1,0,1,0,1,1,0,0,1,0,0,0,1,1,1,1,0,1,0,0,1,0,1,0,0,1,1,1,0,1,1,0,1,1,0,0,1,0,1,0,1,1,0,1,0,1,1,0,0,0,0,0,1,1,0,1,0,0,1,1,1,1,1,0,0,1,0,0,1,0,1,0,0,1,1,1,0,1,1,0,1,1,1,0,1,0,1,0,1,1,0,1,1,0,0,0,0,0,1,0,1,0,1,1,1,1,0,1,1,1,1,0,1,1,1,0,1,1,0,1,0,1,0,0,0,0,0,0,0,0,0,1.9526359960326543,0.0054322117952239259,4.4344243533989474,4.0740367742427708,3.4930952925917449,4.0598764019226365,4.7429312581063554,5.9341725795376519,7.0637674525062941,10.418860151064317,9.1242847333485937,8.4097962920576776,9.6485847257190827,10.393774319066148,11.140764476997024,12.506538490882734,13.344747081712063,11.772030212863356,12.867872129396506,16.554207675288012,13.734676127260244,14.911055161364157,17.064255741206988,19.875303273060197,1.6665908210263889,2.237922226303485,0,0.02470374703840859,0,1
95,1,1,1,1,1,0,0,1,1,1,1,0,1,1,1,1,0,0,1,0,0,0,0,1,0,1,0,1,1,0,0,1,0,0,1,1,1,1,0,1,1,0,0,0,0,0,1,0,0,1,0,1,0,0,0,0,1,1,1,0,0,0,1,1,0,1,0,1,1,0,0,1,1,0,1,0,0,1,0,1,0,1,0,1,0,1,1,0,1,0,0,1,1,1,0,1,0,1,0,1,1,1,1,0,1,1,1,0,1,0,0,0,0,1,0,1,1,1,1,0,1,1,1,1,1,0,0,0,0,1,1,0,0,1,0,0,0,1,1,1,1,1,1,0,1,0,0,0,0,1,0,1,0,0,0,1,0,1,1,1,0,1,1,0,1,0,1,0,0,0,1,1,1,1,0,1,0,1,0,1,1,0,0,1,1,0,1,0,0,1,0,0,0,1,0,1,1,1,1,1,0,0,0,0,1,0,0,0,0,1,0,1,1,1,1,1,0,0,0,1,0,1,1,1,0,1,0,1,1,1,1,1,0,0,0,1,0,1,0,1,0,1,1,0,0,1,0,1,0,0,0,0,0,1,1,0,0,1,1,0,0,1,0,0,0,1,1,1,1,1,1,0,0,1,0,1,0,0,1,1,1,0,1,1,0,1,1,0,0,1,0,1,0,1,1,0,1,0,1,1,0,0,0,0,0,1,1,0,1,0,0,1,1,1,1,1,0,0,1,1,0,1,0,1,0,0,1,1,1,0,1,1,0,0,1,1,0,1,0,1,0,1,1,0,1,1,0,0,0,0,0,1,0,1,0,1,1,1,1,0,1,1,1,1,1,1,1,0,0,1,1,0,1,0,1,0,0,0,0,0,0,0,0,0,1.9526359960326543,0.52106507972838945,1.4416113527122911,2.5277485313191423,3.5017929350728618,4.0600595101853969,5.1902647440299079,5.9356374456397347,7.0659647516594184,10.397802700846876,9.1299916075379581,8.4039368276493462,9.6517586022735955,10.400610360875868,11.142595559624628,12.628122377355611,13.346822308690014,11.772030212863356,12.867872129396506,16.55481803616388,13.732112611581599,14.911055161364157,17.069169146257725,19.875303273060197,1.1404773109643367,3.301616726534558,0,0.024095912077330278,0,1
96,0,1,0,1,0,1,0,0,0,1,0,0,1,0,0,0,0,0,1,0,0,0,1,1,1,1,0,0,1,0,0,0,1,1,0,1,1,1,1,1,1,1,1,1,1,0,1,0,0,1,0,1,0,0,1,0,0,1,0,1,1,1,1,0,0,1,0,1,1,0,0,1,0,1,1,0,1,1,0,0,0,1,1,1,0,1,1,0,1,0,0,1,0,1,0,0,0,1,0,1,1,1,1,0,1,1,1,0,1,1,1,0,0,1,0,1,1,1,1,0,1,1,1,1,1,0,1,0,0,1,1,0,0,1,0,0,0,1,1,0,1,1,0,1,1,0,0,0,0,1,0,1,0,0,0,1,0,1,1,0,0,1,1,0,1,0,1,0,0,0,0,0,0,1,0,0,0,1,0,1,1,0,0,1,1,0,1,0,0,1,0,0,0,1,0,1,1,1,1,1,0,0,0,0,0,0,0,0,0,1,0,1,1,1,1,1,0,0,0,1,0,1,1,1,0,1,0,1,1,1,1,1,0,0,0,1,0,0,0,1,0,1,1,0,0,1,0,0,1,0,0,0,1,1,0,0,0,1,1,0,0,1,0,0,0,1,1,1,1,1,1,0,0,1,0,1,0,0,1,1,1,0,1,1,0,1,1,0,0,1,0,1,0,1,1,0,1,0,1,1,0,0,0,0,0,1,1,0,1,0,0,1,1,1,1,0,0,0,1,0,0,1,0,1,0,0,1,1,1,0,1,1,1,0,1,1,0,1,0,1,0,1,1,0,1,1,0,0,0,0,0,1,0,1,0,1,1,1,1,0,1,1,1,1,1,1,1,0,0,1,1,0,1,0,1,0,0,0,0,0,0,1,0,0,0.65845731288624398,0.55909056229495691,5.2495307850766766,2.5740138857099262,3.4930952925917449,5.5584344243533987,5.1915465018692304,5.936125734340429,7.0612954909590293,10.397497520408942,9.1108567940795009,8.4039368276493462,9.6485847257190827,10.400610360875868,11.140764476997024,12.568551155870908,13.346822308690014,11.772030212863356,12.867872129396506,16.544441901274126,13.737239642938889,14.911055161364157,17.069169146257725,19.878233005264363,1.0093526772320089,3.4811030695487828,0,0.02387076333254002,0,1
97,1,1,1,1,1,1,1,0,1,1,0,0,1,1,1,1,0,0,0,0,0,0,0,1,0,0,0,0,1,0,0,1,0,1,1,1,1,1,1,0,1,1,0,1,1,0,0,0,0,0,0,0,1,0,1,0,1,1,0,1,1,0,1,1,0,1,0,1,1,0,0,1,0,1,1,1,0,1,1,0,0,1,0,1,0,1,1,0,1,0,0,1,1,1,1,0,0,1,0,1,1,1,1,0,1,1,1,0,1,1,0,0,0,1,0,1,1,1,1,0,1,1,1,1,1,0,0,0,0,1,1,0,0,1,0,0,0,1,1,1,0,1,1,0,1,0,0,0,0,1,0,0,0,0,0,1,0,1,0,1,0,1,1,0,1,0,1,0,0,0,0,0,1,1,0,0,0,1,0,1,1,0,0,1,1,0,1,0,0,1,0,0,0,1,0,1,1,1,1,1,0,0,0,0,0,0,0,1,0,1,0,1,1,1,1,1,0,0,0,1,0,1,0,1,0,1,0,1,1,1,1,1,0,0,0,1,0,0,1,1,0,1,1,0,0,1,0,0,0,0,0,0,1,1,0,0,0,1,1,0,0,1,0,0,0,1,1,1,1,1,1,0,0,1,0,1,0,0,1,1,1,0,1,1,0,1,1,1,0,1,0,1,0,1,1,0,1,0,1,1,0,1,0,0,0,1,1,0,1,0,0,1,1,1,1,1,0,0,1,0,0,1,0,1,0,0,1,1,1,0,1,1,0,0,1,1,0,1,0,1,0,1,1,0,1,1,0,0,0,0,0,1,0,1,0,1,1,1,1,0,1,1,1,1,1,1,1,0,0,1,1,0,1,0,1,0,0,0,0,0,0,1,0,1,1.9907225146868086,0.016174563210498209,2.9729457541771573,0.33923857480735486,3.4946211947814145,4.0602426184481573,5.1911192492561229,5.9356374456397347,7.0637674525062941,10.319066147859923,9.1135423819333194,8.4039368276493462,9.6489814602883968,10.399755855649653,11.141680018310826,12.50605020218204,13.346822308690014,11.772579537651637,12.870191500724804,16.554207675288012,13.732112611581599,14.911055161364157,17.069169146257725,19.878965438315404,1.6957297744076889,2.1601198653912168,0,0.023724465208799016,0,1
98,0,1,1,1,0,1,1,0,1,0,0,0,0,0,1,0,0,1,1,0,0,0,1,0,1,0,0,1,0,0,0,1,0,1,0,1,0,1,1,1,1,0,0,0,0,0,1,0,0,1,0,1,0,1,0,0,1,1,0,1,0,0,1,1,0,1,0,1,1,0,0,1,1,0,1,0,0,1,0,1,0,1,0,1,0,1,1,0,1,0,0,1,1,1,0,1,0,1,0,1,1,1,1,0,1,1,1,0,1,0,0,0,0,1,0,1,1,1,1,0,1,1,1,1,1,0,0,0,0,1,1,0,0,1,0,0,0,1,1,1,0,1,1,0,1,0,0,0,0,1,0,1,0,0,0,1,0,1,1,1,0,1,1,0,1,0,1,0,0,0,0,0,1,1,0,1,0,1,0,1,1,0,0,1,0,0,1,0,1,0,0,0,0,1,0,1,1,1,1,1,0,0,0,0,1,0,0,0,0,1,0,1,1,1,1,1,0,0,0,0,0,1,1,1,0,1,0,1,1,1,1,1,0,0,0,1,0,0,0,1,0,1,1,0,0,1,0,1,0,0,0,0,0,1,0,0,0,1,1,0,0,1,0,0,0,1,1,1,0,0,1,1,0,1,0,1,0,0,1,1,1,0,1,1,0,0,0,0,0,1,0,1,0,1,1,0,1,0,0,1,0,1,0,0,0,1,1,0,1,0,0,1,1,1,1,1,1,0,0,0,0,1,0,1,0,0,1,0,1,0,1,1,1,0,1,0,0,1,0,1,1,1,1,0,1,1,1,0,1,0,0,1,0,1,0,1,1,1,1,0,1,1,1,0,1,0,0,1,0,1,1,0,1,0,1,0,0,0,0,0,0,0,0,0,0.92585641260395213,1.5401235980773633,2.0509956511787593,2.6507972838941023,3.5017929350728618,4.0600595101853969,5.1902647440299079,5.9356374456397347,7.0637674525062941,10.397802700846876,9.1138780804150468,8.3585259784847779,9.6517586022735955,10.393774319066148,11.140764476997024,12.627145799954222,13.341115434500649,11.76873426413367,12.851636530098421,16.557869840543219,13.572533760585948,16.312932021057449,17.054428931105516,19.875303273060197,0.41962210150264206,3.9317884881999654,0,0.02366133745354787,0,1
99,1,1,1,1,1,1,1,0,1,1,1,0,1,1,1,1,0,0,0,0,0,0,0,1,0,0,0,1,0,0,0,1,1,1,0,1,1,1,1,1,1,1,0,1,1,0,0,0,0,0,0,0,1,0,1,0,1,0,0,1,1,1,0,0,0,1,0,1,1,0,0,1,1,0,1,0,0,1,0,1,0,1,0,1,0,1,1,0,1,0,0,1,1,1,0,1,0,1,0,1,1,1,1,0,1,1,1,0,1,0,0,0,0,1,0,1,1,1,1,0,1,1,1,1,1,0,0,0,0,1,1,0,0,1,0,0,0,1,1,1,1,1,1,0,1,0,0,0,0,1,0,1,0,0,0,1,0,1,1,1,0,1,1,0,1,0,1,0,0,0,1,1,1,1,0,1,0,1,0,1,1,0,0,1,1,0,1,0,0,1,0,0,0,1,0,1,1,1,1,1,0,0,0,0,1,0,0,0,0,1,0,1,1,1,1,1,0,0,0,1,0,1,1,1,0,1,0,1,1,1,1,1,0,0,0,1,0,1,0,1,0,1,1,0,0,1,0,1,0,0,0,0,0,1,1,0,0,1,1,0,0,1,0,0,0,1,1,1,1,1,1,0,0,1,0,1,0,0,1,1,1,0,1,1,0,1,1,0,0,1,0,1,0,1,1,0,1,0,1,1,0,0,0,0,0,1,1,0,1,0,0,1,1,1,1,1,0,0,1,1,0,1,0,1,0,0,1,1,1,0,1,1,0,0,1,1,0,1,0,1,0,1,1,0,1,1,0,0,0,1,0,1,0,1,0,1,1,1,1,0,1,1,1,1,1,1,1,0,0,1,1,0,1,0,1,0,0,0,0,0,0,0,0,0,1.9916990920881972,0.016662851911192492,5.2464179446097505,0.33154802777141984,3.5017929350728618,4.0600595101853969,5.1902647440299079,5.9356374456397347,7.0659647516594184,10.397802700846876,9.1299916075379581,8.4039368276493462,9.6517586022735955,10.400610360875868,11.142595559624628,12.628122377355611,13.346822308690014,11.772030212863356,12.867872129396506,16.55481803616388,13.732112611581599,14.913740749217975,17.069169146257725,19.875303273060197,1.892442247581783,1.3387944753257905,0,0.023045439294647366,0,1
100,1,1,1,1,1,1,1,1,1,1,0,1,1,1,0,1,0,1,0,0,1,0,0,0,0,1,0,0,1,0,0,1,1,1,1,1,1,1,1,1,1,0,0,0,0,0,0,1,0,0,0,0,0,0,0,0,1,1,0,0,0,0,1,1,0,1,0,1,1,0,0,1,1,0,1,0,0,1,0,1,0,1,0,1,0,1,1,0,1,0,0,1,1,1,0,0,0,1,0,1,1,1,1,0,1,1,1,0,1,1,1,0,0,1,0,1,1,1,1,0,1,1,1,1,1,0,1,0,0,1,1,0,0,1,0,0,0,1,1,0,1,1,1,1,1,0,0,1,0,1,0,1,0,0,1,1,0,0,1,0,0,1,1,0,1,0,1,0,0,0,0,0,0,1,0,0,0,1,0,1,1,0,0,1,1,0,1,0,0,1,0,0,0,1,0,1,1,1,1,1,0,0,0,0,0,0,0,0,0,1,0,1,1,1,1,1,0,0,0,1,0,1,1,1,0,1,0,1,1,1,1,1,0,0,0,1,1,0,0,1,0,1,1,0,0,1,0,0,0,0,0,0,1,1,0,0,0,1,1,0,0,1,0,0,0,1,1,1,0,1,1,0,0,1,0,1,0,0,1,1,1,0,1,1,0,1,1,0,0,1,0,1,0,1,1,0,1,0,1,1,0,0,0,0,0,1,1,0,1,0,0,1,1,1,1,1,0,0,1,1,0,1,0,1,0,0,1,1,1,0,1,1,0,1,1,1,0,1,0,1,0,1,1,0,1,1,0,0,0,0,0,1,0,1,0,1,1,1,1,1,1,1,1,1,0,1,1,1,0,1,1,0,1,0,1,1,0,0,0,0,0,0,0,0,1.9989623865110246,1.1294728007934691,5.9884641794460975,0.023804074158846417,3.5017929350728618,4.0598764019226365,5.1915465018692304,5.936125734340429,7.0618448157473104,11.656061646448464,9.1108567940795009,8.4039368276493462,9.6485847257190827,10.400610360875868,11.144426642252231,12.50605020218204,13.342671854734112,11.772030212863356,12.867872129396506,16.55481803616388,13.734676127260244,14.911055161364157,17.243945983062485,20.062806134126802,1.8387885533097095,1.650666501094598,0,0.02288286994872956,0,1
101,0,1,1,1,1,1,1,1,1,1,0,0,0,1,1,1,0,0,0,0,0,0,0,0,0,0,0,1,0,1,0,1,1,0,1,1,1,1,0,0,1,1,1,0,0,1,1,0,0,1,0,0,0,1,0,0,1,1,0,0,0,0,1,1,0,1,0,1,1,0,0,1,1,0,1,0,0,1,0,1,0,1,0,1,0,1,1,0,1,0,0,1,1,1,0,0,0,1,0,1,1,1,1,0,1,1,1,0,1,1,1,0,0,1,0,1,1,1,1,0,1,1,1,1,1,0,1,0,0,1,1,0,0,1,0,0,0,1,1,0,1,1,1,1,1,0,0,0,0,1,0,1,0,0,1,1,0,0,1,0,0,1,1,0,1,0,1,0,0,0,0,0,0,1,0,0,0,1,0,1,1,0,0,1,1,0,1,0,0,1,0,0,0,1,0,1,1,1,1,1,0,0,0,0,0,0,0,1,0,1,0,1,1,1,1,1,0,0,0,1,0,1,1,1,0,1,0,1,1,1,1,1,0,0,0,1,0,0,0,1,0,1,1,0,0,1,0,0,0,0,0,0,1,1,0,0,0,1,1,0,0,1,0,0,0,1,1,1,1,1,1,0,0,1,0,1,0,0,1,1,1,0,1,1,1,1,1,0,0,1,0,1,0,1,1,0,1,0,1,1,0,0,0,0,0,1,1,0,1,0,0,1,1,1,0,1,1,0,1,0,0,1,0,1,0,0,1,1,1,0,1,1,1,0,1,1,0,1,0,1,0,1,1,0,1,1,0,0,0,0,0,1,0,1,0,1,1,1,1,0,1,1,1,1,0,1,1,0,0,1,1,0,1,0,1,0,0,0,0,0,0,1,0,0,0.99827573052567331,0.0012817578393224994,4.4273746852826736,2.1488364995803768,3.5017929350728618,4.0598764019226365,5.1915465018692304,5.936125734340429,7.0618448157473104,10.406042572671092,9.1108567940795009,8.4039368276493462,9.6489814602883968,10.400610360875868,11.140764476997024,12.50605020218204,13.346822308690014,11.776424811169605,12.867872129396506,16.539559014267184,13.737239642938889,14.911055161364157,17.06355382619974,19.878233005264363,1.0877723794604142,3.3708778890873878,0,0.022822235059745011,0,1
102,0,1,0,1,0,1,1,1,1,1,1,0,1,0,1,0,0,1,0,0,1,0,0,0,0,1,0,0,1,0,0,1,1,1,1,1,1,1,1,1,1,0,0,1,0,0,0,1,0,0,0,0,0,0,0,0,1,1,0,1,1,0,0,0,0,1,0,1,1,0,0,1,0,1,1,1,1,1,0,1,0,1,0,1,0,1,1,0,1,1,0,1,1,1,0,0,0,1,0,1,1,1,1,0,1,1,1,1,1,0,0,1,0,1,0,1,1,1,1,0,1,1,1,1,1,1,0,0,0,1,1,0,0,1,0,0,0,1,1,1,0,1,1,0,1,0,0,0,0,1,0,1,0,0,1,1,0,0,0,0,0,1,1,0,1,0,1,0,0,0,0,0,1,1,1,0,0,1,0,1,1,0,0,1,1,0,1,0,0,1,0,0,0,1,0,1,1,1,1,1,0,1,0,0,0,0,0,0,0,1,0,1,1,1,1,1,0,0,0,0,0,1,1,1,0,1,0,1,1,1,1,1,0,0,0,1,0,0,0,1,0,1,1,0,0,1,0,1,0,0,0,1,0,1,0,0,0,1,1,0,0,1,0,0,0,0,1,1,1,1,0,0,0,1,0,1,0,0,1,1,1,0,1,1,0,1,1,0,0,1,0,1,0,1,1,0,1,0,1,1,0,0,0,0,0,1,1,0,1,0,0,1,1,1,1,0,0,0,1,0,0,1,0,1,0,0,1,1,1,0,1,1,1,0,1,1,0,1,0,1,0,1,1,0,1,1,0,0,0,0,0,1,0,1,0,1,1,1,1,0,1,1,1,1,1,1,1,0,0,1,1,0,1,0,1,0,0,0,0,0,0,0,0,0,0.68683909361409934,1.1294728007934691,5.9899290455481804,0.026367589837491417,3.4956893263141833,4.0715953307392994,5.1938963912413216,5.9366140230411233,7.0637674525062941,10.405432211795224,9.1142137788967741,8.4039368276493462,9.6739757381551854,10.393774319066148,11.140764476997024,12.634958419165331,13.312581063553827,11.772030212863356,12.867872129396506,16.544441901274126,13.737239642938889,14.911055161364157,17.069169146257725,19.875303273060197,1.462329389114799,2.7514434278195474,0,0.022675797647620358,0,1
103,1,1,1,1,1,1,1,0,1,1,0,0,1,0,1,1,0,0,0,0,0,0,0,1,0,0,0,0,1,0,1,1,1,1,0,1,1,1,1,1,1,1,1,0,1,1,1,0,0,1,1,0,0,0,0,0,1,1,0,0,0,1,0,0,0,1,0,1,1,0,0,1,1,0,1,0,0,1,1,1,0,1,0,1,0,1,1,0,1,0,0,1,1,1,0,1,0,1,0,1,0,1,1,0,1,1,1,0,1,0,0,1,0,1,0,1,1,1,1,0,1,1,1,1,1,0,0,0,0,1,1,0,0,1,0,0,1,1,1,1,0,1,1,0,1,0,0,0,0,1,0,1,0,0,1,1,0,0,0,0,0,1,1,0,1,0,1,1,0,0,0,0,1,1,0,0,0,1,0,1,1,0,0,1,1,0,0,0,0,1,0,0,0,1,0,1,1,1,1,1,0,0,0,0,1,0,1,0,0,1,0,1,1,1,1,1,0,0,0,0,0,1,1,1,0,1,0,1,1,1,1,1,0,1,0,1,1,1,0,1,0,1,1,0,0,1,0,0,0,0,0,0,1,1,0,1,0,1,1,0,0,1,0,0,0,1,1,1,0,1,1,0,0,1,0,1,0,0,1,1,1,0,1,1,1,1,1,0,0,1,0,1,0,1,1,0,1,0,0,1,0,0,0,0,0,1,1,0,1,0,0,1,1,1,0,1,1,0,1,0,0,1,0,1,0,0,1,1,1,0,1,1,0,1,1,1,0,1,0,1,0,1,1,0,1,1,0,0,0,1,0,1,0,1,0,1,1,1,1,0,1,1,1,1,1,1,1,1,0,1,1,0,1,0,1,0,0,0,1,0,0,0,0,0,1.990600442511635,0.01629663538567178,5.2484321355001144,3.02397192339971,3.5020981155107958,4.0600595101853969,4.7529716945143816,5.9356374456397347,7.0989242389562826,10.405432211795224,9.1994811932555134,8.3922178988326834,9.6525520714122237,10.393774319066148,11.175555046921492,12.506538490882734,13.342671854734112,11.776424811169605,12.849317158770123,16.539559014267184,13.734676127260244,14.913740749217975,17.069871061264973,19.898741130693523,1.7035023764726172,2.1407476676942578,0,0.022648952405049168,0,1
104,0,0,1,1,1,1,1,1,0,1,0,1,0,0,1,1,0,0,1,0,0,0,1,0,1,0,0,1,0,0,0,1,0,1,0,1,0,1,1,1,1,0,0,0,0,0,1,0,0,1,0,1,0,1,0,0,1,1,0,1,0,0,1,1,0,1,0,1,1,0,0,1,1,0,1,0,0,1,0,1,0,1,0,1,0,1,1,0,1,0,0,1,1,1,0,1,0,1,0,1,1,1,1,0,1,1,1,0,1,0,0,0,0,1,0,1,1,1,1,0,1,1,1,1,1,0,0,0,0,1,1,0,0,1,0,0,0,1,1,1,0,1,1,0,1,0,0,0,0,1,0,1,0,0,0,1,0,1,1,1,0,1,1,0,1,0,1,0,0,0,0,0,1,1,0,1,0,1,0,1,1,0,0,1,1,0,1,0,1,0,0,0,0,1,0,1,1,1,1,1,0,0,0,0,1,0,0,0,0,1,0,1,1,1,1,1,0,0,0,0,0,1,1,1,0,1,0,1,1,1,1,1,0,0,0,1,0,0,0,1,0,1,1,0,0,1,0,1,0,0,0,0,0,1,0,0,0,1,1,0,0,1,0,0,0,1,1,1,0,0,1,1,0,1,0,1,0,0,1,1,1,0,1,1,0,0,0,0,0,1,0,1,0,1,1,0,1,0,0,1,0,1,0,0,0,1,1,0,1,0,0,1,1,1,1,1,1,0,0,0,0,1,0,1,0,0,1,1,1,0,1,1,1,0,1,0,0,1,0,1,1,1,1,0,1,1,1,0,1,0,0,1,0,1,0,1,1,1,1,0,1,1,1,0,1,0,0,1,0,1,1,0,1,0,1,0,0,0,0,0,0,0,0,0,0.49472800793469141,0.54010833905546651,2.0509956511787593,2.6507972838941023,3.5017929350728618,4.0600595101853969,5.1902647440299079,5.9356374456397347,7.0637674525062941,10.397802700846876,9.1138780804150468,8.4054016937514291,9.6517586022735955,10.393774319066148,11.140764476997024,12.627145799954222,13.341115434500649,11.76873426413367,12.851636530098421,16.557869840543219,13.736598764019227,16.312932021057449,17.054428931105516,19.875303273060197,0.57300982247008969,3.8426416486330761,0,0.022507105025636867,0,1
105,0,1,1,1,1,0,1,1,1,0,0,0,1,1,1,0,0,0,0,0,0,0,0,0,0,0,0,1,1,1,0,1,1,1,1,1,1,1,1,1,0,0,0,0,0,0,1,0,0,1,1,1,0,1,0,0,1,1,0,1,0,0,1,1,0,1,0,1,1,0,0,1,1,0,1,0,0,1,0,1,0,1,0,1,0,1,1,0,1,0,0,1,1,1,0,1,0,1,0,1,1,1,1,0,1,1,1,0,1,0,0,0,0,1,0,1,1,1,1,0,1,1,1,1,1,0,0,1,0,1,1,0,0,1,0,0,0,1,0,1,0,1,1,0,1,0,0,0,0,1,0,1,1,0,1,1,0,0,0,0,0,1,1,0,1,0,1,0,0,0,0,0,1,1,0,0,0,1,0,1,1,0,0,1,1,0,1,0,0,1,0,1,0,1,0,1,1,1,1,1,0,0,0,0,0,0,0,0,0,1,0,1,1,1,1,1,0,0,0,1,0,1,0,1,0,1,0,1,1,1,1,1,0,0,0,1,0,0,1,1,0,1,1,0,0,1,0,0,0,0,0,0,1,1,0,0,0,1,1,0,0,1,0,0,0,1,1,1,1,1,1,0,0,1,0,1,0,0,1,1,1,0,1,1,0,1,1,1,0,1,0,1,0,1,1,0,1,0,1,1,0,1,0,0,0,1,1,0,1,0,0,1,1,1,1,1,0,0,1,0,0,1,0,1,0,0,1,1,1,0,1,1,0,0,1,1,0,1,0,1,0,1,1,0,1,1,0,0,0,0,0,1,0,1,0,1,1,1,1,0,1,1,1,1,1,1,1,0,0,1,1,0,1,0,1,0,0,0,0,0,0,1,0,1,0.96528572518501565,0.0017700465400167849,5.9768368047608149,3.650812542915999,3.5017929350728618,4.0600595101853969,5.1902647440299079,5.9358815899900819,7.054978255893797,10.444495307850767,9.1135423819333194,8.404303044174867,9.6485847257190827,10.399755855649653,11.141680018310826,12.50605020218204,13.346822308690014,11.772579537651637,12.870191500724804,16.554207675288012,13.732112611581599,14.911055161364157,17.069169146257725,19.878965438315404,1.4562589523144769,2.763164559272663,0,0.022358663104095813,0,1
106,1,0,1,1,1,1,1,1,1,1,1,0,1,1,1,0,0,0,0,0,0,1,0,0,0,0,0,1,1,1,0,0,1,1,1,1,0,1,1,1,1,1,1,1,1,0,1,1,0,0,0,0,0,0,1,0,0,1,0,1,1,1,1,0,0,1,0,1,1,0,0,1,1,0,1,0,0,1,0,1,0,1,0,1,0,1,1,0,1,0,0,1,1,1,0,1,0,1,0,1,1,1,1,0,1,1,1,0,1,0,0,0,0,1,0,1,1,1,1,0,1,1,1,1,1,0,0,1,0,1,1,0,0,1,0,0,0,1,0,1,0,1,1,0,1,0,0,0,0,1,0,1,1,0,1,1,0,0,0,0,0,1,1,0,1,0,1,0,0,0,0,0,1,1,0,0,0,1,0,1,1,0,0,1,1,0,1,0,0,1,0,1,0,1,0,1,1,1,1,1,0,0,0,0,0,0,0,0,0,1,0,1,1,1,1,1,0,0,0,1,0,1,0,1,0,1,0,1,1,1,1,1,0,0,0,1,0,0,1,1,0,1,1,0,0,1,0,0,0,0,0,0,1,1,0,0,0,1,1,0,0,1,0,0,0,1,1,1,1,1,1,0,0,1,0,1,0,0,1,1,1,0,1,1,0,1,1,1,0,1,0,1,0,1,1,0,1,0,1,1,0,1,0,0,0,1,1,0,1,0,0,1,1,1,1,1,0,0,1,0,0,1,0,1,0,0,1,1,1,0,1,1,0,0,1,1,0,1,0,1,0,1,1,0,1,1,0,0,0,0,0,1,0,1,0,1,1,1,1,0,1,1,1,1,1,1,1,1,0,1,1,0,1,0,1,0,0,0,0,0,0,0,0,1,1.499473563744564,0.064209964141298537,5.8121309224078734,0.073975738155184254,3.5017929350728618,4.0600595101853969,5.1902647440299079,5.9358815899900819,7.054978255893797,10.444495307850767,9.1135423819333194,8.404303044174867,9.6485847257190827,10.399755855649653,11.141680018310826,12.50605020218204,13.346822308690014,11.772579537651637,12.870191500724804,16.554207675288012,13.732112611581599,14.911055161364157,17.069871061264973,19.876035706111239,1.7988222777404552,1.7832701282156245,0,0.022148566410847344,0,1
107,1,1,1,1,1,1,1,1,0,1,0,0,0,0,1,0,0,0,0,0,0,0,1,0,0,0,0,1,0,0,0,1,1,1,1,1,1,1,1,1,1,1,0,1,1,0,0,1,0,0,1,0,1,1,1,0,1,0,1,0,0,0,1,1,0,1,0,1,1,0,0,1,1,0,1,0,0,1,0,1,0,1,0,1,0,1,1,0,1,0,0,1,1,1,0,1,0,1,0,1,1,1,1,0,1,1,1,0,1,0,0,0,0,1,0,1,1,1,1,0,1,1,1,1,1,0,0,0,0,1,1,0,0,1,0,0,0,1,1,1,0,1,1,0,1,0,0,0,0,1,0,1,1,0,0,1,0,1,1,0,0,1,1,0,1,0,1,0,0,0,0,0,1,1,1,0,0,1,0,1,1,0,0,1,1,0,0,0,0,1,0,0,0,1,0,1,1,1,1,1,0,0,0,0,0,0,0,0,0,1,0,1,1,1,1,1,0,0,0,1,0,1,1,1,0,1,0,1,1,1,1,1,0,0,0,1,0,0,0,0,0,1,1,0,0,1,0,0,0,0,0,0,1,1,0,0,0,1,1,0,0,1,0,0,0,1,1,1,1,1,1,0,0,1,0,1,0,0,1,1,1,0,1,1,0,1,1,0,0,1,0,1,0,1,1,0,1,0,1,1,1,0,0,0,0,1,1,0,1,0,0,1,1,1,1,1,0,0,1,0,0,1,0,1,0,0,1,1,1,0,1,1,0,1,1,1,0,1,0,1,0,1,1,0,1,1,0,0,0,0,0,0,0,1,0,1,1,1,1,0,1,1,1,1,1,1,1,1,0,1,1,0,1,0,1,0,0,0,0,0,0,0,0,1,1.9942320897230488,0.032288090333409632,5.9965209430075532,1.4574196993972686,3.5017929350728618,4.0600595101853969,5.1902647440299079,5.9356374456397347,7.0637674525062941,10.436560616464485,9.1142137788967741,8.3922178988326834,9.6485847257190827,10.400610360875868,11.140306706340123,12.50605020218204,13.346822308690014,11.772030212863356,12.872510872053102,16.554207675288012,13.734676127260244,14.910383764400702,17.069871061264973,19.876035706111239,1.8963076341998224,1.3168272919856401,0,0.022140660509616699,0,1
108,1,1,1,1,1,1,1,1,1,1,0,1,1,1,1,1,0,1,0,0,1,0,0,0,0,1,0,0,1,0,0,1,1,1,1,1,1,1,1,1,1,0,0,0,0,0,0,1,0,0,0,0,0,0,0,0,1,1,1,1,1,0,0,0,0,1,0,1,1,0,0,1,0,1,1,1,1,1,0,1,0,1,0,1,0,1,1,1,1,0,0,1,1,1,0,0,0,1,0,1,1,1,1,0,1,1,1,1,1,0,0,0,0,1,0,1,1,1,1,0,1,1,1,1,1,1,0,0,0,1,1,0,0,1,0,0,0,1,1,1,0,1,1,0,1,0,0,0,0,1,0,1,0,0,1,1,0,0,0,0,0,1,1,0,1,0,1,0,0,0,0,0,1,1,1,0,0,1,0,1,1,0,0,1,1,0,1,0,0,1,0,0,0,1,0,1,1,1,1,1,0,1,0,0,0,0,0,0,0,1,0,1,1,1,1,1,0,0,0,0,0,1,1,1,0,1,0,1,1,1,1,1,0,0,0,1,1,0,0,1,0,1,1,0,0,1,0,1,0,0,0,1,0,1,0,0,0,1,1,0,0,1,0,0,0,0,1,1,1,1,0,0,0,1,0,1,0,0,1,1,1,0,1,1,0,0,0,1,0,1,0,1,0,1,1,0,1,0,1,1,0,0,0,0,0,1,1,0,1,0,0,1,1,1,1,0,0,0,1,0,0,1,0,1,0,0,1,1,1,0,1,1,1,0,1,1,0,1,0,1,0,1,1,0,1,1,0,0,1,0,0,1,0,1,0,1,1,1,1,0,1,1,1,1,1,1,1,1,0,1,1,0,1,0,1,0,0,0,0,0,0,0,0,0,1.9990234225986114,1.1294728007934691,5.9884641794460975,0.030273899443045701,3.4956893263141833,4.1067521171892878,5.1936827649347679,5.9366140230411233,7.0637674525062941,10.405432211795224,9.1142137788967741,8.4039368276493462,9.6739757381551854,10.393774319066148,11.144426642252231,12.634958419165331,13.312581063553827,11.769283588921951,12.867872129396506,16.544441901274126,13.737239642938889,14.916426337071794,17.069871061264973,19.875303273060197,1.825140258229679,1.7051200246474609,0,0.022117766666799633,0,1
109,0,1,0,1,0,1,1,0,1,1,1,1,1,0,0,0,0,0,1,0,1,1,0,0,1,0,0,0,0,0,0,1,1,1,0,1,1,1,1,1,1,1,1,1,1,1,1,0,0,1,0,0,0,0,1,0,1,1,0,0,0,1,0,0,0,1,0,1,1,0,0,1,1,1,1,0,0,1,0,0,0,1,0,1,0,1,1,0,1,0,0,1,1,1,0,0,0,1,0,1,0,1,1,0,1,0,1,1,1,0,0,0,0,1,0,1,1,1,1,0,1,1,0,1,1,0,0,0,0,1,1,0,0,1,0,0,0,1,1,1,1,1,1,0,1,0,0,0,0,1,0,1,0,0,0,1,0,1,1,0,0,1,1,0,1,0,1,0,0,0,0,0,0,1,0,0,0,1,0,1,1,0,0,1,1,0,1,0,1,0,0,0,0,1,0,1,0,1,1,1,0,0,0,0,0,0,0,0,0,1,0,1,1,1,1,1,0,0,1,1,0,1,1,1,0,1,0,1,1,1,1,1,0,1,0,1,0,0,0,1,0,1,1,0,0,1,0,0,0,0,0,0,1,1,0,1,0,1,1,0,0,1,0,0,0,1,1,1,0,1,1,0,0,1,0,1,0,0,1,1,1,0,1,1,1,1,1,0,0,1,0,1,0,1,1,0,1,0,1,1,0,0,0,0,0,1,1,0,1,0,0,1,1,1,1,0,0,0,1,0,0,1,0,1,0,0,1,1,1,0,1,1,1,0,1,1,0,1,0,1,0,1,1,0,1,1,0,0,0,0,0,1,0,1,0,1,1,1,1,0,1,1,1,1,1,1,1,0,0,1,1,0,1,0,1,0,0,0,0,1,0,0,0,0,0.6794537270160983,0.6953841458762493,5.2498970016021973,2.0864576180666821,3.5114061188677805,4.0598764019226365,4.7425040054932479,5.9278248264286262,7.0659647516594184,10.397497520408942,9.1108567940795009,8.4054016937514291,8.8360723277637909,10.414282444495308,11.170061799038681,12.506538490882734,13.342671854734112,11.776424811169605,12.867872129396506,16.544441901274126,13.737239642938889,14.911055161364157,17.069169146257725,19.88702220187686,0.89477334626689875,3.5930389423388052,0,0.021769599965802525,0,1
110,1,0,1,1,0,1,1,1,1,0,1,1,0,1,1,0,0,0,0,0,0,0,0,0,0,0,0,1,0,0,0,0,1,1,1,1,1,1,0,1,0,1,1,1,1,0,1,1,0,0,1,0,0,0,0,0,1,1,0,0,0,0,0,0,0,1,0,1,1,0,0,1,1,0,1,1,0,1,1,0,0,1,0,1,0,1,1,0,1,0,0,0,1,0,1,1,0,1,0,1,1,1,1,0,1,1,1,1,1,0,1,0,0,1,0,1,1,1,1,0,1,1,1,1,1,1,0,0,0,1,1,0,0,1,0,0,0,1,0,1,0,1,1,0,1,0,0,0,0,1,0,1,1,0,1,1,0,0,0,0,0,1,1,0,1,0,1,0,0,0,0,0,1,1,0,0,0,1,0,1,1,0,0,1,1,0,1,0,0,1,0,1,0,1,0,1,1,1,1,1,0,0,0,0,0,0,0,0,0,1,0,1,1,1,1,1,0,0,1,1,0,1,1,1,0,1,0,1,1,1,1,1,0,0,0,1,0,0,0,1,0,1,1,0,0,1,0,0,1,0,0,0,1,1,0,0,0,1,1,0,0,1,0,0,0,1,1,1,1,1,1,0,0,1,0,1,0,0,1,1,1,0,1,1,0,1,1,0,0,1,0,1,0,1,1,0,1,0,1,1,0,0,0,0,0,1,1,0,1,0,0,1,1,1,1,0,0,0,1,0,0,1,0,1,0,0,1,1,1,0,1,1,1,0,1,1,0,1,0,1,0,1,1,0,1,1,0,0,0,0,0,1,0,1,0,1,1,1,1,0,1,1,1,1,1,1,1,0,0,1,1,0,1,0,1,0,0,0,1,0,0,0,0,0,1.4352635996032654,0.00097657740138857099,5.9410391393911652,1.0234531166552223,3.5043869687953002,4.0567635614557105,5.1941100175478754,5.9366140230411233,7.054978255893797,10.444495307850767,9.1135423819333194,8.404303044174867,9.6485847257190827,10.414282444495308,11.140764476997024,12.568551155870908,13.346822308690014,11.772030212863356,12.867872129396506,16.544441901274126,13.737239642938889,14.911055161364157,17.069169146257725,19.898741130693523,1.7230181705959442,2.05956782038069,0,0.02124647364890949,0,1
111,0,1,1,1,1,1,1,1,1,0,0,0,1,1,1,0,0,0,0,0,0,0,0,0,0,0,0,1,1,1,0,1,1,1,1,1,1,1,1,1,0,0,0,0,0,0,1,0,0,1,1,1,0,1,0,0,1,1,0,1,0,0,1,1,0,1,0,1,1,0,0,1,1,0,1,0,0,1,0,1,0,1,0,1,0,1,1,0,1,0,0,1,1,1,0,1,0,1,0,1,1,1,1,0,1,1,1,0,1,1,0,0,0,1,0,1,1,1,1,0,1,1,1,1,1,0,0,0,0,1,1,0,0,1,0,0,0,1,1,1,0,1,1,0,1,0,0,0,0,1,0,1,0,0,0,1,0,1,1,1,0,1,1,0,1,0,1,0,0,0,0,0,1,1,0,0,0,1,0,1,1,0,0,1,1,0,0,0,0,1,0,0,0,1,0,1,1,1,1,1,0,0,0,0,0,0,0,1,0,1,0,1,1,1,1,1,0,0,0,1,0,1,1,0,0,1,0,1,1,1,1,1,0,0,0,1,0,0,0,1,0,1,1,0,0,1,0,0,0,0,0,0,1,1,0,0,0,1,1,0,0,1,0,0,0,1,1,1,1,1,1,0,0,1,0,1,0,0,1,1,1,0,1,1,0,1,1,1,0,1,0,1,0,1,1,0,1,0,1,1,0,1,0,0,0,1,1,0,1,0,0,1,1,1,1,1,0,0,1,0,0,1,0,1,0,0,1,1,1,0,1,1,0,0,1,1,0,1,0,1,0,1,1,0,1,1,0,0,0,0,0,1,0,1,0,1,1,1,1,0,1,1,1,1,1,1,1,1,0,1,1,0,1,0,1,0,0,0,0,0,0,0,0,1,0.99653620202944992,0.0017700465400167849,5.9768368047608149,3.650812542915999,3.5017929350728618,4.0600595101853969,5.1911192492561229,5.9356374456397347,7.0637674525062941,10.397802700846876,9.1135423819333194,8.3922178988326834,9.6489814602883968,10.400183108262761,11.140764476997024,12.50605020218204,13.346822308690014,11.772579537651637,12.870191500724804,16.554207675288012,13.732112611581599,14.911055161364157,17.069871061264973,19.876035706111239,1.4238470140231629,2.8280401327312434,0,0.02120014924346246,0,1
112,1,1,1,1,1,1,1,1,1,1,0,1,1,1,1,1,1,1,0,0,1,0,0,0,0,1,0,0,1,0,0,1,1,1,1,1,0,1,1,1,1,0,1,0,1,0,0,1,0,0,0,0,0,0,0,0,1,1,1,1,1,0,0,0,0,1,0,1,1,0,0,1,0,1,1,1,0,1,0,1,0,1,0,1,0,1,1,0,1,0,0,1,1,1,0,0,0,1,0,1,1,1,1,0,1,1,1,0,1,1,0,0,0,1,0,1,1,1,1,0,1,1,1,1,1,1,1,0,0,1,1,0,0,1,0,0,0,1,1,1,0,1,1,1,1,0,0,0,0,1,0,1,0,0,1,1,0,1,1,1,0,1,1,0,1,0,1,0,0,0,0,0,0,1,0,0,0,1,0,1,1,1,0,1,1,0,1,0,0,1,0,0,0,1,0,1,1,1,1,1,0,0,0,1,0,0,0,1,0,1,0,1,1,1,1,1,0,0,0,1,0,1,1,1,0,1,0,1,1,1,1,1,0,0,0,1,0,0,0,1,0,1,1,0,0,1,0,0,1,0,1,0,1,1,0,0,0,1,1,0,0,1,0,0,0,1,1,1,1,1,1,0,0,1,0,1,0,0,1,1,1,0,1,1,0,1,1,0,0,1,0,1,0,1,1,0,1,0,1,1,0,0,0,0,0,1,1,0,1,0,0,1,1,0,0,1,1,0,0,0,0,1,0,1,0,0,1,1,1,0,1,1,0,1,1,1,0,1,0,1,0,1,1,0,1,1,0,0,0,0,0,1,0,1,0,1,1,1,1,0,1,1,1,1,0,1,1,1,0,1,1,0,1,0,1,0,0,0,0,0,0,0,0,0,1.9990234225986114,3.1295033188372625,5.8046234836346988,0.030273899443045701,3.4944686045624476,4.0598764019226365,5.1911192492561229,5.9371023117418176,7.0640421149004347,10.407568474860762,9.1108567940795009,8.7789425497825579,9.6553292133974224,10.400610360875868,11.140764476997024,12.584176394293126,13.346822308690014,11.772030212863356,12.867872129396506,16.499275196459905,13.734676127260244,14.911055161364157,17.064255741206988,19.875303273060197,1.882027820298106,1.4219218145102748,0,0.021032835139758333,0,1
113,0,1,0,1,0,1,0,0,1,1,1,1,0,1,0,0,0,1,1,0,1,0,0,0,1,0,0,0,1,0,0,0,0,1,0,1,1,1,1,1,1,1,1,1,1,1,1,0,0,1,0,0,0,0,1,0,0,1,0,1,1,0,1,0,0,1,0,1,1,0,0,1,0,1,1,1,1,1,0,1,0,1,0,1,0,1,1,0,1,0,0,1,1,0,0,0,0,1,0,1,1,1,1,0,1,1,1,0,1,1,0,0,0,1,0,1,1,1,1,0,1,1,1,1,1,0,0,0,0,1,1,0,0,1,0,0,0,1,1,1,0,1,1,0,1,0,0,0,0,1,0,1,0,0,0,1,0,1,0,1,0,1,1,0,1,0,1,0,0,0,0,0,1,1,0,0,0,1,0,1,1,0,0,1,1,0,1,0,0,1,0,0,0,1,0,1,1,1,1,1,0,0,0,0,0,0,0,1,0,1,0,1,1,1,1,1,0,0,0,1,0,1,0,1,0,1,0,1,1,1,1,1,0,0,0,1,0,0,0,1,0,1,1,0,0,1,0,0,0,0,0,0,1,1,0,0,0,1,1,0,0,1,0,0,0,1,1,1,1,1,1,0,0,1,0,1,0,0,1,1,1,0,1,1,0,1,1,1,0,1,0,1,0,1,1,0,1,0,1,1,0,1,0,0,0,1,1,0,1,0,0,1,1,1,1,1,0,0,1,0,0,1,0,1,0,0,1,1,1,0,1,1,0,0,1,1,0,1,0,1,0,1,1,0,1,1,0,0,0,0,0,1,0,1,0,1,1,1,1,0,1,1,1,1,1,1,1,0,0,1,1,0,1,0,1,0,0,0,0,0,0,0,0,0,0.66370641641870753,1.633325703822385,2.2498512245365072,2.0735179674982835,3.4956893263141833,4.0591439688715951,5.1911192492561229,5.9356374456397347,7.0637674525062941,10.397192339971008,9.1135423819333194,8.4039368276493462,9.6489814602883968,10.399755855649653,11.140764476997024,12.50605020218204,13.346822308690014,11.772579537651637,12.870191500724804,16.554207675288012,13.732112611581599,14.911055161364157,17.069169146257725,19.875303273060197,0.29475672081984894,3.9645744704755921,0,0.020980819764697727,0,1
114,0,1,0,1,0,1,0,0,0,1,1,1,0,1,0,0,0,1,1,0,1,0,0,0,1,0,0,0,1,0,0,0,0,1,0,1,1,1,1,1,1,1,1,1,1,1,1,0,0,1,0,0,0,0,1,0,0,1,0,1,1,0,1,0,0,1,0,1,1,0,0,1,0,1,1,1,1,1,0,1,0,1,0,1,0,1,1,0,1,0,0,1,1,0,0,0,0,1,0,1,1,1,1,0,1,1,1,0,1,1,0,0,0,1,0,1,1,1,1,0,1,1,1,1,1,0,0,0,0,1,1,0,0,1,0,0,0,1,1,1,0,1,1,0,1,0,0,0,0,1,0,1,0,0,0,1,0,1,0,1,0,1,1,0,1,0,1,0,0,0,0,0,1,1,0,0,0,1,0,1,1,0,0,1,1,0,1,0,0,1,0,0,0,1,0,1,1,1,1,1,0,0,0,0,0,0,0,1,0,1,0,1,1,1,1,1,0,0,0,1,0,1,0,1,0,1,0,1,1,1,1,1,0,0,0,1,0,0,0,1,0,1,1,0,0,1,0,0,0,0,0,0,1,1,0,0,0,1,1,0,0,1,0,0,0,1,1,1,1,1,1,0,0,1,0,1,0,0,1,1,1,0,1,1,0,1,1,1,0,1,0,1,0,1,1,0,1,0,1,1,0,1,0,1,0,1,1,0,1,0,0,1,1,1,1,1,0,0,0,0,0,1,0,1,0,0,1,1,1,0,1,1,0,0,1,1,0,1,0,1,0,1,1,0,1,1,0,0,0,0,0,1,0,1,0,1,1,1,1,0,1,0,1,1,0,1,1,0,0,1,1,0,1,0,1,0,0,0,0,1,0,0,0,0,0.65980010681315326,1.633325703822385,2.2498512245365072,2.0735179674982835,3.4956893263141833,4.0591439688715951,5.1911192492561229,5.9356374456397347,7.0637674525062941,10.397192339971008,9.1135423819333194,8.4039368276493462,9.6489814602883968,10.399755855649653,11.140764476997024,12.50605020218204,13.346822308690014,11.772579537651637,12.870771343556878,16.552986953536276,13.732112611581599,14.911055161364157,17.018631265735866,19.88702220187686,0.23825397526634079,3.9798143949765739,0,0.020809873686787286,0,1
115,0,1,0,1,0,1,1,1,1,1,0,0,1,1,1,0,0,0,0,0,0,0,0,0,0,0,0,1,1,1,0,1,1,0,1,1,1,1,1,1,1,1,1,1,1,0,1,1,0,1,0,0,0,1,1,0,0,1,0,1,1,0,0,0,0,1,0,1,1,0,0,1,0,1,1,1,0,1,0,1,0,1,0,1,0,1,1,0,1,0,0,1,1,1,0,0,0,1,0,1,1,1,1,0,1,1,1,0,1,1,0,0,0,1,0,1,1,1,1,0,1,1,1,1,1,1,1,0,0,1,1,0,0,1,0,0,0,1,1,1,0,1,1,1,1,0,0,0,0,1,0,1,0,0,1,1,0,1,1,1,0,1,1,0,1,0,1,0,0,0,0,0,1,1,0,0,0,1,0,1,1,0,0,1,1,0,1,0,0,1,0,0,0,1,0,1,1,1,1,1,0,0,0,0,0,0,0,1,0,1,0,1,1,1,1,1,0,0,0,1,0,1,1,1,0,1,0,1,1,1,1,1,0,0,0,1,0,0,0,1,0,1,1,0,0,1,0,0,1,0,0,0,1,1,0,0,0,1,1,0,0,1,0,0,0,1,1,1,1,1,1,0,0,1,0,1,0,0,1,1,1,0,1,1,0,1,1,0,0,1,0,1,0,1,1,0,1,0,1,0,0,0,0,0,0,1,1,0,1,0,0,1,1,1,1,0,0,0,1,0,0,1,0,1,0,0,1,1,1,0,1,1,0,0,1,1,0,1,0,1,0,1,1,0,1,1,0,0,0,0,0,1,0,1,0,1,1,1,1,0,1,1,1,1,1,1,1,0,0,1,1,0,1,0,1,0,0,0,0,0,0,0,0,0,0.68598458838788434,0.0017700465400167849,4.4996108949416342,2.1982757305256735,3.4944686045624476,4.0598764019226365,5.1911192492561229,5.9371023117418176,7.0640421149004347,10.407568474860762,9.1135423819333194,8.4039368276493462,9.6489814602883968,10.400610360875868,11.140764476997024,12.568551155870908,13.346822308690014,11.772030212863356,12.858594644083315,16.544441901274126,13.732112611581599,14.911055161364157,17.069169146257725,19.875303273060197,1.2647370723081426,3.1139686460654925,0,0.020766881769083732,0,1
116,0,1,0,1,0,1,1,0,1,1,1,0,1,1,1,0,0,0,0,0,0,0,0,0,0,0,0,1,1,1,0,1,1,1,1,1,1,1,1,1,1,1,1,1,1,0,1,1,0,0,0,0,0,0,1,0,0,1,0,1,1,1,1,0,0,1,0,1,1,0,0,1,0,1,1,1,1,1,0,0,0,1,0,1,0,1,1,0,1,0,0,1,1,1,0,0,0,1,0,1,1,1,1,0,1,1,1,0,1,1,0,0,0,1,0,1,0,1,1,0,1,1,1,1,1,0,1,0,0,1,1,0,0,1,0,0,0,1,1,0,1,1,1,1,1,0,0,0,0,1,0,1,0,0,1,1,0,0,1,0,0,1,1,0,1,0,1,0,0,0,0,0,0,1,0,0,0,1,0,1,1,0,0,1,1,0,1,0,0,1,0,0,0,1,0,1,1,1,1,1,0,0,0,0,0,0,0,1,0,1,0,1,1,1,1,1,0,0,0,1,0,1,1,1,0,1,0,1,1,1,1,1,0,0,0,1,0,0,0,1,0,1,1,0,0,1,0,0,0,0,0,0,1,1,0,0,0,1,1,0,0,1,0,0,0,1,1,1,1,1,1,0,0,1,0,1,0,0,1,1,1,0,1,1,0,1,1,0,0,1,0,1,0,1,1,0,1,0,1,1,0,0,0,0,0,1,1,0,1,0,0,1,1,1,1,0,0,0,1,0,0,1,0,1,0,0,1,1,1,0,1,1,1,0,1,1,0,1,0,1,0,1,1,0,1,1,0,0,0,0,0,1,0,1,0,1,1,1,1,0,1,1,1,0,1,1,1,0,0,1,1,0,1,0,1,0,0,0,0,0,0,0,0,0,0.67914854657816437,0.0017700465400167849,5.9996337834744793,0.073975738155184254,3.4955367360952163,4.0598764019226365,5.1911192492561229,5.4361181048294807,7.0618448157473104,10.406042572671092,9.1108567940795009,8.4039368276493462,9.6489814602883968,10.400610360875868,11.140764476997024,12.50605020218204,13.346822308690014,11.772030212863356,12.867872129396506,16.544441901274126,13.737239642938889,14.911055161364157,17.057938506141756,19.875303273060197,1.8271981069687806,1.6657892397136038,0,0.02050378243653031,0,1
117,1,0,1,0,0,1,1,1,1,1,1,1,0,1,1,0,0,0,0,0,0,0,1,0,0,0,0,1,0,0,0,0,1,0,1,1,1,1,0,1,1,1,0,1,1,0,0,1,1,0,0,0,0,1,1,0,1,1,1,0,0,0,1,1,0,1,0,1,1,0,0,1,1,0,1,0,0,1,0,1,0,1,0,1,0,1,1,0,1,0,0,1,0,1,0,1,0,1,0,1,1,1,1,0,1,1,1,0,1,0,0,0,0,1,0,1,1,1,1,0,1,1,1,1,1,0,0,0,0,1,1,0,0,1,0,0,0,1,1,1,0,1,1,0,1,0,0,0,0,1,0,1,0,0,1,1,0,0,0,0,0,1,1,0,1,0,1,0,0,0,0,0,1,1,0,0,0,1,0,1,1,0,0,1,1,0,1,0,0,1,0,0,0,1,0,1,1,1,1,1,0,0,0,0,0,0,0,0,0,1,0,1,1,1,1,1,0,0,0,0,0,1,1,1,0,1,0,1,1,1,1,1,0,1,0,1,0,1,0,1,0,1,1,0,0,1,0,0,0,1,0,0,0,1,0,0,0,1,1,0,0,1,0,0,0,1,1,1,0,0,1,1,0,1,0,1,0,0,1,1,1,0,1,1,0,0,0,0,0,1,0,1,0,1,1,0,1,0,0,1,0,1,0,0,0,1,1,0,1,0,0,1,1,1,1,1,0,0,0,0,0,1,0,1,0,0,1,1,1,0,1,1,1,0,1,0,0,1,0,1,1,1,1,0,1,1,1,0,1,0,0,1,0,1,0,1,1,1,1,0,1,1,1,0,1,0,0,1,0,1,1,0,1,0,1,0,0,0,0,0,0,0,0,1,1.3122148470283055,0.032227054245822846,4.4496223392080569,4.2152742809185932,3.5017929350728618,4.0585946440833141,5.1902647440299079,5.9356374456397347,7.0637674525062941,10.405432211795224,9.1135423819333194,8.4039368276493462,9.6485847257190827,10.393774319066148,11.171892881666285,12.53339436942092,13.341115434500649,11.76873426413367,12.851636530098421,16.552986953536276,13.736598764019227,16.312932021057449,17.054428931105516,19.876035706111239,1.3007922510780932,3.0549938674593422,0,0.020052436640315252,0,1
118,0,1,0,1,0,1,1,1,1,1,1,0,1,1,1,0,0,0,0,0,0,0,0,0,0,0,0,1,0,0,0,1,0,1,0,1,1,1,1,1,1,0,0,0,0,0,1,0,0,1,0,1,0,1,0,0,1,0,1,0,0,0,1,1,0,1,0,1,1,0,0,1,1,0,1,0,0,1,0,1,0,1,0,1,0,1,1,0,1,0,0,1,1,1,0,1,0,1,0,1,1,1,1,0,1,1,1,0,1,0,0,0,0,1,0,1,1,1,1,0,1,1,1,1,1,0,0,0,0,1,1,0,0,1,0,0,0,1,1,1,0,1,1,0,1,0,0,0,0,1,0,1,0,0,0,1,0,1,1,1,0,1,1,0,1,0,1,0,0,0,0,0,1,1,0,0,0,1,0,1,1,0,0,1,1,0,1,0,0,1,0,0,0,1,0,1,1,1,1,1,0,0,0,0,0,0,0,0,0,1,0,1,1,1,1,1,0,0,0,1,0,1,1,1,0,1,0,1,1,1,1,1,0,0,0,1,0,0,0,1,0,1,1,0,0,1,0,0,0,0,0,0,1,1,0,0,0,1,1,0,0,1,0,0,0,1,1,1,1,1,1,0,0,1,0,1,0,0,1,1,1,0,1,1,0,1,1,0,0,1,0,1,0,1,1,0,1,0,1,1,0,0,0,0,0,1,1,0,1,0,0,1,1,1,1,1,0,0,1,0,0,1,0,1,0,0,1,1,1,0,1,1,1,0,1,1,0,1,0,1,0,1,1,0,1,1,0,0,0,0,0,1,0,1,0,1,1,1,1,0,1,1,1,1,1,1,1,0,0,1,1,0,1,0,1,0,0,0,0,0,0,0,0,0,0.68696116578927291,0.0010376134889753567,2.2384985122453651,2.6449378194857709,3.5017929350728618,4.0600595101853969,5.1902647440299079,5.9356374456397347,7.0637674525062941,10.397802700846876,9.1135423819333194,8.4039368276493462,9.6485847257190827,10.400610360875868,11.140764476997024,12.50605020218204,13.346822308690014,11.772030212863356,12.867872129396506,16.554207675288012,13.737239642938889,14.911055161364157,17.069169146257725,19.875303273060197,0.9742448275826755,3.5064985098965278,0,0.020024629319206032,0,1
119,0,1,0,1,0,1,1,0,1,1,1,1,1,0,0,0,0,0,1,0,1,1,0,0,1,0,0,0,0,0,0,1,1,1,0,1,1,1,1,1,1,1,1,1,1,1,1,0,0,1,0,0,0,0,0,0,1,1,0,0,0,1,0,0,0,1,0,1,1,0,0,1,1,1,1,0,1,1,0,0,0,1,0,1,0,1,1,0,1,0,0,1,1,1,0,0,0,1,0,1,0,1,1,0,1,0,1,1,1,0,0,0,0,1,0,1,1,1,1,0,1,1,0,1,1,0,0,0,0,1,1,0,0,1,0,0,0,1,1,1,1,1,1,0,1,0,0,0,0,1,0,1,0,0,0,1,0,1,1,0,0,1,1,0,1,0,1,0,0,0,0,0,1,1,0,0,0,1,0,1,1,0,0,1,1,0,1,0,1,0,0,0,0,1,0,1,1,1,1,1,0,0,0,0,1,1,0,0,0,1,0,1,0,1,1,1,0,0,0,0,0,1,1,1,0,1,0,1,1,1,1,1,0,0,0,1,0,0,0,1,0,1,1,0,0,1,0,0,1,0,0,0,1,1,0,0,0,1,1,0,0,1,0,0,0,1,1,1,1,1,1,0,0,1,0,1,0,0,1,1,1,0,1,1,0,1,1,0,0,1,0,1,0,1,1,0,1,0,1,1,0,0,0,0,0,1,1,0,1,0,0,1,1,1,1,0,0,0,1,0,0,1,0,1,0,0,1,1,1,0,1,1,1,0,1,1,0,1,0,1,0,1,1,0,1,1,0,0,0,0,0,1,0,1,0,1,1,1,1,0,1,1,1,1,1,1,1,0,0,1,1,0,1,0,1,0,0,0,0,0,0,1,0,0,0.6794537270160983,0.6953841458762493,5.2498970016021973,2.0239566643778133,3.5126268406195162,4.0598764019226365,4.7425040054932479,5.9278248264286262,7.0659647516594184,10.397497520408942,9.1135423819333194,8.4054016937514291,9.6533455405508519,9.5187609674219882,11.140764476997024,12.568551155870908,13.346822308690014,11.772030212863356,12.867872129396506,16.544441901274126,13.737239642938889,14.911055161364157,17.069169146257725,19.878233005264363,0.96483635331895201,3.5189557035532681,0,0.019999011780999262,0,1

