parameter,value
function,WFG2
dimension,24
population_size,120
max_generation,20000
parent_size,25
child_size,95
seed,2
constraint,0
mutation_rate,0
learning_rate,0.0020833333333333333
M,2
k,4
l,20

initial_population
index,x0,x1,x2,x3,x4,x5,x6,x7,x8,x9,x10,x11,x12,x13,x14,x15,x16,x17,x18,x19,x20,x21,x22,x23,f0,f1,rank,crowding_distance,constraint_violation,evaluated
0,0.92476831318943831,0.55391406705564505,1.8228677860198181,5.3088642714946745,7.6320022274869785,5.2349351432515867,6.7281766294414176,13.994779595146772,3.7791563146296183,12.178216851158599,14.756563603940686,6.0674211489964165,10.590986225256238,14.307469972629438,17.722597224682612,12.47652188664193,3.5314054530447594,25.601999946802227,36.746455650179065,37.459964003226261,27.978344693930552,22.763313872013168,42.51423640150395,26.586271116843637,0.85885751592350501,2.9473312571736248,0,0.68567445269139971,0,1
1,1.5060509745765391,0.10806364371332226,1.9184064439970414,2.6601519392125099,2.1375324071921553,10.215327227697436,10.625718594623262,6.0233135927229879,10.648896129509055,5.5465035331638477,20.248403703650631,10.011104070636774,2.3805681151493756,18.402630893846258,7.9505659388321153,7.1266224921783801,20.962200408223982,20.345275832093176,17.930453413728731,25.035108642678448,12.948747956340663,16.462993990381985,36.100619760635169,41.730758758255732,0.7691829954489966,3.5652221821195531,0,0.34229719976937545,0,1
2,0.68317633935752453,2.3146405498969087,2.6253136920981683,7.4562533756400988,5.6980966165635891,4.934292653795449,2.2652298967104838,8.1527892999208564,13.383360190363486,7.8264151096667387,9.9539342882288171,2.5209595564769671,4.8423734998529975,17.09511549486826,23.107568991582561,12.958788613134967,12.371176625681167,13.232312651628988,15.633279409446684,12.692858133866022,9.0037791983844269,8.1214040641188134,45.60055057772388,33.657218021829969,1.1735641870878613,2.5306814361134364,0,0.76626238733070606,0,1
3,0.88703666597416653,3.9193779862689127,4.3950875909623726,7.6431541498085132,0.55712707617033419,8.4262913292299224,13.287017964614098,13.310134856305044,13.807411149420059,7.5441758639119865,15.077012098680562,4.8689993913469305,7.3175201574261992,3.1615909196310743,22.187001270862567,8.8575496596685674,8.86426784767038,0.27658240054170818,5.4423667431871259,23.076724114117553,25.691149638267873,6.0847373888246095,44.422622767608217,38.017696183166521,1.9199389743977324,1.8552784792622559,0,inf,0,1
4,0.66496199818550972,1.2962139558288408,0.052438072216477657,0.78716735979743402,4.7955833235940162,7.1769959201208824,7.5067881903580949,6.9028964125866636,3.1638557312797735,4.5260588798914743,11.403446439187261,22.943663329900009,22.819360898700349,20.126136516557025,27.051011417051338,17.597018529203023,23.721621993976271,23.835792215759987,20.103843287909086,24.737807997965625,33.433152996088111,5.9740124200391795,8.9919027146308306,22.205643071450915,0.56093895566637919,3.7234438708689721,0,inf,0,1
5,1.534812414853626,0.88297596946761547,0.30700450180508365,3.5112877992197715,5.7192701487864692,6.9823893042959675,0.78902287294184492,12.422140694591308,12.98618129152953,14.867467681636139,20.898874701255512,10.419276363116651,4.6733145681266954,8.215950386771242,11.294459363774189,9.3956741206957535,15.654025526152965,24.459759620012139,29.11225671754984,32.659752070854722,27.559615982338975,3.1308573126293107,3.056092004948169,33.297271719357866,0.8242191008774713,3.3314033787385227,0,0.3967331076055306,0,1
6,0.17620503503875548,1.7076802308700278,1.7498252065611455,0.46068311408240559,7.5463489326794653,5.747267431836443,8.5578065835853803,3.1539744484463261,14.726698392178339,10.702781489560749,21.898841761686803,3.4245966561236658,3.7899201971075205,23.970108371311113,11.096643837088267,10.468124263368695,7.1964020599048908,31.58422348271683,17.414121984546327,15.681378748090815,41.185522325065541,6.6537443615109915,30.23841762863119,2.7562969707916052,0.63437355112637661,3.7098977386904854,0,0.2379269063628382,0,1
7,1.8348010047961418,2.0178925488535513,1.5575767611667715,5.6665661406453731,6.4649312837924739,6.4107689096714129,10.640812054999719,3.5795791200507776,10.01436083857752,5.6864709017101767,2.2889106674874924,16.262222259383183,12.766943196449979,14.81959091993923,14.312523092653976,12.101197705926948,21.442800435082663,27.922720041720392,8.4879735954244993,11.78151203187695,1.449981193100913,14.133477395322394,10.622257004152262,8.4737157512217713,1.2302005501190272,2.0262974625185883,0,0.91074155528251644,0,1
8,1.9453407280258841,0.81816892041003564,0.98659500942099154,1.3073816216426317,9.8639087028833803,10.386699458277697,8.6288057988144811,14.979507643896218,2.7516133715014441,7.5544597615690945,11.500677263388614,2.7400464192740208,22.311050750004782,5.0313972257597603,12.004336204008297,11.340616952448999,6.5348727664636606,4.3933650897477907,33.410914884489927,32.397346742197605,10.186307448482278,23.0888219845598,2.8289640029233811,38.497392069091518,0.8590658930142604,3.2143821157594292,1,0.47577923083408757,0,1
9,0.2499743115373273,1.1726505428202736,4.2998906485315835,3.5082003328674363,1.3350538247712,0.34210288148627227,7.1334829899278391,4.0125417058969912,14.933325054276228,6.3460117099294031,21.183030631617065,0.60092654501488552,6.7994213303902384,17.663495288367734,13.23010305662142,14.823596212175779,17.136746199740085,28.969871093493676,5.29184239541532,13.310923181034438,29.714163810759029,15.018429633455943,42.460885567037721,44.315373232683548,0.87629128133531642,2.950431542530664,1,0.80350662211227675,0,1
10,0.087899260013777514,2.586450384184904,3.4238528834354884,2.2489080091286917,6.5877329498959467,6.3066005492701702,10.760638639207727,8.8263386303378208,7.7571235826672869,4.3107535663280192,7.7616361433546555,19.179107620959972,4.0984658920261943,23.854969772530019,10.905879895368237,16.772096567725523,18.710840488106722,5.6987459418034989,1.0421147242133124,3.793109383337872,30.573528198950257,34.283244741063363,38.783912771112149,15.515271913106883,0.86885883511535189,3.048578382549203,1,0.14854411853238997,0,1
11,0.2337167535225193,0.12615502319814598,2.552995249586921,0.24123934474050168,1.9924493121246492,3.7186723391428247,13.12015419241995,3.0762284547781142,0.47068422856678988,5.6973760122378554,10.994361551591364,4.6375595799680109,11.736838820478249,18.45777747847454,10.402228763830424,22.21106450893474,7.8032068757471178,16.386074409648813,4.71374860573881,24.940327435970975,4.9121536340362324,10.98629939515785,40.28024429062603,34.197722726988701,0.58788092944235637,4.2202415065602361,1,inf,0,1
12,0.10698034910169146,1.7285324029296438,1.7247160983642091,1.8910977371500628,7.2702829784868248,2.450670320904206,2.7985465356265702,11.053760786580742,4.4922543855494546,2.8599045958214897,2.888142898755901,22.671813060862416,5.5703148499033137,19.023799559669801,14.216787208075681,18.382282951451572,14.154648412494526,4.7938691427385809,12.564962350694005,5.7768185541607453,35.143228238111796,18.172732174111147,1.3699604639670866,40.820631883527732,0.67645308182570973,4.0541025096590637,1,0.33499220065410051,0,1
13,0.55321966210900886,0.97022046207005197,1.1127514525470614,1.4342504579170359,5.784724702595847,11.244650226899742,11.164014491572443,5.8094031177035435,0.0069892344486001496,6.6804095230275564,13.206204831564257,3.7374413089245531,15.951348391607231,2.2384517561847717,5.924349877527276,2.2994027599589977,12.613530975972006,16.260512109688168,1.3364562019584967,8.0346379947793807,14.346577142275891,22.694359873254182,15.47897463903848,26.277700809625593,0.67978098525007713,3.7691357502230129,1,0.25476688353557803,0,1
14,1.8005441211566378,1.460033574033246,0.11046863383244541,0.97876562845236659,0.90966171716957922,3.3279354737779778,5.1688995120424517,10.016656254000971,3.6642178166350186,6.8028470887015855,4.9965435465401251,5.1878669092786209,17.445512667075064,24.639386035615246,1.5901807833829149,16.473531883389253,13.29182433982664,18.92485669355198,4.8199562037835397,13.475778219046715,21.252312180702795,16.993016765010509,23.722881804522991,19.039703441721397,0.74737547026976126,3.7138304868831824,1,0.49803012648623807,0,1
15,0.8512784891672398,3.8575875956363137,1.0961180121381666,5.9603060846630642,3.3966327115415607,7.8131062826860669,8.9756318688687848,3.5696418443555147,13.504558740235955,9.0815661231164597,3.8641830972956672,6.1203415701477013,18.866382048932188,10.947279337682266,11.597503825577514,23.50992987525845,33.100744751741786,8.724150108837657,7.8515125460825317,16.976374596632912,30.15326232345684,37.473580049314691,16.133282855833791,17.438143004869055,1.2439874609532022,2.3868807014796896,1,0.92767423293078943,0,1
16,0.90786100325824848,3.4089876393932617,2.7998216792404484,5.0448111778362295,6.3724653500129369,7.2507177250280659,4.1895916027247715,14.493818126240164,6.8660694733925798,16.943485082120748,11.795605786111238,14.418782270966119,22.179271390482423,23.716598016027305,20.305855618804973,0.45571943777083412,15.512355376687056,21.787526687299508,7.717266457967038,24.980011145406309,41.953473713680026,3.52334050362539,19.984584872201072,33.202501620217703,1.3578411259712562,2.1282568563085658,1,inf,0,1
17,1.7255777293603958,2.5532413301556738,4.6386479389696982,1.5138901315491173,7.5134766953630212,10.149281540099633,4.9348159562744254,7.1827110861336259,10.423837797127252,3.0114702392702601,16.199435924841612,4.914213933404934,21.265979258395401,11.057614675164169,28.112057315238431,30.500829895465237,30.191856100424552,31.514053762684163,32.648105727831826,19.538412437344082,11.005056710657673,36.442724702560469,15.848331160727339,15.660391832883047,1.3576063976132544,2.1788331043023592,1,0.090759321396481893,0,1
18,1.7522378345297875,1.3419797820983781,5.1447904291819038,2.2982250690073132,2.5946458303390019,7.8678951339229322,0.72482969122464314,14.570229942827989,11.426901004162175,13.029763411616219,20.0469170628797,9.832982699762205,9.2846682165165255,24.499789595513928,11.843551518800897,24.330401327058905,25.989298541904986,31.30228268898825,3.7775881772075621,32.069148949025347,29.606102435406669,23.147560098097244,16.771615383236568,26.255210257226501,1.3316475203645102,2.2469558419757982,1,0.24701455656144722,0,1
19,1.1831440076082613,3.8477450763762051,0.41230070009999498,0.49432598863387334,1.7736119131895334,10.482736109577903,12.704091977818351,11.590890891686747,0.54076565023075718,0.93670436434509385,8.7811462194137864,8.4522302298122085,15.647564478644469,24.019291248952403,14.789506353661857,14.701275446929387,24.841519932470717,21.145392873156279,28.144891402360248,14.764169742420318,33.92426057085315,15.938147126284047,19.689600598148893,15.08696336673,0.88778623238565935,2.9589005791840761,2,0.34641876215584871,0,1
20,0.9294910973764563,3.0343412157974594,2.7264566595734925,0.037542882783422944,1.6013978657550516,5.1625590458261978,3.1060608373186351,9.5309432400307195,10.03975461243623,9.7817611175724846,11.775306554390632,14.951452789562826,16.905385713439944,2.2368899296917855,25.009569032825681,19.445182412671677,28.431850543478483,25.160598130540432,24.453193817150858,31.874215532131625,27.53343636578807,23.210245190438368,25.12879121005378,40.578845623771713,0.89155238669163983,2.9584880409248449,2,0.58708300760377041,0,1
21,0.43606094631278042,0.61632428885384716,1.8640526382607949,6.1133395365884464,7.7326516738399098,10.059781171827909,7.5047044647248233,8.1990370988172678,2.353555397795962,2.4648569231736857,19.002753585850872,22.468179132300492,20.37997295496108,10.6501412421404,0.38776193308296769,1.0923721264104698,5.7406136958586815,14.633744738653672,16.638437020534248,4.3096254859616394,28.863172810603384,2.6936754034069978,44.741190138830781,43.197954431505167,0.87352012275568403,3.5749688986121102,2,0.66487015278224426,0,1
22,0.056468271253224518,0.51195318228678277,5.5813296620665476,1.830730853374001,1.647304543369164,5.9346132387532151,0.28299487784681476,6.2520947816563615,14.719253255663412,14.179439626095192,8.5970990812132584,12.470523249530354,11.794416413545788,7.7115950046213371,21.275462046392114,5.4606154452997897,7.2167136250270332,16.685298580791962,11.72957711236832,13.194806076912382,12.372426486290156,33.804079909256302,35.585858118169341,25.997999898307704,0.68812839433048945,4.1755642966848203,2,inf,0,1
23,0.67258594193290877,1.6247137279373793,0.36184561841925189,1.0307590718998356,5.1852503131444259,10.602260264971488,2.286749777670257,11.649007035638954,3.9223317860767022,16.699317081432799,2.2148644657331666,8.7714812951155707,15.316524858218038,13.179460043014991,10.976596993824586,31.057528107063106,18.101086808275706,14.500617776627678,1.5673461489519604,11.196286314646809,27.995272173964196,0.81530211963721089,9.5699143804099709,1.0903960461547753,0.76925691018265518,3.9327856315716945,2,0.55670680920277704,0,1
24,1.2625347945117364,1.916721305348968,4.0477366526775365,3.8457857767730204,1.6027692200298529,0.37562407118025581,13.228244319199575,12.398765175736688,16.813256807558641,4.6335499483580209,2.2025975979680816,17.285199501170602,18.48653774370905,6.8304643209615605,19.24718607712105,6.3359965100496582,6.8645830909105445,32.654139571615943,22.035192065663004,15.872243333730676,32.791815936033778,3.6026923809416487,22.514859735281238,34.920263193149495,1.3003657822207182,2.8669339165383492,2,0.8458425920477719,0,1
25,0.12751716284721845,3.9400394277899937,3.6241782723321174,5.3653385754225154,5.3746084953901798,8.788321177856524,7.5925488085118857,4.0315776539697499,17.534434692489974,8.1637202164183815,8.6386490606915523,17.750660367538927,25.360369459235201,20.258366352636827,11.431939603110409,18.924209596586326,8.2728649914686549,16.113312969653194,31.548895295266426,22.018685435989752,37.41307226345549,0.41295870447429717,35.389881298211542,20.979341007697705,1.3279063202655554,2.4317391789282445,2,0.29990223469938676,0,1
26,1.3279248210247676,3.1432066010111792,2.3734919546372222,5.3522974136717369,0.28964977517736407,9.1394934200055609,3.7487777983627488,6.8963209720108365,9.7374257476875474,7.7912590411441194,11.993551076760319,17.151725777496253,18.677467667268324,26.871950346031404,28.487864408916217,1.3403517060679342,12.654955743153973,9.5234259917395008,10.614435638085261,5.137151299912234,24.810442213249932,6.9536989589251359,26.507210165582553,27.180603751616751,1.3455523129902773,2.4069976187297617,2,0.2510318365936024,0,1
27,1.9305442618468829,1.7228264201461887,3.5358815050311971,3.8012796201542152,4.5290490364263665,5.3537019182310654,12.260188235684465,1.3265556152375855,0.3452800910584094,12.355046512639074,3.1284585241140106,23.722570867296547,20.656081218225744,23.46440353147625,13.455811928955464,2.4323623869997095,25.185431026214204,34.73929917511343,7.0654718807335888,29.063593454515214,41.316161823409573,35.377296122531057,34.129390749004394,27.982373023486531,1.4536985424239366,2.2661551834240394,2,inf,0,1
28,0.74771450255537397,0.69091584117277438,4.3526814885084493,1.8478214264593782,3.8803400625746223,9.3035143159133025,2.6746356739740103,15.864007501658827,9.3983664681703232,0.88276403073322618,4.9140389915936806,13.570659246226249,8.8513857462014833,19.888516189491689,6.2247986939320201,4.392753061003833,27.273224307634766,9.2142176633341624,25.438470571722629,1.3150821392840233,20.752891836031196,9.8393635280667269,11.751076941196082,30.773217846280083,0.89016089288680533,3.2564691921503059,3,0.45817768882667537,0,1
29,1.50110816392817,2.3528225866553063,2.235620774867118,0.33145677319382277,1.7286694998533478,1.7818665649153926,1.1085207179649854,0.95624637998558559,2.4071758090910604,16.799476976445433,12.96235772615284,6.5884346918884127,23.122138255430237,25.509295568625259,26.753702410322894,3.6548418028966818,9.1622583734043666,19.667174124833274,9.7571500227863694,15.683497060639533,7.2992308646846729,25.627542002405423,41.084437582824656,41.130308797061225,0.90016190801545459,3.2508639742068595,3,0.14253854302763852,0,1
30,0.28783959029720291,3.2894315780836871,0.30876936882948514,4.7389783987079799,7.0697770197995302,2.2344484742367632,2.7414748478907627,4.2317264074456249,3.0219389288853393,10.130823173249803,15.841472310018688,11.655879515450064,19.397793406262569,11.317181333824333,3.9006449043599796,14.63605770930749,22.340893251679962,1.415662205014049,18.540874143196735,1.1299425952757629,34.385464484377117,12.57881036458803,2.8911518434909307,15.060703722178591,0.97382049803495552,2.9795996060086316,3,0.77331484944699436,0,1
31,0.023330098570733555,1.0475666460178839,5.8256056573874861,2.5340982132684888,8.2720878542846794,11.683959713395573,3.8186932162880112,14.299341256071353,9.4761246989279382,17.598213644634409,13.879647818280977,6.9831713217980003,24.9726081196746,21.64018598480471,19.562964203778549,23.60495902741803,21.420895886911946,7.9481242282986031,1.4674548766167497,39.665226393053736,23.332635110930404,25.385138554386529,33.32439639414789,32.341047158396876,0.90369166148529323,3.0140398179120789,3,0.23580895592019013,0,1
32,0.40813991758989127,1.7862026469855843,0.64501224215303632,2.7961847429152682,3.2663988631435732,11.879014038289069,7.4832516582054378,2.0379285012209389,0.38195416796229059,11.204906667662231,4.9652579241834802,16.616018594888626,3.1159778775078362,0.89142387968018144,8.7095289007591941,9.6573757886847602,29.119458267638265,2.92253134402582,27.00253184214294,3.1277785200845178,24.658183669154123,32.870279333010842,24.096928873411024,30.476239544572458,0.73736071605432674,4.4117100367497981,3,inf,0,1
33,1.1082926419975465,0.038540092069095033,1.1101339289401031,2.7238494810958218,3.1303353932369533,8.6206927302742908,5.3064443141496733,1.8555744487304575,0.1301116988766243,16.981011752767557,0.93217763877019078,4.2031949676481766,0.45830129063146685,27.840160516306696,10.338103846771899,19.87003406951057,16.823413049642294,29.134345593904101,22.749687604296376,36.350943566030232,18.386451102312048,24.72973121735491,8.5840044080893225,34.055310691357775,0.75526648404621011,4.3818028252595491,3,0.19528438606379539,0,1
34,0.033137541138057822,0.91739222894232053,0.15026190799011196,6.068518334394037,7.5335659562671644,2.7230829313878306,7.1211096064019701,9.9513334922306171,0.8627344076458896,0.19438793170598673,0.045369310398715244,2.8707681974697294,25.17179202945999,11.695387600363581,19.342101869191517,31.080480051135712,24.904796876750613,24.413724754300876,15.816691921594977,35.49737057131545,16.254201765929505,36.735181774772926,45.532165876516132,37.741164380790444,0.83335799932084376,4.2756581976142574,3,0.2106274657391658,0,1
35,1.1162583721219717,1.111039215456773,1.0345622842480673,2.6088919530293611,2.1758341581157454,11.615468320061622,9.9410546827893018,0.47116121111553494,7.4946348938874587,14.689914918692393,14.779451198196007,8.3091388554472143,14.327943277105206,25.93947265026739,5.9359964484107097,1.5925971859244969,15.799217536340967,10.504201265869606,11.17392457154927,1.7076594934045954,33.34951245225804,25.005612799450287,15.040194271905108,29.827003712629768,0.86976307594813451,4.2627991810657928,3,0.15688804662533096,0,1
36,0.75885141260277589,0.84338851377826218,0.54160368817237403,5.4982870507030235,5.0275290270616502,0.079360182646042138,0.28473117944335902,15.286575945083465,0.48059883141875603,5.3349938097792284,4.3168375614571914,7.1115104758292258,11.351778633994375,7.478604344368371,14.451547018813567,30.38901533742558,24.334985072775293,14.806227700897615,26.325126919061223,33.349234448986202,27.680121808211958,10.22308588382765,11.277407092344056,3.6746082664960396,0.87753568647413138,4.0829571498534323,3,0.5450331742707486,0,1
37,0.37016416314802825,3.7261634543779549,5.6863836658415323,3.8779927705141199,3.2053643637811016,1.8531201071953443,9.7840776510688201,1.9192087040069363,8.7331664681885819,12.654754613837353,18.000987888701481,16.392623883834901,12.962590359034733,16.43031541406647,21.592626929174454,8.2719386129478742,18.571048766149943,14.663081974208477,6.7254157108648993,38.785296306755818,12.47477111993831,12.666228076180584,5.3448928486773806,8.7228977914511887,1.3601242196710919,2.6684066002543401,3,0.7161577086722325,0,1
38,0.97010753277007833,2.9754481207994505,4.525085715354817,2.5894656209754445,7.353513941733234,2.2270768335957611,1.8492846145069179,0.15955049808312646,6.7147389920420437,0.21601845872170761,18.666164064561279,5.8360029400703368,17.680708610133436,18.959912807094128,26.574822040845458,4.9141015995877941,32.187600204276769,10.574774431659058,27.990820422045349,19.0215588427684,6.9244199829070903,36.407947418538122,24.826099252156151,17.000276283571175,1.3702644107364184,2.5930540416215258,3,0.11061434086352646,0,1
39,1.4927579337978973,1.1555612538648328,4.7461419875755935,5.623818151632948,2.1295878976810307,2.3455327427108106,4.5462184807214339,11.505428312093775,11.053477380407976,10.494050439228994,2.4386138522372431,5.8680152061929887,17.618480121362456,9.8730994095190709,6.0306869099897309,12.35067278817816,5.2958733431489176,5.758129708961234,8.0953886609816088,25.727212876784613,18.699347826087589,2.9634672256723289,0.9268510346921307,26.435380093555128,1.4037485841336161,2.5641269579758919,3,0.23768321389177566,0,1
40,0.61039227365182758,1.9382898498385541,5.9959014938691757,5.671244360793505,5.3730681928530917,2.1692199512893424,1.2410903499579473,4.3584924808591934,7.2394994629322484,1.3419709490124598,13.727110074952561,1.2176309647201515,7.9007318424167714,5.646005195923272,29.404907132154705,8.7844280150422005,11.615983733350442,23.063315810868236,25.362204520515419,32.586824641203513,14.973412004797511,43.98107011299382,21.233955983053335,29.343309980713222,1.5041458408450694,2.4706047750407412,3,inf,0,1
41,1.1615359350898939,2.1700487965204807,2.4679634220319553,0.96252599246475867,8.5972996874280163,4.7273877601422534,4.1413853010324111,11.463141694737743,4.4648396416897533,2.7837721801243624,20.301390595479138,20.822057927811198,25.708160658679262,19.253929920959315,9.3653412820090836,19.917451376980363,10.842581026247707,26.64569419341133,21.655729055335751,16.156726998588557,31.023725737305323,34.632328396701666,20.931834927096446,46.95454930458456,0.99314839481316319,3.0063288842501699,4,0.57560867485308664,0,1
42,1.0075125659083022,2.0048241272004481,2.3661095104023007,1.227366315570199,0.38353278678756436,4.8551819439334523,3.4464839545412551,1.7589151786738246,8.4014422399548607,4.124328468319832,4.31971370487007,17.205444225899001,12.574081958245854,4.8149199930836071,8.2420788992355938,28.92010829072461,32.390294793234283,23.241562658102112,11.45868556002468,27.669601168471509,29.806090180395461,31.024529880795789,11.969092701713336,38.84848041001014,0.92907450389146562,3.0687957949030178,4,0.063286665243287535,0,1
43,0.39810895409767033,2.4778139289462939,0.65021522736446313,4.4167911216608795,0.50757099119927407,0.87640025337233884,12.772538308296888,10.823292624479759,3.1870880444645304,18.511313940681433,15.234383049299561,10.441327444023855,14.912153438075546,21.280378766768674,27.313631851995655,22.045922330507221,7.2432429776837308,0.53490713698800119,16.328882195144857,13.833417877683743,41.717616088498431,27.689258563441051,33.157839891561061,9.4116900483350374,0.91930553741799037,3.4220386976887163,4,0.5862384779841695,0,1
44,0.65017178484015914,1.1600229693030373,2.7677213425647809,3.6700415878890702,9.5920631558944827,6.3803850763771361,10.496407302031574,3.6528792854239307,15.649300717895269,16.852249018212753,14.514460109717916,5.6895022180467256,9.8517093645642326,19.759612621833099,29.7447572440222,17.740892966467381,26.662452792503029,21.698829913887835,26.343858072357467,2.9852965019632194,14.886078458013564,22.675424683753967,20.124022108002087,36.844942227400587,0.91973983925062086,3.1295314778630186,4,0.18749255220289207,0,1
45,1.8702977594583274,0.31160781355216249,0.62429212421079316,3.6940832088561391,2.9444799205521872,2.5736528227698816,8.2921549057506319,6.0621217499834961,5.9170396760004609,18.871668908346305,9.9643378393874524,20.420137995241458,2.7142378617243419,13.270235630910415,22.188964989824964,26.444576187840287,5.7251527866285032,15.673085586398697,36.190539112871853,31.345093712318615,2.2980486205728758,28.81944869229881,26.800074379742501,37.103226066198431,0.95950679438704023,3.0192404351567239,4,0.061854367162843718,0,1
46,0.78023267145792796,1.5454490768881821,0.33461139233249509,6.8789465784115764,5.6352506254887107,8.0834992663180181,9.733543839975189,12.920664040169711,2.6491049429072473,12.260270703508972,17.644847887836082,22.484907831873873,22.09289666694329,26.511584497421207,16.620062605435606,24.923921915339985,32.546432736775067,27.858698833227294,11.486200883613343,10.436462418698023,29.125021354891715,0.18203518204229072,14.235840124673787,19.064071792230184,0.93330643190833762,3.0275792349121984,4,0.051107850565146939,0,1
47,0.37781318690759985,1.4885907624508239,2.0225223913469841,2.4826831380743486,8.5063723007306997,3.2474810287538114,3.7331126860539996,3.8883040230111803,0.96913811045817044,0.26223286558418302,17.318967077129241,14.835859242306515,10.13516399471087,17.190776112204667,6.1936890001030562,20.544521814536935,10.45062073503941,22.539048841771084,18.895732338552396,31.319469447092988,11.556427329736049,36.82620831640066,21.253745384462725,44.991803959923793,0.75437005237324795,4.5320121236241357,4,inf,0,1
48,0.062621426026709129,1.1311015309626171,3.3505393490119157,1.8771903779853263,7.957985710266696,7.7060336470494128,4.1140859830380716,2.0833611658803139,10.972988876836265,4.9483403705024589,9.4514405286422072,0.55606871542903791,10.830903027745206,16.977963272153943,12.431853858753517,17.912692360033553,31.512846319595358,28.315686202781762,35.850495611671334,36.59784806511518,10.235310565776192,3.0727610893439796,45.798060101884168,35.393462374990399,0.75965766259840339,4.432820182388582,4,0.26620646082828686,0,1
49,1.7220553549902189,1.1234399623693914,0.75131141660149292,0.59408646785678632,3.2584626666110972,9.0840556757686493,5.7287950525594695,12.104004542542302,4.8631996788960699,17.32360483662778,21.427986057841181,18.144312172499752,24.63300688306246,5.131973962334742,29.619145673092042,1.2934331876774108,13.43727800605013,21.547669738584656,5.718485660804685,6.9777129442848196,6.24440570253525,0.58242949104586306,0.07087383088595603,1.9809176272353493,0.90592119838956375,4.2621754521490463,4,0.64890277348642988,0,1
50,1.7890422189486481,2.3014607497184398,2.396054613399456,3.508791677368182,7.9093531805365913,3.9758426449822819,9.2573273573131925,2.7015660174224578,13.483641145828814,4.7596655266259749,21.504596857253073,12.274952221590601,2.3915495498209296,20.493095516825221,15.745426589010238,0.72178228099522679,4.8616115294426372,35.332616886013369,4.7094656109846103,13.350006978322504,16.827581372651309,25.178444178050718,41.870125647680474,35.651971623604169,1.3843247205962996,2.599234860388651,4,1.0224140287814123,0,1
51,1.1393975383533952,2.8005492310873206,5.4680556374526761,6.9416369007075671,8.9545991836517036,9.2262274644314353,0.51184162707315672,13.513639446420171,3.9064181935870459,2.6884053837901072,1.521532627732525,17.12102435643332,23.452232191664191,19.234299770942535,19.661720619854904,28.677584416919892,26.846822478857462,9.649313432782801,12.911407720615376,32.856683349930343,24.271264704658734,34.538941816210716,45.80039651256309,19.965817412091287,1.9259773138465957,2.5602895223104811,4,inf,0,1
52,0.38168087898871295,2.3575678137176315,5.0420687719586157,1.8339435161818307,2.7845272228978466,5.798689013041864,2.4495658652196126,7.5804038405193239,4.3178371363569061,9.2840647809893966,9.6844907645462559,12.740079905238627,17.902040131099319,11.574806439444606,25.141380008552876,22.748778168386288,3.9250373794399542,8.1556770642069338,27.417714397991571,10.594082773713623,12.16520989157344,17.627893398724439,10.609286932750686,47.748872392486348,0.92322372814978437,3.8461643880169616,5,1.8030841061860392,0,1
53,0.45531077530235481,2.3646145224217414,0.33537891149690313,5.2557034840154309,8.0944316215487291,3.2636687354723346,1.4970619364431716,6.8061415469830866,1.5628019211214297,3.1523517094587521,2.5623677073417137,16.260104026945214,17.625969382607636,20.997336534951131,25.71872173383511,0.52647722393656882,22.143411990686587,15.624467170899056,13.877489386192243,38.69895264753174,13.03344816400748,39.163833091649636,16.598050575664193,15.212421944682275,0.92509667146685315,3.1500868235760899,5,0.67011384710768274,0,1
54,1.6839953682673945,0.12721950959717737,0.40641143526999601,5.0254497498056558,6.3494350992280557,9.2368436201576358,6.1794407653701509,13.735493457698317,6.8699263951326479,19.295613097520949,17.166641158241326,10.223393993478251,8.9985518816075611,15.097113125905052,12.936417124303258,25.044256580453997,22.689123684689243,24.934279317348686,13.065916026421451,23.031159963607966,17.594107114132161,3.0183642346532369,4.4872112496735328,10.862215662755611,0.94579326936630181,3.0300645155236676,5,inf,0,1
55,0.88996620688733052,1.6771012645318544,0.57512307742027258,1.5840194899748077,5.0934526259048427,3.3258896038627803,12.561478294230589,3.3428575882570915,13.467933173796496,4.2103422058955564,0.4199223656537201,18.868185367566205,17.168410701930071,0.30850190166302144,19.165230621215837,15.460991569249504,28.364670282768518,29.219063335443238,9.9107873650680425,5.0505405216935966,38.097315426793003,24.204185751784937,38.32480989943992,8.1133023169428178,0.76912875342758857,4.5347839160293386,5,inf,0,1
56,0.52620812946996864,2.3678328258846162,3.8973797019492675,0.21424946794279723,6.8422689935799834,3.305108726825293,8.0360507640952097,8.7226701359855046,17.121912452975131,4.1431281559593094,3.9406870972027139,14.057259297415776,25.601707385349989,3.7168755372932138,0.089877853087761223,23.585498748252146,23.542814898043293,3.7793962855977652,31.186621115152732,34.340627280491162,38.407497039400695,22.811183906661949,18.009138159044383,36.668414554449569,0.93782854329036069,3.163984353725819,6,2,0,1
57,0.37652966642742147,1.2987547533789974,4.5639200094966084,3.2124647814132876,0.40149845530779404,7.9162843920468635,1.6926547750604213,2.8227452176015317,6.903648687455183,12.156772846712716,12.597593122352734,23.508060703642602,14.616673096317065,7.4335661987401895,12.296142856741703,29.67454998594642,27.236643629314955,5.9402251170739104,10.686913887408499,24.410192914330871,37.72702609767687,7.1721168993833606,26.12104134274303,4.1575641707497448,0.98854656288037768,3.0377778071962998,6,inf,0,1
58,0.17440698942648861,1.6135600211463608,0.4891878675183719,4.3515809776158418,0.30612728588525806,7.8808850501370777,7.7635667600027585,0.86900884614782636,7.9330671231436645,1.1249705063719748,1.0672033160192334,3.3457116767590813,16.546032818474053,8.470734235550049,3.5601296899126895,30.883117959830443,13.037560903543522,0.68106590597273498,2.396047916632674,8.5449298356920451,20.106976598975713,24.959716852774889,33.345902911948059,42.458271012395876,0.84775837517602026,4.5418171302518644,6,inf,0,1
59,0.8260543660187426,2.2690995828796132,0.27325991868249155,6.395779461255529,1.5630087576769607,6.8021387961544626,13.732724846198629,7.4386937318511297,2.3286649478023889,9.9597276659258007,0.75740170386818517,14.095527559195403,9.8881641374824607,9.8839501777541159,19.987547147550949,4.5288679208473619,12.571593425129652,16.957232565796307,8.076898959272933,18.452656205702745,27.278393706727918,11.520584693421846,40.135918045668348,43.098117231613131,0.9552075637756231,3.7306564320949627,7,0.73840481811863046,0,1
60,0.13637542562616156,2.9405209356455275,1.3489739349822414,6.3312921172158987,5.5749136593571986,7.5175865837967883,3.9828196243083358,8.3848057500194901,2.2987922954325288,17.777056895485469,19.360001172348429,4.4543470245521144,3.6243625071320076,27.093895012488318,11.680851691402617,14.240852797398956,22.002904851978897,16.1456176843874,17.206573805135839,27.249681055853191,28.822970523470932,42.548064444169441,6.477392436661229,26.473189223575034,0.970279873363178,3.710495315440927,7,0.32496328787267087,0,1
61,0.6775372718489252,3.6841765497477841,2.0554359938222939,5.1902289004835067,2.0236066713080008,10.756857226262607,11.409527725522349,13.25688262327427,11.742884361745448,15.486748319326555,15.88160229214785,20.549540088774446,25.390158433477808,13.829430202280752,9.555769219457888,20.847802879848011,3.398807998656499,0.067775682205159851,1.9719777861523144,26.192322019061898,25.772520190594779,23.68779739310342,41.50325158870406,13.721443770093025,1.3476278634890266,3.0498948512639674,7,inf,0,1
62,0.41841470069580444,0.80907199560910625,4.9471122181798126,4.1429787557442941,5.8973249807880972,4.3121291959502068,11.632893286067652,0.98952748500940679,6.2648059651845571,15.792233185091522,6.3947793930223717,15.920459649343151,5.4311448837429408,24.033767797662698,28.723704913070122,30.345657943778054,24.03297203842029,10.539743816149578,27.169470812066734,37.501901562825758,15.071187740172661,20.890972842982364,41.502747606060751,9.8319302039740251,0.99852674140950171,3.3548517985427222,7,0.52617072358828465,0,1
63,1.3732118041736197,2.2631672886730101,5.5050308692453651,0.41574270011612596,5.8258115499102985,4.4472082325633853,1.4872979074256594,7.7402037116770606,14.810078455292711,0.061648337395817585,7.2267235583673148,7.9291248481174037,16.539948695920412,27.773687664666951,12.726066944576774,17.091491053813023,0.75116081891187503,7.8179164107957613,6.48342551020417,14.896356012456069,3.6197060935352319,38.830334688244122,39.703492837100953,23.086207053748449,1.2596434528867995,3.2446040989793898,7,0.65586663682961832,0,1
64,1.744660490372645,0.059305482047577726,1.6388288342533266,4.417697606378737,7.4536984584893542,4.2995253222871606,0.38524862273422894,6.4473811255530764,14.371552480994723,8.8325601082028413,9.5091785941444833,10.618541013848104,24.885272462594834,20.375604037658995,9.8039351835835475,31.745574010756563,17.661274670955958,8.1255779692841834,25.465160805566306,35.159321780654473,38.329214875567203,9.6507378500386576,0.50746438705801322,22.17744109104434,1.0871826837670151,3.2522975290459248,7,0.59908278925524427,0,1
65,0.94946868024675934,0.092642383301203501,4.1789051843870357,0.47932027058223525,7.0379682807229473,2.146137768317574,11.995569340994596,14.263941022913253,16.291652742626834,19.022220075482739,6.8511464859420448,2.0865830832271004,25.250522197048078,3.1232103241057061,5.8579213616473433,0.69912602975374993,9.7965510833649549,1.7253673499546387,18.609257843298586,8.0210293955408645,35.390541029712324,25.589872475438963,23.935402937531553,42.156299014210425,0.87297396737489441,4.5790631761725011,7,0.037496135340673566,0,1
66,1.3702381427213239,0.089154643493155813,0.17064290398934898,3.0685665469416068,3.077202794207714,10.900487571416015,12.945139266028628,4.5672419340399744,4.812197578285252,12.833545658691035,13.542959713083697,18.822325886691409,24.787120800269598,16.949079027394788,19.145936233125887,28.467939784569893,14.935468420130467,2.2886201693966535,19.242028249673027,7.0498907062322509,13.649994553915121,41.812094490458669,38.63401212900677,17.561446297358145,0.87585272733584763,4.5773002080382401,7,0.70206897945676983,0,1
67,0.65763119988678542,0.37007354092258637,4.3747265844157877,0.42841380569975246,0.1983656307196385,8.2753623608543965,13.016267084807714,10.523182572544004,3.3123033544315081,2.0404740370339631,16.975314066081161,0.44970562053080937,5.0351559891339308,25.16547854275381,29.164076315051506,28.030100214418564,24.026022983934151,25.524191442468709,34.700205329489755,2.5401444600022187,0.9715250307990192,35.501063487191914,6.4354341198910792,24.165993928890966,0.85450956518284993,4.63479366305822,7,inf,0,1
68,0.31351635539776157,2.3825781745309675,0.38272440731585755,2.5578102676985268,8.1633132612078825,9.1861143789064759,4.8430725389588458,1.5046972686781008,7.1004482347985034,14.611096010385822,19.188698782876539,9.9133641639454346,5.7802188725253982,0.19077596916136605,6.7723405702022257,29.297249458266727,31.80551411790038,5.1658198016196204,3.3413677527743721,26.248848595314719,31.896535188986167,17.194098535403604,21.796789380332317,37.456583715214151,0.86365273192004055,4.597516592402088,7,0.072607598848952598,0,1
69,0.13119247883546203,1.9841386575233317,2.0773892187525771,7.3652254679002223,0.94003928042543594,9.8749576511880299,10.144618827062352,1.2444897170129916,0.62451972828871338,18.514089091060896,18.294507695503075,18.569999093616754,19.659783294847511,0.089701010833884681,16.914308818869678,3.5218980876975996,12.253504699682983,17.824668151609039,16.700178135386874,20.33829864370011,35.491538755447337,35.951665134299688,14.141737816590286,24.845527256165969,0.96557381926065422,3.7605385949898884,8,0.63713030115526148,0,1
70,1.5210428940470035,2.5285873803601748,3.1045089764907412,0.79104657622035768,8.9565076644579609,9.3052781852237985,9.7776588571906977,10.191641423881379,4.1872675776302852,11.366948733272368,5.8254696252525102,7.06410406791609,11.71873355121607,5.2761274818678539,27.78991268521942,5.9879382620447528,10.325726126746254,17.351562470608048,29.970351988614098,6.1061347240815058,27.869754365090859,27.939548320964853,13.650317046428395,24.261643154798541,0.96445790174845325,4.3711924354848071,8,inf,0,1
71,1.6185977625235355,3.0605230664470797,1.4010706463135314,6.1167397315712062,3.3825408761044367,11.722372060864846,11.998316859442959,9.2564503221926167,11.925506111063163,17.938200876908542,19.687318914948897,23.006395300137875,21.489457051267916,21.442666074097119,2.2168091103587391,29.59830160913744,25.389198101602467,33.739114233027379,13.685303619813149,33.398624118146166,36.910028194011659,21.198008136009587,42.896174454460244,38.379107221070115,1.6314677072091111,3.1332053928469805,8,inf,0,1
72,0.2909142997358885,3.7516734817759225,4.3593546542679915,6.2305626603885083,3.1747270601620543,11.343516186956235,12.968416771927497,9.5896601583570362,13.257072400356925,18.499170322675582,11.102868695761057,15.535045699893729,3.4882385665472837,18.895741652606723,8.142512187751743,30.19462705505504,22.125627494842423,5.9778809401986024,26.202874398238549,8.120886067506369,6.5283395954937484,37.639467939377326,20.919992726642764,26.022804552595403,1.5059208961097386,3.1498920150159795,8,0.68872041884864621,0,1
73,1.5523113463532725,2.5489636005670606,2.2825330654632188,0.12593088234078903,9.4174660690622716,1.7101845741875821,5.8091248781933542,11.679433566123937,15.431396198090036,0.99486208100134033,9.9018819621969936,23.752923736478245,20.177324131629302,22.189321502673678,17.91780341934891,7.9169110978637507,1.7265363865419687,3.2959863260269686,18.725212585488862,17.577323025116769,9.3261369233564082,32.42361389330275,31.065190956931925,1.8769221737734134,1.0357652081003841,3.7147815394636283,8,0.3017201794595824,0,1
74,0.44709041971952301,2.637869523133558,4.2212640680624576,1.5721653739190875,7.2246007064939644,11.151474810288009,11.816755982109795,0.91987549233418786,15.719068830915223,5.6112447549193796,12.300529260763165,13.992710387718219,21.598558619233181,9.9900372634364647,11.566998858830317,7.1225177297304638,15.70586806389686,1.5849875128110558,31.660324681151149,7.7124033559518388,40.326468243905964,39.868030352665897,2.5284684151334775,0.66591162537780058,1.0803903860544182,3.6001153696976398,8,0.67414927999609231,0,1
75,1.5810440746608601,1.7128215479545814,3.3458621085195608,3.5360245335268741,9.1371780202557993,3.3622893429126011,3.7689706443682232,5.7689347651091341,5.1297591536445974,14.610700671912271,0.5928160545134189,13.797887811126113,4.1299641886500931,24.199166683585169,23.976930400110838,5.8098217797194538,16.651291043810541,31.380895373992608,9.7887177441587419,27.85022653339378,17.296359710077752,9.5313303587457163,20.633861808087879,26.360454398076321,1.2399195920746835,3.2591091581012761,8,1.0016411193088557,0,1
76,0.06289361869047487,1.5628582393136012,3.0077327209795763,7.1906408359830172,0.59874033281396588,5.8102811841554747,9.1384414292804745,13.397013106256411,7.6361408983855226,8.12390567790227,5.0224710176097265,11.094693803960521,22.31978780411341,20.120762934922396,22.421000047425395,16.03895577331803,22.4539431454184,5.368431851073761,20.328314631482677,27.727416510058415,3.0449535241400003,22.008711484217461,1.8154232593401782,10.235606693666725,1.0083921358389427,3.7652680838674639,9,inf,0,1
77,1.9591579069740537,2.3063964148003815,5.9293239429028723,3.59240090461957,4.0606450541972903,0.77998292351149112,5.6353449084913345,10.229180809313043,16.777049272710215,2.2663063983728531,2.2692869341305597,11.22710798712956,22.289876391973714,5.2803701180563314,20.827834371676051,8.6727230414067247,29.334795620013892,21.411405475484585,19.855553449781031,28.520113914436237,24.169166288964409,30.217516492773775,22.454223189914789,35.996359581205049,1.7978918445740635,3.148262046116296,9,inf,0,1
78,0.10297638072713979,2.4930893328534629,1.7176155114530851,6.5022556130425029,5.4587270324807013,0.21924043364253126,0.22554371255121083,14.960571646804324,7.0305422419748336,18.213110340711577,18.028238261386029,2.1688890721592884,9.3142480023976013,0.53158358742115586,13.500801669446009,0.97178406415899932,9.1920349671954895,0.092972685481889084,16.482344786996574,23.486968058072279,41.663338467907323,19.162916390681882,16.671659588955499,41.910112327416051,1.228761620405314,3.6948077656373908,9,0.63741947277739364,0,1
79,1.5192197431530339,2.0720224629358244,1.5427706862061212,5.0560193791848365,3.10371482013083,10.473488107778889,8.698929243622743,14.285406712923075,0.79333942652654366,8.0897188350545903,2.0583806114606173,12.498989502239736,6.0521455230068728,14.631565298173108,7.2929912886510913,13.053290259226904,13.547324718966658,4.476588656344882,28.161262044334212,35.914007366437758,6.6193368921279605,7.246108979906289,12.126413423931627,12.525967261037721,1.2096988723442301,3.7247128557485008,9,0.3933226084795251,0,1
80,0.64591328159000927,3.3071899218614247,4.7295569933572619,2.2094984554703014,0.70490365598755211,3.4314455533306387,4.3333354451317554,0.24607180608177603,3.9760734190298828,0.86441784309873948,1.5553348007018444,21.790447963142906,12.452591144091606,3.3835409851977731,6.2879225669563432,24.732470577211661,18.730114239202624,19.419052986223701,0.87811763786761232,5.4779945146115097,13.385947902385244,14.691467193005787,10.830089210602516,45.296032295682032,1.3023843700792725,3.3624554570346525,9,0.24128379610917602,0,1
81,0.47851405680873227,3.276664890273957,5.110300424216792,2.5225717664243201,3.5751307035300779,9.5289602665062354,12.030858780545181,10.646158221877171,6.7984744273674043,13.786020681418714,21.815344093760739,14.050118889193664,21.290303411586933,4.0576335110345205,0.42773534384566414,20.42278255391982,32.605558678894283,21.146571854180703,12.355432506431425,14.352092341325491,9.9677684133249258,31.935978242071045,39.975837975750949,33.494820741993067,1.3149287638251921,3.2647863951370377,9,0.97477173082934354,0,1
82,0.79873593520665853,2.5480194337957638,1.4451391273371019,7.4592589561394158,0.96527812048510564,9.3098956200284739,4.3130237638642637,15.493346848290066,4.0484596575410912,2.6267849742014593,18.70474230921387,17.925380475413839,14.748017651790713,23.965804810266327,20.221515877072388,17.093157966776328,17.500438089058697,27.286049711940155,7.7330497057810668,0.054574986494075939,0.35683628211894769,0.82409949173437658,11.973271465143091,23.545518644731722,1.287275221717703,3.3920482901324105,9,0.6319056606911313,0,1
83,0.46109122595149704,3.6236903813370498,1.8743270721794199,3.7386934242732868,9.597059954743294,10.41502163080129,3.0630172499703883,11.276492165528616,8.0714422936511259,1.8093596084395001,11.275237569760009,7.844922297951916,22.497678922790911,20.875086811432759,10.957981019189221,23.96688117276301,17.230242519127973,14.16255202340411,9.6233797836351833,32.430928154503007,32.333035977118264,35.011472063571219,8.1096624786044433,28.998760207762793,1.0280409335414484,4.2878598055469919,10,inf,0,1
84,0.91938059269268568,3.447905833052642,1.4073675335770088,2.3961701488862999,5.347429912692462,9.4288901969879184,8.9529579589628998,12.286412498343797,15.018270881918868,13.354430972903238,2.8790183778554557,5.1345850673858564,10.007632528612028,23.549752624827725,1.073549325286665,15.637009027162268,21.243170414466935,9.7364749378205424,17.410051884245949,22.157049565532819,31.284756431503137,39.749145216891485,9.5313587473161778,6.4897799806204315,1.0524784612752405,4.0100330560142359,10,0.71900078219403774,0,1
85,1.9987729358240252,3.2167801791269892,5.6030872858874714,5.5799560729250954,7.4159661596187201,0.56283772302803103,3.9163945012222992,9.3495857530456252,12.251337374194469,14.883665993613114,19.283159474783389,21.045560968600512,4.3996835542773072,2.1310148343350273,0.8531300387851789,19.757026655278668,9.3659939061383408,15.971082137565475,17.850199161814345,5.0061230933943097,16.344779472375617,30.21942482699987,33.100972658109242,26.052498249380914,2.0640275505210695,3.2519425872108507,10,inf,0,1
86,0.3131700955126176,3.7606492298050713,3.1647511269495379,4.8203583563499111,6.5560031785928121,5.4907269008134492,9.6673819397461056,6.6580441775891446,14.810428217067392,19.083765172049347,7.9205790648535972,0.89010713894815474,16.795493827599213,10.490484466982059,3.0175945506353545,9.7762673536250837,9.8391654456020738,29.086801637163475,9.2524973344195427,2.0421363500332159,15.90595220965298,40.891363771666754,1.1014559811855715,0.62259337304349904,1.3693905144123995,3.3066616111619731,10,0.63470895855008325,0,1
87,1.0324893942055067,1.2781799787229271,5.3903021433505627,3.8437153778466207,1.0190616930998957,3.2691828045064146,8.5657052747913838,12.291331121139127,1.346029192388452,11.783731288452641,6.1966606748535114,0.19933021082861241,9.9544645914682555,18.557486096342505,19.213225222953014,17.930783758129973,17.751464600208493,1.2207198672570889,22.842733742555144,0.81465486428478329,32.47779551399713,38.022799477905089,6.2314116798394812,34.153666006320336,1.3250312103545081,3.3808222528594083,10,0.5576696751844753,0,1
88,1.724257911604087,2.9324609896858869,2.8803618297384315,7.3154943032933311,8.8921103740215948,7.3087997863267873,11.250341645123942,4.5567050994787577,9.4022342214338384,15.89238109656841,16.541140978442535,9.0964982747446932,10.512992650656836,3.1981910850424677,10.770042356366753,0.37824537466437036,12.354817921620768,0.44331248108571064,6.2691200151251909,38.848491769776899,34.610551601868934,32.089665479876416,13.628020717678849,15.980508959576262,1.8820357256371723,3.2802835167444355,10,0.72332954262148697,0,1
89,0.7988712847979107,3.2884626789864093,4.1097100596115457,2.0819801167003562,7.9174358488141205,2.049434638154251,13.581669674776423,5.1234887769767203,15.767686640477578,18.991958960274427,5.8285158313942285,20.312394134602478,14.838708200474622,22.43118349634501,17.598430704076861,4.2826640639533018,5.9901251557954582,21.90414434668082,9.4083118981781819,10.441358463671854,16.858252231602986,0.67272084277823863,12.40906919141381,2.8337761308198148,1.2917442234873102,3.8067201402720414,10,0.87048007168590846,0,1
90,1.1472849968167695,1.5757331656169984,5.5592804921306911,0.044355369613966085,7.2849850248992691,4.2690434866017215,2.9810653918338166,5.79243850808363,15.809405198900105,7.2665178264749741,11.070552179256557,18.419718209956905,23.776364870584551,23.138304162681422,12.352393223095255,20.186965000264181,11.624994588801396,13.740945787182996,36.573463876243643,25.880569033713989,40.229518222858381,35.351893693425353,10.551754351210139,42.201697462239338,1.0903651682366753,4.279228859952239,11,0.17180338015079749,0,1
91,0.68111352868223252,2.7806936068092685,5.0001405210118417,0.5184177942395094,4.5442953727284188,7.8896865063498041,13.045040877077769,4.5221727430655561,17.606056590787478,13.846567676114939,19.938683907017996,19.377238372614855,11.245041080278535,15.862809960420279,6.5747959843148118,21.806355681438024,23.697834632205652,11.996743161106885,36.192503395519374,13.712797709690154,23.998991144579211,15.252373081710676,20.77474034912542,17.621219954286975,1.0756962920567874,4.3987010301677296,11,0.21228410342910356,0,1
92,1.722326289326324,1.9093985252184669,1.1508382891195266,2.9006270618450842,5.8867450973827351,8.4576824302897045,11.623437814330895,5.0786131866531568,12.039790476909969,7.7881079815443659,7.6106522945187063,3.9744836465794688,9.9921501028413644,19.904159643431125,26.922923591655511,4.0011892174275134,25.616431419697214,35.02093395205825,25.744320888499427,32.905064731907139,29.26954534286369,1.5210296936106091,27.796598669283561,13.663123025215544,1.0928627338425336,4.2497265673582652,11,1.2200801171359574,0,1
93,1.271616466051096,3.0176259092042774,1.8648167583676196,2.029210551486059,6.2643841034241685,1.5865973999777494,10.663333181117705,3.9795743235105832,6.1568167381622292,2.650308309320252,15.516190753068921,10.468942918280575,5.8305652589770851,13.974429148903328,6.2728107111598312,4.8826313962359862,19.650633022571895,16.518625196765253,23.330501818717096,6.0052985649085464,28.633450081444387,19.567954828916225,22.225277756135402,47.069702200669823,1.0548861122430997,4.4327587103591428,11,inf,0,1
94,1.2514105384846792,3.31839506926686,4.4396932288008149,3.2793944421313492,8.8583062593910391,11.148302690895886,10.750449722482841,6.9124539131179521,11.927106843657123,14.814586759268771,16.577202048675826,8.9374289819931256,15.983647867766138,27.296385549061277,14.201005701540296,30.090808673915113,2.508173948223114,31.738152749999241,2.4271272628822365,28.387426675229651,7.5676173673587011,14.364505845461066,33.726294694961993,32.157104482135672,1.5598271835627564,3.3517174885844137,11,inf,0,1
95,1.6445134111408002,3.584883932212763,0.8586897359572272,6.3173922737098183,0.49704706909207375,10.739721746213302,5.9348391936347538,9.3724195884076931,5.9921193764291134,7.8822038978630049,11.958734587301004,2.6244866135741391,20.091484865223343,3.2909475038189391,19.516329385881672,10.327236630038984,12.525125300957997,16.973700474852929,0.59744058802213396,5.8490741590241457,8.2650806954477858,22.094892972309559,13.721712283950298,12.382188670820145,1.3834368523620764,3.58771660492478,11,1.7554790180725166,0,1
96,1.1245194022270149,0.19600166192469184,3.4067492500622381,7.327117243279698,6.8947834198660063,3.4968751534077742,4.0630636837621665,13.580421468228616,5.1239684480654111,3.8743866842323342,11.510208747840787,23.879520328098433,23.465805637670414,3.5575727901484759,23.152948141794315,21.312964459793321,14.660531245004238,17.775641120525211,22.359743066596771,7.562797875940114,39.10070514828822,29.659220346383513,34.791453307501428,3.063956012758867,1.1837929328784997,4.2663475362330416,12,1.6902817767744125,0,1
97,1.9844194696903641,0.058170546868676141,0.49323476995105264,6.5490642025840158,2.3229511885847325,3.9245155967665433,3.221802798704652,12.497650014657333,4.7518063957140724,19.340777991317214,14.563522429834343,23.938071230916325,16.682685389010217,5.8970617042455489,28.97778884682775,27.511594959948773,13.329537007479237,10.475429414170195,0.72108256910116231,3.7176956859588133,12.402898887016478,32.29667951250363,18.015660290117221,37.500958129026074,1.0951974909170663,4.3194170465481507,12,0.61407673285064968,0,1
98,1.6652745929722552,0.39620558985610993,5.0141388412911532,1.9956728087954747,1.8662075954534205,5.7789970559343207,0.90415861083171101,11.5984266934595,13.64554224830675,6.2093591470325995,15.515520795902701,13.320570618696804,9.5351383367125102,9.146202000301189,26.938516373330906,24.052870039890593,28.218113377295015,35.523931713083861,18.465563604147821,12.022026643792758,30.709489744693958,11.589750741359309,5.7757432038843612,47.229412228220042,1.0862024558240972,4.482229461757516,12,inf,0,1
99,0.19917220366736549,3.9971734385199262,5.2484275029457601,5.621682045345187,0.12775540338894659,2.3000817809226564,0.66239961139873882,8.1764177100762581,14.683165752416418,17.269335784142712,6.3497639781272479,16.20484318821795,11.736778169922903,9.2638169840219167,5.2593920792604907,3.2512296988689782,12.391433374418039,24.756345681122234,32.198272243906132,34.808083492778614,10.96897132457574,13.8712398049848,23.328074878043939,7.7082601977097855,1.5073511477510526,3.917614124510016,12,inf,0,1
100,0.58430728963335854,3.2525548187503608,3.1711095511309546,3.7227707122175993,0.87130554161234663,0.67517817489294285,12.488492474611288,13.578966516769057,14.991602026590622,19.606046756116339,14.107854225769167,5.743390586024125,25.602980355458165,0.58561663708117684,14.622779655295076,2.0736924365010272,18.157598759660452,4.455310237557307,11.393976240825891,17.834765867354644,37.335139746462573,19.387126663239659,20.93302523308968,5.058455104472527,1.2137818618137173,4.269352882233723,13,1.9241188186410636,0,1
101,0.79450798479277074,1.1097568615335232,5.6174882602586562,3.7099408641208469,8.5228896027211647,2.5532084524838048,0.0017301785162418563,1.4863402568897595,3.1520950042905991,10.297183344081446,19.359787725865921,18.835006151071315,13.775350573376761,7.6674603484563777,0.79152438886051435,27.83067588172478,9.3648873988384942,5.2275728573059546,19.205642136246198,13.403786571995527,6.7912081859584612,9.6487588098050399,38.479811970616389,34.576705156461173,1.1256322759606721,4.3243718305605414,13,0.4231176308395585,0,1
102,0.14971420437136915,2.5774798947897133,3.6160339262600667,4.7037213558061692,0.8407736829309197,6.0000321409837802,3.9396701771519811,14.526578163442208,10.998251584065978,12.379572378642955,11.226992905176898,16.853409567550372,0.44630821128850584,0.075683344984713241,27.814819251373009,3.3344466313466787,11.981826853944547,26.424470029398517,32.36035369571939,33.770733161231242,15.260737963593908,17.463261919880882,42.623293714328923,18.495608027468251,1.0952875171857721,4.3292062757431733,13,inf,0,1
103,0.78380765941444852,3.8457056560810603,2.5353163041496352,7.2060438072217119,0.982045518518736,6.888743249341422,9.6416238659834228,5.8996985248858564,5.888925198489555,10.456739205043476,16.615984312206727,0.88862976084247547,19.060565936715808,1.1014656431895444,25.845698956555868,11.054192477919328,12.835072790697712,35.884800093058061,18.539302755614315,9.1093202295120275,31.076256280560322,0.81604943324774593,24.593061745903395,30.335353996694415,1.5933961543645183,4.0060745336558305,13,inf,0,1
104,0.98857953591605652,2.2630605218901723,1.3310110031990501,6.1399294121320276,5.7730807019870412,2.0138797741844123,5.1445991672922453,7.4987773194974032,11.776791280491119,15.861794862351706,14.587359504102544,14.712712651417924,25.762151925041007,3.3455743818171593,4.4569434120480338,27.272993063187243,17.323879919199911,7.8217171174474762,37.74411910069216,12.611899248711893,10.866793189155882,35.603712546362544,16.269067179432692,22.456439604348233,1.0984900751336859,4.4089096074612808,14,inf,0,1
105,0.73278800114274956,1.8728018762985881,5.7638063817993421,0.82484457321140991,6.753468931055755,1.5542162783808726,0.14661227013670497,12.867392275215604,17.870006746377925,3.0543762734645958,9.864655631617703,3.7016936708568777,4.5988263226203516,24.668247313645011,19.741757434775344,25.311317078898778,30.478621970361189,12.648298652854507,0.83073076040070448,5.0882687083172105,16.636616526792906,26.259720701277427,10.972043870575398,39.765940595415998,1.1538614234898601,4.3365525984896731,14,1.6573756330271023,0,1
106,1.6972300107329392,1.3229764014358345,4.8827926850853247,0.5798491267171646,3.0534500359033268,4.6141339288068322,1.9024987243243197,11.60497464204599,1.0845428425140318,7.001230111483169,9.9753901605702087,3.4506724510241709,2.9251185681914795,25.669914733114261,3.6276069060306444,23.038077356801427,1.7016163027000064,19.480376375587035,17.389727346043379,22.701540131010709,6.0989049019336763,18.98052000485476,6.8739913485424502,7.8699136516079538,1.1208499539055801,4.36391166574038,14,0.58446443200184639,0,1
107,1.1849927267263838,3.1446889840639023,3.1928666450602146,7.7463245799423239,5.7495353784831424,5.7221208749356336,5.8959371494513082,9.5836795633613239,1.9183056103937659,7.3721508334546595,4.7477407434159975,19.373067385992734,20.753735306997363,15.527105260103632,26.854372163748685,29.732476829841104,33.239535290810977,33.037873988842335,1.5204269371742387,29.312899511551947,37.64770281365832,36.864544111251675,24.676870117242878,15.423292016490542,1.677706452273523,4.2609001383810012,14,inf,0,1
108,0.74468881854477476,2.1287041688713351,1.5305610856394913,6.2014019382841612,0.23837582749609865,0.52007814312707801,3.132151982680047,3.6791644804664028,15.141003363162778,9.7301343917372911,15.65857636916458,21.667245389735484,24.089252148724636,10.349783543007963,6.4780270502019759,14.944817127307136,14.085039259365839,35.480232943329483,25.000904072292023,29.259473872633709,27.611906617149405,28.414493834321405,10.248908254644812,8.0259670016604687,1.1033389010138657,4.4291699177318566,15,inf,0,1
109,0.73798408414328076,3.390425958302195,5.25408649786264,0.0037477670153930887,4.0998432901968505,10.673167169672679,8.1923490331289628,11.950363986798784,10.581322258626198,8.5506907221512467,11.730800852149072,22.95696141204704,22.832683990693194,18.509704624590686,15.098158397950968,3.0763321580773075,31.183598615442524,5.29972031709619,6.7267304226062992,3.9350641170611271,10.196250743096252,0.90484254856467683,4.6272940326877334,28.051929594713307,1.2801606016220082,4.376382513037723,15,2,0,1
110,1.5486492947035422,2.8363685539892876,5.6301491533305903,3.551984314268279,4.2396596378425926,3.8570590703769794,4.6251494719494284,14.733552951577613,11.299966681687563,6.3381856796647948,3.4261282184300468,6.3781157721120234,10.704884674176185,26.718655496621782,24.730668415196888,29.031554185259029,4.7713926934686475,18.865167751477653,4.977524645918753,26.373014856806229,4.8979282895602196,20.257780328146094,43.737742571551586,4.231473488469006,1.6974235752052773,4.3721067201290023,15,inf,0,1
111,0.49217570727405519,0.81156503794244195,5.7915570279249629,4.6192269685382827,3.2362307990548111,3.77832677414799,6.6889771522810912,7.5616521905953205,15.288071399809454,6.0331015350484911,17.794581381085184,19.900809973528368,16.187439951995259,8.9076665437244724,26.376434646846782,23.83604020715951,4.2381045621307649,35.252974443332043,3.1009986000691452,14.336611754704229,37.281878785288839,27.457814177903849,42.431748685529804,39.653062810522144,1.108444108393825,4.5251469818572527,16,inf,0,1
112,0.66740671827268483,3.0861206745487046,5.7006594629875984,6.3736135054921803,7.6337244816501979,5.8671639823378516,5.4288651880425203,15.732350386426042,3.7034593061992451,19.664861820591707,18.031286108154053,5.857635568446506,22.678245836247672,2.9880504233415617,9.1486112902862935,25.082121109909135,5.8141847413831043,21.592413212256702,25.260179843241698,30.029227806380362,21.917339193938627,8.8386715762031525,5.8966013767631091,19.689561759851031,1.723978197942408,4.4778666216551262,16,inf,0,1
113,1.1416968416679132,3.3462973784678876,1.0169670970826687,3.2150061347712198,5.070873940873283,11.830368655145588,5.571948666616767,8.8409103465350434,13.662803278635442,10.506746295390517,11.165170913712741,15.043213339910233,1.7341994714562954,4.084897653928655,28.786749337427899,28.689159602967813,3.2600064297141613,22.791955761581974,27.409137021881296,25.99980124773171,23.625706603547947,21.660786042758627,41.09432977196321,16.241752035237536,1.1159365132466792,4.5281862255642613,17,inf,0,1
114,1.2037629600257163,2.9849230302600009,0.15925018452098177,5.1291092570230523,5.1208299631939935,8.0437653401076528,11.403860658255818,6.5931536419508436,5.4382583626099041,13.412545920305885,8.4866874494397049,4.7933318646922247,21.314248439015035,16.961418883278714,5.5843102088122833,1.4105948437251228,25.23420051789692,27.288301084183754,5.6742553298794469,12.56018009923311,12.333936847796821,34.304594679216471,29.836169167045313,42.411797026458004,1.1447444429697216,4.542417172512927,18,inf,0,1
115,0.54834650714677025,3.1928015565068852,4.8848305021564586,7.5847233870664521,8.2288463515377188,6.1816694639181264,3.0939741641487579,11.946102608096608,7.7676798604543293,17.766074929699045,20.706252668021421,12.072294004097097,18.253092964833304,19.783176060964092,14.430652659607304,30.730039359399864,14.484765921710709,11.623471818600411,28.953339960321717,37.305142432876664,29.871124127249335,22.766953494264655,40.685693570688372,26.574424605707165,1.7114412046005067,4.543106701579136,19,inf,0,1
116,1.9338817771185388,3.8107357444079843,5.0201539643855728,0.53466006397552091,5.5636207638007438,11.173895155837407,2.1173781413229453,14.536478684962628,1.0675426215367265,4.011475877535509,20.293193410803944,6.9187563100804779,8.1709709709939577,10.563403358561041,5.6164742892599033,2.7771734933025538,27.24493956345303,27.470741337943551,32.239837131731591,15.007726719382518,3.5347479289846624,13.252828871783022,12.750087238223809,14.193123697226987,1.6841818146397243,4.5526581935726584,19,2,0,1
117,1.2650030441796447,3.2253798381571861,2.3578552087062121,1.5284812040409048,8.9289365154999256,4.231642265724016,9.3552846229448861,13.524687348679938,13.432154383675492,8.3874971730031032,19.5766139886478,7.0585729344203525,8.1426813050973195,2.3451837821525277,28.965936383308193,7.9354203856227183,11.439064203507392,16.508580034896863,14.39476608131044,12.752557886770195,5.7904726965387372,14.029746822280785,10.734591854691722,43.652697731864045,1.1899385048411411,4.5750968437202477,19,inf,0,1
118,0.13636663166655799,2.4652778767282335,5.9007379546099541,3.0860136644052498,4.2328560503437611,11.335253641900788,9.9828839786314916,1.8940673475082865,15.813963054439702,2.2204485539467345,2.7215448826344617,22.382445193541709,0.1496244656886784,23.459382148720021,15.396006239023741,27.187602504589389,33.84614259821246,33.376868792070752,1.6999131699213723,23.110951466966085,23.525868947110915,34.536715976212989,40.063884798523716,9.940441355571874,1.2875909154005325,4.581644565008359,20,inf,0,1
119,0.56664739405829823,1.829958093635937,5.4344726315857983,3.0127355063422301,9.1285658331847905,7.7499353863916234,9.4557542964654751,1.6866192097718451,2.1021271348905595,18.567951494612807,16.180996086085326,8.4696449815667716,21.388546706022098,22.30575949088162,21.721368151262716,26.362901282423838,11.973303169669345,4.0744830102312282,35.147169188342801,34.959794674799888,18.155869740604022,33.588402365674774,16.278423961846833,40.447872659449807,1.2168787343027345,4.6015017338834054,20,inf,0,1

final_population
index,x0,x1,x2,x3,x4,x5,x6,x7,x8,x9,x10,x11,x12,x13,x14,x15,x16,x17,x18,x19,x20,x21,x22,x23,f0,f1,rank,crowding_distance,constraint_violation,evaluated
0,0,0,0.062816164383879519,0,3.4869862930701103,4.238078109606259,4.8874337442769944,5.5865369158015046,8.4293332904728118,9.3706652070195116,7.7642813903652037,8.4635470028720885,9.1700174120577049,9.8050716954235231,10.599519522212159,11.274229306996514,14.718313864924669,15.638511462527475,13.122367272123713,13.898722075812804,15.753900720144546,14.868356903456919,18.206444779826509,18.995736070765833,0.031074502025727563,4.0206059247042853,0,inf,0,1
1,2,4,6,8,3.5491333263457467,4.2479496635710632,4.9768017069620436,5.6585196620782066,7.7273709665847017,8.5210361777907302,7.6472904040939405,8.4790277923308022,9.2057872624907606,9.7357233469318079,10.707889613542793,11.426340167014638,15.317586396045595,16.192429649465335,13.289689843496761,13.822025844271881,16.593782395190974,14.580656231808113,17.895578012747759,18.596043425196157,2.0320448333395857,0.032044833339586166,0,inf,0,1
2,1.9881078310260745,4,5.7386886906311796,7.5191522646621598,3.5112781138301035,4.2338275514570212,4.9029240274123431,5.6148245173663005,7.2374360205205059,8.0272932093981133,7.6920232891437204,8.4000370071348396,9.6466015815898007,9.4141621660704295,10.852090947497375,11.672270493732398,14.796123534279268,15.803806062735418,12.917076913672235,13.559563725238082,17.109909165223101,14.31379172255331,17.744343070646313,18.453713968694874,1.9461795370322101,0.81913758569266537,0,0.27929863359101992,0,1
3,1.1847215196277672,3.4338010293290506,4.9308319452054121,7.4771190474218692,3.5316766876206303,4.178536806239646,4.9190599209985084,5.6766797804740152,7.2861968949433349,8.113034780128709,7.6156279201380661,8.6194831901598779,9.450740874042955,9.6004077953879854,11.102851971678685,11.788137795886875,15.660590189620153,16.567349635096829,13.409631803079691,13.890099616929167,16.647880303187325,14.384894828578327,17.564913073109597,18.53068049730458,1.4195976538284414,0.82755632165361748,0,0.27289316661479007,0,1
4,1.9619780176992676,4,3.2613522039423097,4.4191662924261603,3.5116423863783082,4.2626346608038839,4.8869498700314153,5.6387814061601276,7.3329160840623597,8.1223969928974231,7.6485087239497886,8.5441090637210788,9.6413993045980124,9.5017014330252465,10.849156400834444,11.692015322093514,15.81618574967044,16.777390082328942,13.57254638971953,13.896685748171089,16.142042574945389,14.539536475911889,17.909258117952906,17.792461301773578,1.3240616204488327,1.620630046433438,0,0.24117144745009184,0,1
5,1.7388505100465115,3.0686981628398997,2.4327363569979035,2.9997987895075973,3.4954051389697924,4.2742751576982156,4.9353033620396376,5.6300522714841126,7.879917261388111,8.7069742402493944,7.6585430343851382,8.4280843132294425,9.3985290193305051,9.6632609610312148,10.826719440414829,11.683484799555806,15.45071827247437,16.364575490550443,13.358020065089404,14.053744861508326,16.073817402922312,14.644431229035346,17.612665612129295,18.277222016067192,0.8669256475987166,1.625412843576187,0,0.2328514399733391,0,1
6,1.6549236093187436,2.7781007403669946,2.5600463874590247,2.4658303610285817,3.4896178830789366,4.2964225977159476,4.9210598174516464,5.6305392500617062,8.1120298235523318,9.0483272301809965,7.6880275112452408,8.3536340793112984,9.4123172595535927,9.6019088893049727,10.533715256368179,11.403818888253042,15.148607223175835,16.036453006605363,13.256326790894677,13.991250016746028,16.0302552084251,14.588077555078009,17.655600577269965,18.435924024136501,0.76744567003057185,2.4160039488661185,0,0.18868442895982837,0,1
7,0.79961227768587106,2.5120832788529679,1.991530451939961,2.0316754671932546,3.4909455710778872,4.2005073768384706,4.8829707012077481,5.6183258273825798,8.0549969220467705,8.9210540517048678,7.7705607365275018,8.442285409423997,9.3142461747547127,9.6809764106345231,10.566959102051188,11.179180143876462,15.054643610437793,15.930393310479714,13.349227164282988,14.001775513592381,16.315339887348664,14.74749828300787,18.076711847344978,18.919765970952533,0.41930699105004532,2.4219529092783225,0,0.18499243177353414,0,1
8,0.7544272274209366,2.4411850880006867,1.7278452629559449,1.1640737439201883,3.5189109094097928,4.2113762064187208,4.8707490582274851,5.6117190013604992,8.0052120940356808,8.941030957616114,7.6086788564817374,8.4919759830761894,9.2054051394518552,9.6878157803005571,10.878746941609565,11.679870372877438,15.63248669830244,16.60607024146536,13.496856339445969,14.122722806822321,15.338911862177515,14.99711024178492,17.876250664603141,18.314511161065006,0.33614158497253638,3.2056349878127746,0,0.11098323518898096,0,1
9,0.85950410986250558,1.0602788656380993,0.39598689803306369,0.58240308007747876,3.5157425312616795,4.2163493316015268,4.9296147606831004,5.6181882915573329,7.4091545143854241,8.1636646067677852,7.6657595407698187,8.472627138693559,9.4248044411355316,9.591704104287734,11.170275029103482,11.970635864053033,15.588073762709026,16.387781965668978,13.289067702015595,13.992009087820017,16.396290238569087,14.449867051097771,17.847051437029574,18.377099462434359,0.13717973692371033,3.2117939850221995,0,0.10799670588100803,0,1
10,1.0475573995863641,3.226930923760154,4.7801546366920977,8,3.4818441217377969,4.161555117303541,4.9114672269105686,5.7017015806760476,7.4352332384778759,8.1805241505148576,7.5705386904648755,8.6870410789954473,10.183845360626346,9.137456548693299,11.168356055082523,11.893104778610608,14.639277397177086,15.634103182665696,13.237812945840224,14.059112619401704,15.60825738153866,14.89600621669522,18.015277443822594,18.685660180330643,1.3602771239337823,1.153896616324436,0,0.033139664616684453,0,1
11,1.5776921905097332,4,4.3344935853903284,4.8575629301443906,3.5472132526152875,4.2803239926130834,4.915093718034206,5.6359047884462834,7.5793756195463837,8.4328490517597334,7.6885313526328742,8.3614252555549857,10.608846330965685,8.9451118228047317,11.063002446138924,11.789494116329641,15.572655940670668,16.749830147487554,13.376870336657221,14.445863256122486,15.37200588719468,15.146102853120485,16.660821380568997,16.546165082495701,1.3553010678825619,1.22444466101581,0,0.032498028112385044,0,1
12,0,0.28342575404155035,2.6978719508121292,0,3.4351058969041341,4.1262997285443692,4.871682946803511,5.5524862641845809,8.3433544715686487,9.2196131634426131,7.6820132445123175,8.4475097067218226,10.207889327254213,9.2072546927064653,10.475168221168619,11.206751943987422,14.106032098698492,15.054183541993995,13.2668505668536,14.043613293722494,15.143298296665415,15.190546139175948,18.119690148520075,18.845971427735606,0.073417714652813937,3.9236732112355126,0,0.032126125879386784,0,1
13,1.3127973833651359,0,0,0.84458654790804877,3.5500021345579462,4.2738823575179543,4.9058578228892751,5.6308837488699783,7.2080747469117066,7.9397794046085881,7.5203784273358529,8.5067201858775192,9.5892905123223908,9.4313991668626098,11.717991543731259,12.690245771734238,14.87352434246924,15.53272026689781,13.215345196461058,14.124546459732592,15.693921840552941,14.987487647600044,18.513288861457639,19.539412007249346,0.12376300819139646,3.2897879191183375,0,0.029080999163800414,0,1
14,0,0,0.77245704205666643,0.26828388840041495,3.4860136138557807,4.2113061281892357,4.9132856153283964,5.6035158957835165,7.779557127432561,8.521959067358063,7.6661873382611114,8.5517547575491619,9.4935040241696615,9.605495684901145,10.615946344813869,11.389749678022614,15.07307635844246,16.104671375626481,13.469746946841328,13.914790266488074,16.519901856822631,14.419121190926154,17.842253925085267,18.588496756301492,0.035631353297165359,3.9267438889743116,0,0.029047763033138115,0,1
15,1.9949959359146396,4,6,7.2921801859166697,3.5673394391824909,4.2164691086938921,4.9660479814314273,5.648581982777606,7.8056964917472573,8.5114473124693024,7.6045461276405817,8.5539650718404356,10.142916380782546,9.205109804286689,10.53465699558711,11.178558123722389,14.81524364822798,15.6560800318967,13.152103290344947,13.865963844861767,16.196630312346695,14.539711061610552,17.305414207400041,17.810974220963502,1.9606209206731924,0.60113843354302154,0,0.02730006769859283,0,1
16,2,4,6,7.3069182948502061,3.5082527971706301,4.2127194712566753,4.9533930152746155,5.6293944080101719,8.1308687455533537,8.9677656171934323,7.7858471640105247,8.4561052193304853,9.2821405712740468,9.7531784201470835,10.715916893088623,11.379701752635075,15.094098891539266,16.062987274610116,13.137291807686154,13.674971359023907,16.137704482317808,14.685635751081382,17.724014554479098,18.359534082762409,1.9647850655348047,0.55520071589590025,0,0.02693888584644108,0,1
17,0,1.8221413845178185,2.0606006635503822,5.9179783295015218,3.5285846141662831,4.1347443408958737,4.9656107631688426,5.6541616337343923,7.2636827959415626,7.8899122354538331,7.5172357509598733,8.7546307205321661,10.635268755559068,8.7861470468441265,11.38605221721029,11.838860584231654,14.540491413792015,15.538178256410861,13.478075629931684,14.154982141811969,15.228354221047994,15.666227222115756,17.749734214197378,18.409224383232889,0.38902754198026523,2.5835775259343219,0,0.026935599238961029,0,1
18,2,2.9303609016464987,0,4.9119512806935299,3.4805659342083155,4.3039177819296537,4.949965543068636,5.5522791110291907,7.04748314490356,7.4253057691624953,7.4367486961471325,8.7665624663652242,9.272629075359113,9.7829699195634916,11.667284389470533,12.360636877303763,15.073578590497375,16.00499419303733,12.845853921935973,13.894955426769107,17.160602749312261,14.125720174337673,17.84323244664478,18.030812254560299,0.82928924951726102,1.7937009617159194,0,0.026267378142483311,0,1
19,1.6054574546226927,0,0,0,3.4778405680817754,4.1792512268517017,4.9282607199550368,5.6911194805172052,7.5350968226457367,8.1178031034188027,7.6405367951121832,8.639175926727571,9.4296547088383047,9.5820639836813903,10.846234604049567,11.901221273352702,15.502484846292589,16.525184257869828,13.167580851110976,13.750787484190091,16.236047891537808,14.442560392723431,17.474421669233429,18.249300830325353,0.133353892752792,3.2321670107759277,0,0.026259515060048828,0,1
20,2,0.97423735586811877,1.6107495257309037,0.32257228282228734,3.412185529597267,4.2838160748413943,4.9014823712643985,5.5291658264434469,6.4414717600611144,7.063181302105817,7.4702325786002488,8.9632915346719386,10.674786511224987,8.8840983152633264,11.957409881171612,12.673327598514309,15.463592290095246,16.622647654385389,13.578966132291265,14.259469109952962,15.611618473904439,14.981427847161802,17.486587521997507,17.528090546484353,0.39757992451260354,2.5387394103698377,0,0.026092760094705729,0,1
21,1.3084446505727132,1.1354740022113512,1.2266542229579813,2.4638363904778369,3.5083888488161361,4.2110262720218632,4.8879438133700939,5.6440036608166722,8.3585592649363321,9.2789046079322723,7.6665626511803904,8.424496274436569,9.5489389700511023,9.5056111278709388,10.407735069679488,11.369908722473518,14.067357353070772,15.075798786503963,13.052133134339504,13.800105929557054,15.590631902014081,14.886966731653917,18.331014349336343,19.175665166031802,0.34715020239739997,3.0258714566888232,0,0.025834391881139489,0,1
22,1.8562837420249596,4,6,7.7297461429195735,3.4566703304006889,4.184311304579162,4.9178671449292573,5.6053884274871901,7.9336598423681526,8.7163932923841756,7.6940698096859483,8.5549011463322078,9.123485478493464,9.7978384700206966,10.857497290322902,11.741365614846504,15.563528022978019,16.303633569287648,13.430762617733768,13.942671024889108,15.918342894811117,14.756603926012357,18.094899387389539,18.697363223421956,1.950408493796068,0.77162905003914017,0,0.025744624390935548,0,1
23,0.85970523201264182,3.8274342698737818,5.135837106687541,7.121779180736711,3.4919747534720105,4.2522551685531207,4.8953764103986952,5.660025924695284,7.5994654033039408,8.2992581365131244,7.514752088025662,8.6588129560639935,9.7775319713718289,9.5236737596150984,10.666251422809031,11.350821783105951,14.853303004578919,15.608188344395563,13.027118720416587,13.698323793437288,15.58294995759468,15.50078999814577,18.457909648766456,18.802310763064099,1.3659300729935802,1.1134520230825409,0,0.025215556021397089,0,1
24,2,2.9452099798556182,2.3689309950287001,1.5162095851048325,3.4471317138606228,4.2515558642178712,4.8476260515040055,5.5854184602457506,8.3355902797106722,9.2915371715501109,7.5050640921112661,8.7278040386680065,10.33399943926954,9.155186654132299,10.704674439831962,11.331504778398202,14.189021551276017,15.238429167562913,13.034421842286607,14.437553061877059,14.947461965727852,15.43508385919513,17.324952056794167,18.217817565435329,0.80977122287863079,1.9326611326621574,0,0.025147204520883926,0,1
25,2,4,1.3393026326486079,0.83880050423279862,3.4978671168219391,4.2037639959412418,4.8181555052679572,5.7142319627362745,7.0219132022592561,7.848466718206998,7.4672214187296619,8.8296822845644414,9.7017658621463045,9.3127960448059355,11.056049733106303,12.138422761876097,15.186334405264738,16.34019012711272,13.251843723128466,13.959750402356216,15.602841201955258,15.239499148407111,18.368592461120095,18.5340938016456,0.81445553641864987,1.8880685804895421,0,0.025042964485467299,0,1
26,2,1.9707689812341489,3.9105991807002818,0.94051798880395432,3.3787351162795844,4.3382512347183901,4.9221686964858007,5.5729319264589208,6.4328595914518294,7.0527349172831757,7.5903076586446403,8.6191369177457897,10.34697196111191,9.064386185350136,11.198227215721836,11.944339833120674,15.242636042775253,16.433276461349177,13.31456385376628,14.019510730652701,17.363469263519185,14.295086728918758,17.305208515139995,18.058712223488151,0.77264522343616349,2.3736873913825489,0,0.024838023065914015,0,1
27,2,4,6,7.1818799465861982,3.5146568317814042,4.2604695349847272,4.8963273649696255,5.6727250608358588,7.7248184048072401,8.4260318688575087,7.6308040251019609,8.5782412725529298,10.125578640674329,9.2632664841530801,10.568995147947962,11.063108875899026,14.7465756065591,15.742968049226455,13.204321639538083,13.737208701882217,15.93429293866045,15.133212204398518,17.589655105789483,18.136752230641555,1.95406189979537,0.73216559831536365,0,0.024765603900788507,0,1
28,0.88728904485290971,3.8402179137067778,5.0846076467158365,7.2854635309822573,3.4953644381526514,4.229547207238828,4.853181291868939,5.60164222156995,7.5696515770253061,8.480213290497943,7.6110408383695543,8.5831441453756501,9.0079263822957145,9.9551592001759968,10.985113697600987,11.703077850091173,15.065682851564061,15.647208027187217,12.877063159900326,13.550309142045602,15.466721611160878,16.059139895353024,19.381740020374099,19.71055831624497,1.3878092022600967,0.94303604956898079,0,0.024588787061868907,0,1
29,1.9906444070781137,3.9524295124203048,6,7.4746254694680152,3.5456129489576176,4.2088828008694028,4.8379660117008596,5.7016298201754818,7.9794514075725482,8.6796964004132811,7.6038094225787596,8.5947796493425344,10.459274607159594,9.0303514239276641,10.556347481486785,11.250016178222076,14.127331233544576,15.514364372759342,13.182935598152303,13.807157274291779,15.404237173747038,15.316874566109703,17.276001048182565,17.720634842482209,1.9690651287071028,0.51052299513112676,0,0.024571127527448996,0,1
30,2,3.3098025891404506,2.4904141606629162,1.1363226518535452,3.4285406254415633,4.3856547769432881,4.9643026608654859,5.7384559430014592,7.4136660016332714,8.478369150234343,7.6844977466317292,8.4898025358287796,10.178054051450557,9.2306029225055308,10.975153197256702,11.74894595083572,15.940031092775728,17.069190158709869,13.205643947095,13.942118836120898,15.573741264577995,15.116982278206926,16.660407614945765,17.06189096062143,0.85017255820690585,1.659727651096049,0,0.024194992547497469,0,1
31,1.6287169557226107,2.8901957051845586,2.4411536253584893,2.690992420385391,3.4833897037098813,4.25937420055247,4.9141981465445834,5.7085878506208232,6.7613679126792263,7.5029281032085642,7.7283596318838885,8.3409439513808401,10.219252570036454,9.1563104694464297,11.072036821956786,11.780071938313499,15.571268202200001,16.631487583030417,13.464093897846674,13.905617894678274,18.012307903000501,13.665920092735437,16.5532108278408,17.575382715424965,0.78342731387328668,2.2226233145303746,0,0.024107810142934949,0,1
32,0.81938135549549351,2.4260233652812926,3.0472685032985938,6.6757161343397993,3.4838692241225111,4.161636422043161,4.9563790515364357,5.6797898095590238,7.1339728161200116,7.7839490771524007,7.5782315911516998,8.6387715016391748,10.68468676458866,8.8743696745273066,11.432376718358134,11.941451890854298,14.853197475408397,15.443541582341409,13.152684247005462,14.192601723009933,15.749919575383954,14.6305981534742,17.678800340537652,18.692737179800115,0.83385804849273071,1.7390492006326357,0,0.023951830081550721,0,1
33,0.69839679884398387,3.8277556465149041,5.3612215127530884,7.7600511940203649,3.4147271459502235,4.2960431111998831,4.8573102001158288,5.7099898131381819,7.3705958374550722,8.140536680835373,7.3242994498118152,8.8086948592929364,9.5292246841875894,9.6822646002166532,10.555240741855684,11.43486126998957,15.140296130002474,16.1862998477799,13.104231949413718,13.79259093532297,15.53995073364292,15.721724354577587,18.519205637389067,18.825097119327069,1.3956208844088962,0.9112993286447586,0,0.023878008209473042,0,1
34,1.8204323068018393,3.7157321752716275,4.2995921888961428,4.3910493368229986,3.526777384215058,4.1804784172897902,4.9015926991268222,5.5962072138233072,7.4844928795556278,8.152740931819535,7.5729242194420738,8.6471031435486907,9.8190276910010379,9.3226159559266168,11.044917850620646,11.809775351990091,15.44617920765134,16.379781724092432,13.590958555678547,13.940258948850724,15.664092430951786,14.590621513460915,17.748233535375462,18.00915484733402,1.3454501561540848,1.3451328046993782,0,0.023815981328258341,0,1
35,1.1961755366879665,4,1.4595506154429709,3.5564820635108729,3.5545138579300333,4.1359918611404849,4.8529151922408946,5.6317626183383416,8.2962947712078208,9.1189088730141332,7.690391596254246,8.4464527631161417,9.1233433566181006,9.8217862681180073,10.733509177023286,11.556422247799691,15.286996957155916,16.2011298850719,13.170055731459854,14.013026661431113,15.974396031155392,14.679012202002825,17.505906020697623,18.32911600057491,0.78624056761104877,2.1761813087386854,0,0.023804741981970329,0,1
36,2,2.3964116776706792,1.6068036440456854,3.5783015562590976,3.428151438623031,4.2706337490078274,4.9041841514656541,5.5339268040695808,7.5072212974015944,8.0524360153357559,7.5636156008188982,8.5907203684654228,9.9209264979789467,9.4252584285890109,11.02685735790665,11.334798199055667,14.830583386083994,15.695794156460474,12.983258402848906,14.074734791017361,16.924876671445421,14.546102281331027,17.29861994842447,18.010598574457621,0.80870491630658303,1.9769069535343209,0,0.023499786803347446,0,1
37,1.544232249468573,2.3066771285602012,0.59757788768715925,0.07839237609085481,3.5033710449051938,4.2371325727561082,4.9466234495219412,5.6409732959648204,7.9507086736070702,8.7834234043668431,7.5675467737375,8.652219108868028,9.4792766969801647,9.5786772217827227,11.04337220060536,11.855239424721653,15.232778154108345,16.153977338906291,13.119759486557678,14.041549550283044,15.070858249751883,15.160452345797786,18.050806792269864,18.039656437556047,0.35209245739400613,2.9822791358144247,0,0.023472777781842515,0,1
38,0.92970204221276542,4,2.9708300175520832,2.5228416331955912,3.5014494411055539,4.2005616512553416,4.897423465181368,5.6235779303521323,7.7141850252502495,8.5466689642103812,7.8313074481892961,8.2185157505911306,9.978652002367328,9.1636999477891177,10.724772079023472,11.608957822790234,16.242755258719161,17.012583370638698,13.345634258503161,13.836257589696874,15.135512649792046,15.155414876390155,16.948373281451993,17.198062396024969,0.78116044953971497,2.2622105145507043,0,0.02338204162333769,0,1
39,1.1636707130752812,3.5776426884166113,4.9964682542067971,6.4356048882851375,3.5265651269284386,4.2308359653176071,4.9687296423049787,5.5380338126627162,7.7901004460314995,8.347206529843108,7.507362378278108,8.598784932418555,9.6914707881064608,9.4583099811769564,10.488003394576774,11.283853578568086,15.324282713632742,15.948995105288546,13.464243980484508,14.041424792147502,16.339690276800852,14.587178137837052,17.540758515815952,18.037930122194997,1.3519512653687036,1.2669209408686584,0,0.023348394198025813,0,1
40,1.9202658554931449,1.509115925425683,0.32528941818061818,1.3703491839490038,3.5090004668092365,4.3219793634693238,4.7958368703267178,5.6116333599204982,7.4229620341231737,8.3190587756694754,7.5643262510436164,8.579557097063411,9.8298980168540613,9.4335540831927212,10.933021080459447,12.183179222946528,15.017772493248616,15.94593232080268,13.157250862212704,13.991157367670837,16.065541762905344,14.414426305577869,17.850610579350633,18.331673556842677,0.40361101808322969,2.5085743974412709,0,0.023243020216872416,0,1
41,1.3103569607081216,1.035228795873629,2.1961236246486804,1.5789264996918468,3.492621031462805,4.2743228798467419,4.8760508397991984,5.6016774101714963,7.7185749296472306,8.6532147017742176,7.6638783612806236,8.4804193049387848,9.6275497925557758,9.4325497744553601,10.711562847405663,11.467956250528623,14.769147936153951,15.836543160274585,13.435300755086764,13.910838102146165,16.014995187929305,14.817471421966019,18.184010885947107,18.88581247299398,0.35954477810726437,2.8718429236548992,0,0.023219342652473364,0,1
42,2,3.7370708542698625,5.8217975976704199,8,3.5412398140283479,4.2005931963982404,4.8699870884317837,5.552807030492712,7.9614174853843114,8.8454343864242002,7.891696519534559,8.3148616594850662,10.083188276067631,9.2331379658397683,10.658787581712193,11.083879796495443,14.551122396318174,15.471256027596541,12.813071302736413,13.460021603396401,16.344951763940376,14.627736626830082,17.115216773652474,17.847077031192303,1.9590001239573311,0.65255750180741168,0,0.023083026234751468,0,1
43,1.2173162531497288,3.3320476627720907,4.7919269222392762,6.9510926885381723,3.4843499442328851,4.2229722593523196,4.8887091981722071,5.7197831164703636,6.4693405985144112,7.14248217779065,7.6975813546795369,8.3615903376314247,11.112862185767776,8.4785303233541498,11.054095088626855,11.849883369083159,14.660987703939082,15.463567285169061,13.004343484393779,13.752785243492941,16.793688653338652,14.299901173306983,17.522932287877513,18.046406279476539,1.3479656232537358,1.3029493171575559,0,0.022858020783598117,0,1
44,1.6272218375595047,3.0812208910914065,4.2401574154200539,6.7862129514186149,3.5259935899551951,4.1819722911469972,4.9899716089740691,5.6659850402784242,7.6289267611111429,8.34523454088127,7.7320913890219654,8.4610232823380525,10.239722650791666,9.1073354671018976,11.029265846897387,11.607751290544021,14.959729413216659,15.750017305688445,13.227694854647108,14.040535821248213,16.166675365356426,14.616456173046581,17.251732736422102,18.152817487752031,1.3692556619160896,1.0712198712776917,0,0.022807674410046504,0,1
45,1.3329647241409657,3.7583317592234748,4.8672437118381007,5.8944239253238147,3.4990016235247712,4.2460791422451747,4.9619295189718811,5.6314116188728951,7.283370661945991,7.8137636073296282,7.5691584915031198,8.4314588374470549,10.249196343622014,9.093690628746911,10.464379808079354,11.407982423451452,14.867999181338766,15.702154836722931,13.260544231789202,13.960674216834351,16.962726669284983,14.668254726919567,17.340097213285521,18.101127684781222,1.3814097745264176,0.98104601141534098,0,0.022788696786681949,0,1
46,0.77884325854218284,3.6243550980856618,5.1396173455164407,7.5373011715852796,3.4765982063949932,4.3095645028034717,5.0044112969456025,5.5975280719041738,8.1106511674584247,9.1251106050560367,7.6864081120000014,8.4678484017371378,9.124624698489102,9.7950968772338793,10.99924809456056,11.648435221113262,15.394588088125529,16.099275618298236,13.036718183221838,14.072779064417603,15.255470581707911,15.99232240505988,18.123537309342051,18.616804587549918,1.3383331065816482,1.4439245312503355,0,0.022763032229091477,0,1
47,0.74524780843677696,3.4853729608991721,5.0212363545869261,8,3.5137978494328719,4.2074536626676622,4.8352606997748202,5.5441331898233885,7.928111890889217,8.7713326023338141,7.7467589260671064,8.3745276995017939,9.6868402496236961,9.3778931639627601,10.558162029264102,11.241797569669252,14.113197525779993,15.123271043095748,12.972748804911062,13.553345625509868,15.695294534763581,16.295783434785093,18.406459470263282,18.895668057421798,1.3257089681832821,1.5779847593616965,0,0.022602291934115698,0,1
48,2,3.6857119561259322,6,8,3.5178649872963965,4.2036891929675866,5.0073670536134847,5.7054268356889466,7.7737620465400656,8.4516942516684992,7.4189717634869279,8.8303483462332277,9.4356933255406386,9.4865344926011659,10.910592710160284,11.730823495170212,14.512085753978184,15.36125413968645,13.428526240376165,14.156289179518014,15.765679324488611,14.505202909454951,18.75414904244467,19.368376544808228,1.9743469020132973,0.47625701000902326,0,0.022545208332750998,0,1
49,1.8437417338797903,2.6397563895778959,2.9652570666630993,1.8634817212068153,3.4903162932701184,4.2474983215796867,4.9333418327610641,5.5665360478234334,8.0393876544267258,8.8544040523860357,7.7426258814728905,8.4514365263144509,9.8134314759775041,9.3221579949768092,10.631939338036748,11.463350540284301,14.801018674524743,15.773138463281049,13.285270147346527,13.962757606210724,15.866081968720497,14.626487842149167,17.582197854868507,18.279256307419004,0.79957615775094171,2.0060695074325698,0,0.022462130640684481,0,1
50,2,4,6,7.2120983042343125,3.4873720657260567,4.2045661413688409,4.9470788933424128,5.7414264110434301,8.4567109388607964,9.2936977988305483,7.75627926684556,8.6171561440137232,9.9148054871216686,9.4152031663722138,10.503555292668979,11.155865141434843,14.14117881895586,15.57241546734863,12.999175313439718,13.622853579953738,15.18766433638393,15.464587231131727,17.674570447896116,17.948551728162968,1.9589216967235614,0.6898194078861839,0,0.02242701644572781,0,1
51,0.66372493885035178,0,0.76607128178998951,1.2176901979131547,3.4920721540600441,4.0985348252313791,4.8969606346054277,5.6424879305311348,8.4098404267607219,9.3061928297303762,7.6019598361474765,8.6420575246777691,9.567405366263726,9.4731559151564984,10.441768605944896,11.351501056449845,13.652484565623519,14.621832724911096,13.169569767446269,13.789691407689086,14.891938415844978,15.514569451552788,19.217018666233805,20.002417163133906,0.091112627925232073,3.6996078734480209,0,0.022350567281506598,0,1
52,1.3858371338582112,0.671626667153152,3.3877914525278667,0.67050149066574372,3.4601143019720961,4.2524504313420355,4.8608509336419763,5.638740881968566,7.8558633974702632,8.5244942507471446,7.4957446843582662,8.6352815954959876,10.373791678896012,9.1352457152331308,10.576936015152027,11.566861221478423,14.41283994291498,15.203506998736495,13.185506935937253,13.921688606223928,15.126575929869832,15.226459467410335,17.923057090868554,18.557377757789467,0.37489677227671891,2.7081363498070234,0,0.022225602281651949,0,1
53,1.2282947216167039,0,0.69955160290738383,0,3.4977809046808832,4.2011649471805468,4.9607829970607575,5.5782950701955247,7.8426065740124846,8.3200066944267483,7.5350685687882049,8.715473059456448,9.2033822800774967,9.739615675584318,11.291795241300495,12.059977890290416,15.029259584496389,15.758785520138078,13.230984614032474,14.010243576135718,15.607180804654789,15.072285545793175,18.25247027529327,19.003233710349576,0.1144655607920327,3.3546809766111809,0,0.022212708602098792,0,1
54,0,0.52073490581307502,2.0471646917924025,0.79428533072409779,3.5209699579057561,4.2061385729116036,4.8734912952220268,5.5201715436797949,8.5436382484514954,9.497315475378139,7.7163445196126483,8.4229333993803817,9.074581995724099,9.8089148464957852,10.779591569691084,11.574766159737848,14.233119584351222,14.967244317475703,13.31034951600641,14.139345278390854,15.257173110657906,15.03123366286737,19.281134294030256,19.943266359109959,0.082768095975583891,3.8125884321252599,0,0.022187628414681894,0,1
55,0.038792648598189178,1.755031284001733,1.387192490705321,0,3.426757715042247,4.1467511102053125,4.8618467117907249,5.6562736213882818,7.9924884063249282,8.9010675107831041,7.7132636162255688,8.3545043164209076,9.8570697099901086,9.3743234398381841,10.785189730216914,11.607987544965468,15.684365168537822,16.712218573412979,13.181717346753549,13.923192860935323,15.037173447464481,15.239035150035813,16.969961541900688,17.773842796113723,0.10553320752178244,3.4655057417147019,0,0.022113515434999828,0,1
56,1.971564683600828,4,6,7.8030517363625593,3.496819925296041,4.3140692293527216,4.9460716173810821,5.7374055215613682,7.2410604989864993,7.8779555156543495,7.499835306632149,8.578360066084576,10.040533750754618,9.236118492084783,10.562324760533844,11.37246305897138,15.388995102204349,16.554349122338962,13.189648151603937,13.898079897947239,16.878498335235996,14.796015017899862,16.619303747030223,17.24469528727883,2.0048735762943712,0.16563149015764972,0,0.022054082992325433,0,1
57,0,0.019756602456232175,3.4448718718500722,0.15686565555692836,3.4816472971456971,4.1909742245053359,4.8620774838805749,5.4882892896793178,8.0160598384853081,8.8286205676052081,7.6235450484918132,8.5252218898124816,9.9861160896625538,9.2327776924878577,10.702683412016899,11.462511547537604,14.094923876251553,14.992321112376938,13.40297285529118,13.777381412206617,14.858697028991925,15.54833498510725,18.806555150726968,19.208231879498484,0.088121612882348266,3.7368281176313687,0,0.021941227663255475,0,1
58,0,1.2057858839390412,1.6954452335114623,0,3.4426633011575691,4.2304471679624225,4.8263524918437906,5.5270099572852063,7.4753193948313728,8.0356296774602072,7.7524305955801989,8.4541150695129499,10.356225779831325,9.2094579003694879,10.722811087790021,11.046901296842524,15.51718488231788,16.416373348707729,13.307346294631671,13.963069787905612,17.169546258658052,14.277727718906485,16.264724221714726,16.998161418181592,0.087250146524079614,3.779422664242531,0,0.021669857829507398,0,1
59,0.52690384235552479,0,0.38840487212634872,2.3759911494434349,3.5600661193990168,4.2120857160151965,4.9099754627199266,5.6070514844823078,7.2156011854830284,7.7471697947588138,7.7177267591928365,8.4342460576027687,10.970413607801579,8.7828225374771218,10.817110479159911,11.687262628043616,13.862375612407469,14.804181812628565,13.696581264052423,13.770745264109717,16.168836841870327,15.107893735042463,18.180067744170692,19.355566532841443,0.094610752329620407,3.6606164035964213,0,0.021646053880869737,0,1
60,2,4,6,7.8926332433589383,3.4631325892626386,4.2426333415998458,4.8859026803138157,5.5515142480901973,7.207480004010014,8.0084131426113849,7.5674341004741343,8.5095086498908934,9.2955088696205816,9.6813388848650668,10.609370151100677,11.425283417869736,14.808108360686507,15.475887953405365,12.796401951266857,13.460120211786723,17.152300557514902,14.044660990633192,18.659280084826044,19.319663240261033,2.0230539750854089,0.058078599818208655,0,0.021516427281900421,0,1
61,1.2258537740910058,0,3.8568160301373946,1.8279597528538478,3.4421951415287713,4.2068295733830467,4.9224353698709331,5.5595216532438974,8.4342180944352076,9.5354645224246717,7.6575158662399403,8.5806536873532249,9.2203500921269672,9.6192319885963773,10.418336724452388,11.454615627288094,13.511344709705803,14.366683631385502,13.43881261913139,13.809569808808078,14.666248806917055,15.532901335435458,20.293155255038499,21.178044611532382,0.36547972692504982,2.8372790790104609,0,0.021472912947488525,0,1
62,0.48761471755682645,2.7008255209612591,3.1426700098288682,0,3.459573451567076,4.1309286656888586,4.8689179621331338,5.5792102453981034,7.7119835376821975,8.5724440464570133,7.6852046764819359,8.6238951956349439,9.9069628180272407,9.288136662533903,10.732640604500382,11.124063258793615,15.202243966154505,16.150253147978354,13.523689057433483,14.189999287253956,16.046590455408992,15.076330826914653,17.600445785247327,18.439248324587066,0.34699946975085388,3.0751692652777969,0,0.021429282754445538,0,1
63,1.7181699932466867,1.4868463453098066,1.1518478255228493,0.378098760095263,3.4579147079889152,4.2390340145308443,4.8585108682969471,5.6012637088189701,7.8931233328799753,8.8174310989171953,7.6167348731348348,8.648471448347399,9.7630118209183241,9.4307925708068314,10.593565354338786,11.367328436148501,14.413115506816887,15.514340094255774,13.176260277000798,14.161090929752927,16.188639483082468,14.640219029550476,18.078115494882727,18.753955400715196,0.35768876675565747,2.9143610199212926,0,0.021339073789172224,0,1
64,1.900852762593453,2.6174702645833468,3.7568154125794857,0.47788411644648154,3.447894059071146,4.2558011639468294,4.8772333366704581,5.6467634830469544,7.4192553645483068,8.164028539633545,7.5323596076351276,8.7195316170227812,9.9732892301754017,9.338153511319085,10.709088919797678,11.365094023307895,15.301156940087331,16.201854377402519,13.490772097739111,14.165118410581321,16.374342219072531,14.888403550635527,17.443777787433145,18.356389138416013,0.78944749393952762,2.1396767528194354,0,0.021238548711225984,0,1
65,0,0.86408921184512488,2.9933588139386265,0,3.4833439712913266,4.1143208844082295,4.8754508058620329,5.6106303184794317,7.5800103793557616,8.1061417916842444,7.5054418682346782,8.6053153180910122,10.483569068812164,8.923515608318958,10.761108978901754,11.097703097976201,14.960466008804341,15.875450525337156,13.480570456171261,14.228951661271132,15.382941789438739,15.524552220434902,17.431006638895241,18.137714064245923,0.11348924699533688,3.3971586320671712,0,0.021165196790356649,0,1
66,1.3613777130026765,0,0,0.17789319221485478,3.4844685727596976,4.2565053973355482,4.8861950406379293,5.5871739618325247,7.6786738572287971,8.4536658902714574,7.6599702499418392,8.627032548670055,9.0454560652316403,9.8143969800128676,10.85169760195576,11.710908987315145,15.518950002174886,16.427256728503551,13.45323724032362,13.865365374884902,16.378203858475867,14.532666293255122,17.985715155812517,18.777910371398058,0.10844814946176339,3.4271050700306263,0,0.021111871744530688,0,1
67,2,4,6,7.4586805246381003,3.5805077864679045,4.1854302734025755,4.8487908952328773,5.6374039518566645,8.2352342612549929,9.1061562273975483,7.72162546263002,8.5521094921216712,9.7416304760845733,9.356563027301112,10.810690077494394,11.475967640868575,14.549644504726087,15.856892126575838,13.347449304464321,13.790556203775354,15.210173442642693,15.550875047443569,17.560605189189285,17.888760441572462,1.9821541235994793,0.37413322393935267,0,0.021079569693879745,0,1
68,1.9395744602212324,3.4622389563268756,3.7587766481611422,4.9815962833663123,3.4718296116252341,4.244827800206151,4.9130210175603146,5.5896696383568054,6.9892853437772802,7.5101556921655268,7.7260583540723973,8.5224686999235431,11.610413331416554,8.3313250846791433,10.653424578169899,11.203195806686679,14.438235689302747,15.317663363249169,13.207993811059845,13.824438799279156,16.644785767744132,14.471135411274224,16.714289206123667,17.065277246293093,1.3289318779863351,1.5401873741449732,0,0.021041624538141724,0,1
69,0.5030822194093042,1.8213160807152564,0,0.31769963258776501,3.5525707239180315,4.1916667889255868,4.9879684127373247,5.6713840551941379,8.199794881308927,9.1381124021718989,7.7298952251944115,8.3600729786788381,9.3116848369624261,9.7165323591480259,10.977807081865075,11.684906284059112,16.257518201366814,17.228871460834768,13.191627390577455,14.11879783991575,14.788057142578557,15.309954365769029,17.326356625207268,17.224399069495337,0.11890136188331803,3.319349928247902,0,0.020916260930247104,0,1
70,0.86054197901392104,0,0.65428834735408237,0.01267121170673341,3.4817999253563943,4.1635779329447509,4.8282654731958132,5.5330172732480429,8.1017408933159025,8.7530667266426345,7.7198109240919122,8.6050328573808841,9.3799287350189786,9.6062589651334385,10.701527829460399,11.524537542109488,15.349149798084023,16.312181217599537,13.355020604744878,13.848864958730223,15.047155511768949,15.253026925083786,17.982534006499357,18.508904113493983,0.078612647299457536,3.8842820650718193,0,0.020891295455144555,0,1
71,2,2.5050180532283921,1.7646679763208506,3.3163960766969565,3.4766732934854288,4.2980906529415099,4.9219337579724192,5.5875520896113793,7.1126505333332144,7.8894499053660878,7.6142557680079443,8.4208367646312983,9.5054125154377171,9.6443902645293154,10.693207254815089,11.432110549777164,14.977369808382303,16.283433568946332,13.156934882448864,14.063016948573702,18.651840775228603,13.21988068089046,17.31229118765031,18.002281008056375,0.81767606478199784,1.8485325666558863,0,0.020790862662264403,0,1
72,0.71812121448134847,3.6941305832094384,5.0761092584924743,1.1328013032245277,3.5320407569217815,4.3726540606269308,4.8152263082020674,5.5736264984077213,7.8662910547336438,8.6106001027611416,7.6643253099227708,8.3703761874331715,10.247694513025493,9.1559325433236065,11.286612510767018,11.886939980387943,15.479348611784008,16.423358826105023,13.083951055153904,13.897531159153605,14.759357876486108,15.383306514136477,16.40359533038929,16.985187430662496,0.77760269867739296,2.3042737321256288,0,0.020574667060056333,0,1
73,2,4,6,7.6448618430873241,3.6311379409441904,4.2133795134923382,4.9359154257484361,5.7534982737642286,7.6640776879428731,8.4581686030280245,7.7225570034332414,8.4171818943558847,9.4251781357694071,9.5861809570151379,10.740763493419584,11.441073503625635,14.566937614952574,15.966574707745709,13.088263432051528,13.478337368619016,16.849761676670848,14.516994039733998,17.736639027397562,18.306431539625802,2.0022582162624878,0.20051345544655885,0,0.02031986036935552,0,1
74,2,4,6,7.8213771613217427,3.5447977868093883,4.2604061851536716,4.9651544382976116,5.6470100389020059,7.9705644702427927,8.9255124939042396,7.7261364748768395,8.4371204747123958,9.4452181430837552,9.4742241638226634,10.654656724519826,11.424365954650925,15.046330801088281,16.16013531738124,13.399916040343657,13.90047732755337,16.038171582903736,15.351185207748077,17.545029408624533,18.154670719403391,2.0164871924566135,0.086853163067609915,0,0.020238502077079785,0,1
75,2,3.1754057921883967,1.4873164007655175,2.028082194267435,3.4407908517616854,4.3239169410034126,4.8767068266064113,5.653283490311023,7.1847776867207687,8.1494829501480126,7.7947725612156873,8.4772361276442911,10.706782151970639,8.8415336800683804,10.999899168982697,11.512705876245652,15.717396447584356,16.497172495413857,13.321846232850858,13.68282775082448,15.00496265900119,15.807649222258609,17.21978181384674,17.491670835622628,0.79390876038494085,2.1067551715702146,0,0.020238047697524058,0,1
76,0.68816486819568312,2.4798821563862972,2.2536296902930846,0.78476109296949081,3.5367338811561542,4.2115856948813724,4.8855926378620094,5.6415254769255867,7.8409917971475211,8.6459679590150991,7.6598602402792153,8.409983669535249,9.2030407676121193,9.6685030306915376,10.658745430820252,11.561363180819118,15.681908185751842,16.559404599738958,13.456710818814143,13.727334232753483,15.663658195804445,14.940583682255783,17.951034297667658,18.292042231276522,0.3436118639827121,3.1042904425165134,0,0.02018190273320004,0,1
77,0.39781655551372336,2.6128835413856564,2.8778595349878069,1.4919412460010837,3.5693661639705163,4.116486950810355,4.8468292182985522,5.6749748247919722,7.064415055240179,7.8548484872664694,7.703787411381934,8.4330701124429979,10.319586895334787,9.0545563926180392,11.171706451512456,12.156687751095685,15.957464723951926,16.832444827801204,13.723377093467523,14.168383877203198,15.844035252098882,14.779518898508083,17.267913813862339,17.839109227189631,0.38027636900706646,2.6680562443110585,0,0.020165425536099051,0,1
78,2,2.7141391179252681,3.0185767975180235,1.5315528158567293,3.3890495852691451,4.3591765677440195,4.9344502023174579,5.6742094203275908,7.2317559126497075,8.065923065461245,7.6981868666388076,8.5945327461532912,9.8511669450958106,9.3563762221477678,10.650641375241401,11.468051726988458,15.266933351304235,16.490165742745095,13.46334980809497,13.669052416517129,17.007324288381543,14.530879890737348,17.103328634491664,18.218716073355889,0.84501381203036219,1.6909830020992014,0,0.020074144916816,0,1
79,0,2.1134849579427821,0.15510708658786762,0,3.4630763115967009,4.1687515966482094,4.9086878177446787,5.5903806473654152,8.1387796258545801,8.9926389851567912,7.7687190762293001,8.383246536007027,8.9933445128544101,9.6857149759487235,10.542107938908828,11.157118132233443,15.68264831069385,16.601469349286244,13.088781006642584,13.59889487134053,15.591728278650679,15.037251532299603,17.542482997086204,18.263972538957944,0.079736696988475603,3.8529427155682936,0,0.020051528079067498,0,1
80,0,3.4599204008216158,3.7063084925211727,0.77289005885409501,3.4341859135944688,4.0977618169354884,4.9057810484845934,5.6405199469610618,7.4658526450912062,8.3080634813568413,7.6067034146203714,8.4295538566878019,10.271735841914609,9.064016152306591,11.045671648945888,11.492827783139555,15.796575969268565,16.722012246220544,13.465137925565427,14.314305438397547,15.508317133241469,15.338633216976747,16.900636246119163,17.760762201416956,0.40782126838150606,2.466447412853503,0,0.020045660465392766,0,1
81,2,4,6,7.5501740312715091,3.4837723785187373,4.2336203731635464,4.966224572451325,5.6281984860483378,7.3425242697983597,8.1504157740372651,7.7684860316259234,8.4327622016445503,9.74403694573307,9.336078736493846,10.988065936307585,11.848286001064203,15.374817206953168,16.451453263930219,13.144320230634262,13.751079030749999,17.13894197601855,14.369073417331959,16.685624283493141,17.600821087630464,1.99013727487188,0.27970163068241094,0,0.020022307327465062,0,1
82,1.7350181914625891,3.2822166000205719,1.9949091034249484,1.9687955647233,3.4693285603665092,4.3023330490248073,4.9383830511856939,5.7399176232862557,7.0674594421940737,7.8543385518805593,7.6652652962414081,8.3720387454873588,9.9045261666929161,9.4319055139093937,10.723529082959983,11.465426164112841,15.538239491764209,16.239196811326064,13.142010045213381,14.02592063152006,18.296502373884497,13.598281776471515,16.858723897133732,17.820446443629432,0.77683235811611251,2.3356465881701642,0,0.019880718775215852,0,1
83,2,4,5.9871557905291235,7.4225371785632275,3.5689015981110108,4.2195564660294504,4.9667425826001974,5.657456463247077,7.5263490842685972,8.2566166417876019,7.6937169317424718,8.3980601978478102,9.5577217496972828,9.3705006070937156,11.183475577111745,12.048321117135218,14.975603082573382,16.052729796096916,13.372124408839476,14.062265506773988,16.566431380979843,14.37580385915404,17.622264767397677,18.330698141250164,1.9752880384418783,0.433004264103445,0,0.019874492985955151,0,1
84,1.3634703257232506,1.5192332406798041,1.6729968537095554,0.98863543344879345,3.439952752612967,4.3260717996658249,4.869846098819548,5.6452176901528324,6.9358523549549052,7.8594968516160622,7.8180101523677212,8.306146739988554,10.743785480812434,8.8314086604589779,10.978794608218337,11.837135930094854,15.806677617104642,16.718245502131875,13.619850906820433,13.733976125403899,15.986857436396148,14.895200024430693,16.797326710257437,17.556737583293177,0.35622431442624447,2.9503363981524844,0,0.019825022821525755,0,1
85,0.73532876701019656,0.80793983344457843,0,0.53901739263648563,3.5276419139060158,4.187048706398099,4.8274145689006325,5.6518467019974503,6.9282556985215402,7.5162750348630372,7.6960966940061706,8.4743330719182275,10.034773312401105,9.3038422176674178,10.658623891297326,11.2871417134373,14.954603583618406,16.190979383538686,13.237960092296094,13.811605294434562,18.490264930341194,13.399933972226588,17.096276553046035,17.577456282049827,0.096899795061393512,3.6248069032960033,0,0.019759156565879149,0,1
86,1.1222470183983604,3.3535646840609186,5.2625161740921662,0.50709737507183306,3.5194766176199646,4.1285712311506844,4.9061209888159754,5.5657226184540631,7.3708201486383231,8.1226891764613285,7.7021593182873227,8.7278956014862317,10.160141185429147,9.1227118225003956,11.065731951894172,11.416470339713662,15.716027034182,16.523492809947072,13.796986823194013,14.231604562295479,15.539977203876987,15.094764884794246,17.822952513348536,18.055120871586066,0.82479390158010246,1.825750557033609,0,0.019550991092263322,0,1
87,0.91289775722811328,0,0.22848776473141211,1.3150365038611631,3.5563440166576581,4.234884825675433,4.8471051214693741,5.5484833539771676,8.2319880401491439,9.0185421392463514,7.5074543091189847,8.8153373460389464,9.0652531941126959,9.7025956870098042,10.712209709554541,11.564142796025131,13.377953028886717,14.111770006934469,13.079098097983133,13.851170307903393,15.165830806614077,15.411375888178414,20.064390054236462,20.825944990526633,0.099982841211895587,3.5568971446207964,0,0.01929537168785889,0,1
88,2,3.9634083087710175,5.9221024489552185,7.6740595573437407,3.5018254793165058,4.2886293477891497,4.880861018548555,5.7237889426870723,7.1725714015780797,7.9312204176736589,7.6341715191612183,8.3510193702752318,9.6097735159614448,9.5080205230244577,10.767320477616099,11.473698952052374,15.133033713694633,15.993749596154517,13.05202520896089,13.729696343186822,16.740194274537405,14.689132670243042,18.210498097215609,18.978027947158083,1.9832676660004458,0.33069110798615126,0,0.019252809691344526,0,1
89,0.94981449667794382,1.8110244282593813,0,4.0277735157560821,3.6019011720342191,4.1481142384740624,4.8903557186681121,5.6977089665649396,8.2095541330938353,8.9783498172805309,7.7264976229325883,8.3255722880765131,9.0798354035944246,9.742626565026594,10.950408730443451,11.826442129861842,16.363063819876459,17.081218018695118,13.24363682709946,14.133005185162114,14.857104614068264,15.391137505295307,17.221643511008701,18.016318767399596,0.34186542426321676,3.1454322553023499,0,0.019135739483922182,0,1
90,0.91502995640834306,2.0736343547314706,2.6538919030593044,0.58208229663648514,3.5013460972293409,4.2286347996349258,4.872280970292814,5.6522345397596654,8.3987442476263539,9.3668324153670159,7.7150916098675353,8.3044877848666516,9.8660575792760241,9.3253411983185899,10.391486299490033,11.377628054613288,15.172340816029934,15.935548834766918,13.206827602734279,13.951630992558631,14.614566042731095,15.475475879902053,17.536929702806464,18.312884344010357,0.36569358065121382,2.798453389418484,0,0.019048317069419736,0,1
91,0.8397578398004345,3.3857872382885978,4.9459178979276048,8,3.5161469294558452,4.2291430967246137,4.888663969137796,5.4979407024842901,7.607981527452262,8.5949294901243647,7.5559753328462698,8.6802778860414076,9.6346868831269923,9.4322408923740664,11.034242215723729,11.601409958007491,14.698023382356084,15.482577237506527,13.005710778037464,13.775836271243254,15.752520149283932,14.896187932715586,18.20425700422032,18.82310809175025,1.3353966183965102,1.4796462544876157,0,0.018878559567065377,0,1
92,1.252327978024727,3.5613750818815064,4.666204414491709,6.7990273498690517,3.4927000249626525,4.2392806376844998,4.8925930566087716,5.5352249962975044,7.1120006187049203,7.6982928908459511,7.5149602169705974,8.6224979776091679,10.445084325799671,9.0303936947480494,10.633773531523843,11.365887238256656,15.009189555689693,15.784207652076695,13.002924931222717,13.597590085474723,16.795347576604325,14.633065648472964,16.801613614512576,17.505923695142634,1.3741518075799242,1.0388707145488687,0,0.018621435738524282,0,1
93,0.55708161996667505,0.26584815361325043,0.51912391022223858,1.7333269764463137,3.4983145255469736,4.1840747844445794,4.9352676299694318,5.5947197250063647,7.2693510079333832,8.0275572931084724,7.7820330587739601,8.332967295417113,9.8259166059320613,9.4160933069870918,11.063164559214224,11.346963122016245,16.064190547409044,17.03100868239024,13.462457631134145,14.143442079406917,16.852766740633083,14.832072675901834,16.875620623424375,17.789255059873831,0.099152880512053482,3.5908596857556159,0,0.018566905298342377,0,1
94,0.71385663464399041,4,4.385420689947007,8,3.5508334877913903,4.2090668478815276,4.9331593866347658,5.6424155634564981,7.1346381865911903,7.8433481134693235,7.52659845924941,8.6363159916877503,10.542503176787509,8.9340679804228742,10.573439872005906,11.22861084535659,15.359506451791001,16.213476871840513,13.252226636990031,14.01417495516557,17.017079220543057,15.069527060161525,16.327862836660231,16.928116216795466,1.3321220431329035,1.506842223036881,0,0.01840948954782444,0,1
95,2,2.6563742510923212,1.6164098143760282,2.9602334629471607,3.471120677987968,4.2548403078091761,4.9380340912567195,5.6328135355950115,7.264005469934407,7.9443385407521996,7.7147825121333033,8.6869626802471078,9.6400340828013,9.4898418455571178,11.418054856308542,12.195577169954724,15.971793833621152,17.115235805201031,13.166297676099056,13.935870590652881,15.616775232799792,14.938457344378412,17.521437743543036,17.310494367878796,0.79844598241348141,2.0460492628384497,0,0.018321433718276096,0,1
96,2,4,6,7.428540735210662,3.4543975387409263,4.2703469900379369,5.044955072834826,5.7403222282737714,7.9584721795909319,8.8001761363386954,7.9203731391290431,8.2943853509914511,9.3082450449762799,9.6653471807969851,10.967790826750033,11.836644976581596,15.891127513572531,17.036175454919029,13.38386942019762,13.984038505647376,16.413438188805081,15.025924534070235,16.755589728903818,17.565458132869399,1.980384389660409,0.40902098595684805,0,0.018191347318881949,0,1
97,0.84979493885585367,2.1373907972467965,2.2350544003426989,1.5813601381675411,3.4795793556775005,4.2288693832909443,4.8865445455160481,5.5646313810868069,7.8998892183996041,8.5912844387689269,7.7920507791890223,8.506772576799646,9.6817158906680376,9.5315778564763551,11.173772435771996,11.74410722506987,16.438666400810131,17.19779613563799,13.36531781986314,14.038778667930554,14.615211988612975,15.741786424845376,17.089238648146917,17.491586723866956,0.38396154069450178,2.6190279857200065,0,0.018125545519020368,0,1
98,0.93246876589840755,3.4744627006216047,4.9880247764810983,7.8576463982460956,3.4502432354856847,4.1895862024626238,4.8551773184993827,5.7067045979521351,7.7478767375073687,8.4723939383871123,7.6163081615926389,8.4667144784008972,9.5336788467388942,9.5965905244564915,10.552514831320748,11.53194843596629,14.497413658286522,15.363112161138062,13.119281093420422,13.853557734382099,15.466637916688681,15.877579729441296,19.279788396706973,19.698190846467785,1.3772225989029487,1.0128277399441856,0,0.018124858733006059,0,1
99,2,0,2.119135963536487,1.1931062353221618,3.4523141875288625,4.2058546528564769,4.7931236772657497,5.569566705931754,7.6078408233092043,8.4246656984815083,7.7456510391486093,8.5545874400312556,10.587826025365347,8.9308769762919411,10.703596412471747,11.261169146077096,14.460463516328819,15.620189480542644,13.639045244351875,13.984536728393723,15.353674357435557,15.708735145424026,17.849155050874529,18.865674589445984,0.3737903174816416,2.7437756830059801,0,0.018036197634887619,0,1
100,2,0.82209785154766468,0.71627694593307378,0.81299360313013624,3.4115347553870841,4.3188227451092143,4.8649130697545653,5.6145721847701635,7.6636609724296028,8.4522884712875861,7.5284659836774086,8.8393726503922636,9.6231190032793759,9.5226838236224971,11.026505756406374,11.950127085594914,15.157222307291695,16.292422361240416,13.235562338018804,13.891961443286435,15.231969507093439,15.230719842273725,17.725215637716676,18.353387184622243,0.34008635106457186,3.1735870561289126,0,0.017954379226527935,0,1
101,1.9197046029152449,0.42902980746391894,1.3652786561778927,1.61688534957054,3.5013019985413965,4.2050239591429648,4.9359013588468326,5.6377673472601915,8.0706196660157126,8.663784785183406,7.5480533234421943,8.6332668387254419,9.7511376060722892,9.4523581036624051,10.79052823272928,11.832278234157263,14.281398883962755,14.807844181856948,13.031017993670032,13.93909890346135,15.20950301507381,15.127512640440914,18.660613625323577,19.435146231029481,0.37007145948408793,2.7704564649989236,0,0.017755034781699562,0,1
102,0.38619360337293313,3.1558662520819354,4.2655741336231845,5.3762293354216117,3.5515301148943395,4.1913554565383562,4.9157037121581215,5.671498226856567,7.339184214047159,8.1555381764954546,7.6531311126235311,8.3737162745664584,10.921086255220851,8.552159994437238,10.771987543200462,11.668959443736009,13.792275195615739,14.742805515080169,13.020929542032865,14.008072173436361,15.876062717610981,15.42279657523223,17.771667892455586,18.556974254255035,0.83747310050441481,1.7144806045003009,0,0.017626189124813743,0,1
103,2,1.8819580044926709,4.2458083051445561,0.97574599167043186,3.4835208287097625,4.2768283919521402,4.8364031999969646,5.6811944712722022,7.953939602328119,8.7190375719950772,7.6409947482025302,8.4762549759420125,10.588760145664541,8.9298045278249063,10.377261547203675,11.475672536680374,14.763564982513582,15.497962172113089,13.173280803310275,13.728892346241153,14.705496211881956,15.401114857666538,17.36759696448695,18.12932996563082,0.79425987655782504,2.0685486502481654,0,0.017487513132551796,0,1
104,0,0.31367157091809128,0,0,3.4774326590363636,4.2320682604752609,4.9468710992089431,5.6361158060920893,7.125527142096943,7.9511345398556585,7.7841749642036389,8.3824816335674708,9.706258565213874,9.5239908773801289,11.012212639567025,11.56362614097654,16.258939204041194,17.169338395592931,13.122245720867333,14.088091151107458,17.609175660587486,13.893951088476193,16.548305811048678,17.273504044964202,0.034883983155406029,3.9627221830626329,0,0.017287687968422692,0,1
105,2,3.854378927621787,2.3630063603086566,0.37663418495831258,3.4142651487537079,4.3580713427159372,4.9442804071252215,5.6704929338917127,7.5348149715860178,8.255006746028819,7.4847507047477881,8.5823420118069293,9.5143593439598781,9.4700468032184819,10.342272116890284,11.187806470637156,14.942080970885211,15.915010280020612,12.920920659002109,13.544269673834432,16.487834236583552,14.703867183873045,17.790759531653176,18.012124790123206,0.86462821480567209,1.6335774492498552,0,0.016975787639744451,0,1
106,2,0.10685036356875394,2.3334181663083706,1.3998017773752633,3.4272262074068118,4.2854811724405035,4.8216883937993806,5.6444768848681637,8.1132457945906395,9.1076128518962012,7.6226089219371049,8.5453490005465849,10.211202186324813,9.1814671716189764,10.674105420126979,11.486094410479161,13.832621631369623,14.98982855100958,12.994101395910244,13.694061260832353,14.832763005501006,15.62984182971616,17.998294870347543,19.021331643097351,0.41260753622468394,2.4465539367488374,0,0.016895604105522925,0,1
107,0.38820914367742465,4,6,8,3.5764051650087185,4.2378880811895225,5.004876501183789,5.5750355387484083,7.5896754995068534,8.4313432811898306,7.6331179517862981,8.442609117613717,11.244437936282067,8.5064185674857917,10.480363668640784,11.599457330008486,13.976405553498731,14.803363280143166,13.218086773215294,14.053298403396472,15.736539844492125,15.914308918690216,17.00012323602159,17.945278746535671,1.4112365755235354,0.84127964747401318,0,0.020961238865617134,0,1
108,0,0,0.25188540590682429,0.019633070280775239,3.5144224245407232,4.2227673732635571,4.8733798026137434,5.6435637199818114,7.4598348350973964,8.4171671200081608,7.6575005922432471,8.4398536520679972,9.5688662939252378,9.5302679120759901,11.24832471801431,11.990898755543016,15.173254240058617,16.110813611727668,13.207340742208309,14.128391568563002,16.066127501792341,14.811692921093824,18.069830134338552,18.851501303849744,0.032142291504699362,3.988742094736534,0,0.016416253918965066,0,1
109,1.0179195000163286,3.4012964308704192,6,5.9142099197543052,3.5181299914230451,4.2497739659235148,4.8705463568892,5.6006115249370438,8.6002913767727822,9.5898359871836458,7.7298789544390543,8.6693937827927812,9.0451622549268347,9.7480530321144485,10.924269354020366,11.227035415827517,14.99080340669458,16.270954439940684,13.714240292507078,13.856096564648428,14.925134352960171,15.61439488426187,17.582970598219497,18.747350941491018,1.3429566349048978,1.4039239924694449,0,0.01634282169490904,0,1
110,0.82259329971219652,3.3928604888231599,5.5180374115418021,8,3.5857061118178937,4.2318044474320944,4.8283509575160179,5.6117760048337288,6.8342936056672476,7.4581673148940224,7.5307442270413025,8.3646613040653399,10.934079311672035,8.5996673071357694,10.679245254998799,11.406894172370626,14.083304828785142,14.68652473530582,12.896377464181482,13.923634778460595,16.87596807182716,14.520420999920361,17.810868783014726,18.598376603453985,1.403497873066357,0.87906959374868132,0,0.025359182450914328,0,1
111,2,4,5.9919897419296362,7.5306614324811143,3.4941127601548527,4.2701404444471116,5.0809453570235483,5.7825708620944338,7.97518307324248,8.8816680564351866,7.7594948412504943,8.4950777768149841,9.5740058832979322,9.4590414194635386,10.906110779695259,11.449010878099765,15.818675424509848,17.035502670595754,13.384884455450974,14.117390887980292,16.372494994197741,14.290132707786737,16.32870274441964,17.128063437803554,1.9888682991666675,0.3107256728254712,0,0.016217066666344586,0,1
112,0.9023648405952196,3.5659509606952353,5.1163010826978255,7.23726510172777,3.4583312040844576,4.2181612863227649,5.0605919495117426,5.4903630910602716,7.8600065051727483,9.0069027387142455,7.4314918851692058,9.0914372157866943,9.6548119927206884,9.5077546501871772,11.126859525964038,11.872811194674169,15.477338322755061,16.509528371669095,13.297748530434889,13.913740495363726,15.040234714682702,15.674129542547062,16.849056052037721,17.645393516432932,1.3437202987286696,1.389478551124818,0,0.01598610520797689,0,1
113,2,4,6,7.7439581082503777,3.6059372749647318,4.2571915747942271,4.9918281714371711,5.7013886153330491,7.4383861819052841,8.1500409119911268,7.6291614942078949,8.3538031937309114,9.7501701959574536,9.3757072189581692,10.657089739003546,11.239675329800038,16.331872104409204,16.587134357148592,13.627692015644955,14.298156208790202,16.755017387128376,14.381510575199842,17.210405511946622,18.009914073900937,2.0115216230032362,0.131014271445061,0,0.015812625293363466,0,1
114,2,3.9727534742633837,6,7.6463291722932576,3.4726984475452816,4.2511773093429772,5.0421712945628743,5.7639700086203325,8.4734448452516347,9.2651584270758889,7.814060086595914,8.3578906921096472,9.6853897578855133,9.461229198003462,10.481707511867755,11.115086327854062,14.967805647970982,15.769641200238159,13.368107566657962,14.194241403719419,15.437437625951627,15.115424518517115,17.96081269448996,18.557954495652101,1.9944110637718704,0.24191394414436235,0,0.015644038689011819,0,1
115,1.3209565147590976,0,0,0.12151315449893796,3.4388116406573044,4.3165146982302032,4.8904857738233023,5.6074330497367537,7.4347376060424351,8.2741890547113712,7.5315745593454144,8.7304758589762166,9.3187254995284405,9.5512816015126614,10.931854707627567,11.685192120507288,15.250508899408649,16.301943827337805,13.039217331978801,14.10881979337297,16.523962074650267,14.438838882131625,17.508006618776328,18.609555707932909,0.10458034884404488,3.5075964382620644,0,0.015321607361964161,0,1
116,0.55281605070779993,1.0618681492201221,0.35309136852042916,0.56156108688984419,3.5091408594486624,4.203799706533875,4.9372550114251563,5.6960364591704504,7.0317959084974575,7.6481757274136504,7.6351675023246734,8.3897843278636266,10.101534668489403,9.2196796576260667,11.188364230262465,12.109907316128204,15.297350108169068,16.146157813629422,12.982143723492749,13.820327564567604,16.499728208152145,14.474452076938494,17.448167248551592,17.954505312632516,0.10261884444924965,3.5208076695605133,0,0.014658163397269769,0,1
117,2,4,6,7.6006959426015417,3.4142551121549016,4.346093519244917,4.944778096249161,5.832787655191165,7.7302747941555658,8.4466822704922659,7.5439930980323346,8.6605384594538197,9.4272599280747809,9.6539183818962702,10.651536340985587,11.353165904001866,15.506986722723971,16.75791937872582,13.209662658250775,13.980675069611491,16.442047457815889,13.628386072217154,17.310838915843725,17.790345382156474,2.0019866920929696,0.24092402947718761,0,0.014301479170357671,0,1
118,0.62329615842849795,3.1615000622599618,1.7513915286305002,1.0416598982146819,3.576745747847621,4.1603243525388214,4.8977115152563986,5.775955793968099,8.0572055425838425,8.9008371553976406,7.6522074418804591,8.3315115140508507,9.1146067863996603,9.879077693080804,10.469222757986556,11.364609662796152,16.120063429678318,16.888474703204277,13.30568839714997,13.973187830521494,16.300082269132606,14.542937898930742,17.191081944834121,17.925043332977047,0.38168208081196819,2.6412305649459666,0,0.014133909352513588,0,1
119,2,3.8802216345971581,6,8,3.5293285922393749,4.3059153451353911,4.7812284971231973,5.8412419486909215,6.6764240246300313,7.2500602762306254,7.6226174797634716,8.0910737210798693,9.7047281984468619,9.292437284063082,10.839315275647955,11.669662690733915,14.764503514985227,15.700149483841455,12.994422165994502,13.87029347987651,17.384450425300503,14.262515976207506,18.78200887879068,19.438002931456854,2.0153628945655888,0.12347036744018194,0,0.01355352057030516,0,1

summary,value
function,WFG2
generation_count,20000
evaluation_count,1900000
final_alpha,2.1606572542469085
population_size,120
dimension,24
M,2
k,4
l,20

