generation,alpha,evaluation_count,population_size
0,1,0,120
1,1,95,120
2,1,190,120
3,1.0000720910762484,285,120
4,1,380,120
5,1,475,120
6,1,570,120
7,1,665,120
8,1.0004378813558212,760,120
9,1.0000351529836222,855,120
10,1,950,120
11,1,1045,120
12,1,1140,120
13,1.0007592123795821,1235,120
14,1.0006712716714359,1330,120
15,1.0008058895776144,1425,120
16,1.0007211799240512,1520,120
17,1.0006667934898958,1615,120
18,1.0004593275554594,1710,120
19,1.0008346017310168,1805,120
20,1.0003814901613206,1900,120
21,1.0004064786048732,1995,120
22,1.0004048334201796,2090,120
23,1.0000337799190526,2185,120
24,1.0003568105220575,2280,120
25,1,2375,120
26,1.0000456076636182,2470,120
27,1.0000762458419152,2565,120
28,1.0003834880736897,2660,120
29,1,2755,120
30,1,2850,120
31,1.000207100458727,2945,120
32,1,3040,120
33,1.0002176993661305,3135,120
34,1.0001530018422,3230,120
35,1.0003559238091988,3325,120
36,1.0005184241490335,3420,120
37,1.000660040023323,3515,120
38,1.0004010984840195,3610,120
39,1.0000190072749764,3705,120
40,1,3800,120
41,1.0001423361730424,3895,120
42,1.0003206818936161,3990,120
43,1.0003716659089914,4085,120
44,1.0004764019840708,4180,120
45,1.0000583841305359,4275,120
46,1.0003353043654759,4370,120
47,1.0004266789457206,4465,120
48,1,4560,120
49,1.0000866185401667,4655,120
50,1,4750,120
51,1.0002125759839418,4845,120
52,1.0002940415495585,4940,120
53,1.000213489674193,5035,120
54,1.0000517498878339,5130,120
55,1,5225,120
56,1,5320,120
57,1,5415,120
58,1,5510,120
59,1,5605,120
60,1,5700,120
61,1,5795,120
62,1.0000196155488521,5890,120
63,1,5985,120
64,1.0003899303746662,6080,120
65,1.0005134879680291,6175,120
66,1.0005398749819252,6270,120
67,1.0001844172691343,6365,120
68,1.0006973501781038,6460,120
69,1.0010473803403037,6555,120
70,1.0015562480301257,6650,120
71,1.0016222423891683,6745,120
72,1.0016992757454737,6840,120
73,1.0013730974316299,6935,120
74,1.0013021679352592,7030,120
75,1.0011322120935211,7125,120
76,1.0008817178038807,7220,120
77,1.0010754685477623,7315,120
78,1.0005050653638896,7410,120
79,1.0006344233720788,7505,120
80,1.0011438266763955,7600,120
81,1.001037939066306,7695,120
82,1.0010709159948883,7790,120
83,1.0007994859298903,7885,120
84,1.0008169719462885,7980,120
85,1.0004991933953902,8075,120
86,1.0002405544561934,8170,120
87,1.0000506137452605,8265,120
88,1,8360,120
89,1,8455,120
90,1.0000814776647333,8550,120
91,1.0000978225770571,8645,120
92,1.0002088046600528,8740,120
93,1.0000905402136482,8835,120
94,1,8930,120
95,1.0000122280396166,9025,120
96,1,9120,120
97,1,9215,120
98,1,9310,120
99,1,9405,120
100,1,9500,120
101,1,9595,120
102,1,9690,120
103,1,9785,120
104,1,9880,120
105,1.000568015401998,9975,120
106,1.0005083504530226,10070,120
107,1.0010118326117352,10165,120
108,1.001232966410126,10260,120
109,1.0012584161013256,10355,120
110,1.0014166488816774,10450,120
111,1.0008221729707787,10545,120
112,1.0004258944317042,10640,120
113,1.0006125248155129,10735,120
114,1.0007376209309202,10830,120
115,1.0005529313675781,10925,120
116,1.0012236365483775,11020,120
117,1.0008511091320169,11115,120
118,1.0007795737162046,11210,120
119,1.0006317904844579,11305,120
120,1.0003091448754238,11400,120
121,1,11495,120
122,1.0000691402298518,11590,120
123,1.0001619046566714,11685,120
124,1,11780,120
125,1,11875,120
126,1.0003545392215392,11970,120
127,1.0006018833941284,12065,120
128,1.0007502066905427,12160,120
129,1.0005228100814749,12255,120
130,1.000543776179263,12350,120
131,1.0002272537757411,12445,120
132,1.0006598653090293,12540,120
133,1.0003187927588109,12635,120
134,1.0004318483191763,12730,120
135,1.0005200227985271,12825,120
136,1.0003476874555073,12920,120
137,1.0008651105368953,13015,120
138,1.0009541984378705,13110,120
139,1.0010692927676457,13205,120
140,1.0009144061517858,13300,120
141,1.0010202194304079,13395,120
142,1.000899701273978,13490,120
143,1.0003431170094756,13585,120
144,1,13680,120
145,1.0001155029019617,13775,120
146,1.0001381611320859,13870,120
147,1,13965,120
148,1.0002487066710697,14060,120
149,1.0003827453817637,14155,120
150,1.000191512452836,14250,120
151,1,14345,120
152,1.0002452158890296,14440,120
153,1.0001340195995259,14535,120
154,1.0001552312986002,14630,120
155,1,14725,120
156,1,14820,120
157,1,14915,120
158,1.0004705139689629,15010,120
159,1.0002363660417759,15105,120
160,1.0008807335074279,15200,120
161,1.0008679423082301,15295,120
162,1.0011335172823124,15390,120
163,1.000825474025743,15485,120
164,1.000515323585609,15580,120
165,1.0003448225948586,15675,120
166,1.0001035643855223,15770,120
167,1.000903024004548,15865,120
168,1.0008834199416303,15960,120
169,1.0008597040071627,16055,120
170,1.0009720248321907,16150,120
171,1.0010973769824247,16245,120
172,1.0008969438947335,16340,120
173,1.0011040611926427,16435,120
174,1.0011577314064009,16530,120
175,1.0011565231671231,16625,120
176,1.0010078955617716,16720,120
177,1.0009928843271039,16815,120
178,1.0012829701567529,16910,120
179,1.0013534317154853,17005,120
180,1.0013048401187077,17100,120
181,1.0012014453812985,17195,120
182,1.0011857853305344,17290,120
183,1.0010091953725195,17385,120
184,1.0010006582747415,17480,120
185,1.0010039088996145,17575,120
186,1.000997157304979,17670,120
187,1.0008006777240332,17765,120
188,1.0010533002785347,17860,120
189,1.0011181221146261,17955,120
190,1.0006871967509965,18050,120
191,1.0008916003644239,18145,120
192,1.0004609263500255,18240,120
193,1.0003272587209606,18335,120
194,1.0007293459661166,18430,120
195,1.0015282812616573,18525,120
196,1.0018568938834969,18620,120
197,1.0018722864703142,18715,120
198,1.0011706905931783,18810,120
199,1.0017819662517713,18905,120
200,1.0019231906063049,19000,120
201,1.0021646897465999,19095,120
202,1.0024543311724685,19190,120
203,1.0027652044572906,19285,120
204,1.0025415359466359,19380,120
205,1.0027162668613139,19475,120
206,1.0029977418139535,19570,120
207,1.0028338327618396,19665,120
208,1.0026376852784404,19760,120
209,1.0022217348640048,19855,120
210,1.0022019613765831,19950,120
211,1.0025201499508942,20045,120
212,1.0023339625760856,20140,120
213,1.0020756183075801,20235,120
214,1.0018234602155471,20330,120
215,1.0018017781797861,20425,120
216,1.0014355816666114,20520,120
217,1.0018719437336276,20615,120
218,1.0018698522971383,20710,120
219,1.0023526439950599,20805,120
220,1.0027299805660752,20900,120
221,1.0029623820468148,20995,120
222,1.0032639178037768,21090,120
223,1.0037816662960928,21185,120
224,1.0035621078717893,21280,120
225,1.0032354952840894,21375,120
226,1.0030999375924987,21470,120
227,1.0025788076827802,21565,120
228,1.003366695452405,21660,120
229,1.0034215809107709,21755,120
230,1.003281051311576,21850,120
231,1.0034735793282958,21945,120
232,1.0035130567686537,22040,120
233,1.0035774611125567,22135,120
234,1.0032626611363267,22230,120
235,1.0029210655134151,22325,120
236,1.0026649034565982,22420,120
237,1.0035989201837006,22515,120
238,1.0034686401041824,22610,120
239,1.0032476638138066,22705,120
240,1.0037936507724425,22800,120
241,1.0035079030256437,22895,120
242,1.004059122825586,22990,120
243,1.0042238561951542,23085,120
244,1.0045303046624352,23180,120
245,1.0041463266566348,23275,120
246,1.0045201842204665,23370,120
247,1.0049677613625401,23465,120
248,1.0048969110968595,23560,120
249,1.0050368684155941,23655,120
250,1.0057831403787205,23750,120
251,1.0058302193720567,23845,120
252,1.0059710680387552,23940,120
253,1.0057926622683333,24035,120
254,1.0058017052040125,24130,120
255,1.006063155629257,24225,120
256,1.0064824095718716,24320,120
257,1.0070333978486179,24415,120
258,1.0073543427898253,24510,120
259,1.0069288474362077,24605,120
260,1.0065053287729477,24700,120
261,1.0066957420573281,24795,120
262,1.0068357502547534,24890,120
263,1.0068420855442923,24985,120
264,1.0069024012859888,25080,120
265,1.0066543463720095,25175,120
266,1.0062710647709812,25270,120
267,1.0063429761625673,25365,120
268,1.0064159034103646,25460,120
269,1.0060492032980926,25555,120
270,1.0064632985668309,25650,120
271,1.0063556709534041,25745,120
272,1.006601996167928,25840,120
273,1.0068522908929283,25935,120
274,1.0069205048341152,26030,120
275,1.0070697767049426,26125,120
276,1.0076197411068246,26220,120
277,1.008049345647968,26315,120
278,1.0079796123064833,26410,120
279,1.0083936591547373,26505,120
280,1.0093132098864288,26600,120
281,1.0098038569537633,26695,120
282,1.0091603670668787,26790,120
283,1.009320814140986,26885,120
284,1.0102133449343467,26980,120
285,1.0102221927350559,27075,120
286,1.0108863806380781,27170,120
287,1.0115375134673743,27265,120
288,1.012486638256165,27360,120
289,1.0126126343347293,27455,120
290,1.0129966393084506,27550,120
291,1.0132256700555955,27645,120
292,1.0131914152315069,27740,120
293,1.0135560816852345,27835,120
294,1.0135561930920216,27930,120
295,1.0137621203706026,28025,120
296,1.0134918343516275,28120,120
297,1.0138193052889142,28215,120
298,1.0144826325924279,28310,120
299,1.0146172716268462,28405,120
300,1.0144883551693711,28500,120
301,1.0143491124190958,28595,120
302,1.0142121553027863,28690,120
303,1.0137314202272851,28785,120
304,1.0137968923174376,28880,120
305,1.0133665893955894,28975,120
306,1.0137216587844822,29070,120
307,1.0138912158505369,29165,120
308,1.0149036671761553,29260,120
309,1.0151314787900112,29355,120
310,1.0153964476867046,29450,120
311,1.0159247160475198,29545,120
312,1.0159444162414353,29640,120
313,1.0156606670605279,29735,120
314,1.0153871211633547,29830,120
315,1.0158955684643083,29925,120
316,1.0158519172121592,30020,120
317,1.0155025024038247,30115,120
318,1.0154621414603306,30210,120
319,1.0150927294237446,30305,120
320,1.014772640099983,30400,120
321,1.0155077766873897,30495,120
322,1.0150970528110699,30590,120
323,1.0150382678216072,30685,120
324,1.0148850919563468,30780,120
325,1.0148220229967377,30875,120
326,1.0146940689161827,30970,120
327,1.0146567809440015,31065,120
328,1.0141491900946316,31160,120
329,1.0143030426137198,31255,120
330,1.0143313403931304,31350,120
331,1.0146685742164427,31445,120
332,1.0147822913513229,31540,120
333,1.0147009963499518,31635,120
334,1.0148531880497744,31730,120
335,1.0147825650068465,31825,120
336,1.0149069933268688,31920,120
337,1.0150170982213509,32015,120
338,1.0147857899274342,32110,120
339,1.0152402991412455,32205,120
340,1.015056627092088,32300,120
341,1.0151870228558106,32395,120
342,1.0148126014257133,32490,120
343,1.0150223558865605,32585,120
344,1.0151270277410478,32680,120
345,1.0149524350558998,32775,120
346,1.0151629474236368,32870,120
347,1.0154532601521542,32965,120
348,1.0155734278019222,33060,120
349,1.0152614126007136,33155,120
350,1.0156246886107387,33250,120
351,1.0150634571810488,33345,120
352,1.0154688847445661,33440,120
353,1.0159725776245068,33535,120
354,1.0163741442336514,33630,120
355,1.0165283434670096,33725,120
356,1.0164559899228163,33820,120
357,1.0160541702380674,33915,120
358,1.0162164697786782,34010,120
359,1.0159873679967135,34105,120
360,1.0160048343363668,34200,120
361,1.0163123974156363,34295,120
362,1.0163165677281658,34390,120
363,1.0161781559371632,34485,120
364,1.0160824765818666,34580,120
365,1.0166366713323558,34675,120
366,1.016375003843651,34770,120
367,1.0167572220000074,34865,120
368,1.0170613594408269,34960,120
369,1.0170078737776407,35055,120
370,1.0174698806195948,35150,120
371,1.0174072527748366,35245,120
372,1.0179239138073612,35340,120
373,1.018584270551907,35435,120
374,1.0185185479782504,35530,120
375,1.0192105392967015,35625,120
376,1.0194227934364284,35720,120
377,1.0192830084794027,35815,120
378,1.0197041050223499,35910,120
379,1.0194086739538095,36005,120
380,1.0192332143164227,36100,120
381,1.018936396929667,36195,120
382,1.0186170063719964,36290,120
383,1.0184668345459704,36385,120
384,1.0184852790241801,36480,120
385,1.0180655243961987,36575,120
386,1.017764742585096,36670,120
387,1.0176735942548765,36765,120
388,1.0177429254635766,36860,120
389,1.0177776134494048,36955,120
390,1.017794419417299,37050,120
391,1.0176733582696538,37145,120
392,1.0181572896219975,37240,120
393,1.0177619953353692,37335,120
394,1.0179447116146185,37430,120
395,1.0178770826842962,37525,120
396,1.0175278384019857,37620,120
397,1.017886306652968,37715,120
398,1.0180222203394786,37810,120
399,1.0182716071885052,37905,120
400,1.0179304213312068,38000,120
401,1.0179830097600995,38095,120
402,1.0181814922070658,38190,120
403,1.0186718302803588,38285,120
404,1.0184462111981687,38380,120
405,1.0187304410733995,38475,120
406,1.0196742371227108,38570,120
407,1.0202047386782875,38665,120
408,1.0198604939315956,38760,120
409,1.0196195862226158,38855,120
410,1.0198731790636824,38950,120
411,1.0204555030427465,39045,120
412,1.0198631155067539,39140,120
413,1.019705725702666,39235,120
414,1.0196382648426852,39330,120
415,1.0195747039918235,39425,120
416,1.0196986089554645,39520,120
417,1.0211297124475338,39615,120
418,1.0211023474753254,39710,120
419,1.020995410595684,39805,120
420,1.0217286849393197,39900,120
421,1.0216552164023303,39995,120
422,1.0214057079621002,40090,120
423,1.0219049920728316,40185,120
424,1.0222335385611481,40280,120
425,1.0220451997020288,40375,120
426,1.0225748388934188,40470,120
427,1.0225428972528416,40565,120
428,1.0230355855382884,40660,120
429,1.0234986425893131,40755,120
430,1.0240171553981681,40850,120
431,1.0252000049447374,40945,120
432,1.02547041175305,41040,120
433,1.0264964285852478,41135,120
434,1.0265970062214818,41230,120
435,1.0270426282289606,41325,120
436,1.0271659635236317,41420,120
437,1.02765808759013,41515,120
438,1.0275223613604036,41610,120
439,1.0275699028904113,41705,120
440,1.0272736078327434,41800,120
441,1.0273620674060879,41895,120
442,1.027357754958599,41990,120
443,1.0274709979951295,42085,120
444,1.028031316892192,42180,120
445,1.0285014074860035,42275,120
446,1.029586632352461,42370,120
447,1.0290506078479962,42465,120
448,1.0292614285757249,42560,120
449,1.0296465640755179,42655,120
450,1.029483584171041,42750,120
451,1.0296674384425839,42845,120
452,1.0296755087523899,42940,120
453,1.0299175456049607,43035,120
454,1.0297885026309097,43130,120
455,1.0296754680748075,43225,120
456,1.0299271506018115,43320,120
457,1.0300599860555932,43415,120
458,1.0304001427535299,43510,120
459,1.0306347356730614,43605,120
460,1.0313282643038131,43700,120
461,1.0315974292650081,43795,120
462,1.0335801413195369,43890,120
463,1.0339154249776157,43985,120
464,1.0344782040366904,44080,120
465,1.0345538170218229,44175,120
466,1.0344638096592824,44270,120
467,1.0358172237473573,44365,120
468,1.0357619588339579,44460,120
469,1.0355918468443068,44555,120
470,1.035510047582979,44650,120
471,1.0352141152392116,44745,120
472,1.0363361227560381,44840,120
473,1.0361253327156996,44935,120
474,1.035627154247007,45030,120
475,1.0356343270143284,45125,120
476,1.0351676311181703,45220,120
477,1.0353769585391543,45315,120
478,1.0352970633512111,45410,120
479,1.035464731690557,45505,120
480,1.035300999187335,45600,120
481,1.0358305815678965,45695,120
482,1.036378705929162,45790,120
483,1.0365284791342317,45885,120
484,1.0365646889451647,45980,120
485,1.0368646834766198,46075,120
486,1.0366420870394006,46170,120
487,1.0365193201217926,46265,120
488,1.0374231844424187,46360,120
489,1.0372981588330781,46455,120
490,1.0373225313755954,46550,120
491,1.0378582455616372,46645,120
492,1.0381146236920302,46740,120
493,1.0387936960405864,46835,120
494,1.038826592925441,46930,120
495,1.0389409894830406,47025,120
496,1.0388215057643533,47120,120
497,1.0390729579176932,47215,120
498,1.039203885794308,47310,120
499,1.039425704214419,47405,120
500,1.0389451027807006,47500,120
501,1.0389824744819398,47595,120
502,1.0394124420018087,47690,120
503,1.0400035134696233,47785,120
504,1.0401559440502484,47880,120
505,1.0403344510980113,47975,120
506,1.0403099344591171,48070,120
507,1.0403856879812918,48165,120
508,1.0402839924865261,48260,120
509,1.0401612622791592,48355,120
510,1.0398629157475396,48450,120
511,1.0396186567191197,48545,120
512,1.0393466787096726,48640,120
513,1.039221885341397,48735,120
514,1.039069452876179,48830,120
515,1.0386471444221119,48925,120
516,1.0386507326936902,49020,120
517,1.0388328580245061,49115,120
518,1.0388384319046742,49210,120
519,1.0385022576681566,49305,120
520,1.0390505530324949,49400,120
521,1.0399861163516049,49495,120
522,1.039804783125222,49590,120
523,1.0402579387791153,49685,120
524,1.0403099952549739,49780,120
525,1.0400359172153535,49875,120
526,1.0404352613290939,49970,120
527,1.0405974672054463,50065,120
528,1.0404204491813287,50160,120
529,1.0406559766577117,50255,120
530,1.0409627754341535,50350,120
531,1.0412362211273773,50445,120
532,1.0411857687702681,50540,120
533,1.0410961033893198,50635,120
534,1.0423459291589143,50730,120
535,1.0422202630703403,50825,120
536,1.0426992090841294,50920,120
537,1.042865383991523,51015,120
538,1.0433240634359418,51110,120
539,1.04315743404196,51205,120
540,1.043243435297369,51300,120
541,1.0431116027003648,51395,120
542,1.0425723825365281,51490,120
543,1.0426111170135379,51585,120
544,1.042673404097564,51680,120
545,1.0432240952842273,51775,120
546,1.0438210727392818,51870,120
547,1.0440754589192471,51965,120
548,1.0441967363989602,52060,120
549,1.0445540847794164,52155,120
550,1.0445784593226559,52250,120
551,1.0443496646648205,52345,120
552,1.0452823686316248,52440,120
553,1.0454335433238049,52535,120
554,1.0451316071560377,52630,120
555,1.0448541345885081,52725,120
556,1.0451372766340346,52820,120
557,1.0452195275552705,52915,120
558,1.0453774235153672,53010,120
559,1.0459010128256581,53105,120
560,1.0460830344484899,53200,120
561,1.0459645759185434,53295,120
562,1.0459330904351125,53390,120
563,1.0459280197104603,53485,120
564,1.0453895827116249,53580,120
565,1.0454162907505757,53675,120
566,1.0453736451339435,53770,120
567,1.04497456699153,53865,120
568,1.0448351913784462,53960,120
569,1.0456082595779499,54055,120
570,1.0462055539318749,54150,120
571,1.0464972103190699,54245,120
572,1.0462236915160514,54340,120
573,1.046160552557269,54435,120
574,1.0463993989052922,54530,120
575,1.0466852079468674,54625,120
576,1.0465539302695726,54720,120
577,1.0474483687657012,54815,120
578,1.0475002565401237,54910,120
579,1.0480438018127698,55005,120
580,1.0486692517865701,55100,120
581,1.0489175420173686,55195,120
582,1.0486100605254578,55290,120
583,1.0492567957232704,55385,120
584,1.0491560694024273,55480,120
585,1.0500319103329552,55575,120
586,1.0503511316735896,55670,120
587,1.0515665315262093,55765,120
588,1.0523269694023338,55860,120
589,1.0531568228519101,55955,120
590,1.053123017402787,56050,120
591,1.0531103069913117,56145,120
592,1.0537974898660225,56240,120
593,1.0538894668038967,56335,120
594,1.0541323106328482,56430,120
595,1.0542080549822039,56525,120
596,1.0537482556558355,56620,120
597,1.0533047208326991,56715,120
598,1.0533086956064754,56810,120
599,1.0532573956737978,56905,120
600,1.0534969114523636,57000,120
601,1.0533476209680581,57095,120
602,1.0535702277256624,57190,120
603,1.0536235227203372,57285,120
604,1.0540107752438306,57380,120
605,1.0543978508556797,57475,120
606,1.0541863361116792,57570,120
607,1.054735157917184,57665,120
608,1.054336770441809,57760,120
609,1.0548300922747722,57855,120
610,1.0551877096516677,57950,120
611,1.0556355599355851,58045,120
612,1.0554097158072524,58140,120
613,1.0554948538041196,58235,120
614,1.0554566924401863,58330,120
615,1.0559821760623491,58425,120
616,1.0554590488638569,58520,120
617,1.0551870702335706,58615,120
618,1.0558039345244803,58710,120
619,1.0563440501580945,58805,120
620,1.0562537742195106,58900,120
621,1.0562850930030863,58995,120
622,1.0564950900894599,59090,120
623,1.056840267666735,59185,120
624,1.0565292090457283,59280,120
625,1.0565582370673026,59375,120
626,1.0575861892747089,59470,120
627,1.0574162339978506,59565,120
628,1.0578812436195129,59660,120
629,1.0576621270494195,59755,120
630,1.057739106854328,59850,120
631,1.0576879692925643,59945,120
632,1.0577618577512991,60040,120
633,1.0575535666229492,60135,120
634,1.0574140709356075,60230,120
635,1.0568682491136987,60325,120
636,1.0567372150921497,60420,120
637,1.0572771360980988,60515,120
638,1.0569453287321613,60610,120
639,1.0573660414193915,60705,120
640,1.0576123477633699,60800,120
641,1.0573696262997578,60895,120
642,1.0574951223833269,60990,120
643,1.0576772251849587,61085,120
644,1.0578385419581686,61180,120
645,1.0575435498352379,61275,120
646,1.0579902078941135,61370,120
647,1.0581987738668988,61465,120
648,1.0584338158905084,61560,120
649,1.058386160950719,61655,120
650,1.0580989267796759,61750,120
651,1.0580813201846779,61845,120
652,1.0584726643140596,61940,120
653,1.0587081167776977,62035,120
654,1.0588045620832296,62130,120
655,1.0590486162929618,62225,120
656,1.058665072118347,62320,120
657,1.0588409147488809,62415,120
658,1.0589347413711589,62510,120
659,1.0585212796612911,62605,120
660,1.0591831533657918,62700,120
661,1.0600153555753824,62795,120
662,1.0607527457714079,62890,120
663,1.060539112838446,62985,120
664,1.0602202086439785,63080,120
665,1.0601945140800857,63175,120
666,1.0610005204173016,63270,120
667,1.0612784562744615,63365,120
668,1.0616326484175955,63460,120
669,1.061766487778347,63555,120
670,1.0618399861198791,63650,120
671,1.0617229512660331,63745,120
672,1.0622135595308633,63840,120
673,1.062440292507377,63935,120
674,1.0620514705585848,64030,120
675,1.0620096152466312,64125,120
676,1.0622999023236825,64220,120
677,1.0621444033807652,64315,120
678,1.0624909445391073,64410,120
679,1.0623821940342517,64505,120
680,1.0625297736703436,64600,120
681,1.0628697571870962,64695,120
682,1.0632006572472308,64790,120
683,1.0629490200857923,64885,120
684,1.0631837613453119,64980,120
685,1.0627909472477806,65075,120
686,1.0639216311590298,65170,120
687,1.0639109657216221,65265,120
688,1.0637861218794369,65360,120
689,1.0645104990382983,65455,120
690,1.0653461687379646,65550,120
691,1.0651045366823126,65645,120
692,1.0648980595338233,65740,120
693,1.0651967400466957,65835,120
694,1.0652653002310639,65930,120
695,1.0653756083636199,66025,120
696,1.0651164077501987,66120,120
697,1.0656493165974104,66215,120
698,1.0655798977873545,66310,120
699,1.0652254626887925,66405,120
700,1.065422321578366,66500,120
701,1.0659871554708686,66595,120
702,1.0661358864462576,66690,120
703,1.066144534410169,66785,120
704,1.0663556363959992,66880,120
705,1.0665982750359553,66975,120
706,1.066300375216116,67070,120
707,1.0662386310270153,67165,120
708,1.0661261329925931,67260,120
709,1.065927658861751,67355,120
710,1.0662117028927964,67450,120
711,1.0661448033362244,67545,120
712,1.0657829401374612,67640,120
713,1.0659793150143824,67735,120
714,1.0668552986332183,67830,120
715,1.0666003672547046,67925,120
716,1.0667146895200981,68020,120
717,1.0665793023479506,68115,120
718,1.0671107506272348,68210,120
719,1.0674068986033727,68305,120
720,1.0686223481671591,68400,120
721,1.0690622493091937,68495,120
722,1.068644391476244,68590,120
723,1.0683511696070538,68685,120
724,1.0679443987324302,68780,120
725,1.0681266613213589,68875,120
726,1.0689142888021297,68970,120
727,1.0691423395470874,69065,120
728,1.0692835007777857,69160,120
729,1.0691040992186123,69255,120
730,1.0691654926664576,69350,120
731,1.0694186151668896,69445,120
732,1.0697605858580115,69540,120
733,1.0698074603349483,69635,120
734,1.0701290445880143,69730,120
735,1.0702088705120518,69825,120
736,1.0700218161728101,69920,120
737,1.0701357776294418,70015,120
738,1.0699483702414332,70110,120
739,1.0700514299290649,70205,120
740,1.070338592485194,70300,120
741,1.0709138520455488,70395,120
742,1.0703978964393446,70490,120
743,1.0713950704704804,70585,120
744,1.0716737917725894,70680,120
745,1.0716174775780563,70775,120
746,1.0711289672184068,70870,120
747,1.0714452911971997,70965,120
748,1.0712727459445368,71060,120
749,1.0712933962146169,71155,120
750,1.0710664122730917,71250,120
751,1.0716022434782098,71345,120
752,1.0715230435414393,71440,120
753,1.0718331871559699,71535,120
754,1.0720453793091036,71630,120
755,1.0723007162537401,71725,120
756,1.0728224589620718,71820,120
757,1.0725397678853341,71915,120
758,1.0721419121044358,72010,120
759,1.0723035696674901,72105,120
760,1.0720750297743009,72200,120
761,1.0724761747342852,72295,120
762,1.0725094412170801,72390,120
763,1.0726656365614824,72485,120
764,1.0722505695596989,72580,120
765,1.0725964236838701,72675,120
766,1.0722277323802554,72770,120
767,1.0729788384195749,72865,120
768,1.0731030776697967,72960,120
769,1.0733348799218048,73055,120
770,1.0730432682326316,73150,120
771,1.0731744459453081,73245,120
772,1.0734041179580545,73340,120
773,1.0736109074998252,73435,120
774,1.0735211909473878,73530,120
775,1.0736524555952429,73625,120
776,1.0739912328654122,73720,120
777,1.0744567358249415,73815,120
778,1.0746865899160958,73910,120
779,1.0743109306747609,74005,120
780,1.0741579758137334,74100,120
781,1.0739935659848516,74195,120
782,1.0742145689854512,74290,120
783,1.0738714502604374,74385,120
784,1.0741133850060633,74480,120
785,1.0749215372667271,74575,120
786,1.0749732143623734,74670,120
787,1.0743856605600042,74765,120
788,1.0746071402362303,74860,120
789,1.0749725420918783,74955,120
790,1.0747467206543957,75050,120
791,1.0751247297574746,75145,120
792,1.0753290753094262,75240,120
793,1.0756942152648512,75335,120
794,1.0751440509927215,75430,120
795,1.0752185593894485,75525,120
796,1.0750778525943854,75620,120
797,1.0752766318007305,75715,120
798,1.0759509215407994,75810,120
799,1.0757770000450355,75905,120
800,1.075981434666694,76000,120
801,1.0757380602137663,76095,120
802,1.0758206331598519,76190,120
803,1.0753996475873338,76285,120
804,1.0752912636246155,76380,120
805,1.0756184601157257,76475,120
806,1.0755496438394463,76570,120
807,1.0752396733524963,76665,120
808,1.0746801744702132,76760,120
809,1.0749511980104343,76855,120
810,1.0760932028714179,76950,120
811,1.0763516765398042,77045,120
812,1.0766601689034203,77140,120
813,1.0768586905334117,77235,120
814,1.076933802457698,77330,120
815,1.0777249230773804,77425,120
816,1.0778231192105321,77520,120
817,1.0780660296633144,77615,120
818,1.0778015149719911,77710,120
819,1.0772974934975486,77805,120
820,1.0774662072311076,77900,120
821,1.0776802911343248,77995,120
822,1.0773170304659783,78090,120
823,1.0766999850953174,78185,120
824,1.076394002949784,78280,120
825,1.0759959638413574,78375,120
826,1.0762039617520838,78470,120
827,1.0761197287167539,78565,120
828,1.0763945370654759,78660,120
829,1.0765422779542966,78755,120
830,1.0761065597781811,78850,120
831,1.0761537059513597,78945,120
832,1.076409130568968,79040,120
833,1.076748182642514,79135,120
834,1.0771766818439652,79230,120
835,1.0769077656699353,79325,120
836,1.0765477978868581,79420,120
837,1.0766215236683545,79515,120
838,1.0768856812038197,79610,120
839,1.0767291773750656,79705,120
840,1.0767977046680062,79800,120
841,1.0764223260803096,79895,120
842,1.0766505487099434,79990,120
843,1.0765692770984487,80085,120
844,1.0760720498813234,80180,120
845,1.0765486660698422,80275,120
846,1.0771499810995451,80370,120
847,1.0767571738854889,80465,120
848,1.076824565820053,80560,120
849,1.0770401845240167,80655,120
850,1.0767864909264768,80750,120
851,1.0767909020919453,80845,120
852,1.0768830257734046,80940,120
853,1.0767106641596471,81035,120
854,1.0762064534876914,81130,120
855,1.0764617710076703,81225,120
856,1.0770466582207328,81320,120
857,1.0772673298338111,81415,120
858,1.0774948530584787,81510,120
859,1.0771217013316576,81605,120
860,1.0770173200948032,81700,120
861,1.0772691808823145,81795,120
862,1.077167426525204,81890,120
863,1.0771006123384994,81985,120
864,1.076942370983061,82080,120
865,1.0764618264727988,82175,120
866,1.0760934879985578,82270,120
867,1.076206064939097,82365,120
868,1.0759282604001965,82460,120
869,1.0757797611380189,82555,120
870,1.0751040627213329,82650,120
871,1.0748556221582533,82745,120
872,1.0745759293454926,82840,120
873,1.0748244039766834,82935,120
874,1.07480441010176,83030,120
875,1.075009860866889,83125,120
876,1.0748396820635018,83220,120
877,1.0747115722384619,83315,120
878,1.0753045478882097,83410,120
879,1.0756997565819844,83505,120
880,1.07548621655597,83600,120
881,1.0761097040589662,83695,120
882,1.0762454062196078,83790,120
883,1.0764332776709893,83885,120
884,1.0761586834429109,83980,120
885,1.0762973241394314,84075,120
886,1.0758940318207546,84170,120
887,1.0759297003239625,84265,120
888,1.076004573740031,84360,120
889,1.075723531696918,84455,120
890,1.0758426046396536,84550,120
891,1.0757186487587509,84645,120
892,1.0762428142471128,84740,120
893,1.0761699565044622,84835,120
894,1.076080675153094,84930,120
895,1.0761177676594502,85025,120
896,1.0757028994049413,85120,120
897,1.0770398763641771,85215,120
898,1.0767909994738771,85310,120
899,1.0770883677465786,85405,120
900,1.0773818602351668,85500,120
901,1.07718050215723,85595,120
902,1.0770972193738266,85690,120
903,1.0774597186206656,85785,120
904,1.0774821561775312,85880,120
905,1.0776203061257204,85975,120
906,1.0778777061804561,86070,120
907,1.07845066451586,86165,120
908,1.0781115570494362,86260,120
909,1.0782671800697878,86355,120
910,1.0782624953847719,86450,120
911,1.0782807937181802,86545,120
912,1.0783768015208841,86640,120
913,1.0784876172220172,86735,120
914,1.0785832918050893,86830,120
915,1.0787700186827602,86925,120
916,1.0784492923887152,87020,120
917,1.0785965020420358,87115,120
918,1.0788967294292269,87210,120
919,1.079334308505276,87305,120
920,1.0790200713202214,87400,120
921,1.079227963601973,87495,120
922,1.0789238413655531,87590,120
923,1.0791847503569423,87685,120
924,1.079065162881206,87780,120
925,1.0788400936909985,87875,120
926,1.0790612562336792,87970,120
927,1.0791319780231876,88065,120
928,1.0789682852775624,88160,120
929,1.0788019789049985,88255,120
930,1.0784811808327346,88350,120
931,1.0786682582528677,88445,120
932,1.0792576102541971,88540,120
933,1.0794785753131575,88635,120
934,1.0792948372549898,88730,120
935,1.0790029051480672,88825,120
936,1.0787506976990064,88920,120
937,1.0794073150101391,89015,120
938,1.0793307517136947,89110,120
939,1.0799739852588854,89205,120
940,1.0801121936452844,89300,120
941,1.0805238194446385,89395,120
942,1.0804980964912896,89490,120
943,1.0812789850122608,89585,120
944,1.0814842154458133,89680,120
945,1.08197679407889,89775,120
946,1.0819461421309449,89870,120
947,1.0818854551271517,89965,120
948,1.0822382270314257,90060,120
949,1.0820100025883039,90155,120
950,1.081883640267514,90250,120
951,1.0812088571803549,90345,120
952,1.0814414426572054,90440,120
953,1.0819736624601175,90535,120
954,1.081385773533637,90630,120
955,1.0812615714691634,90725,120
956,1.0814001170944525,90820,120
957,1.0813206019024622,90915,120
958,1.081797581086853,91010,120
959,1.0821626180839325,91105,120
960,1.0825268115900641,91200,120
961,1.0825570666572721,91295,120
962,1.0826555952902996,91390,120
963,1.0826789713899647,91485,120
964,1.0829220388805689,91580,120
965,1.0828148180359838,91675,120
966,1.0825454990897738,91770,120
967,1.0829009755507781,91865,120
968,1.0828151131776711,91960,120
969,1.0826646115841114,92055,120
970,1.0826824875076164,92150,120
971,1.082760154375066,92245,120
972,1.0823460823128928,92340,120
973,1.0825376192987815,92435,120
974,1.0825484044497953,92530,120
975,1.0831217023680757,92625,120
976,1.084069118422287,92720,120
977,1.0844702502801067,92815,120
978,1.0848454398313472,92910,120
979,1.0849718401079633,93005,120
980,1.0848077508456766,93100,120
981,1.0844170452533615,93195,120
982,1.0841279487894517,93290,120
983,1.083794410808492,93385,120
984,1.0840802803511189,93480,120
985,1.0839453105951953,93575,120
986,1.084856040787092,93670,120
987,1.0850073634875725,93765,120
988,1.0852251702445124,93860,120
989,1.0846662839649814,93955,120
990,1.0846347966883139,94050,120
991,1.0849549725720773,94145,120
992,1.0857275219323643,94240,120
993,1.0855080362669063,94335,120
994,1.0857664104722711,94430,120
995,1.0856963195757143,94525,120
996,1.0855396196633464,94620,120
997,1.0857856360295122,94715,120
998,1.0862133224463741,94810,120
999,1.0860353592388812,94905,120
1000,1.0868212877618022,95000,120
1001,1.0870073195015841,95095,120
1002,1.0874741898786706,95190,120
1003,1.0874154602061337,95285,120
1004,1.0877149899467653,95380,120
1005,1.0881803361189248,95475,120
1006,1.0885118273562522,95570,120
1007,1.0885997517987211,95665,120
1008,1.0885932458767291,95760,120
1009,1.0892861803941194,95855,120
1010,1.0895452008125022,95950,120
1011,1.0894464186169623,96045,120
1012,1.089258698352414,96140,120
1013,1.0894735650445047,96235,120
1014,1.0893260152832709,96330,120
1015,1.0890392072545907,96425,120
1016,1.0890197880928707,96520,120
1017,1.0896893046745326,96615,120
1018,1.0901138988168484,96710,120
1019,1.0897800046303578,96805,120
1020,1.0901279378668969,96900,120
1021,1.0903422859378462,96995,120
1022,1.0898851148869908,97090,120
1023,1.0897622226499939,97185,120
1024,1.0903726066759929,97280,120
1025,1.0901162603486636,97375,120
1026,1.0904773521888562,97470,120
1027,1.0902667438857812,97565,120
1028,1.0903657304027556,97660,120
1029,1.0904608586069255,97755,120
1030,1.0902007022111981,97850,120
1031,1.0909539441411371,97945,120
1032,1.0913570686134604,98040,120
1033,1.0909970793836004,98135,120
1034,1.0907348483923773,98230,120
1035,1.0907546218417237,98325,120
1036,1.0906349648562592,98420,120
1037,1.0917077064358569,98515,120
1038,1.0920199731485114,98610,120
1039,1.0922433920876979,98705,120
1040,1.0926315241274351,98800,120
1041,1.0923302141580378,98895,120
1042,1.0924863516912486,98990,120
1043,1.0925696704907779,99085,120
1044,1.0929360106415327,99180,120
1045,1.0931433838242206,99275,120
1046,1.0928477305608615,99370,120
1047,1.0923324981589062,99465,120
1048,1.0926236126820927,99560,120
1049,1.0938500251078227,99655,120
1050,1.0940283220067866,99750,120
1051,1.0935373126628589,99845,120
1052,1.0949463225141745,99940,120
1053,1.0951012790164394,100035,120
1054,1.0961870965721301,100130,120
1055,1.0963354304596897,100225,120
1056,1.0965899411167412,100320,120
1057,1.0971041358011593,100415,120
1058,1.0970943993349975,100510,120
1059,1.0967047431472861,100605,120
1060,1.0964205622321574,100700,120
1061,1.0963495971999462,100795,120
1062,1.0963125442331445,100890,120
1063,1.0962635654083976,100985,120
1064,1.0959463990788512,101080,120
1065,1.0959797202946377,101175,120
1066,1.0960757138634598,101270,120
1067,1.0960660125111041,101365,120
1068,1.0957089208328206,101460,120
1069,1.0953178261608718,101555,120
1070,1.0952451797489169,101650,120
1071,1.0947935220272806,101745,120
1072,1.0944458418136329,101840,120
1073,1.0947430441461061,101935,120
1074,1.0953766487146734,102030,120
1075,1.0953979580079469,102125,120
1076,1.0957917286818195,102220,120
1077,1.0961841926777975,102315,120
1078,1.0965302894108604,102410,120
1079,1.0961793485791305,102505,120
1080,1.0960469186629755,102600,120
1081,1.0958098316865224,102695,120
1082,1.0958912919749444,102790,120
1083,1.0957631511502617,102885,120
1084,1.0957329493126093,102980,120
1085,1.0954366567881242,103075,120
1086,1.0952118935089543,103170,120
1087,1.095072309903129,103265,120
1088,1.0951722700892073,103360,120
1089,1.0950696581105634,103455,120
1090,1.0955380593890032,103550,120
1091,1.0955678391396151,103645,120
1092,1.0954605904074985,103740,120
1093,1.0947987955084659,103835,120
1094,1.0944090346980908,103930,120
1095,1.0943547758832783,104025,120
1096,1.0947319616257722,104120,120
1097,1.0943765164064332,104215,120
1098,1.0946344861141764,104310,120
1099,1.0950831728318229,104405,120
1100,1.0946858799146186,104500,120
1101,1.0947271287462419,104595,120
1102,1.0944006929180645,104690,120
1103,1.0942134512404582,104785,120
1104,1.0950748599864626,104880,120
1105,1.095102779847958,104975,120
1106,1.095329787806254,105070,120
1107,1.0957784050085284,105165,120
1108,1.0956591626540668,105260,120
1109,1.0956940392539001,105355,120
1110,1.0959270692415042,105450,120
1111,1.095828489398466,105545,120
1112,1.0964725091218881,105640,120
1113,1.09612411270037,105735,120
1114,1.096177854703698,105830,120
1115,1.095944075670227,105925,120
1116,1.0955627076684138,106020,120
1117,1.0956221704058104,106115,120
1118,1.0953309088210843,106210,120
1119,1.0951855146505787,106305,120
1120,1.0952481353388694,106400,120
1121,1.0951351582237687,106495,120
1122,1.0959472535211332,106590,120
1123,1.0959685915424973,106685,120
1124,1.0964950027542111,106780,120
1125,1.0965845288204528,106875,120
1126,1.0966650155699273,106970,120
1127,1.0963121710821286,107065,120
1128,1.0962915422425585,107160,120
1129,1.0965130047695013,107255,120
1130,1.0966324999712955,107350,120
1131,1.0966911716970225,107445,120
1132,1.0970401308407456,107540,120
1133,1.0973365918371265,107635,120
1134,1.0975348862244962,107730,120
1135,1.0977425141287098,107825,120
1136,1.0977334800386609,107920,120
1137,1.0977984883112237,108015,120
1138,1.0978073286978776,108110,120
1139,1.0976779724574754,108205,120
1140,1.0983279063113562,108300,120
1141,1.0989823736640716,108395,120
1142,1.0985095022177953,108490,120
1143,1.0985569510979947,108585,120
1144,1.0993654537033097,108680,120
1145,1.0998116917482088,108775,120
1146,1.100524558318529,108870,120
1147,1.1000061937252918,108965,120
1148,1.0996781369605091,109060,120
1149,1.0999117619539425,109155,120
1150,1.100612487719526,109250,120
1151,1.1009532676819025,109345,120
1152,1.1007826230749755,109440,120
1153,1.1005759625258074,109535,120
1154,1.1005400836463777,109630,120
1155,1.1009877784494819,109725,120
1156,1.1012127085479635,109820,120
1157,1.1010072076730621,109915,120
1158,1.1008463966703157,110010,120
1159,1.1007785007232895,110105,120
1160,1.1005765208668881,110200,120
1161,1.1011852264599449,110295,120
1162,1.1014329807587426,110390,120
1163,1.1012435802108367,110485,120
1164,1.101256878322372,110580,120
1165,1.1011295322633776,110675,120
1166,1.1007143301727154,110770,120
1167,1.1007819665021676,110865,120
1168,1.1006816047926364,110960,120
1169,1.1018352961256468,111055,120
1170,1.1016532731026714,111150,120
1171,1.1019276686857689,111245,120
1172,1.1020646944811892,111340,120
1173,1.1018836863713197,111435,120
1174,1.1020701335942242,111530,120
1175,1.1019984147007176,111625,120
1176,1.1021963152365399,111720,120
1177,1.1022304466202006,111815,120
1178,1.1019797808816918,111910,120
1179,1.1020831729336524,112005,120
1180,1.1022699242056655,112100,120
1181,1.1026740411957459,112195,120
1182,1.1025430620782333,112290,120
1183,1.1023235350038429,112385,120
1184,1.1021760290391074,112480,120
1185,1.1017259841204996,112575,120
1186,1.1011034922872762,112670,120
1187,1.1009094689275247,112765,120
1188,1.1007435581453462,112860,120
1189,1.1021918121674019,112955,120
1190,1.1021147460062195,113050,120
1191,1.1018671987292263,113145,120
1192,1.1018157795419701,113240,120
1193,1.1021563528256466,113335,120
1194,1.1022330619323029,113430,120
1195,1.1027925403172409,113525,120
1196,1.1027865486176223,113620,120
1197,1.1031579868139263,113715,120
1198,1.1041003407329473,113810,120
1199,1.1041561600793046,113905,120
1200,1.1041195800633443,114000,120
1201,1.1040738645553649,114095,120
1202,1.103701752121965,114190,120
1203,1.1037687921572712,114285,120
1204,1.1034402241347239,114380,120
1205,1.1030056832887916,114475,120
1206,1.1029513169759884,114570,120
1207,1.1023846105226729,114665,120
1208,1.1033221253295664,114760,120
1209,1.1027822638430258,114855,120
1210,1.1027098014435148,114950,120
1211,1.1025041662224342,115045,120
1212,1.1031980441776112,115140,120
1213,1.1026262291788611,115235,120
1214,1.1025568105501296,115330,120
1215,1.1024071740554893,115425,120
1216,1.1024363254759215,115520,120
1217,1.1024534838355069,115615,120
1218,1.1025086654973943,115710,120
1219,1.1022023401189016,115805,120
1220,1.1025347031839641,115900,120
1221,1.1027236980132913,115995,120
1222,1.1027317940970707,116090,120
1223,1.102846380194447,116185,120
1224,1.1030424622441477,116280,120
1225,1.1033061397202566,116375,120
1226,1.1029202075957005,116470,120
1227,1.1025999236283073,116565,120
1228,1.1024837769618046,116660,120
1229,1.1022421897160761,116755,120
1230,1.1030406622533588,116850,120
1231,1.1031182327232785,116945,120
1232,1.1032210514036975,117040,120
1233,1.1037423252693659,117135,120
1234,1.1045006355895826,117230,120
1235,1.1056481572944272,117325,120
1236,1.1056849205830923,117420,120
1237,1.1054112269179845,117515,120
1238,1.1058430342586132,117610,120
1239,1.1057400108393149,117705,120
1240,1.1063020350248223,117800,120
1241,1.1065972964186002,117895,120
1242,1.1067644700323565,117990,120
1243,1.107260448483032,118085,120
1244,1.1070902143715597,118180,120
1245,1.1072773875323705,118275,120
1246,1.1080326079021234,118370,120
1247,1.1085862145423766,118465,120
1248,1.1086879966344618,118560,120
1249,1.1089107582277258,118655,120
1250,1.1100032678053293,118750,120
1251,1.1101544582055116,118845,120
1252,1.1098686398069595,118940,120
1253,1.1105282237041429,119035,120
1254,1.1102267356007556,119130,120
1255,1.1109326656285106,119225,120
1256,1.1112713677494008,119320,120
1257,1.1116301901487984,119415,120
1258,1.1122527249764336,119510,120
1259,1.1118563141394611,119605,120
1260,1.1114800402947915,119700,120
1261,1.1115278500895596,119795,120
1262,1.112688570406857,119890,120
1263,1.1129227799267107,119985,120
1264,1.1129037983814551,120080,120
1265,1.1124613592739037,120175,120
1266,1.1125135212361221,120270,120
1267,1.1121545545415794,120365,120
1268,1.1124426488472761,120460,120
1269,1.1121792066516278,120555,120
1270,1.1123348399414672,120650,120
1271,1.1123637201044532,120745,120
1272,1.1125614675612578,120840,120
1273,1.1127759399792878,120935,120
1274,1.1126362786568094,121030,120
1275,1.1125362300514829,121125,120
1276,1.1122709430636843,121220,120
1277,1.1123222962648611,121315,120
1278,1.1123487186352936,121410,120
1279,1.1129752085166718,121505,120
1280,1.1128639187092391,121600,120
1281,1.1131007599633416,121695,120
1282,1.1129100416428679,121790,120
1283,1.1127501925165446,121885,120
1284,1.1126740918228946,121980,120
1285,1.1122656203925725,122075,120
1286,1.1121228840289346,122170,120
1287,1.1119105526857638,122265,120
1288,1.1119998952376156,122360,120
1289,1.1121814081392101,122455,120
1290,1.1128477958921605,122550,120
1291,1.1124603071819228,122645,120
1292,1.1124020834767094,122740,120
1293,1.1122880104450901,122835,120
1294,1.1121979574582583,122930,120
1295,1.1125031442404101,123025,120
1296,1.1122856235807679,123120,120
1297,1.1123191917653676,123215,120
1298,1.1125027200907482,123310,120
1299,1.1123963468170344,123405,120
1300,1.1121728230922923,123500,120
1301,1.1125386817397185,123595,120
1302,1.1125561231620105,123690,120
1303,1.1122219088752949,123785,120
1304,1.1118781793820762,123880,120
1305,1.1121454978847556,123975,120
1306,1.1124119418694025,124070,120
1307,1.1126636317864662,124165,120
1308,1.1121886227591984,124260,120
1309,1.1117836607115852,124355,120
1310,1.1116408049370154,124450,120
1311,1.111284702755146,124545,120
1312,1.1118502423783623,124640,120
1313,1.1116354471411884,124735,120
1314,1.111600497893346,124830,120
1315,1.1115057424943362,124925,120
1316,1.1115750029003262,125020,120
1317,1.1119484172227219,125115,120
1318,1.1128633798977878,125210,120
1319,1.1127367722215618,125305,120
1320,1.1134686337589781,125400,120
1321,1.1131369848444261,125495,120
1322,1.1129667099395306,125590,120
1323,1.1129795224665098,125685,120
1324,1.1138778022069578,125780,120
1325,1.1138664058887053,125875,120
1326,1.1140385388856024,125970,120
1327,1.1138406097217262,126065,120
1328,1.114408842215747,126160,120
1329,1.1143100631206115,126255,120
1330,1.1143701635846999,126350,120
1331,1.1149389157713641,126445,120
1332,1.1155204716826634,126540,120
1333,1.1158157522487739,126635,120
1334,1.1155584356091344,126730,120
1335,1.1148621197452242,126825,120
1336,1.1153171141635958,126920,120
1337,1.115721098025473,127015,120
1338,1.116014551310569,127110,120
1339,1.1159065191358786,127205,120
1340,1.1166524543882117,127300,120
1341,1.1169450067643079,127395,120
1342,1.1168609252685751,127490,120
1343,1.1170675325531503,127585,120
1344,1.117299400096091,127680,120
1345,1.1173063015075453,127775,120
1346,1.1174546455668302,127870,120
1347,1.1175718877549345,127965,120
1348,1.1182600377349803,128060,120
1349,1.1187375776929176,128155,120
1350,1.1187067419694927,128250,120
1351,1.1203253439476177,128345,120
1352,1.1200908256690383,128440,120
1353,1.1202271287345855,128535,120
1354,1.1200292711341482,128630,120
1355,1.1205883749918895,128725,120
1356,1.1212113906218391,128820,120
1357,1.1213513696522353,128915,120
1358,1.121276555708699,129010,120
1359,1.122498058736662,129105,120
1360,1.1225799423739746,129200,120
1361,1.123223018860835,129295,120
1362,1.1237820724424328,129390,120
1363,1.1244968061640817,129485,120
1364,1.1245623246385652,129580,120
1365,1.1246931690252875,129675,120
1366,1.1242837846744964,129770,120
1367,1.1243381557450547,129865,120
1368,1.1249606457674897,129960,120
1369,1.1243989935241223,130055,120
1370,1.1243032478642687,130150,120
1371,1.1236243379076016,130245,120
1372,1.123489643982915,130340,120
1373,1.1232578953044137,130435,120
1374,1.1242323876571394,130530,120
1375,1.1248503046067548,130625,120
1376,1.1253527646048496,130720,120
1377,1.1251794661877255,130815,120
1378,1.1248205622060674,130910,120
1379,1.1246136493027143,131005,120
1380,1.1244428952799577,131100,120
1381,1.1244710011571228,131195,120
1382,1.1245218324161619,131290,120
1383,1.1246075220765648,131385,120
1384,1.1249337818935097,131480,120
1385,1.1249210825335751,131575,120
1386,1.1245562605892847,131670,120
1387,1.124923604432736,131765,120
1388,1.1251770523986038,131860,120
1389,1.1254312981629599,131955,120
1390,1.125066026824973,132050,120
1391,1.1248684742919035,132145,120
1392,1.1246992517179624,132240,120
1393,1.1252840618892535,132335,120
1394,1.1257225186175328,132430,120
1395,1.1253126508340145,132525,120
1396,1.124851409318772,132620,120
1397,1.1243440095612194,132715,120
1398,1.1247061868617456,132810,120
1399,1.1247897415811769,132905,120
1400,1.1248700764194854,133000,120
1401,1.1250542391920926,133095,120
1402,1.1254264057522088,133190,120
1403,1.1255996329430362,133285,120
1404,1.1256604361484035,133380,120
1405,1.1252090209912511,133475,120
1406,1.1251626285890259,133570,120
1407,1.1255034547699929,133665,120
1408,1.1254310778984649,133760,120
1409,1.1255780458159013,133855,120
1410,1.1255237257948405,133950,120
1411,1.1253681289832991,134045,120
1412,1.125493591963771,134140,120
1413,1.1249870696901265,134235,120
1414,1.1254233048268774,134330,120
1415,1.1258704973924869,134425,120
1416,1.1253772546740595,134520,120
1417,1.1255736991168126,134615,120
1418,1.125623350716686,134710,120
1419,1.1260629238235287,134805,120
1420,1.1256326641987557,134900,120
1421,1.1253993572190368,134995,120
1422,1.1252720671306857,135090,120
1423,1.1247888592342024,135185,120
1424,1.1251016274735166,135280,120
1425,1.1258238125920401,135375,120
1426,1.1253715730069591,135470,120
1427,1.1255186462900144,135565,120
1428,1.1255878558144075,135660,120
1429,1.1254293636829131,135755,120
1430,1.1256495969344336,135850,120
1431,1.1261774664257733,135945,120
1432,1.1262442462695148,136040,120
1433,1.1264659582166747,136135,120
1434,1.1263088639898235,136230,120
1435,1.1261946107910812,136325,120
1436,1.1258870057945434,136420,120
1437,1.126911144138268,136515,120
1438,1.1264498645324101,136610,120
1439,1.1268818837625374,136705,120
1440,1.1262699474638795,136800,120
1441,1.1263915181348101,136895,120
1442,1.127042885163821,136990,120
1443,1.1269693297972885,137085,120
1444,1.127709141391485,137180,120
1445,1.1278413047572378,137275,120
1446,1.1278926822843691,137370,120
1447,1.1280496006551943,137465,120
1448,1.1280050831199018,137560,120
1449,1.127669425951241,137655,120
1450,1.1282041231960533,137750,120
1451,1.1284936483868953,137845,120
1452,1.1285308828942733,137940,120
1453,1.1288964691144103,138035,120
1454,1.128857043668422,138130,120
1455,1.1287207297912063,138225,120
1456,1.1286778158476458,138320,120
1457,1.1295723782847455,138415,120
1458,1.1300809039771007,138510,120
1459,1.1297840894029667,138605,120
1460,1.1296693104696682,138700,120
1461,1.1301596132320191,138795,120
1462,1.1295902326997174,138890,120
1463,1.1297684830586032,138985,120
1464,1.1300527442723032,139080,120
1465,1.1302179063528404,139175,120
1466,1.1305223488535634,139270,120
1467,1.1302387555803382,139365,120
1468,1.1304673435794739,139460,120
1469,1.130615816427895,139555,120
1470,1.1309165361253741,139650,120
1471,1.1306715588146463,139745,120
1472,1.1311156333345929,139840,120
1473,1.1312128321059991,139935,120
1474,1.1316268665636542,140030,120
1475,1.1312275870064536,140125,120
1476,1.1312764999044747,140220,120
1477,1.1311711091913346,140315,120
1478,1.1309595656854186,140410,120
1479,1.130815587053259,140505,120
1480,1.1306283954215437,140600,120
1481,1.1309122549872943,140695,120
1482,1.1314802815227865,140790,120
1483,1.1325029740685932,140885,120
1484,1.1330788539401333,140980,120
1485,1.1340640353239391,141075,120
1486,1.1336742092082892,141170,120
1487,1.1335110784582225,141265,120
1488,1.1338584889022569,141360,120
1489,1.1340208671978869,141455,120
1490,1.1343400000772437,141550,120
1491,1.1339610214322371,141645,120
1492,1.1345691249861873,141740,120
1493,1.1344945857885675,141835,120
1494,1.1343992321652618,141930,120
1495,1.1342207369702841,142025,120
1496,1.134217071356018,142120,120
1497,1.1346494553840449,142215,120
1498,1.1349521982538773,142310,120
1499,1.1348838070880172,142405,120
1500,1.1350029447091008,142500,120
1501,1.1357438065871419,142595,120
1502,1.1354435586941709,142690,120
1503,1.1355352029353252,142785,120
1504,1.1354601621475251,142880,120
1505,1.1363198355185598,142975,120
1506,1.1359729402423244,143070,120
1507,1.1370534283716247,143165,120
1508,1.137855723360188,143260,120
1509,1.137909570239054,143355,120
1510,1.1383137391813882,143450,120
1511,1.138100977355232,143545,120
1512,1.1386001505973407,143640,120
1513,1.1388255889332608,143735,120
1514,1.1393028933225138,143830,120
1515,1.1406096140546214,143925,120
1516,1.1411102469951093,144020,120
1517,1.1422459138090966,144115,120
1518,1.1422132485341283,144210,120
1519,1.142361755706444,144305,120
1520,1.1426899262543302,144400,120
1521,1.1430722756783995,144495,120
1522,1.142754732592276,144590,120
1523,1.1428954716736262,144685,120
1524,1.1427704045437757,144780,120
1525,1.1427841490285802,144875,120
1526,1.1425612926268367,144970,120
1527,1.1418379731715993,145065,120
1528,1.1421939310679545,145160,120
1529,1.1430883265982208,145255,120
1530,1.1435303668519345,145350,120
1531,1.1439197875205338,145445,120
1532,1.1437612071396279,145540,120
1533,1.1442202684248775,145635,120
1534,1.1447104369056702,145730,120
1535,1.1452587172494129,145825,120
1536,1.1451574571792313,145920,120
1537,1.1453570066484957,146015,120
1538,1.1455560118572374,146110,120
1539,1.14563232436805,146205,120
1540,1.1453365255959616,146300,120
1541,1.1457857813568282,146395,120
1542,1.1457988586570989,146490,120
1543,1.1464647999354201,146585,120
1544,1.146223838958397,146680,120
1545,1.1455552968031755,146775,120
1546,1.145815241656285,146870,120
1547,1.1453782247382627,146965,120
1548,1.1453487370798172,147060,120
1549,1.1451446885312244,147155,120
1550,1.1457301071587624,147250,120
1551,1.1458322022507788,147345,120
1552,1.1466477069482763,147440,120
1553,1.1468294381018858,147535,120
1554,1.1467593863963856,147630,120
1555,1.1469154891401769,147725,120
1556,1.1473411069767543,147820,120
1557,1.148140879512396,147915,120
1558,1.1484982279992719,148010,120
1559,1.1489867512956242,148105,120
1560,1.1490832107655971,148200,120
1561,1.1488732481866468,148295,120
1562,1.1490997627970498,148390,120
1563,1.1487723793494189,148485,120
1564,1.1491259734475903,148580,120
1565,1.1500203930689414,148675,120
1566,1.1505768607123978,148770,120
1567,1.1513289222126306,148865,120
1568,1.151723007281473,148960,120
1569,1.151856255252018,149055,120
1570,1.1524704778388417,149150,120
1571,1.153007564237833,149245,120
1572,1.1533818596488568,149340,120
1573,1.153243824881742,149435,120
1574,1.1535218635047886,149530,120
1575,1.1541572014696593,149625,120
1576,1.1541694009124759,149720,120
1577,1.1541783121476532,149815,120
1578,1.1539884996001701,149910,120
1579,1.1539506959604915,150005,120
1580,1.1535814070553614,150100,120
1581,1.1536611419504825,150195,120
1582,1.1534485342930048,150290,120
1583,1.1532511797760441,150385,120
1584,1.1533050384422636,150480,120
1585,1.1531007096183659,150575,120
1586,1.1531954788922252,150670,120
1587,1.1537189446529259,150765,120
1588,1.1543824073752562,150860,120
1589,1.1543518969525901,150955,120
1590,1.1546350715667431,151050,120
1591,1.1543497382209198,151145,120
1592,1.1543927315856091,151240,120
1593,1.1542569714792845,151335,120
1594,1.1543320632206118,151430,120
1595,1.1545161165030748,151525,120
1596,1.1552747468696567,151620,120
1597,1.155209001909419,151715,120
1598,1.1557118424799087,151810,120
1599,1.155491518854546,151905,120
1600,1.1550615436922966,152000,120
1601,1.1556497938572681,152095,120
1602,1.1556072745378911,152190,120
1603,1.1557760593792548,152285,120
1604,1.1555862843691724,152380,120
1605,1.1555414697802056,152475,120
1606,1.1560264702523499,152570,120
1607,1.1564520075154203,152665,120
1608,1.1566478376024689,152760,120
1609,1.1565028907087347,152855,120
1610,1.1567020283081837,152950,120
1611,1.1569776815665493,153045,120
1612,1.1572480537570877,153140,120
1613,1.1579723755165752,153235,120
1614,1.1583351231493271,153330,120
1615,1.1579081504418338,153425,120
1616,1.1584907204392914,153520,120
1617,1.1593295179885841,153615,120
1618,1.1595330573709259,153710,120
1619,1.1589998232667571,153805,120
1620,1.1585536783890815,153900,120
1621,1.158605135071022,153995,120
1622,1.1582631607860649,154090,120
1623,1.1581333592501144,154185,120
1624,1.158088730234361,154280,120
1625,1.1583776332309521,154375,120
1626,1.158273666834734,154470,120
1627,1.1586104734572276,154565,120
1628,1.1584996840190178,154660,120
1629,1.158566270151814,154755,120
1630,1.1591610955265379,154850,120
1631,1.158665241173187,154945,120
1632,1.1590927402301725,155040,120
1633,1.1597584268908441,155135,120
1634,1.1600157988274165,155230,120
1635,1.1602513256091254,155325,120
1636,1.1603713301466767,155420,120
1637,1.1602371144789876,155515,120
1638,1.1598130215578095,155610,120
1639,1.1602644629890648,155705,120
1640,1.1601544178857217,155800,120
1641,1.1602661342252225,155895,120
1642,1.1612756945670764,155990,120
1643,1.161283988897069,156085,120
1644,1.1615641246586343,156180,120
1645,1.1622106164321875,156275,120
1646,1.1632710965148738,156370,120
1647,1.1633110805258793,156465,120
1648,1.1637134798858335,156560,120
1649,1.1643065642246062,156655,120
1650,1.1648856336297926,156750,120
1651,1.164833328061412,156845,120
1652,1.1657080492410217,156940,120
1653,1.1655834619452907,157035,120
1654,1.1655296662615744,157130,120
1655,1.1658051544253654,157225,120
1656,1.1656901914431355,157320,120
1657,1.1654835392512888,157415,120
1658,1.1649906536998269,157510,120
1659,1.1644361121240725,157605,120
1660,1.1647186692152873,157700,120
1661,1.1650588134948232,157795,120
1662,1.1655367114098378,157890,120
1663,1.1662043314084745,157985,120
1664,1.1663804030434264,158080,120
1665,1.1664182872501594,158175,120
1666,1.1668160176827014,158270,120
1667,1.1670828981010293,158365,120
1668,1.1674288243259345,158460,120
1669,1.1670509361280115,158555,120
1670,1.1669880470558174,158650,120
1671,1.1671630709762646,158745,120
1672,1.1669344714820575,158840,120
1673,1.1669498320941889,158935,120
1674,1.1671073453004146,159030,120
1675,1.1675681574300711,159125,120
1676,1.167623589961108,159220,120
1677,1.1682785871724828,159315,120
1678,1.1683105974201911,159410,120
1679,1.1679460561661772,159505,120
1680,1.1678345494973685,159600,120
1681,1.1683459017494615,159695,120
1682,1.1688078207688377,159790,120
1683,1.1690035118839628,159885,120
1684,1.1691814752325229,159980,120
1685,1.1699345713737885,160075,120
1686,1.169818129363525,160170,120
1687,1.1695752339057948,160265,120
1688,1.1696990088652905,160360,120
1689,1.1697131055742263,160455,120
1690,1.1699298845051642,160550,120
1691,1.1698282707017809,160645,120
1692,1.1698234974969468,160740,120
1693,1.1697487042144139,160835,120
1694,1.1700078128011542,160930,120
1695,1.1702902847387797,161025,120
1696,1.1708202590612318,161120,120
1697,1.170876317466029,161215,120
1698,1.1710083146509354,161310,120
1699,1.1712041385052259,161405,120
1700,1.1709334145511971,161500,120
1701,1.1721524202304909,161595,120
1702,1.1725983358933088,161690,120
1703,1.1731976501207224,161785,120
1704,1.1738054307218144,161880,120
1705,1.1737902666287963,161975,120
1706,1.1738285213103408,162070,120
1707,1.1741784258271062,162165,120
1708,1.1743332910722439,162260,120
1709,1.173798126339723,162355,120
1710,1.1742158359017127,162450,120
1711,1.1739692543691385,162545,120
1712,1.1741749710234606,162640,120
1713,1.1734823114567186,162735,120
1714,1.1733281078968874,162830,120
1715,1.173135101367061,162925,120
1716,1.1733564825858258,163020,120
1717,1.174058248379207,163115,120
1718,1.1738909605916246,163210,120
1719,1.174165714637134,163305,120
1720,1.1748144040484156,163400,120
1721,1.1744797785320293,163495,120
1722,1.1748301659573113,163590,120
1723,1.1751576662206775,163685,120
1724,1.1756056776200769,163780,120
1725,1.1755775546368106,163875,120
1726,1.176031774221812,163970,120
1727,1.176086558560101,164065,120
1728,1.1760385628528254,164160,120
1729,1.1767402989350149,164255,120
1730,1.1766480970562727,164350,120
1731,1.1769014267720805,164445,120
1732,1.1776618500402214,164540,120
1733,1.1783355507078559,164635,120
1734,1.1795585194805613,164730,120
1735,1.1801615738374573,164825,120
1736,1.1798118052980502,164920,120
1737,1.1800263962717374,165015,120
1738,1.1803026441784519,165110,120
1739,1.1807576130004016,165205,120
1740,1.1805466829919775,165300,120
1741,1.1816526944215178,165395,120
1742,1.181994842037722,165490,120
1743,1.1823415491582758,165585,120
1744,1.1825169256227992,165680,120
1745,1.1835574935153881,165775,120
1746,1.1837151425148296,165870,120
1747,1.1833551607023305,165965,120
1748,1.1831363680785734,166060,120
1749,1.1825427826236523,166155,120
1750,1.1836796178472972,166250,120
1751,1.1833711396943838,166345,120
1752,1.1835291488536985,166440,120
1753,1.1836074826764842,166535,120
1754,1.1838248352357625,166630,120
1755,1.1834675738464275,166725,120
1756,1.1842256097320045,166820,120
1757,1.1839651010349395,166915,120
1758,1.1843175744663899,167010,120
1759,1.184031028061489,167105,120
1760,1.1840340862709335,167200,120
1761,1.1842485980578932,167295,120
1762,1.1841154852949864,167390,120
1763,1.1842518423139052,167485,120
1764,1.1840630038922899,167580,120
1765,1.1842288844844708,167675,120
1766,1.1841864724413387,167770,120
1767,1.1844422626143771,167865,120
1768,1.1849312643483423,167960,120
1769,1.1844132620886949,168055,120
1770,1.1843958614438541,168150,120
1771,1.1847349914823562,168245,120
1772,1.1843067084526349,168340,120
1773,1.1842184275790273,168435,120
1774,1.1844051626889995,168530,120
1775,1.1847263569833064,168625,120
1776,1.1850830713131961,168720,120
1777,1.1852574185378597,168815,120
1778,1.1847601116965574,168910,120
1779,1.1846030705879127,169005,120
1780,1.1846923513138359,169100,120
1781,1.1847618005128584,169195,120
1782,1.1848923374993214,169290,120
1783,1.1850683497180312,169385,120
1784,1.185650888748186,169480,120
1785,1.1861552456355882,169575,120
1786,1.1861771492675521,169670,120
1787,1.1866577482622662,169765,120
1788,1.1864576985994564,169860,120
1789,1.1873351037800677,169955,120
1790,1.1871968773139023,170050,120
1791,1.1866778854982336,170145,120
1792,1.1866195092840253,170240,120
1793,1.186431269658405,170335,120
1794,1.1859514276486658,170430,120
1795,1.1859373494432581,170525,120
1796,1.185794833371943,170620,120
1797,1.1859508213887098,170715,120
1798,1.1861058222674628,170810,120
1799,1.186331365569985,170905,120
1800,1.1866507265532658,171000,120
1801,1.1869599840988545,171095,120
1802,1.1871255836050101,171190,120
1803,1.1867065952146278,171285,120
1804,1.18681233144845,171380,120
1805,1.1866889885700436,171475,120
1806,1.1871403078241975,171570,120
1807,1.1864921837644438,171665,120
1808,1.1864844331487019,171760,120
1809,1.186853209104753,171855,120
1810,1.1872523199071947,171950,120
1811,1.1868663432672368,172045,120
1812,1.187089026806722,172140,120
1813,1.1869202171293731,172235,120
1814,1.1866753648030675,172330,120
1815,1.1863545207357824,172425,120
1816,1.1865240469690079,172520,120
1817,1.1862094820885116,172615,120
1818,1.1861348377700325,172710,120
1819,1.1858821545010865,172805,120
1820,1.1854952179113123,172900,120
1821,1.1858690271893264,172995,120
1822,1.1860135553250291,173090,120
1823,1.1863119863878271,173185,120
1824,1.1866013179374855,173280,120
1825,1.1862835523941917,173375,120
1826,1.1860266989249408,173470,120
1827,1.1862224404282076,173565,120
1828,1.1864385134895055,173660,120
1829,1.1869581811331311,173755,120
1830,1.1872560797467979,173850,120
1831,1.1872143644976518,173945,120
1832,1.1873916422301594,174040,120
1833,1.1873892166554436,174135,120
1834,1.1873192436976223,174230,120
1835,1.1881166550038649,174325,120
1836,1.1878707269481141,174420,120
1837,1.1884912813346202,174515,120
1838,1.18850025243324,174610,120
1839,1.189105867118458,174705,120
1840,1.1894198585455253,174800,120
1841,1.1905519162294438,174895,120
1842,1.1906345553512276,174990,120
1843,1.1900422924452148,175085,120
1844,1.1902294400315967,175180,120
1845,1.190686479960714,175275,120
1846,1.1904165491779277,175370,120
1847,1.1907507763662313,175465,120
1848,1.1905770956675994,175560,120
1849,1.1906061354912711,175655,120
1850,1.1910055736561762,175750,120
1851,1.1912142992773298,175845,120
1852,1.1910344193796327,175940,120
1853,1.1911937031656992,176035,120
1854,1.1912353732695509,176130,120
1855,1.1912314277402369,176225,120
1856,1.1908404971559816,176320,120
1857,1.1907210805336603,176415,120
1858,1.1905990263477799,176510,120
1859,1.1902598414031333,176605,120
1860,1.1902322291511156,176700,120
1861,1.190104122856612,176795,120
1862,1.19080516296092,176890,120
1863,1.1906683513689635,176985,120
1864,1.190603479780588,177080,120
1865,1.1902993027559505,177175,120
1866,1.1907162984296928,177270,120
1867,1.190681687123009,177365,120
1868,1.1912321887997208,177460,120
1869,1.1922297171004683,177555,120
1870,1.1924569297033556,177650,120
1871,1.1923674760743141,177745,120
1872,1.1929041158254046,177840,120
1873,1.1926771074257523,177935,120
1874,1.1928435601772267,178030,120
1875,1.1921104534569831,178125,120
1876,1.191975564332109,178220,120
1877,1.1919843606221951,178315,120
1878,1.1924085388011156,178410,120
1879,1.1923530141307523,178505,120
1880,1.1930272849186998,178600,120
1881,1.1929571117466475,178695,120
1882,1.1925864142370046,178790,120
1883,1.1928513669843159,178885,120
1884,1.1930186103846609,178980,120
1885,1.1939445302060974,179075,120
1886,1.1945905740621863,179170,120
1887,1.1945802861014059,179265,120
1888,1.1946697438682103,179360,120
1889,1.1941189357442901,179455,120
1890,1.1945915453962368,179550,120
1891,1.1945653691055003,179645,120
1892,1.194722921926987,179740,120
1893,1.1945039712176559,179835,120
1894,1.1953504996876017,179930,120
1895,1.1951073280374978,180025,120
1896,1.1957732319992838,180120,120
1897,1.1959026589185244,180215,120
1898,1.1956703446909456,180310,120
1899,1.1958043142193522,180405,120
1900,1.1961630165452564,180500,120
1901,1.1960310851017757,180595,120
1902,1.1956900069182466,180690,120
1903,1.1958236346788096,180785,120
1904,1.1954267586501885,180880,120
1905,1.1966149206615486,180975,120
1906,1.1969604264959526,181070,120
1907,1.1969320235954639,181165,120
1908,1.1966036981125148,181260,120
1909,1.1968508242596347,181355,120
1910,1.1966562156895075,181450,120
1911,1.1972146554479366,181545,120
1912,1.1965056433213355,181640,120
1913,1.1976577721638333,181735,120
1914,1.1974950366661747,181830,120
1915,1.1973426745988636,181925,120
1916,1.1983130452938913,182020,120
1917,1.1984814917039672,182115,120
1918,1.1992557859558655,182210,120
1919,1.1997261479238845,182305,120
1920,1.1995124572947657,182400,120
1921,1.1995549181448293,182495,120
1922,1.1995601987114299,182590,120
1923,1.1995638327426537,182685,120
1924,1.1994502556940496,182780,120
1925,1.1990047670173456,182875,120
1926,1.1987079642820468,182970,120
1927,1.1990792968029991,183065,120
1928,1.1986514003584512,183160,120
1929,1.1987442163401816,183255,120
1930,1.1986890244755048,183350,120
1931,1.1997028665982243,183445,120
1932,1.1998226231601472,183540,120
1933,1.1997243297135316,183635,120
1934,1.1991680098036928,183730,120
1935,1.1986585858851055,183825,120
1936,1.1985562491173882,183920,120
1937,1.1982531932964651,184015,120
1938,1.1990899073250627,184110,120
1939,1.1987403393928169,184205,120
1940,1.1986669494732007,184300,120
1941,1.1985063898500909,184395,120
1942,1.1992449332050652,184490,120
1943,1.1991326367293482,184585,120
1944,1.1993467849452861,184680,120
1945,1.1992676010390506,184775,120
1946,1.200098459861956,184870,120
1947,1.1998696450700159,184965,120
1948,1.1996405745709593,185060,120
1949,1.2006535279761854,185155,120
1950,1.2015496068855076,185250,120
1951,1.201618674981159,185345,120
1952,1.2019893625483971,185440,120
1953,1.2020971759640418,185535,120
1954,1.2015524244370173,185630,120
1955,1.2018389869060573,185725,120
1956,1.2018644599478943,185820,120
1957,1.2018559131515538,185915,120
1958,1.2020125964944477,186010,120
1959,1.2020544166714489,186105,120
1960,1.2019164730493508,186200,120
1961,1.2025040284745012,186295,120
1962,1.2026321714106956,186390,120
1963,1.2027960044397628,186485,120
1964,1.2027734782792399,186580,120
1965,1.2036225261412812,186675,120
1966,1.2040914239563916,186770,120
1967,1.2041322202511944,186865,120
1968,1.2039442509128651,186960,120
1969,1.204187582397072,187055,120
1970,1.2045814342244394,187150,120
1971,1.2050547465867021,187245,120
1972,1.205471411602123,187340,120
1973,1.2054572643480055,187435,120
1974,1.2057594067472428,187530,120
1975,1.2055743774428422,187625,120
1976,1.2054750518519526,187720,120
1977,1.2061302437067309,187815,120
1978,1.205984038367677,187910,120
1979,1.2061519117955444,188005,120
1980,1.2063676385205075,188100,120
1981,1.2063083189912336,188195,120
1982,1.206265147173794,188290,120
1983,1.2060952681107118,188385,120
1984,1.2067877380270495,188480,120
1985,1.207415359221605,188575,120
1986,1.2076046684977342,188670,120
1987,1.2070991974645018,188765,120
1988,1.2067120075276641,188860,120
1989,1.2076296482115054,188955,120
1990,1.2081708171238379,189050,120
1991,1.2083074545857402,189145,120
1992,1.2091794195086096,189240,120
1993,1.2097381668339469,189335,120
1994,1.2103806816063376,189430,120
1995,1.2105800298555194,189525,120
1996,1.2102007505394365,189620,120
1997,1.2101131051509337,189715,120
1998,1.2105053701265183,189810,120
1999,1.2103437695958164,189905,120
2000,1.2106893055427774,190000,120
2001,1.2105824225994306,190095,120
2002,1.2107269190702401,190190,120
2003,1.2106940267736748,190285,120
2004,1.2105529820742351,190380,120
2005,1.2098779898368419,190475,120
2006,1.21078886149861,190570,120
2007,1.2108669172199165,190665,120
2008,1.2111279102456551,190760,120
2009,1.2114540413593493,190855,120
2010,1.2116805784285984,190950,120
2011,1.2116699881287474,191045,120
2012,1.2118354304577286,191140,120
2013,1.2112777794270548,191235,120
2014,1.2119179482052742,191330,120
2015,1.2112189702487557,191425,120
2016,1.2113977408543379,191520,120
2017,1.2110802171901178,191615,120
2018,1.2109606062028584,191710,120
2019,1.2109417274583396,191805,120
2020,1.2111684776555094,191900,120
2021,1.211328670152483,191995,120
2022,1.2115029887382776,192090,120
2023,1.2117331264646685,192185,120
2024,1.2114473723197718,192280,120
2025,1.2108965405846206,192375,120
2026,1.2103997311609418,192470,120
2027,1.2106009855881572,192565,120
2028,1.2104816770029476,192660,120
2029,1.2107744428759093,192755,120
2030,1.2108143606116653,192850,120
2031,1.2108658827886833,192945,120
2032,1.2113676531284523,193040,120
2033,1.2112290808166011,193135,120
2034,1.2114941376112904,193230,120
2035,1.2113825661759492,193325,120
2036,1.2112419298296941,193420,120
2037,1.2108767826688622,193515,120
2038,1.210237075099089,193610,120
2039,1.2102518772525939,193705,120
2040,1.2100443412885251,193800,120
2041,1.2103014883925056,193895,120
2042,1.210372765406226,193990,120
2043,1.2101758605653425,194085,120
2044,1.2106641624282,194180,120
2045,1.2105829375166968,194275,120
2046,1.2110496632876275,194370,120
2047,1.2116839696005217,194465,120
2048,1.2118604666890329,194560,120
2049,1.2117770501692877,194655,120
2050,1.2120154161997003,194750,120
2051,1.211505366871831,194845,120
2052,1.211063232439872,194940,120
2053,1.2115360241722966,195035,120
2054,1.2111290742439114,195130,120
2055,1.2116636004704671,195225,120
2056,1.212445639808482,195320,120
2057,1.2126237299494116,195415,120
2058,1.2127722438059394,195510,120
2059,1.2128458267649864,195605,120
2060,1.2128278049943755,195700,120
2061,1.212482103610689,195795,120
2062,1.2123642943699571,195890,120
2063,1.2120298836207577,195985,120
2064,1.2119655004271295,196080,120
2065,1.2129029563799159,196175,120
2066,1.2127097218095264,196270,120
2067,1.2124097328732542,196365,120
2068,1.2124675840293266,196460,120
2069,1.213595542463846,196555,120
2070,1.2132732550849687,196650,120
2071,1.2129259722167314,196745,120
2072,1.2128500262810631,196840,120
2073,1.213272905438763,196935,120
2074,1.2132495631381226,197030,120
2075,1.2129671389500178,197125,120
2076,1.213338815810806,197220,120
2077,1.2137800727187742,197315,120
2078,1.2144880781525096,197410,120
2079,1.2143166124200322,197505,120
2080,1.2151453779023,197600,120
2081,1.2154624174679145,197695,120
2082,1.2152655674628734,197790,120
2083,1.2155868284871618,197885,120
2084,1.2151928598095354,197980,120
2085,1.2150907561241369,198075,120
2086,1.2155398245023459,198170,120
2087,1.2163566041114524,198265,120
2088,1.216717584881285,198360,120
2089,1.2168505019551974,198455,120
2090,1.2168348135908829,198550,120
2091,1.2168197185255931,198645,120
2092,1.2162339861331606,198740,120
2093,1.2170739384189235,198835,120
2094,1.2169387312682374,198930,120
2095,1.2170130435954802,199025,120
2096,1.217252361650587,199120,120
2097,1.2171964473013139,199215,120
2098,1.2169231561198477,199310,120
2099,1.2167822013762981,199405,120
2100,1.2164901963194881,199500,120
2101,1.2169121431549526,199595,120
2102,1.2177547243946063,199690,120
2103,1.2178442787379316,199785,120
2104,1.2180587573177997,199880,120
2105,1.2179678832986767,199975,120
2106,1.2176821509971276,200070,120
2107,1.2179628419869342,200165,120
2108,1.2181830164366609,200260,120
2109,1.2185559117707621,200355,120
2110,1.218412512066074,200450,120
2111,1.2180727218561274,200545,120
2112,1.2181674670815554,200640,120
2113,1.2176443228586031,200735,120
2114,1.2176320281344333,200830,120
2115,1.2173690904690746,200925,120
2116,1.2171011879617684,201020,120
2117,1.2172576321234256,201115,120
2118,1.2169906185170922,201210,120
2119,1.2171586867452964,201305,120
2120,1.2186461686129142,201400,120
2121,1.2188408998908511,201495,120
2122,1.2185477612042481,201590,120
2123,1.2187589861976955,201685,120
2124,1.2184358457223328,201780,120
2125,1.2192706013470367,201875,120
2126,1.2191575268153081,201970,120
2127,1.2200144601765428,202065,120
2128,1.2199914736465189,202160,120
2129,1.2201541426474911,202255,120
2130,1.2209602804326254,202350,120
2131,1.2207227935534362,202445,120
2132,1.2205786566522441,202540,120
2133,1.2208135073499022,202635,120
2134,1.2210988562131466,202730,120
2135,1.220932809951357,202825,120
2136,1.2204175227911949,202920,120
2137,1.2210170157219786,203015,120
2138,1.2212291830642592,203110,120
2139,1.2208617639077479,203205,120
2140,1.2209858981216946,203300,120
2141,1.2210315814235071,203395,120
2142,1.2209451700798124,203490,120
2143,1.2209035862851909,203585,120
2144,1.2230106976203006,203680,120
2145,1.223301066009105,203775,120
2146,1.224295770272698,203870,120
2147,1.2242514867303573,203965,120
2148,1.2242820979352065,204060,120
2149,1.2245192011688864,204155,120
2150,1.2239834565427854,204250,120
2151,1.2238276563497834,204345,120
2152,1.2233615252614991,204440,120
2153,1.2237033673832369,204535,120
2154,1.2236483954077708,204630,120
2155,1.2237172199850688,204725,120
2156,1.2235681310533786,204820,120
2157,1.2239163692516977,204915,120
2158,1.2244744989204883,205010,120
2159,1.2238685504803892,205105,120
2160,1.2240042940462841,205200,120
2161,1.2254981502552929,205295,120
2162,1.2250745519053556,205390,120
2163,1.2249087929041624,205485,120
2164,1.2246970452887302,205580,120
2165,1.2255190235940971,205675,120
2166,1.2255362303896795,205770,120
2167,1.2249672972360268,205865,120
2168,1.2253440833986715,205960,120
2169,1.2251779488505705,206055,120
2170,1.2251176938952366,206150,120
2171,1.2247089597490268,206245,120
2172,1.2243891027321385,206340,120
2173,1.224444922055195,206435,120
2174,1.2251595734243985,206530,120
2175,1.2248670504549295,206625,120
2176,1.224727057980239,206720,120
2177,1.2241833452662927,206815,120
2178,1.2239927778159243,206910,120
2179,1.223622833178998,207005,120
2180,1.2235587759969195,207100,120
2181,1.224118487215655,207195,120
2182,1.224412353057265,207290,120
2183,1.2243562414534084,207385,120
2184,1.2244025660936446,207480,120
2185,1.224451802581437,207575,120
2186,1.2242158090758275,207670,120
2187,1.223899955124913,207765,120
2188,1.2237222284335321,207860,120
2189,1.2236090034695177,207955,120
2190,1.2236457996079251,208050,120
2191,1.2232421976307279,208145,120
2192,1.2233909834986059,208240,120
2193,1.2236174146491974,208335,120
2194,1.2235739110468031,208430,120
2195,1.2240666266711611,208525,120
2196,1.2235424706734799,208620,120
2197,1.2231132827134505,208715,120
2198,1.222972987810325,208810,120
2199,1.2226530783045546,208905,120
2200,1.222362770213514,209000,120
2201,1.2228078519162069,209095,120
2202,1.2232558157210098,209190,120
2203,1.2234588903157773,209285,120
2204,1.2233148336729929,209380,120
2205,1.2238946706648695,209475,120
2206,1.224477318001429,209570,120
2207,1.2245847742008904,209665,120
2208,1.2243514052237208,209760,120
2209,1.2239614254536939,209855,120
2210,1.2235744179638155,209950,120
2211,1.2238929649582357,210045,120
2212,1.2238206206326263,210140,120
2213,1.2239529171093184,210235,120
2214,1.2246257218981511,210330,120
2215,1.2245735213438045,210425,120
2216,1.2242252201655037,210520,120
2217,1.2237571697749021,210615,120
2218,1.2246113188877681,210710,120
2219,1.225006136604615,210805,120
2220,1.2253979282284559,210900,120
2221,1.2249507982791799,210995,120
2222,1.2253482616821687,211090,120
2223,1.2253810037223949,211185,120
2224,1.2264777228780721,211280,120
2225,1.2262987445353135,211375,120
2226,1.2267448699204884,211470,120
2227,1.2266766872505639,211565,120
2228,1.2268095525400817,211660,120
2229,1.2267623143906443,211755,120
2230,1.2270719206286269,211850,120
2231,1.2268350408150446,211945,120
2232,1.2265653715718032,212040,120
2233,1.2268343415734817,212135,120
2234,1.2272932168736841,212230,120
2235,1.2274356120984447,212325,120
2236,1.226876633730845,212420,120
2237,1.2265005287327466,212515,120
2238,1.226483063706012,212610,120
2239,1.2262689776167028,212705,120
2240,1.2263175477934305,212800,120
2241,1.2266346565357282,212895,120
2242,1.2272736347077848,212990,120
2243,1.2270838309058667,213085,120
2244,1.2266044430523917,213180,120
2245,1.2284608488062319,213275,120
2246,1.2290214198750355,213370,120
2247,1.2292070474999655,213465,120
2248,1.2290371576577321,213560,120
2249,1.2290818954297853,213655,120
2250,1.2299333716987757,213750,120
2251,1.2297024100950376,213845,120
2252,1.2300039300120513,213940,120
2253,1.2300680112188676,214035,120
2254,1.2296550724900637,214130,120
2255,1.2296508045631436,214225,120
2256,1.2300198437580376,214320,120
2257,1.2304277753227497,214415,120
2258,1.2311732814354281,214510,120
2259,1.2319888917804722,214605,120
2260,1.2316690724292412,214700,120
2261,1.232142604604306,214795,120
2262,1.2329749788068884,214890,120
2263,1.23314933469059,214985,120
2264,1.2335775676689538,215080,120
2265,1.2332357161916589,215175,120
2266,1.2333009159704458,215270,120
2267,1.2326267637135679,215365,120
2268,1.2327004561599479,215460,120
2269,1.2327659774577917,215555,120
2270,1.2324772209436938,215650,120
2271,1.2322201269408779,215745,120
2272,1.2322147461270809,215840,120
2273,1.2326807842647844,215935,120
2274,1.2324965012011431,216030,120
2275,1.2325329784650996,216125,120
2276,1.2331978664389378,216220,120
2277,1.2330959218750912,216315,120
2278,1.2329527370179247,216410,120
2279,1.2339769874426765,216505,120
2280,1.234067214542923,216600,120
2281,1.2336056256361778,216695,120
2282,1.2337129557276512,216790,120
2283,1.2340961880095989,216885,120
2284,1.2339354709857544,216980,120
2285,1.2349334328142376,217075,120
2286,1.2351857834699633,217170,120
2287,1.2346449955516827,217265,120
2288,1.2342121985292156,217360,120
2289,1.2341030646415283,217455,120
2290,1.234217820723603,217550,120
2291,1.2341479705404688,217645,120
2292,1.2341613885633538,217740,120
2293,1.2340641928445586,217835,120
2294,1.2348897094390776,217930,120
2295,1.2344958968581028,218025,120
2296,1.2341608682672318,218120,120
2297,1.2341998531964473,218215,120
2298,1.2338404706631301,218310,120
2299,1.2337804169974824,218405,120
2300,1.2335322150136916,218500,120
2301,1.2329317653681091,218595,120
2302,1.2333534248244094,218690,120
2303,1.2337304016166459,218785,120
2304,1.2341623601758411,218880,120
2305,1.2335854510173496,218975,120
2306,1.2332245763491012,219070,120
2307,1.2339797518567617,219165,120
2308,1.2338265670125539,219260,120
2309,1.2339997180487905,219355,120
2310,1.2335308322536425,219450,120
2311,1.23383026359087,219545,120
2312,1.2344861834255141,219640,120
2313,1.2343426900173529,219735,120
2314,1.2344211884025713,219830,120
2315,1.2348443809171215,219925,120
2316,1.2351370402269048,220020,120
2317,1.2353080895596398,220115,120
2318,1.2351081729093911,220210,120
2319,1.2364378434652044,220305,120
2320,1.2361573995189727,220400,120
2321,1.2358243318132165,220495,120
2322,1.2363497816137243,220590,120
2323,1.2371848927118094,220685,120
2324,1.2375046034501735,220780,120
2325,1.2372998805438884,220875,120
2326,1.236659828950988,220970,120
2327,1.2359979841767819,221065,120
2328,1.2366039459192792,221160,120
2329,1.2361138953691184,221255,120
2330,1.235953063633795,221350,120
2331,1.2359041155542183,221445,120
2332,1.2358089394373291,221540,120
2333,1.2360821885789302,221635,120
2334,1.2371422037935809,221730,120
2335,1.2374126179273852,221825,120
2336,1.2371992145943593,221920,120
2337,1.2369443960034296,222015,120
2338,1.237230891655559,222110,120
2339,1.2385537341096222,222205,120
2340,1.2383222480348559,222300,120
2341,1.2382881811552837,222395,120
2342,1.2385004323948761,222490,120
2343,1.2385654867908473,222585,120
2344,1.2387113582769531,222680,120
2345,1.2382980308596985,222775,120
2346,1.2382566403644755,222870,120
2347,1.2376453374379155,222965,120
2348,1.2392327273094264,223060,120
2349,1.2395375047899209,223155,120
2350,1.2393485370457324,223250,120
2351,1.2395646788797112,223345,120
2352,1.2395696597065506,223440,120
2353,1.2399350316572766,223535,120
2354,1.2402143705140463,223630,120
2355,1.240110358475295,223725,120
2356,1.2396336413171396,223820,120
2357,1.2397870250660605,223915,120
2358,1.2407411890196962,224010,120
2359,1.2412974900607892,224105,120
2360,1.2410735074186818,224200,120
2361,1.241420112906231,224295,120
2362,1.2411185446914652,224390,120
2363,1.2408973100401226,224485,120
2364,1.2419856511160408,224580,120
2365,1.2422452930251646,224675,120
2366,1.2420384626657384,224770,120
2367,1.2423924561685817,224865,120
2368,1.24287787174637,224960,120
2369,1.2420715945067131,225055,120
2370,1.2432460362596685,225150,120
2371,1.2434246575781458,225245,120
2372,1.2440483889742744,225340,120
2373,1.2443754150137147,225435,120
2374,1.2441766929788598,225530,120
2375,1.2453012992485284,225625,120
2376,1.2465126574005654,225720,120
2377,1.2466747947106349,225815,120
2378,1.2465507707759595,225910,120
2379,1.2467601446629517,226005,120
2380,1.2468430859195767,226100,120
2381,1.2474529713448048,226195,120
2382,1.247543326672917,226290,120
2383,1.2482600717232271,226385,120
2384,1.2490203061351517,226480,120
2385,1.2489410205387586,226575,120
2386,1.2484632582052806,226670,120
2387,1.2491916624934158,226765,120
2388,1.2490799085276347,226860,120
2389,1.2490218107652264,226955,120
2390,1.2487610624129661,227050,120
2391,1.2486356424705423,227145,120
2392,1.2489113588079466,227240,120
2393,1.2488097171540171,227335,120
2394,1.2492071119539503,227430,120
2395,1.2490628803664359,227525,120
2396,1.2495713788146197,227620,120
2397,1.249824584930739,227715,120
2398,1.2498710391354451,227810,120
2399,1.2498790420549724,227905,120
2400,1.249394817772957,228000,120
2401,1.2489251887481017,228095,120
2402,1.2490701212864979,228190,120
2403,1.2500094970150859,228285,120
2404,1.2510552699959532,228380,120
2405,1.2512240959470069,228475,120
2406,1.2511952736280236,228570,120
2407,1.250794419607782,228665,120
2408,1.2508511178840307,228760,120
2409,1.2506433130319765,228855,120
2410,1.2508424915434537,228950,120
2411,1.2526722968325161,229045,120
2412,1.2529098504947436,229140,120
2413,1.2526113125623004,229235,120
2414,1.25260156741825,229330,120
2415,1.25298162070387,229425,120
2416,1.2530651330815996,229520,120
2417,1.2530487369335985,229615,120
2418,1.2533469954328051,229710,120
2419,1.2536057887634884,229805,120
2420,1.2536587827275623,229900,120
2421,1.2537155806604314,229995,120
2422,1.2534886548477393,230090,120
2423,1.2538183281443178,230185,120
2424,1.2537863370446789,230280,120
2425,1.2536035303559034,230375,120
2426,1.2532913317127565,230470,120
2427,1.2526421837065975,230565,120
2428,1.2527319894604805,230660,120
2429,1.2536699043323507,230755,120
2430,1.2534177643898179,230850,120
2431,1.2530807607308845,230945,120
2432,1.2528456989001482,231040,120
2433,1.2524922002376886,231135,120
2434,1.252420389273124,231230,120
2435,1.2523342815229033,231325,120
2436,1.2522260004116172,231420,120
2437,1.2525150178656326,231515,120
2438,1.252370790256264,231610,120
2439,1.2523950645414754,231705,120
2440,1.2528163010686995,231800,120
2441,1.2534239577790867,231895,120
2442,1.2537976294641184,231990,120
2443,1.2543930932218676,232085,120
2444,1.2544626315795129,232180,120
2445,1.2541983134574175,232275,120
2446,1.2546756469420663,232370,120
2447,1.2551202811189326,232465,120
2448,1.2548043293532569,232560,120
2449,1.2545396921037066,232655,120
2450,1.2548323157600545,232750,120
2451,1.2546755898303135,232845,120
2452,1.2543556275309018,232940,120
2453,1.2542315954421985,233035,120
2454,1.2539899946254249,233130,120
2455,1.2544346543103218,233225,120
2456,1.2548362975534562,233320,120
2457,1.2547198305585578,233415,120
2458,1.2558603745767487,233510,120
2459,1.255516379719547,233605,120
2460,1.2557141113659265,233700,120
2461,1.2559925783350478,233795,120
2462,1.2566465085364642,233890,120
2463,1.2569712565257338,233985,120
2464,1.2567970460545335,234080,120
2465,1.2569631441086588,234175,120
2466,1.2575171862983514,234270,120
2467,1.2585512908180705,234365,120
2468,1.2584833783248059,234460,120
2469,1.2583263040936516,234555,120
2470,1.2592990858420769,234650,120
2471,1.2594489153147193,234745,120
2472,1.2594404446961487,234840,120
2473,1.2596950536889877,234935,120
2474,1.2608150612225395,235030,120
2475,1.2608077959629722,235125,120
2476,1.2615078862644835,235220,120
2477,1.2611901133559562,235315,120
2478,1.261223314165975,235410,120
2479,1.2613234228613222,235505,120
2480,1.2620981363250647,235600,120
2481,1.2620626876378755,235695,120
2482,1.2621354378251233,235790,120
2483,1.2619383782823839,235885,120
2484,1.2620683076377863,235980,120
2485,1.2615718087484209,236075,120
2486,1.261316476801484,236170,120
2487,1.2615457395356464,236265,120
2488,1.262383035889127,236360,120
2489,1.2627146865462318,236455,120
2490,1.2630605899942482,236550,120
2491,1.2628097437041532,236645,120
2492,1.2631733863860892,236740,120
2493,1.262579849549244,236835,120
2494,1.262697504717408,236930,120
2495,1.2631636756957612,237025,120
2496,1.2631285471489042,237120,120
2497,1.2633076711703803,237215,120
2498,1.2637842456711155,237310,120
2499,1.2642547920119891,237405,120
2500,1.2646298412955514,237500,120
2501,1.2645670403769427,237595,120
2502,1.265207152655885,237690,120
2503,1.2648711846791352,237785,120
2504,1.2653167864245434,237880,120
2505,1.2651438622050124,237975,120
2506,1.2646355094758959,238070,120
2507,1.2650560623886455,238165,120
2508,1.2648949400086895,238260,120
2509,1.2651380935393,238355,120
2510,1.2660508251326228,238450,120
2511,1.2654734953777291,238545,120
2512,1.2651273466049571,238640,120
2513,1.2649413766676316,238735,120
2514,1.2649860607163621,238830,120
2515,1.2651837069256402,238925,120
2516,1.2654536410099333,239020,120
2517,1.2655823208117536,239115,120
2518,1.265521542355059,239210,120
2519,1.2652291025708973,239305,120
2520,1.2654677775000209,239400,120
2521,1.265335563219792,239495,120
2522,1.2655196690680164,239590,120
2523,1.2647934938575238,239685,120
2524,1.2650918287693445,239780,120
2525,1.2651508619957259,239875,120
2526,1.2656599977454965,239970,120
2527,1.2656731078404748,240065,120
2528,1.265297090280705,240160,120
2529,1.2651890862938691,240255,120
2530,1.2655243923160662,240350,120
2531,1.2651704249603288,240445,120
2532,1.2645025123562157,240540,120
2533,1.2648786796503042,240635,120
2534,1.2652987637410229,240730,120
2535,1.2657540360843749,240825,120
2536,1.2662340315149445,240920,120
2537,1.2665888795761335,241015,120
2538,1.2668862964858478,241110,120
2539,1.2669722646905082,241205,120
2540,1.2673315929969122,241300,120
2541,1.2675808181257782,241395,120
2542,1.2679226788724722,241490,120
2543,1.2676945770596155,241585,120
2544,1.2676767490809684,241680,120
2545,1.2671989322021047,241775,120
2546,1.2670250786195614,241870,120
2547,1.2669271895257392,241965,120
2548,1.2668551646352715,242060,120
2549,1.2672788281003302,242155,120
2550,1.266896685328716,242250,120
2551,1.2667754730270266,242345,120
2552,1.2671598695462254,242440,120
2553,1.2674387210095821,242535,120
2554,1.2671636831775743,242630,120
2555,1.2672544203115581,242725,120
2556,1.2674639001021903,242820,120
2557,1.26747061112869,242915,120
2558,1.2688593706523437,243010,120
2559,1.2689546860554453,243105,120
2560,1.2697531954470271,243200,120
2561,1.2693891453751844,243295,120
2562,1.2695685620458954,243390,120
2563,1.2694788730274476,243485,120
2564,1.2700029333304068,243580,120
2565,1.2704204792030416,243675,120
2566,1.2704815982195365,243770,120
2567,1.2714690909069482,243865,120
2568,1.2709958919456892,243960,120
2569,1.2712543887112067,244055,120
2570,1.2703967457636047,244150,120
2571,1.2706102385928875,244245,120
2572,1.2707904515958208,244340,120
2573,1.2708080748020993,244435,120
2574,1.2703189099624821,244530,120
2575,1.2700372553126194,244625,120
2576,1.2695881219670657,244720,120
2577,1.2695499523770992,244815,120
2578,1.269599704082583,244910,120
2579,1.2696898901979878,245005,120
2580,1.2699067353891775,245100,120
2581,1.2699367226677483,245195,120
2582,1.2709654693982302,245290,120
2583,1.2707270028979176,245385,120
2584,1.271294283617981,245480,120
2585,1.2709634280107662,245575,120
2586,1.2710109675195445,245670,120
2587,1.270662828581727,245765,120
2588,1.2714901615272112,245860,120
2589,1.2718785331106575,245955,120
2590,1.2714418659252933,246050,120
2591,1.2716248223353603,246145,120
2592,1.2720452792181125,246240,120
2593,1.2721563371948683,246335,120
2594,1.2719809691826511,246430,120
2595,1.2730450694662185,246525,120
2596,1.2729192473614077,246620,120
2597,1.2733037044772586,246715,120
2598,1.2738548950633746,246810,120
2599,1.2736460211473419,246905,120
2600,1.2736992003844039,247000,120
2601,1.2737761491765771,247095,120
2602,1.2738317093186775,247190,120
2603,1.2738990481962906,247285,120
2604,1.2735961656613197,247380,120
2605,1.2736603418072177,247475,120
2606,1.2738647021576153,247570,120
2607,1.2735552558812628,247665,120
2608,1.2736930317929946,247760,120
2609,1.2735080664704406,247855,120
2610,1.2733036865858003,247950,120
2611,1.2736410232063902,248045,120
2612,1.2737266412081525,248140,120
2613,1.2738817126398305,248235,120
2614,1.2738434436497457,248330,120
2615,1.2735803839699829,248425,120
2616,1.2737994432765205,248520,120
2617,1.2736569706841672,248615,120
2618,1.2746879644963125,248710,120
2619,1.2753312611918097,248805,120
2620,1.2750679672182683,248900,120
2621,1.2752747088556164,248995,120
2622,1.275420534142516,249090,120
2623,1.2752140563929306,249185,120
2624,1.2751023495718972,249280,120
2625,1.2758719939961067,249375,120
2626,1.2755354611478078,249470,120
2627,1.2760257450557091,249565,120
2628,1.2766270757927254,249660,120
2629,1.2766545774342912,249755,120
2630,1.2760679307251095,249850,120
2631,1.2762565080580923,249945,120
2632,1.2770518899233829,250040,120
2633,1.2767244031558829,250135,120
2634,1.2769754177844408,250230,120
2635,1.2767316470195653,250325,120
2636,1.2765810067238039,250420,120
2637,1.2768563979423109,250515,120
2638,1.2770919728013583,250610,120
2639,1.2767253660887699,250705,120
2640,1.2773568483081368,250800,120
2641,1.2771865254563131,250895,120
2642,1.276746814596339,250990,120
2643,1.2769768520577609,251085,120
2644,1.2776437919766221,251180,120
2645,1.2785719729083662,251275,120
2646,1.278246045882848,251370,120
2647,1.279467807202769,251465,120
2648,1.2800242548063545,251560,120
2649,1.279546262934828,251655,120
2650,1.2795118827559997,251750,120
2651,1.2794401487670699,251845,120
2652,1.2801692288921682,251940,120
2653,1.279893594528094,252035,120
2654,1.2801605404738168,252130,120
2655,1.2800221589625169,252225,120
2656,1.280113874379067,252320,120
2657,1.281081511986355,252415,120
2658,1.2804634573445559,252510,120
2659,1.2808876524393573,252605,120
2660,1.2809569363390512,252700,120
2661,1.2811000301220585,252795,120
2662,1.2817772990217007,252890,120
2663,1.2823347516902794,252985,120
2664,1.282108654326847,253080,120
2665,1.2821051469780931,253175,120
2666,1.282951047361609,253270,120
2667,1.2830530530945674,253365,120
2668,1.2827252801684532,253460,120
2669,1.2828049330247231,253555,120
2670,1.2827939517285327,253650,120
2671,1.2833104681315577,253745,120
2672,1.2843553114086816,253840,120
2673,1.2844301950751673,253935,120
2674,1.2852075833888377,254030,120
2675,1.2855264412511269,254125,120
2676,1.2855696270811925,254220,120
2677,1.285508567194475,254315,120
2678,1.2857923247896601,254410,120
2679,1.2871562313659872,254505,120
2680,1.2871728713868951,254600,120
2681,1.2878150754482345,254695,120
2682,1.2883316864028784,254790,120
2683,1.2885575307706736,254885,120
2684,1.2892803614902724,254980,120
2685,1.2900690995981972,255075,120
2686,1.2904890637698718,255170,120
2687,1.2907983358327508,255265,120
2688,1.2910536073116037,255360,120
2689,1.2915793761176906,255455,120
2690,1.2914075914720966,255550,120
2691,1.291168453431579,255645,120
2692,1.2909236395808821,255740,120
2693,1.2909177281801594,255835,120
2694,1.2911381857284963,255930,120
2695,1.2909627580322258,256025,120
2696,1.2913650004506403,256120,120
2697,1.2916295600293952,256215,120
2698,1.2916071298685701,256310,120
2699,1.291519852277955,256405,120
2700,1.291493119350255,256500,120
2701,1.2915699423972291,256595,120
2702,1.2916310399555573,256690,120
2703,1.2917434708697217,256785,120
2704,1.2911802278777031,256880,120
2705,1.2911190598398012,256975,120
2706,1.2913321273952902,257070,120
2707,1.2916905118512478,257165,120
2708,1.2913332819026995,257260,120
2709,1.2923512320522179,257355,120
2710,1.2920423853281315,257450,120
2711,1.2922866113886036,257545,120
2712,1.2923417994233291,257640,120
2713,1.2925363476038929,257735,120
2714,1.2930203123208328,257830,120
2715,1.2934342198586697,257925,120
2716,1.29345386386988,258020,120
2717,1.2933917685781398,258115,120
2718,1.2935081963928954,258210,120
2719,1.2936457223897708,258305,120
2720,1.2933742979003784,258400,120
2721,1.2938488796392533,258495,120
2722,1.2936141791639049,258590,120
2723,1.2941478683675174,258685,120
2724,1.2951744678992909,258780,120
2725,1.2961043567106107,258875,120
2726,1.2963807813136621,258970,120
2727,1.2969638500352616,259065,120
2728,1.2961707149621298,259160,120
2729,1.2967493257776621,259255,120
2730,1.2966627058608526,259350,120
2731,1.2971357991108414,259445,120
2732,1.2969595025128082,259540,120
2733,1.2972431158944628,259635,120
2734,1.2971527482317229,259730,120
2735,1.2971737965576475,259825,120
2736,1.2978826602950062,259920,120
2737,1.2978492445515166,260015,120
2738,1.2978045269234049,260110,120
2739,1.297541934018354,260205,120
2740,1.2971146270864151,260300,120
2741,1.2976069125285545,260395,120
2742,1.2979625236813908,260490,120
2743,1.2984003255452405,260585,120
2744,1.2993615572288402,260680,120
2745,1.299312688001226,260775,120
2746,1.2989859345695736,260870,120
2747,1.2985402091373619,260965,120
2748,1.2985202167513124,261060,120
2749,1.2984315893613911,261155,120
2750,1.2986382209652962,261250,120
2751,1.2985774163772918,261345,120
2752,1.2988698271708652,261440,120
2753,1.2995233639205566,261535,120
2754,1.3003834924432682,261630,120
2755,1.299815430999667,261725,120
2756,1.299741274640311,261820,120
2757,1.2995103189027659,261915,120
2758,1.2993695031159913,262010,120
2759,1.2994113236735219,262105,120
2760,1.2991828463924586,262200,120
2761,1.299763608552059,262295,120
2762,1.3001191572368649,262390,120
2763,1.2996350208265102,262485,120
2764,1.2995732274862652,262580,120
2765,1.2998498963856566,262675,120
2766,1.3004664501989496,262770,120
2767,1.3002337214820383,262865,120
2768,1.3003296421397217,262960,120
2769,1.3006954518612146,263055,120
2770,1.3003975602244413,263150,120
2771,1.3002998577779354,263245,120
2772,1.3001687986924546,263340,120
2773,1.3009523880293348,263435,120
2774,1.3008066443676258,263530,120
2775,1.3014181394186246,263625,120
2776,1.3014795039288587,263720,120
2777,1.3019792621344235,263815,120
2778,1.3016584439075953,263910,120
2779,1.3010854245992509,264005,120
2780,1.3010481330992396,264100,120
2781,1.3016927807264043,264195,120
2782,1.3021716270256241,264290,120
2783,1.3021507003621176,264385,120
2784,1.301854263755805,264480,120
2785,1.3018252914525235,264575,120
2786,1.302969399539547,264670,120
2787,1.3032879417248593,264765,120
2788,1.3034109352929482,264860,120
2789,1.303477513921919,264955,120
2790,1.303892831822727,265050,120
2791,1.3048736189336907,265145,120
2792,1.3049488306535038,265240,120
2793,1.3049077196217038,265335,120
2794,1.3051405953021418,265430,120
2795,1.3059047154809582,265525,120
2796,1.30498650205725,265620,120
2797,1.3050002091700865,265715,120
2798,1.3044655989747838,265810,120
2799,1.3044638227812189,265905,120
2800,1.3040777432421204,266000,120
2801,1.3037432032568335,266095,120
2802,1.3036759206900845,266190,120
2803,1.303679405247588,266285,120
2804,1.3032291928778867,266380,120
2805,1.3039731111915405,266475,120
2806,1.3043565242817796,266570,120
2807,1.3038868975698279,266665,120
2808,1.3040802736880821,266760,120
2809,1.3039001917972415,266855,120
2810,1.3040039002067088,266950,120
2811,1.3039293947921238,267045,120
2812,1.3034871958835914,267140,120
2813,1.3035503408929947,267235,120
2814,1.3035782613731783,267330,120
2815,1.3041251754903291,267425,120
2816,1.3041269209206396,267520,120
2817,1.3041970612376037,267615,120
2818,1.3046287118361255,267710,120
2819,1.3042351622334325,267805,120
2820,1.3047900761718065,267900,120
2821,1.3048913346651303,267995,120
2822,1.3052642851199672,268090,120
2823,1.3052404500842687,268185,120
2824,1.3048664009205908,268280,120
2825,1.3046263479699243,268375,120
2826,1.3047261570167972,268470,120
2827,1.3055959466099818,268565,120
2828,1.305124818689702,268660,120
2829,1.3058587109205659,268755,120
2830,1.3056462681478367,268850,120
2831,1.3056484956799608,268945,120
2832,1.3059842934902388,269040,120
2833,1.3058767767041828,269135,120
2834,1.3073861443005808,269230,120
2835,1.3070238914969805,269325,120
2836,1.3070238458857817,269420,120
2837,1.3066632009510089,269515,120
2838,1.3066498914790934,269610,120
2839,1.3062933358509672,269705,120
2840,1.3064050661461162,269800,120
2841,1.3061050778225316,269895,120
2842,1.3058974353414361,269990,120
2843,1.3059371049177402,270085,120
2844,1.3052642236626477,270180,120
2845,1.3048008512213931,270275,120
2846,1.3046082834725217,270370,120
2847,1.3045231316879726,270465,120
2848,1.3046331782359377,270560,120
2849,1.3045119119210278,270655,120
2850,1.3041550438797977,270750,120
2851,1.303848988994575,270845,120
2852,1.30361054266333,270940,120
2853,1.3037552634668679,271035,120
2854,1.3034376054243408,271130,120
2855,1.3040399730106134,271225,120
2856,1.3048472438354415,271320,120
2857,1.3051787726813899,271415,120
2858,1.3052111441463905,271510,120
2859,1.3049835621858383,271605,120
2860,1.3050863461787596,271700,120
2861,1.3046077699864547,271795,120
2862,1.3048025827206524,271890,120
2863,1.3049898229529044,271985,120
2864,1.304880246455087,272080,120
2865,1.3057943395816354,272175,120
2866,1.3057660883784377,272270,120
2867,1.3061210865521904,272365,120
2868,1.3071580219923926,272460,120
2869,1.3075970008959015,272555,120
2870,1.3071755748684228,272650,120
2871,1.3066597834663196,272745,120
2872,1.306966603175574,272840,120
2873,1.3073077648688074,272935,120
2874,1.3068155524462413,273030,120
2875,1.3069096640376272,273125,120
2876,1.3068171157903252,273220,120
2877,1.3074802039726252,273315,120
2878,1.3082077599093451,273410,120
2879,1.3085859111400637,273505,120
2880,1.3089227273952055,273600,120
2881,1.3091701291006195,273695,120
2882,1.3088818550814387,273790,120
2883,1.3086188822591067,273885,120
2884,1.3087901413034109,273980,120
2885,1.3088196799963516,274075,120
2886,1.3096380098075382,274170,120
2887,1.310690815418166,274265,120
2888,1.311233734933841,274360,120
2889,1.310829209256051,274455,120
2890,1.3109350960976569,274550,120
2891,1.3106930578674902,274645,120
2892,1.3105309247561716,274740,120
2893,1.3103890833747622,274835,120
2894,1.3098771283546937,274930,120
2895,1.3096237011889793,275025,120
2896,1.3093277261970526,275120,120
2897,1.3089902296748956,275215,120
2898,1.3085673687363584,275310,120
2899,1.3081246598651841,275405,120
2900,1.3098319109817083,275500,120
2901,1.3101420441368141,275595,120
2902,1.3106344011513795,275690,120
2903,1.3106363667963077,275785,120
2904,1.3107234646861918,275880,120
2905,1.3100706477512385,275975,120
2906,1.3107687695488783,276070,120
2907,1.3109477000811391,276165,120
2908,1.3108977436612819,276260,120
2909,1.3113774012760304,276355,120
2910,1.3112359284761508,276450,120
2911,1.3107956376997609,276545,120
2912,1.3108825520521055,276640,120
2913,1.3108491879446909,276735,120
2914,1.3112676915653354,276830,120
2915,1.3110468113030953,276925,120
2916,1.3113866886498491,277020,120
2917,1.3107928270025475,277115,120
2918,1.3104149743296587,277210,120
2919,1.3100434243353234,277305,120
2920,1.309901056209676,277400,120
2921,1.3098862675945082,277495,120
2922,1.3097528965635694,277590,120
2923,1.3093984957774882,277685,120
2924,1.3095720227957484,277780,120
2925,1.3095370547388714,277875,120
2926,1.3102624934367861,277970,120
2927,1.3102416036588185,278065,120
2928,1.3104064265780955,278160,120
2929,1.3103559431008391,278255,120
2930,1.3098244327118109,278350,120
2931,1.3098699441296866,278445,120
2932,1.3097401138863074,278540,120
2933,1.3105246276313036,278635,120
2934,1.3104635271974505,278730,120
2935,1.3109182106399462,278825,120
2936,1.3115936951386222,278920,120
2937,1.3121045648049467,279015,120
2938,1.3118097143289233,279110,120
2939,1.3112002680387853,279205,120
2940,1.3125841159721778,279300,120
2941,1.3127824884330315,279395,120
2942,1.3135490249359074,279490,120
2943,1.3136023066114009,279585,120
2944,1.3136170177545161,279680,120
2945,1.3132581957369129,279775,120
2946,1.3128133283747863,279870,120
2947,1.3127715305988759,279965,120
2948,1.3125279589871115,280060,120
2949,1.312244387276136,280155,120
2950,1.312535724231592,280250,120
2951,1.3137101784626088,280345,120
2952,1.3132449899075118,280440,120
2953,1.3136297414633047,280535,120
2954,1.3142935793201276,280630,120
2955,1.3150473603152086,280725,120
2956,1.3156345482048948,280820,120
2957,1.3154648294963571,280915,120
2958,1.3159186699688752,281010,120
2959,1.3158475390224467,281105,120
2960,1.3158510499461364,281200,120
2961,1.3163774937186083,281295,120
2962,1.3167533406769552,281390,120
2963,1.3164583433023385,281485,120
2964,1.3164351803684584,281580,120
2965,1.3171642577045239,281675,120
2966,1.3165343758121377,281770,120
2967,1.316574320285397,281865,120
2968,1.3172543004008652,281960,120
2969,1.3179935156235059,282055,120
2970,1.3176146073113959,282150,120
2971,1.3175050163426474,282245,120
2972,1.3172381995459697,282340,120
2973,1.3179775203352571,282435,120
2974,1.3179162805862308,282530,120
2975,1.3173338149581111,282625,120
2976,1.3176536435605386,282720,120
2977,1.3172740875782525,282815,120
2978,1.3167290824294702,282910,120
2979,1.3170730651143987,283005,120
2980,1.3172556167942668,283100,120
2981,1.3171640701829543,283195,120
2982,1.3170043375830862,283290,120
2983,1.3164815244173249,283385,120
2984,1.3163004871653805,283480,120
2985,1.3165844720066147,283575,120
2986,1.317319963225138,283670,120
2987,1.3170558200125917,283765,120
2988,1.3170967507799267,283860,120
2989,1.317065148554927,283955,120
2990,1.3166330462592706,284050,120
2991,1.3166492480427121,284145,120
2992,1.3167680262970409,284240,120
2993,1.3161679306524325,284335,120
2994,1.3155473851129107,284430,120
2995,1.3157398651508845,284525,120
2996,1.3155016671055728,284620,120
2997,1.3155318711160864,284715,120
2998,1.3151423325953848,284810,120
2999,1.3152737582970713,284905,120
3000,1.3159470327577039,285000,120
3001,1.3167869397177183,285095,120
3002,1.3163889695676292,285190,120
3003,1.3159613665496279,285285,120
3004,1.3157285940434369,285380,120
3005,1.3154194941982649,285475,120
3006,1.3151019887037216,285570,120
3007,1.3146840148858885,285665,120
3008,1.3145778241737209,285760,120
3009,1.3146596384568978,285855,120
3010,1.3145487305551764,285950,120
3011,1.3147460249146072,286045,120
3012,1.3142275700858372,286140,120
3013,1.3138464561207381,286235,120
3014,1.314303267066433,286330,120
3015,1.3144409766018108,286425,120
3016,1.3139286953185667,286520,120
3017,1.3144135740735836,286615,120
3018,1.3139833469066347,286710,120
3019,1.3138189354360947,286805,120
3020,1.313803631543268,286900,120
3021,1.3144172564195131,286995,120
3022,1.3141805492796566,287090,120
3023,1.3143353743900543,287185,120
3024,1.3138304090789217,287280,120
3025,1.3134765363787615,287375,120
3026,1.3130170166365416,287470,120
3027,1.3132144781408004,287565,120
3028,1.3133025920097736,287660,120
3029,1.3135029538655194,287755,120
3030,1.3131853445518666,287850,120
3031,1.3131521691523194,287945,120
3032,1.3136070266507214,288040,120
3033,1.3141189612208579,288135,120
3034,1.3137143127235817,288230,120
3035,1.3139628069383207,288325,120
3036,1.3152388750758461,288420,120
3037,1.3162469572633124,288515,120
3038,1.3159663378622739,288610,120
3039,1.3167617395919642,288705,120
3040,1.3164323034111325,288800,120
3041,1.3174126514888813,288895,120
3042,1.3169206183825477,288990,120
3043,1.3166252181303331,289085,120
3044,1.3175192497866235,289180,120
3045,1.3176085149096777,289275,120
3046,1.317868611971535,289370,120
3047,1.3183316410996,289465,120
3048,1.3178518601430562,289560,120
3049,1.3178702706556205,289655,120
3050,1.3175467890644903,289750,120
3051,1.317107870485029,289845,120
3052,1.3164853607147902,289940,120
3053,1.3162069456820642,290035,120
3054,1.3160034512772689,290130,120
3055,1.3164642246057372,290225,120
3056,1.3162706836565115,290320,120
3057,1.3161792241748385,290415,120
3058,1.3160957497129706,290510,120
3059,1.3155165587151871,290605,120
3060,1.3154050981272065,290700,120
3061,1.3149294770549824,290795,120
3062,1.3155621485901652,290890,120
3063,1.31537753055499,290985,120
3064,1.3152692617559838,291080,120
3065,1.3147420403678283,291175,120
3066,1.3149913280264101,291270,120
3067,1.3146515134209578,291365,120
3068,1.3149172463075065,291460,120
3069,1.3166327139213776,291555,120
3070,1.3162462470932634,291650,120
3071,1.3162101277954765,291745,120
3072,1.315530028289867,291840,120
3073,1.3153823878531747,291935,120
3074,1.3153481839058889,292030,120
3075,1.31507195895082,292125,120
3076,1.3148083155978554,292220,120
3077,1.3147239869727174,292315,120
3078,1.3152265258514613,292410,120
3079,1.3148769915073031,292505,120
3080,1.3143199398317158,292600,120
3081,1.314207565167776,292695,120
3082,1.3145190038194599,292790,120
3083,1.3142788100342413,292885,120
3084,1.3138222683817777,292980,120
3085,1.3139977931998683,293075,120
3086,1.314524900184733,293170,120
3087,1.3144964071929925,293265,120
3088,1.3150455434864439,293360,120
3089,1.3155695653836033,293455,120
3090,1.3151659495156673,293550,120
3091,1.314885320951857,293645,120
3092,1.3148401731819255,293740,120
3093,1.3140210717409753,293835,120
3094,1.3138379193635201,293930,120
3095,1.3141888906505861,294025,120
3096,1.3139312602217421,294120,120
3097,1.3137360882805929,294215,120
3098,1.3144175123499704,294310,120
3099,1.3149316719574204,294405,120
3100,1.3146509270751103,294500,120
3101,1.3147376968039097,294595,120
3102,1.3148231874990863,294690,120
3103,1.3158889998882346,294785,120
3104,1.3158002632661292,294880,120
3105,1.3153455688754809,294975,120
3106,1.3162407912788157,295070,120
3107,1.316398140279758,295165,120
3108,1.3162673851135958,295260,120
3109,1.3161903399898123,295355,120
3110,1.3164875583140232,295450,120
3111,1.3170816231825031,295545,120
3112,1.3172673252647495,295640,120
3113,1.3182020368808161,295735,120
3114,1.3179580503784663,295830,120
3115,1.3176917386421378,295925,120
3116,1.3182766655814429,296020,120
3117,1.3187364291771115,296115,120
3118,1.3182857308474234,296210,120
3119,1.3189182516984947,296305,120
3120,1.3197195225418297,296400,120
3121,1.320312353363664,296495,120
3122,1.3205064502823411,296590,120
3123,1.3198742483534598,296685,120
3124,1.3197183789223714,296780,120
3125,1.3200437562380292,296875,120
3126,1.3200716120922493,296970,120
3127,1.3198498357933361,297065,120
3128,1.3193553805787881,297160,120
3129,1.3193722129817096,297255,120
3130,1.3202888753759936,297350,120
3131,1.3204156066139536,297445,120
3132,1.3202252394860674,297540,120
3133,1.320264396907997,297635,120
3134,1.3205521213073255,297730,120
3135,1.3206923256523748,297825,120
3136,1.3212647688944563,297920,120
3137,1.320972263293227,298015,120
3138,1.3211909426177817,298110,120
3139,1.3213860683455705,298205,120
3140,1.3215300374581473,298300,120
3141,1.3219207338006653,298395,120
3142,1.3219761133730952,298490,120
3143,1.322308873203262,298585,120
3144,1.3222033815824306,298680,120
3145,1.3219826992431527,298775,120
3146,1.3217955141306712,298870,120
3147,1.3219332179596202,298965,120
3148,1.3216800460237963,299060,120
3149,1.32156973351225,299155,120
3150,1.321848615930054,299250,120
3151,1.3211651601807697,299345,120
3152,1.3216991951533155,299440,120
3153,1.3221139372092905,299535,120
3154,1.3224100382118826,299630,120
3155,1.3219036622199574,299725,120
3156,1.3224685829028962,299820,120
3157,1.3227370536579086,299915,120
3158,1.3226122615485176,300010,120
3159,1.3223110987840554,300105,120
3160,1.3222733464016929,300200,120
3161,1.3222951609806874,300295,120
3162,1.3234316141225388,300390,120
3163,1.3232511776209264,300485,120
3164,1.3227767345361776,300580,120
3165,1.3226821039044656,300675,120
3166,1.3226288652459794,300770,120
3167,1.3228074688266296,300865,120
3168,1.3225338251366485,300960,120
3169,1.3223523294597641,301055,120
3170,1.3222832901927255,301150,120
3171,1.3230275879153097,301245,120
3172,1.3228306844688891,301340,120
3173,1.3238736623319578,301435,120
3174,1.3238376752567356,301530,120
3175,1.3234448164635662,301625,120
3176,1.3235217960932513,301720,120
3177,1.3236460872623295,301815,120
3178,1.3239732224645246,301910,120
3179,1.3237407058196173,302005,120
3180,1.3238909890713499,302100,120
3181,1.3241779223520842,302195,120
3182,1.323954439063713,302290,120
3183,1.3244191055749317,302385,120
3184,1.3246570536118123,302480,120
3185,1.3242571015266127,302575,120
3186,1.3248206066185622,302670,120
3187,1.3248958215251103,302765,120
3188,1.3251008459648477,302860,120
3189,1.3261082065002097,302955,120
3190,1.3257927306565578,303050,120
3191,1.3260474654339047,303145,120
3192,1.3268241247377119,303240,120
3193,1.3273871003424427,303335,120
3194,1.3273396462928839,303430,120
3195,1.3276234997859411,303525,120
3196,1.3275720113007479,303620,120
3197,1.3279643157175796,303715,120
3198,1.3275027032776396,303810,120
3199,1.328135801677615,303905,120
3200,1.3279428069791688,304000,120
3201,1.3278999336348292,304095,120
3202,1.3276091070261755,304190,120
3203,1.3279332493282316,304285,120
3204,1.3285489275140399,304380,120
3205,1.3289676633185781,304475,120
3206,1.3292136877313343,304570,120
3207,1.3294239808952537,304665,120
3208,1.329406750444087,304760,120
3209,1.3291628257022887,304855,120
3210,1.3294509766078515,304950,120
3211,1.3306359203827471,305045,120
3212,1.3303292818981145,305140,120
3213,1.3303081683535976,305235,120
3214,1.3306446541760615,305330,120
3215,1.3311151475034102,305425,120
3216,1.3308765495411952,305520,120
3217,1.3312688111612618,305615,120
3218,1.3309485737726485,305710,120
3219,1.3314151443840752,305805,120
3220,1.3314614349407952,305900,120
3221,1.3319798908387404,305995,120
3222,1.3326260064956843,306090,120
3223,1.3325311182478179,306185,120
3224,1.3325446943123345,306280,120
3225,1.3330740236112231,306375,120
3226,1.3331625054669278,306470,120
3227,1.3331165131438063,306565,120
3228,1.3332659733730707,306660,120
3229,1.3338805029888066,306755,120
3230,1.3339358404061816,306850,120
3231,1.3337815263538046,306945,120
3232,1.3336380847686577,307040,120
3233,1.3332848449082446,307135,120
3234,1.3328593744761894,307230,120
3235,1.332578236794228,307325,120
3236,1.3323344787389269,307420,120
3237,1.3323726937518037,307515,120
3238,1.3331890775803683,307610,120
3239,1.333651231388977,307705,120
3240,1.333160748296728,307800,120
3241,1.3333257037034876,307895,120
3242,1.333210807559307,307990,120
3243,1.333389988097996,308085,120
3244,1.3331911868911817,308180,120
3245,1.3330165903488078,308275,120
3246,1.33310223405586,308370,120
3247,1.3333071698554968,308465,120
3248,1.3332808384793435,308560,120
3249,1.3333727556834378,308655,120
3250,1.3338632995926225,308750,120
3251,1.334378232847252,308845,120
3252,1.3340066451264858,308940,120
3253,1.3345945894970044,309035,120
3254,1.3342447840751908,309130,120
3255,1.3338770128567048,309225,120
3256,1.3336138740910153,309320,120
3257,1.3341270915866719,309415,120
3258,1.3336752098491798,309510,120
3259,1.3335464234993462,309605,120
3260,1.3329299893608237,309700,120
3261,1.3328613590313516,309795,120
3262,1.3329851433023749,309890,120
3263,1.3334337704084041,309985,120
3264,1.3342396092215076,310080,120
3265,1.3339481526432533,310175,120
3266,1.3341124198883239,310270,120
3267,1.3342121512795428,310365,120
3268,1.3349066674217471,310460,120
3269,1.3350125457270792,310555,120
3270,1.3356427841938543,310650,120
3271,1.3359466186090601,310745,120
3272,1.3362342848499023,310840,120
3273,1.3368067968572226,310935,120
3274,1.3378286997458411,311030,120
3275,1.3392386880278764,311125,120
3276,1.3387724343875222,311220,120
3277,1.3382312364860229,311315,120
3278,1.3384506517708197,311410,120
3279,1.3380072922742681,311505,120
3280,1.3394663655064867,311600,120
3281,1.3392121790393607,311695,120
3282,1.3390406002785347,311790,120
3283,1.338546194120253,311885,120
3284,1.3383859861642964,311980,120
3285,1.3384155602660239,312075,120
3286,1.3383847216641194,312170,120
3287,1.3376049655254549,312265,120
3288,1.337822719326377,312360,120
3289,1.3383682550829854,312455,120
3290,1.3384999838808689,312550,120
3291,1.3377124205545625,312645,120
3292,1.3372945144967474,312740,120
3293,1.3375257519950432,312835,120
3294,1.3383175807974417,312930,120
3295,1.3376557162620544,313025,120
3296,1.3372807143964109,313120,120
3297,1.3375151917463621,313215,120
3298,1.3372748453463907,313310,120
3299,1.3375383604613811,313405,120
3300,1.3375399623918109,313500,120
3301,1.337635898881631,313595,120
3302,1.3377700426749473,313690,120
3303,1.337861061397507,313785,120
3304,1.3373960988206666,313880,120
3305,1.3376950274634347,313975,120
3306,1.3377186670611743,314070,120
3307,1.3379805421059687,314165,120
3308,1.3397071048877356,314260,120
3309,1.3400359654850709,314355,120
3310,1.3401530889864632,314450,120
3311,1.3416033648507424,314545,120
3312,1.3413156851991102,314640,120
3313,1.3410083867491729,314735,120
3314,1.3404045997615304,314830,120
3315,1.3410174315444869,314925,120
3316,1.3406396495472093,315020,120
3317,1.340662411206285,315115,120
3318,1.3406271292313379,315210,120
3319,1.3415737965064418,315305,120
3320,1.3415871064725444,315400,120
3321,1.3416720900664942,315495,120
3322,1.34195097525625,315590,120
3323,1.342772620678129,315685,120
3324,1.3423546211237423,315780,120
3325,1.3426277334170189,315875,120
3326,1.3423884924528824,315970,120
3327,1.3419978561397781,316065,120
3328,1.3417452448207832,316160,120
3329,1.341893205210462,316255,120
3330,1.3425250110518918,316350,120
3331,1.3424316904739302,316445,120
3332,1.3426198559832827,316540,120
3333,1.3427311239831636,316635,120
3334,1.3431882120823533,316730,120
3335,1.343204270355572,316825,120
3336,1.3427769038849902,316920,120
3337,1.3424836722788962,317015,120
3338,1.3426683434115307,317110,120
3339,1.3439106689613818,317205,120
3340,1.3432774360262842,317300,120
3341,1.343524519511518,317395,120
3342,1.3433181382458217,317490,120
3343,1.3432586775699595,317585,120
3344,1.3432016222825949,317680,120
3345,1.3435405458202259,317775,120
3346,1.3448797502155234,317870,120
3347,1.3453743949293526,317965,120
3348,1.3448103247275702,318060,120
3349,1.3444525880206419,318155,120
3350,1.3449327539267915,318250,120
3351,1.3452362502492765,318345,120
3352,1.3454885466564168,318440,120
3353,1.3456555664814678,318535,120
3354,1.3456161846962893,318630,120
3355,1.3459505471176938,318725,120
3356,1.3462997485027168,318820,120
3357,1.346309546842543,318915,120
3358,1.3467096481703356,319010,120
3359,1.3476849761476086,319105,120
3360,1.3478495520886824,319200,120
3361,1.3479908693097413,319295,120
3362,1.348790641377617,319390,120
3363,1.3491111137752911,319485,120
3364,1.349060567137812,319580,120
3365,1.3490452412346061,319675,120
3366,1.348858696619911,319770,120
3367,1.3488409283715843,319865,120
3368,1.3488812853959122,319960,120
3369,1.3481603785384564,320055,120
3370,1.3484230343784631,320150,120
3371,1.3484169439756413,320245,120
3372,1.3485646390583617,320340,120
3373,1.3488231450826929,320435,120
3374,1.3486173212116241,320530,120
3375,1.3485076735692989,320625,120
3376,1.3483431032601565,320720,120
3377,1.3483079002761866,320815,120
3378,1.348371614309561,320910,120
3379,1.3479695639055145,321005,120
3380,1.3477702530983453,321100,120
3381,1.3477397930049648,321195,120
3382,1.3483891991291981,321290,120
3383,1.3488412490636454,321385,120
3384,1.348894713394662,321480,120
3385,1.348874804363229,321575,120
3386,1.348890744128354,321670,120
3387,1.3487299253729781,321765,120
3388,1.3485230304928089,321860,120
3389,1.3479794753746495,321955,120
3390,1.3480906615215849,322050,120
3391,1.3478435632101269,322145,120
3392,1.3480630802130971,322240,120
3393,1.3484822088628807,322335,120
3394,1.3484744322781277,322430,120
3395,1.3480774079975588,322525,120
3396,1.3477398692075082,322620,120
3397,1.34768306950748,322715,120
3398,1.3475659596451475,322810,120
3399,1.3473347283566965,322905,120
3400,1.3471568160250895,323000,120
3401,1.3477137667726304,323095,120
3402,1.3490019836606015,323190,120
3403,1.3491520946454658,323285,120
3404,1.3490652505809404,323380,120
3405,1.3490201941012103,323475,120
3406,1.3493287164388794,323570,120
3407,1.3497932301610824,323665,120
3408,1.34974459404623,323760,120
3409,1.3494522894075205,323855,120
3410,1.348845101877129,323950,120
3411,1.3488647590488791,324045,120
3412,1.3485697962292496,324140,120
3413,1.348431161589638,324235,120
3414,1.3481468068817399,324330,120
3415,1.347672759804657,324425,120
3416,1.3477514459703526,324520,120
3417,1.3472371605378251,324615,120
3418,1.346988585406643,324710,120
3419,1.3473215933294798,324805,120
3420,1.3470292209297623,324900,120
3421,1.347490043694749,324995,120
3422,1.3477518517818095,325090,120
3423,1.3484037076181956,325185,120
3424,1.3480202958567782,325280,120
3425,1.3484669091039754,325375,120
3426,1.3487104493255544,325470,120
3427,1.34900785836201,325565,120
3428,1.3495874792760258,325660,120
3429,1.3494046204224157,325755,120
3430,1.3500991638707198,325850,120
3431,1.3506179972500503,325945,120
3432,1.3504240374925887,326040,120
3433,1.3503127609804504,326135,120
3434,1.3503942747014437,326230,120
3435,1.3500873920260505,326325,120
3436,1.350787863650992,326420,120
3437,1.3503780472226581,326515,120
3438,1.350762301280072,326610,120
3439,1.3507744829701958,326705,120
3440,1.3510643133892963,326800,120
3441,1.3513257579039657,326895,120
3442,1.3512383926793166,326990,120
3443,1.3511078571854132,327085,120
3444,1.350902756892975,327180,120
3445,1.351247542230249,327275,120
3446,1.3515382667865874,327370,120
3447,1.351734416523888,327465,120
3448,1.352644318507755,327560,120
3449,1.3527665123640027,327655,120
3450,1.3530112590837831,327750,120
3451,1.3530185361278566,327845,120
3452,1.3529662397477995,327940,120
3453,1.3536205070066281,328035,120
3454,1.3535139132536602,328130,120
3455,1.354009337086751,328225,120
3456,1.3541057440013835,328320,120
3457,1.3539265155189315,328415,120
3458,1.353947207916985,328510,120
3459,1.3539801505603635,328605,120
3460,1.3544938036148892,328700,120
3461,1.3545804994073054,328795,120
3462,1.3544759892444207,328890,120
3463,1.3544683690988895,328985,120
3464,1.3540276487802483,329080,120
3465,1.3536147584409628,329175,120
3466,1.3538641916750056,329270,120
3467,1.3537938310730433,329365,120
3468,1.3542887356205064,329460,120
3469,1.3544809215356848,329555,120
3470,1.355108491773892,329650,120
3471,1.3550724765492383,329745,120
3472,1.3554943728243602,329840,120
3473,1.3562321570526812,329935,120
3474,1.3566503774497294,330030,120
3475,1.3571841617471896,330125,120
3476,1.3568860486384731,330220,120
3477,1.3567151451483184,330315,120
3478,1.3571978016267823,330410,120
3479,1.3571135547257349,330505,120
3480,1.3571780208407962,330600,120
3481,1.3568923813853198,330695,120
3482,1.3568985572235872,330790,120
3483,1.3573088389746548,330885,120
3484,1.3573187855518087,330980,120
3485,1.3573756868172331,331075,120
3486,1.3572200861911281,331170,120
3487,1.3568614466647049,331265,120
3488,1.3572475412005183,331360,120
3489,1.3573463179589007,331455,120
3490,1.3579752474993292,331550,120
3491,1.3576349979375228,331645,120
3492,1.3573250519109841,331740,120
3493,1.3567184925501456,331835,120
3494,1.355939649052877,331930,120
3495,1.3557498065103732,332025,120
3496,1.3554558052333141,332120,120
3497,1.3554537663202373,332215,120
3498,1.3549594351204137,332310,120
3499,1.3548704675437018,332405,120
3500,1.3551871582374557,332500,120
3501,1.3556985445270995,332595,120
3502,1.3560646691127365,332690,120
3503,1.3560895830255382,332785,120
3504,1.3564989183047444,332880,120
3505,1.3567188462110187,332975,120
3506,1.3562440827328432,333070,120
3507,1.3561753340216356,333165,120
3508,1.3568173021533556,333260,120
3509,1.3568066321915844,333355,120
3510,1.3565007124742776,333450,120
3511,1.3567128467872398,333545,120
3512,1.3571615504507988,333640,120
3513,1.3570422868378094,333735,120
3514,1.3566705882430381,333830,120
3515,1.356556475121367,333925,120
3516,1.3567469844764006,334020,120
3517,1.3566267398487115,334115,120
3518,1.3567140287015391,334210,120
3519,1.3563076130695102,334305,120
3520,1.3558785918192529,334400,120
3521,1.3558644012366854,334495,120
3522,1.3559473112604405,334590,120
3523,1.3562958539206467,334685,120
3524,1.3561444930750337,334780,120
3525,1.3558326008907131,334875,120
3526,1.3558721146814832,334970,120
3527,1.3554532171928275,335065,120
3528,1.3560677534407799,335160,120
3529,1.3569233351581524,335255,120
3530,1.3565410822954627,335350,120
3531,1.3566999979040804,335445,120
3532,1.3576208712709599,335540,120
3533,1.3572215534796139,335635,120
3534,1.3575911878827829,335730,120
3535,1.3576539732665918,335825,120
3536,1.3578462681577426,335920,120
3537,1.3577986553836612,336015,120
3538,1.3584006269998268,336110,120
3539,1.3583280532231179,336205,120
3540,1.3581013682135588,336300,120
3541,1.3579935498421836,336395,120
3542,1.358159290871259,336490,120
3543,1.3585232371475324,336585,120
3544,1.3586644594874095,336680,120
3545,1.3585888856152246,336775,120
3546,1.3597837571512594,336870,120
3547,1.3600956082693108,336965,120
3548,1.3596720471009567,337060,120
3549,1.3594786254377023,337155,120
3550,1.3599483497243112,337250,120
3551,1.3593474338276736,337345,120
3552,1.3598959461775386,337440,120
3553,1.3605008563521668,337535,120
3554,1.360772373141147,337630,120
3555,1.3603888427704602,337725,120
3556,1.359961798643482,337820,120
3557,1.3601754935961157,337915,120
3558,1.3593710314008829,338010,120
3559,1.359230090636425,338105,120
3560,1.3594442535501445,338200,120
3561,1.3588720282183722,338295,120
3562,1.3587956279387139,338390,120
3563,1.3598162144411854,338485,120
3564,1.3600223218488505,338580,120
3565,1.3597580220842833,338675,120
3566,1.3595833650276743,338770,120
3567,1.3602492313707879,338865,120
3568,1.3599908173257735,338960,120
3569,1.3596305410981702,339055,120
3570,1.3597249414526755,339150,120
3571,1.3588959901082036,339245,120
3572,1.358715722448705,339340,120
3573,1.3588684004053053,339435,120
3574,1.3589570215546616,339530,120
3575,1.3590450473886022,339625,120
3576,1.3588349249774188,339720,120
3577,1.358293518252353,339815,120
3578,1.3577498707076889,339910,120
3579,1.3582783121576247,340005,120
3580,1.3585236375434344,340100,120
3581,1.3587067469288547,340195,120
3582,1.3595215177429394,340290,120
3583,1.359587092690477,340385,120
3584,1.3594566428245249,340480,120
3585,1.3589522704787647,340575,120
3586,1.3588798709233851,340670,120
3587,1.3591112438502668,340765,120
3588,1.3592971087334342,340860,120
3589,1.3586606727018407,340955,120
3590,1.3582154606965775,341050,120
3591,1.358587485649583,341145,120
3592,1.358449251758542,341240,120
3593,1.3580819136019247,341335,120
3594,1.3578313570496003,341430,120
3595,1.3575718569312485,341525,120
3596,1.3581865695986688,341620,120
3597,1.3578361611215579,341715,120
3598,1.3578642529197837,341810,120
3599,1.357384113308939,341905,120
3600,1.357841394207816,342000,120
3601,1.3579337900524098,342095,120
3602,1.3573538947972601,342190,120
3603,1.3575672769713139,342285,120
3604,1.3576432046364788,342380,120
3605,1.3582319852135714,342475,120
3606,1.3577455426935297,342570,120
3607,1.3581698708682659,342665,120
3608,1.3576398031358676,342760,120
3609,1.3589650397140027,342855,120
3610,1.3589878710327654,342950,120
3611,1.3592878238416184,343045,120
3612,1.3591358948920045,343140,120
3613,1.359647095201064,343235,120
3614,1.3596677586947818,343330,120
3615,1.3595724432017489,343425,120
3616,1.3604935719876718,343520,120
3617,1.3614329918561117,343615,120
3618,1.3617596348901531,343710,120
3619,1.3615397693464115,343805,120
3620,1.3611321588755565,343900,120
3621,1.3614321986693991,343995,120
3622,1.3616812606896465,344090,120
3623,1.3610255769040094,344185,120
3624,1.3606451547266432,344280,120
3625,1.3611048148348197,344375,120
3626,1.3617402718934195,344470,120
3627,1.3613448077863364,344565,120
3628,1.3611799188743314,344660,120
3629,1.36070860020357,344755,120
3630,1.3605915372802715,344850,120
3631,1.3601410566396253,344945,120
3632,1.359915686474414,345040,120
3633,1.3598271511969275,345135,120
3634,1.3594602985676909,345230,120
3635,1.3592712855676374,345325,120
3636,1.3589635616762399,345420,120
3637,1.3585243153940394,345515,120
3638,1.3581065256486589,345610,120
3639,1.3583733397102662,345705,120
3640,1.3581714928726005,345800,120
3641,1.3594261565128716,345895,120
3642,1.359584890033982,345990,120
3643,1.359559127908577,346085,120
3644,1.3589935665175648,346180,120
3645,1.3584955387384499,346275,120
3646,1.3584936430394452,346370,120
3647,1.358863927602572,346465,120
3648,1.3583705498342555,346560,120
3649,1.3584372473107937,346655,120
3650,1.3585350296328285,346750,120
3651,1.3589949610113894,346845,120
3652,1.3593912411870723,346940,120
3653,1.3594282474896076,347035,120
3654,1.35940870819741,347130,120
3655,1.3597383744684659,347225,120
3656,1.3597368391929054,347320,120
3657,1.3596065660198182,347415,120
3658,1.3597823682909278,347510,120
3659,1.359340330747282,347605,120
3660,1.3586381835684871,347700,120
3661,1.358615616167113,347795,120
3662,1.359088349002078,347890,120
3663,1.3585542939501782,347985,120
3664,1.3584453438690467,348080,120
3665,1.3591999606702823,348175,120
3666,1.3595242577754854,348270,120
3667,1.3599026568838131,348365,120
3668,1.3601267133870143,348460,120
3669,1.3607719302457755,348555,120
3670,1.3622547139495376,348650,120
3671,1.3622131776250661,348745,120
3672,1.361667055561858,348840,120
3673,1.3612040781105557,348935,120
3674,1.3614176678665839,349030,120
3675,1.3616778965352132,349125,120
3676,1.3611167198483072,349220,120
3677,1.3610135665404604,349315,120
3678,1.3606256541131758,349410,120
3679,1.3604878300991687,349505,120
3680,1.3603151655717496,349600,120
3681,1.3609368620914608,349695,120
3682,1.3608708001030967,349790,120
3683,1.3605948817794631,349885,120
3684,1.3601492210438151,349980,120
3685,1.3609049043948702,350075,120
3686,1.3610103363431403,350170,120
3687,1.3605195112173856,350265,120
3688,1.3609356693013763,350360,120
3689,1.3605008661851603,350455,120
3690,1.3609064342598138,350550,120
3691,1.3605322542041447,350645,120
3692,1.3601038945170549,350740,120
3693,1.3608138963270113,350835,120
3694,1.361595115908496,350930,120
3695,1.3610584028421673,351025,120
3696,1.3618018720579166,351120,120
3697,1.3617529963437522,351215,120
3698,1.3620757579717115,351310,120
3699,1.3620048974836465,351405,120
3700,1.3615205635862364,351500,120
3701,1.3613917344055049,351595,120
3702,1.3616180641819915,351690,120
3703,1.3622406352662944,351785,120
3704,1.3620298482867166,351880,120
3705,1.3614551950531342,351975,120
3706,1.3619309944949116,352070,120
3707,1.3618103803173787,352165,120
3708,1.3615043409972891,352260,120
3709,1.3610110290684982,352355,120
3710,1.3609015938324822,352450,120
3711,1.3602606600799425,352545,120
3712,1.3613361433813627,352640,120
3713,1.3611628379616934,352735,120
3714,1.3612064023899131,352830,120
3715,1.3619416151510864,352925,120
3716,1.3616074171685424,353020,120
3717,1.3613688730986131,353115,120
3718,1.3611096557072384,353210,120
3719,1.3608091464622143,353305,120
3720,1.3604160004815538,353400,120
3721,1.3609313155880407,353495,120
3722,1.3607902895218464,353590,120
3723,1.3609592787930958,353685,120
3724,1.360736485930907,353780,120
3725,1.3602534641714621,353875,120
3726,1.3598683025491192,353970,120
3727,1.3598864502640755,354065,120
3728,1.3597111421840113,354160,120
3729,1.3599615215305969,354255,120
3730,1.3598502650183319,354350,120
3731,1.3603392016789451,354445,120
3732,1.3603034322298777,354540,120
3733,1.360058141392644,354635,120
3734,1.3602282449570107,354730,120
3735,1.3596343488136828,354825,120
3736,1.3592372296487008,354920,120
3737,1.3589554395660632,355015,120
3738,1.3591061712993093,355110,120
3739,1.3595723333941379,355205,120
3740,1.3611171870938634,355300,120
3741,1.361460008758008,355395,120
3742,1.3611456246467988,355490,120
3743,1.361573172735417,355585,120
3744,1.3621701228744589,355680,120
3745,1.3622586192046013,355775,120
3746,1.3623883194989181,355870,120
3747,1.3623134446216423,355965,120
3748,1.3627740201792278,356060,120
3749,1.3627069065534603,356155,120
3750,1.3619699890595021,356250,120
3751,1.3622402226939603,356345,120
3752,1.3617184660353505,356440,120
3753,1.361702506516518,356535,120
3754,1.3621252822898653,356630,120
3755,1.3623721108350699,356725,120
3756,1.3624861968101507,356820,120
3757,1.3620432605201107,356915,120
3758,1.3621357937131313,357010,120
3759,1.3619766689030914,357105,120
3760,1.3617317082757243,357200,120
3761,1.3616529501730772,357295,120
3762,1.3618560265858795,357390,120
3763,1.3627964945543674,357485,120
3764,1.3626802175173502,357580,120
3765,1.3641646093177291,357675,120
3766,1.3644184030196191,357770,120
3767,1.3645628913563004,357865,120
3768,1.3641552198242421,357960,120
3769,1.3641843374047147,358055,120
3770,1.3639570483597681,358150,120
3771,1.3637980649177786,358245,120
3772,1.3632680762600444,358340,120
3773,1.3639485391589565,358435,120
3774,1.3640872341738823,358530,120
3775,1.3636657720584069,358625,120
3776,1.3637248711118324,358720,120
3777,1.3637041766311795,358815,120
3778,1.3639874549007103,358910,120
3779,1.3640804740089287,359005,120
3780,1.3649605148379109,359100,120
3781,1.3657963977692273,359195,120
3782,1.3655790485985602,359290,120
3783,1.3651158599133846,359385,120
3784,1.3656130794266346,359480,120
3785,1.3660029422585929,359575,120
3786,1.3668689189665451,359670,120
3787,1.3664704760128792,359765,120
3788,1.366716061934629,359860,120
3789,1.3668917149519813,359955,120
3790,1.367714345453044,360050,120
3791,1.3683360512419624,360145,120
3792,1.3683922282821832,360240,120
3793,1.3684580949814964,360335,120
3794,1.3682296710157316,360430,120
3795,1.368479597671366,360525,120
3796,1.3679713313487569,360620,120
3797,1.3678651746087571,360715,120
3798,1.3681599101278845,360810,120
3799,1.3680225469363438,360905,120
3800,1.3682063850241288,361000,120
3801,1.3688878592654634,361095,120
3802,1.3690299023416919,361190,120
3803,1.3689823299822612,361285,120
3804,1.3687274388406507,361380,120
3805,1.369254072042178,361475,120
3806,1.3694362954662695,361570,120
3807,1.3687994566016528,361665,120
3808,1.3690781445638955,361760,120
3809,1.3688938704540359,361855,120
3810,1.3684426036610637,361950,120
3811,1.3683221294862593,362045,120
3812,1.3681167706881396,362140,120
3813,1.3681566816344275,362235,120
3814,1.36838875111465,362330,120
3815,1.3683509355904657,362425,120
3816,1.3681312413776716,362520,120
3817,1.3690002138444648,362615,120
3818,1.3692567837727738,362710,120
3819,1.3690365440988252,362805,120
3820,1.3696026488441337,362900,120
3821,1.3693855111234181,362995,120
3822,1.3691366673519256,363090,120
3823,1.3690820215494326,363185,120
3824,1.3697747953849533,363280,120
3825,1.3703767514215452,363375,120
3826,1.3704665715703734,363470,120
3827,1.3704862829576048,363565,120
3828,1.3700412354011755,363660,120
3829,1.3699023402216648,363755,120
3830,1.3702040090505698,363850,120
3831,1.3711640232933084,363945,120
3832,1.3709379385836737,364040,120
3833,1.3707241713230307,364135,120
3834,1.3718627473525886,364230,120
3835,1.372282577070159,364325,120
3836,1.3726116858847535,364420,120
3837,1.3726496674085078,364515,120
3838,1.3723446563654749,364610,120
3839,1.3720837090022746,364705,120
3840,1.3721624736293212,364800,120
3841,1.3720291311644854,364895,120
3842,1.372192096145503,364990,120
3843,1.371826594033055,365085,120
3844,1.3720316279202069,365180,120
3845,1.3721065294140955,365275,120
3846,1.3725389000771597,365370,120
3847,1.3725053468761865,365465,120
3848,1.3723994298573485,365560,120
3849,1.37209893953372,365655,120
3850,1.3719945520706813,365750,120
3851,1.3720139568116534,365845,120
3852,1.3715371529390332,365940,120
3853,1.3710148661550232,366035,120
3854,1.3703902199474609,366130,120
3855,1.3713532422426997,366225,120
3856,1.3725458072230332,366320,120
3857,1.372183217396818,366415,120
3858,1.3722390126625597,366510,120
3859,1.3721770384186067,366605,120
3860,1.3720477276669503,366700,120
3861,1.3728663905940508,366795,120
3862,1.3737591520001937,366890,120
3863,1.3735363520279724,366985,120
3864,1.3731336391685403,367080,120
3865,1.372727578685957,367175,120
3866,1.3730165617676289,367270,120
3867,1.3725594800537997,367365,120
3868,1.3725636708310587,367460,120
3869,1.3721513927755731,367555,120
3870,1.3720799489518314,367650,120
3871,1.3724706162938398,367745,120
3872,1.3722897612526577,367840,120
3873,1.3721563827136825,367935,120
3874,1.372060429177957,368030,120
3875,1.3718239159462478,368125,120
3876,1.3721852753392692,368220,120
3877,1.3722438480784254,368315,120
3878,1.3722324865489273,368410,120
3879,1.3724761491404618,368505,120
3880,1.3726394690858339,368600,120
3881,1.372786358449344,368695,120
3882,1.372744427334212,368790,120
3883,1.3724798138500116,368885,120
3884,1.372915849214398,368980,120
3885,1.3726551620717384,369075,120
3886,1.3724922562169923,369170,120
3887,1.3729681194302035,369265,120
3888,1.3728380785864243,369360,120
3889,1.3728550564213544,369455,120
3890,1.3726090069413868,369550,120
3891,1.3731607980992686,369645,120
3892,1.3729281581314312,369740,120
3893,1.3724732458727391,369835,120
3894,1.3727968128821411,369930,120
3895,1.3725636926343734,370025,120
3896,1.3725284234870252,370120,120
3897,1.372479861809621,370215,120
3898,1.3725712894462987,370310,120
3899,1.3732615577508289,370405,120
3900,1.3738528918917157,370500,120
3901,1.3748922007712223,370595,120
3902,1.3753605411638754,370690,120
3903,1.3759662957105696,370785,120
3904,1.3760026391823661,370880,120
3905,1.3760328512200541,370975,120
3906,1.3758512063793757,371070,120
3907,1.3758921036512428,371165,120
3908,1.3758954262797221,371260,120
3909,1.3760483573042992,371355,120
3910,1.376112440326648,371450,120
3911,1.3765833866343777,371545,120
3912,1.3769194928211252,371640,120
3913,1.3770455864422619,371735,120
3914,1.3771337623990696,371830,120
3915,1.3769813660019508,371925,120
3916,1.3767473128652403,372020,120
3917,1.3767164751948744,372115,120
3918,1.3759184952133467,372210,120
3919,1.3766986096000053,372305,120
3920,1.3761099097234555,372400,120
3921,1.3760153058754283,372495,120
3922,1.3761482827096443,372590,120
3923,1.376116049229432,372685,120
3924,1.376584238669146,372780,120
3925,1.3771385055175123,372875,120
3926,1.3771227133352901,372970,120
3927,1.3772502688177068,373065,120
3928,1.3777568757297216,373160,120
3929,1.3774799999131768,373255,120
3930,1.3778023213324959,373350,120
3931,1.3778060325351138,373445,120
3932,1.3776200416369908,373540,120
3933,1.3789707586586171,373635,120
3934,1.3795943017676398,373730,120
3935,1.3789695499731369,373825,120
3936,1.3785028847264116,373920,120
3937,1.3782141391072433,374015,120
3938,1.3778632560898647,374110,120
3939,1.377521679714937,374205,120
3940,1.377575422470056,374300,120
3941,1.3780627177041411,374395,120
3942,1.3778848483545385,374490,120
3943,1.3787945705699161,374585,120
3944,1.3784038063700883,374680,120
3945,1.3785132285940642,374775,120
3946,1.3788985802991884,374870,120
3947,1.3793419589441984,374965,120
3948,1.3790202269545675,375060,120
3949,1.3793280173447224,375155,120
3950,1.3789637685409364,375250,120
3951,1.3784769217408801,375345,120
3952,1.3784782612553561,375440,120
3953,1.3783186800819784,375535,120
3954,1.3779730961086827,375630,120
3955,1.3778313029832119,375725,120
3956,1.3785160687969509,375820,120
3957,1.378882852657352,375915,120
3958,1.3793780600154069,376010,120
3959,1.3790647959044968,376105,120
3960,1.3791623507106054,376200,120
3961,1.3796663999010663,376295,120
3962,1.380071492466417,376390,120
3963,1.3801601975513029,376485,120
3964,1.3800288080764502,376580,120
3965,1.3804935870271238,376675,120
3966,1.3811438762511528,376770,120
3967,1.3810401641369214,376865,120
3968,1.3805890864550421,376960,120
3969,1.381434691177764,377055,120
3970,1.381137913825623,377150,120
3971,1.381515176658104,377245,120
3972,1.3820652638878095,377340,120
3973,1.3822644450179751,377435,120
3974,1.3818908616032992,377530,120
3975,1.3829704861058283,377625,120
3976,1.3824089207425501,377720,120
3977,1.3823375491374248,377815,120
3978,1.382678070780077,377910,120
3979,1.3822654138707389,378005,120
3980,1.3831072023483637,378100,120
3981,1.3841772970430806,378195,120
3982,1.3837236611417618,378290,120
3983,1.3830147769369057,378385,120
3984,1.383496762095024,378480,120
3985,1.3839847007193515,378575,120
3986,1.3843027106799426,378670,120
3987,1.3844441220864456,378765,120
3988,1.384636656788419,378860,120
3989,1.3843615317681397,378955,120
3990,1.3837245956964266,379050,120
3991,1.3834379312818492,379145,120
3992,1.3839029008404911,379240,120
3993,1.3841330356299442,379335,120
3994,1.3839885040247837,379430,120
3995,1.3835539435554518,379525,120
3996,1.3835638876444225,379620,120
3997,1.3840482537880701,379715,120
3998,1.3846987316643611,379810,120
3999,1.3854276964312475,379905,120
4000,1.3857326649502522,380000,120
4001,1.3860133766802443,380095,120
4002,1.3857609257379417,380190,120
4003,1.3857493020053033,380285,120
4004,1.3863985470179641,380380,120
4005,1.3867473557891461,380475,120
4006,1.386176779768409,380570,120
4007,1.3869636995591212,380665,120
4008,1.3873069732794954,380760,120
4009,1.387543350068704,380855,120
4010,1.3876136428316022,380950,120
4011,1.3879289177284779,381045,120
4012,1.3874579105769089,381140,120
4013,1.3874973202233485,381235,120
4014,1.3873961144159594,381330,120
4015,1.387800813960649,381425,120
4016,1.3897786449454328,381520,120
4017,1.3908721499627608,381615,120
4018,1.3908437996435132,381710,120
4019,1.3901682072504984,381805,120
4020,1.3906655369895871,381900,120
4021,1.3910905307007722,381995,120
4022,1.3914261920083726,382090,120
4023,1.3918342127396917,382185,120
4024,1.3922329264933555,382280,120
4025,1.3918047634980766,382375,120
4026,1.3923450569267568,382470,120
4027,1.3921049538058208,382565,120
4028,1.3917082369444107,382660,120
4029,1.3920671902446717,382755,120
4030,1.3928211381446947,382850,120
4031,1.3940571481085098,382945,120
4032,1.3937623031810733,383040,120
4033,1.3934755282063902,383135,120
4034,1.394320169073328,383230,120
4035,1.3935189073098555,383325,120
4036,1.393279104328891,383420,120
4037,1.3940038972330488,383515,120
4038,1.3943717052407518,383610,120
4039,1.3943119982041963,383705,120
4040,1.3944937034767733,383800,120
4041,1.3949051984534979,383895,120
4042,1.394689606360578,383990,120
4043,1.3949018723352999,384085,120
4044,1.3948925915539203,384180,120
4045,1.3941702914022456,384275,120
4046,1.3941279856520903,384370,120
4047,1.3941022289671254,384465,120
4048,1.3942606462079046,384560,120
4049,1.3944370221910489,384655,120
4050,1.394696574885542,384750,120
4051,1.3938847885320154,384845,120
4052,1.3945717075467758,384940,120
4053,1.3947242152403985,385035,120
4054,1.3950513275940009,385130,120
4055,1.3947262848927782,385225,120
4056,1.3942459043059734,385320,120
4057,1.3940247788973279,385415,120
4058,1.3946420949190994,385510,120
4059,1.3948307690714459,385605,120
4060,1.3953424579101559,385700,120
4061,1.3961473181705883,385795,120
4062,1.395764549062664,385890,120
4063,1.396826086520373,385985,120
4064,1.3970628227929993,386080,120
4065,1.3973999724288722,386175,120
4066,1.3976176813150076,386270,120
4067,1.3974947011724426,386365,120
4068,1.3967786049873208,386460,120
4069,1.3971405422640848,386555,120
4070,1.3970396928572824,386650,120
4071,1.3964106040804081,386745,120
4072,1.3960289018051362,386840,120
4073,1.3960538055746732,386935,120
4074,1.3953061565621661,387030,120
4075,1.3956025052270415,387125,120
4076,1.3955278133689537,387220,120
4077,1.3949954390649009,387315,120
4078,1.3949652415533855,387410,120
4079,1.3950950556146928,387505,120
4080,1.3951549268650902,387600,120
4081,1.3951855391237982,387695,120
4082,1.3950389856659973,387790,120
4083,1.3954279785323886,387885,120
4084,1.3955818960670783,387980,120
4085,1.3966314883863167,388075,120
4086,1.3968626807943496,388170,120
4087,1.3969584858870379,388265,120
4088,1.3973717295821757,388360,120
4089,1.3970753608136324,388455,120
4090,1.3978027334083918,388550,120
4091,1.3986370921615516,388645,120
4092,1.3983354732649969,388740,120
4093,1.3995846250640276,388835,120
4094,1.3993012582915278,388930,120
4095,1.3994073851364428,389025,120
4096,1.4001117663697349,389120,120
4097,1.3999759130133527,389215,120
4098,1.4011589302869925,389310,120
4099,1.4012257962085586,389405,120
4100,1.4017552053667577,389500,120
4101,1.4022945632466286,389595,120
4102,1.4029714877715349,389690,120
4103,1.4028102228671944,389785,120
4104,1.4028961003440146,389880,120
4105,1.4025119467983158,389975,120
4106,1.4020458507584215,390070,120
4107,1.4021661786465542,390165,120
4108,1.4022434369912575,390260,120
4109,1.4028573401897579,390355,120
4110,1.4033225398973728,390450,120
4111,1.4033490506180681,390545,120
4112,1.4038384638716119,390640,120
4113,1.4045788926715053,390735,120
4114,1.4050854023369839,390830,120
4115,1.4047157712946603,390925,120
4116,1.4045843841527836,391020,120
4117,1.4039955755911955,391115,120
4118,1.4044138831022464,391210,120
4119,1.4044851624059413,391305,120
4120,1.405649888947462,391400,120
4121,1.4058079097576854,391495,120
4122,1.4062041543216461,391590,120
4123,1.4063613630823815,391685,120
4124,1.4059292665759566,391780,120
4125,1.4060303040409532,391875,120
4126,1.4058186109863944,391970,120
4127,1.4059900380703041,392065,120
4128,1.4062534380940557,392160,120
4129,1.406501479860544,392255,120
4130,1.4068665088610883,392350,120
4131,1.4069771897770413,392445,120
4132,1.4066654439561339,392540,120
4133,1.4062909544691917,392635,120
4134,1.4057416470122226,392730,120
4135,1.4064790638521043,392825,120
4136,1.4068265623548966,392920,120
4137,1.4065155166352525,393015,120
4138,1.4065247883150183,393110,120
4139,1.407763662196186,393205,120
4140,1.4073808259464193,393300,120
4141,1.408253606717611,393395,120
4142,1.4082203096071153,393490,120
4143,1.4079665764018181,393585,120
4144,1.4074037126473267,393680,120
4145,1.4074578236097444,393775,120
4146,1.4074651508521279,393870,120
4147,1.4078305764064971,393965,120
4148,1.4080771359070074,394060,120
4149,1.4080819040237758,394155,120
4150,1.408063720255708,394250,120
4151,1.408364795595711,394345,120
4152,1.4083092276479212,394440,120
4153,1.4081122176413381,394535,120
4154,1.408786989521096,394630,120
4155,1.4085854386567307,394725,120
4156,1.4086067993373603,394820,120
4157,1.4082074917569292,394915,120
4158,1.4082381031630138,395010,120
4159,1.4087326856447178,395105,120
4160,1.4084631008118302,395200,120
4161,1.4084572683029706,395295,120
4162,1.4081506567191209,395390,120
4163,1.4081867024610675,395485,120
4164,1.4077039269816172,395580,120
4165,1.4079535622612125,395675,120
4166,1.4081859387732125,395770,120
4167,1.4090746488495962,395865,120
4168,1.4085045654169008,395960,120
4169,1.4096338530625689,396055,120
4170,1.4103137368746737,396150,120
4171,1.4110088043666222,396245,120
4172,1.4109474333661629,396340,120
4173,1.4112523123812997,396435,120
4174,1.4118671888753158,396530,120
4175,1.4117727636469588,396625,120
4176,1.4114568218486807,396720,120
4177,1.4116857071834947,396815,120
4178,1.4117373205177695,396910,120
4179,1.4116503249268213,397005,120
4180,1.4120107642949251,397100,120
4181,1.4117065024909328,397195,120
4182,1.4116137097500421,397290,120
4183,1.4113584965513974,397385,120
4184,1.4112771471350145,397480,120
4185,1.4117737785894902,397575,120
4186,1.4119736229704143,397670,120
4187,1.4114653697208039,397765,120
4188,1.4116867601386742,397860,120
4189,1.4111792142773065,397955,120
4190,1.411415829457495,398050,120
4191,1.4107871087086197,398145,120
4192,1.4103049666810186,398240,120
4193,1.4101985816720213,398335,120
4194,1.4102533272860338,398430,120
4195,1.4105390726349996,398525,120
4196,1.4105487489192761,398620,120
4197,1.4107762101646324,398715,120
4198,1.4112095487444016,398810,120
4199,1.4102706213228164,398905,120
4200,1.4106589335627702,399000,120
4201,1.4104555271945973,399095,120
4202,1.4099754182178135,399190,120
4203,1.4097771875055947,399285,120
4204,1.4107727949825151,399380,120
4205,1.4103618727198071,399475,120
4206,1.4108544778211496,399570,120
4207,1.4103424994055644,399665,120
4208,1.4099470943805679,399760,120
4209,1.4096068377685118,399855,120
4210,1.4096431094180224,399950,120
4211,1.4098795884823399,400045,120
4212,1.4105469077072808,400140,120
4213,1.4099568193777552,400235,120
4214,1.4097494000600741,400330,120
4215,1.4100315305994631,400425,120
4216,1.4095915583183518,400520,120
4217,1.410037172489599,400615,120
4218,1.4100070049468705,400710,120
4219,1.4104366750827007,400805,120
4220,1.4105560497886498,400900,120
4221,1.4104871555279217,400995,120
4222,1.4100626800269018,401090,120
4223,1.4109979714338594,401185,120
4224,1.4111548736558628,401280,120
4225,1.4117205981756586,401375,120
4226,1.4118845150660759,401470,120
4227,1.4126136861689509,401565,120
4228,1.4126731596109092,401660,120
4229,1.4126463998742522,401755,120
4230,1.4124196099290387,401850,120
4231,1.4122733549092361,401945,120
4232,1.4120465446063712,402040,120
4233,1.4117575743243658,402135,120
4234,1.4117017358464394,402230,120
4235,1.4123355384794902,402325,120
4236,1.4116971293725717,402420,120
4237,1.4115978056473502,402515,120
4238,1.4119039512080858,402610,120
4239,1.4121427948524705,402705,120
4240,1.4129432696646353,402800,120
4241,1.4122873337080073,402895,120
4242,1.4127040544057803,402990,120
4243,1.4122768406717257,403085,120
4244,1.4124587989509469,403180,120
4245,1.4122362201401926,403275,120
4246,1.4119095098153867,403370,120
4247,1.4118383407571711,403465,120
4248,1.4124492073266104,403560,120
4249,1.4127653271299561,403655,120
4250,1.4127575430512986,403750,120
4251,1.4138510452486792,403845,120
4252,1.4145238055417102,403940,120
4253,1.4148796761954137,404035,120
4254,1.4151615803464981,404130,120
4255,1.4152065177610982,404225,120
4256,1.4152957435245164,404320,120
4257,1.4159366539766072,404415,120
4258,1.4159341422404994,404510,120
4259,1.4162786885415659,404605,120
4260,1.4165539418104991,404700,120
4261,1.4168868439992297,404795,120
4262,1.4170170570075231,404890,120
4263,1.4166785199257921,404985,120
4264,1.4177482403633304,405080,120
4265,1.4172582852150759,405175,120
4266,1.4168386178397727,405270,120
4267,1.4169664257150125,405365,120
4268,1.4176483314535526,405460,120
4269,1.4175397746935685,405555,120
4270,1.4181707853418528,405650,120
4271,1.4184123275259881,405745,120
4272,1.4187409143171406,405840,120
4273,1.418621492948579,405935,120
4274,1.4195953292030714,406030,120
4275,1.4211375639793817,406125,120
4276,1.4218446077508564,406220,120
4277,1.4216520218276958,406315,120
4278,1.4212389687216045,406410,120
4279,1.4204647488625741,406505,120
4280,1.4207985779072125,406600,120
4281,1.4213512598286582,406695,120
4282,1.4215500163181372,406790,120
4283,1.4218275087897159,406885,120
4284,1.4215937037710911,406980,120
4285,1.4212693938788417,407075,120
4286,1.4212862558403174,407170,120
4287,1.4213357646404179,407265,120
4288,1.4216252633133082,407360,120
4289,1.4215203412839332,407455,120
4290,1.4212126266486564,407550,120
4291,1.4214237507977705,407645,120
4292,1.4215022179142407,407740,120
4293,1.4211815754888286,407835,120
4294,1.4206758891616795,407930,120
4295,1.421196152594437,408025,120
4296,1.4213815149915914,408120,120
4297,1.4211149884834793,408215,120
4298,1.4213714182079094,408310,120
4299,1.4219150611068907,408405,120
4300,1.4227079666305069,408500,120
4301,1.4231569130137494,408595,120
4302,1.4233224105715094,408690,120
4303,1.4231109825389106,408785,120
4304,1.4232020725876919,408880,120
4305,1.4231889009735741,408975,120
4306,1.4229223310684749,409070,120
4307,1.4224856456537003,409165,120
4308,1.4219327021427726,409260,120
4309,1.4211251677303927,409355,120
4310,1.421492069115649,409450,120
4311,1.4216214105513079,409545,120
4312,1.42240764951307,409640,120
4313,1.4223853863708327,409735,120
4314,1.421748946242704,409830,120
4315,1.4220409454855096,409925,120
4316,1.4212115810570198,410020,120
4317,1.420640265796218,410115,120
4318,1.4215784479104705,410210,120
4319,1.4215358582010029,410305,120
4320,1.4218411810819342,410400,120
4321,1.4219894907067985,410495,120
4322,1.4234320858635732,410590,120
4323,1.4234972030727127,410685,120
4324,1.4242228223362976,410780,120
4325,1.4240882233329217,410875,120
4326,1.4236303951164804,410970,120
4327,1.4232941603087266,411065,120
4328,1.4234588410359563,411160,120
4329,1.4233917379617176,411255,120
4330,1.423533303354874,411350,120
4331,1.4234751398518179,411445,120
4332,1.4234307045007533,411540,120
4333,1.4233715078697271,411635,120
4334,1.4230499623739579,411730,120
4335,1.4227059836321532,411825,120
4336,1.4231711700904945,411920,120
4337,1.4234911401736452,412015,120
4338,1.4231618426200412,412110,120
4339,1.4231588952715002,412205,120
4340,1.4229936910115639,412300,120
4341,1.4228553870838692,412395,120
4342,1.4234213204863053,412490,120
4343,1.4233497643656832,412585,120
4344,1.4234898174586044,412680,120
4345,1.4239999515541788,412775,120
4346,1.4251746603524797,412870,120
4347,1.4250147168563541,412965,120
4348,1.4251615117688767,413060,120
4349,1.4243018262143541,413155,120
4350,1.4245547130488128,413250,120
4351,1.4246614161092255,413345,120
4352,1.4244884175277956,413440,120
4353,1.4245941036346672,413535,120
4354,1.4252954427507751,413630,120
4355,1.4250913560685303,413725,120
4356,1.4245803880049241,413820,120
4357,1.4250163343061082,413915,120
4358,1.4254541501083891,414010,120
4359,1.4249482168750527,414105,120
4360,1.4256378720165952,414200,120
4361,1.4265979277573968,414295,120
4362,1.4274797309512774,414390,120
4363,1.4268899304619025,414485,120
4364,1.4265793584324085,414580,120
4365,1.4276280862090536,414675,120
4366,1.428187139294375,414770,120
4367,1.4284636059470823,414865,120
4368,1.4285168961158299,414960,120
4369,1.4283010040076345,415055,120
4370,1.4280061826136474,415150,120
4371,1.4279491405144289,415245,120
4372,1.4281572535469174,415340,120
4373,1.4285586818853622,415435,120
4374,1.4280830732859175,415530,120
4375,1.4282112325030802,415625,120
4376,1.4282800016432864,415720,120
4377,1.4303791634060687,415815,120
4378,1.4300065588996553,415910,120
4379,1.4296529650477614,416005,120
4380,1.4296759136054111,416100,120
4381,1.4299170874923162,416195,120
4382,1.4300357783621873,416290,120
4383,1.4320283151665649,416385,120
4384,1.43183232046729,416480,120
4385,1.4310722827485607,416575,120
4386,1.4316445602207155,416670,120
4387,1.4314828694449189,416765,120
4388,1.4310046752176302,416860,120
4389,1.4312871634361837,416955,120
4390,1.4317421805823949,417050,120
4391,1.4316629414664606,417145,120
4392,1.4313372351615394,417240,120
4393,1.4313520616864481,417335,120
4394,1.4315960664056617,417430,120
4395,1.4319536292995378,417525,120
4396,1.4322963053807471,417620,120
4397,1.4325750279139389,417715,120
4398,1.4323422908233565,417810,120
4399,1.432453293341247,417905,120
4400,1.4320443890416925,418000,120
4401,1.4323799356319504,418095,120
4402,1.433420109611903,418190,120
4403,1.434770729847568,418285,120
4404,1.434492049625655,418380,120
4405,1.434553164495906,418475,120
4406,1.4352894507338725,418570,120
4407,1.435940098056445,418665,120
4408,1.4356413738646248,418760,120
4409,1.4353385208231189,418855,120
4410,1.4356548623677734,418950,120
4411,1.4357610883648575,419045,120
4412,1.4370610766884897,419140,120
4413,1.4366972283423953,419235,120
4414,1.4369553189500077,419330,120
4415,1.4364627880944121,419425,120
4416,1.4358942553741447,419520,120
4417,1.4359099875989842,419615,120
4418,1.4358915351003454,419710,120
4419,1.4355392717508599,419805,120
4420,1.4359896618860353,419900,120
4421,1.4356303995491075,419995,120
4422,1.43621052320169,420090,120
4423,1.4367500389887995,420185,120
4424,1.4373004989807379,420280,120
4425,1.437197687560789,420375,120
4426,1.4369643496636655,420470,120
4427,1.4368175448184091,420565,120
4428,1.4366344307500765,420660,120
4429,1.436504761139445,420755,120
4430,1.43625180127179,420850,120
4431,1.4361184205127993,420945,120
4432,1.4368309088047277,421040,120
4433,1.4371826144787543,421135,120
4434,1.4378132495264258,421230,120
4435,1.4374565284605996,421325,120
4436,1.4373990083172254,421420,120
4437,1.437246106110474,421515,120
4438,1.4373309003076411,421610,120
4439,1.4375729056575053,421705,120
4440,1.4374553793941205,421800,120
4441,1.4374722900967158,421895,120
4442,1.4374336655932056,421990,120
4443,1.4375860203172386,422085,120
4444,1.4388622610025024,422180,120
4445,1.4388773181236478,422275,120
4446,1.438563189286215,422370,120
4447,1.439624910358638,422465,120
4448,1.4393721870538219,422560,120
4449,1.4391185960977775,422655,120
4450,1.4390739620024504,422750,120
4451,1.43854301234702,422845,120
4452,1.4392211707486748,422940,120
4453,1.4391576656465228,423035,120
4454,1.439053771895483,423130,120
4455,1.4387271239327628,423225,120
4456,1.4399349580432279,423320,120
4457,1.439960474081154,423415,120
4458,1.440676254728634,423510,120
4459,1.440074589990894,423605,120
4460,1.4400423569115908,423700,120
4461,1.4395419187606995,423795,120
4462,1.4391949293802517,423890,120
4463,1.4389893300616492,423985,120
4464,1.4400672618866874,424080,120
4465,1.4398959248233143,424175,120
4466,1.4401797958376426,424270,120
4467,1.4404110976816968,424365,120
4468,1.4397495415870578,424460,120
4469,1.4401267620423412,424555,120
4470,1.4399666791625565,424650,120
4471,1.4398186193749569,424745,120
4472,1.439392107527901,424840,120
4473,1.4402826315458355,424935,120
4474,1.4400759041865889,425030,120
4475,1.4402022541760628,425125,120
4476,1.439358385334043,425220,120
4477,1.4390779990750953,425315,120
4478,1.4393627840808152,425410,120
4479,1.4393811674963777,425505,120
4480,1.4386944103975292,425600,120
4481,1.4386705516616844,425695,120
4482,1.4391271917474506,425790,120
4483,1.4389673338361459,425885,120
4484,1.4397978270738006,425980,120
4485,1.4396844393415813,426075,120
4486,1.4399876374151044,426170,120
4487,1.4400387332069688,426265,120
4488,1.4394893268812066,426360,120
4489,1.4401967606419981,426455,120
4490,1.4411952322642272,426550,120
4491,1.4409498807051633,426645,120
4492,1.4410169929198284,426740,120
4493,1.4407876106860662,426835,120
4494,1.4406915296568126,426930,120
4495,1.4409062588685111,427025,120
4496,1.4408328304414937,427120,120
4497,1.4410341646986584,427215,120
4498,1.4406753085657777,427310,120
4499,1.4405339018059058,427405,120
4500,1.4403227921438517,427500,120
4501,1.4406440308345934,427595,120
4502,1.4404547393015723,427690,120
4503,1.4414036655589939,427785,120
4504,1.4416042102930302,427880,120
4505,1.4412668167621256,427975,120
4506,1.4416971038745721,428070,120
4507,1.4412035951496132,428165,120
4508,1.441736745684518,428260,120
4509,1.4419183314018402,428355,120
4510,1.4422805185860472,428450,120
4511,1.4422190198563047,428545,120
4512,1.4419853336795412,428640,120
4513,1.441635517302821,428735,120
4514,1.4414808447013847,428830,120
4515,1.4410983600878589,428925,120
4516,1.4422257259130256,429020,120
4517,1.4426504962932836,429115,120
4518,1.4425092802101762,429210,120
4519,1.4427887533244519,429305,120
4520,1.4424821918599338,429400,120
4521,1.4417226748984144,429495,120
4522,1.4421386757016976,429590,120
4523,1.4428687940094143,429685,120
4524,1.44342845844315,429780,120
4525,1.4431019316301557,429875,120
4526,1.4430923808324252,429970,120
4527,1.4428939324316141,430065,120
4528,1.4426974544896503,430160,120
4529,1.4432374772769958,430255,120
4530,1.4438324335716484,430350,120
4531,1.4440370031684679,430445,120
4532,1.4444414001082373,430540,120
4533,1.4447262732209856,430635,120
4534,1.444541244984737,430730,120
4535,1.4441970508411544,430825,120
4536,1.4440098859294868,430920,120
4537,1.4432370199818316,431015,120
4538,1.4427323302316055,431110,120
4539,1.443214923082407,431205,120
4540,1.4431781062840165,431300,120
4541,1.4426605712900531,431395,120
4542,1.4423645359777775,431490,120
4543,1.44210564392827,431585,120
4544,1.4414050017404125,431680,120
4545,1.4403619868037139,431775,120
4546,1.4405382742069928,431870,120
4547,1.4408789451836113,431965,120
4548,1.4407629859154309,432060,120
4549,1.4401456072109637,432155,120
4550,1.439617460818551,432250,120
4551,1.4397407362027996,432345,120
4552,1.4408091882427969,432440,120
4553,1.4411134788842455,432535,120
4554,1.4416163296463138,432630,120
4555,1.4419859899784202,432725,120
4556,1.4421330892800468,432820,120
4557,1.4423698798694409,432915,120
4558,1.4427424952199115,433010,120
4559,1.4427475735382917,433105,120
4560,1.4427259767363829,433200,120
4561,1.4434437550175747,433295,120
4562,1.4436800856423546,433390,120
4563,1.444002512028157,433485,120
4564,1.443310137182874,433580,120
4565,1.4433435248658533,433675,120
4566,1.4433150491810607,433770,120
4567,1.4433273449608046,433865,120
4568,1.4436736060627131,433960,120
4569,1.4436908056162772,434055,120
4570,1.4438580498909142,434150,120
4571,1.4440514499692163,434245,120
4572,1.4437323564801841,434340,120
4573,1.4442385395397621,434435,120
4574,1.4443807552583561,434530,120
4575,1.4440890568087807,434625,120
4576,1.4440769017284596,434720,120
4577,1.4441895584240667,434815,120
4578,1.4451812450347847,434910,120
4579,1.4453583869698521,435005,120
4580,1.4454365929934412,435100,120
4581,1.4456329934245074,435195,120
4582,1.4460519047111466,435290,120
4583,1.4458037173358378,435385,120
4584,1.4453806292975817,435480,120
4585,1.445098088255252,435575,120
4586,1.4447571580955183,435670,120
4587,1.4446990225011842,435765,120
4588,1.4441682295698235,435860,120
4589,1.4445466511124636,435955,120
4590,1.4447904692442843,436050,120
4591,1.4445687818188429,436145,120
4592,1.4448070953890939,436240,120
4593,1.4459525922319738,436335,120
4594,1.4458617219373189,436430,120
4595,1.4458927883051522,436525,120
4596,1.4460217999141391,436620,120
4597,1.4455488934127951,436715,120
4598,1.4457016213374678,436810,120
4599,1.4457164506125948,436905,120
4600,1.4461422316246666,437000,120
4601,1.4460495065847971,437095,120
4602,1.4466292375334018,437190,120
4603,1.4463548877668231,437285,120
4604,1.4461740362114726,437380,120
4605,1.4460973585120676,437475,120
4606,1.445618108854684,437570,120
4607,1.4451775992238836,437665,120
4608,1.4447619204078059,437760,120
4609,1.4441577632807043,437855,120
4610,1.4444339774545965,437950,120
4611,1.444329190713511,438045,120
4612,1.4448312142732591,438140,120
4613,1.4451059530428427,438235,120
4614,1.4460652362148403,438330,120
4615,1.4460318585328107,438425,120
4616,1.446338140077138,438520,120
4617,1.446109333423566,438615,120
4618,1.4460777548882175,438710,120
4619,1.4459412598387125,438805,120
4620,1.4457454434966475,438900,120
4621,1.4467397875662682,438995,120
4622,1.4472164655229198,439090,120
4623,1.4476674973632806,439185,120
4624,1.4478902478892017,439280,120
4625,1.4474709904656049,439375,120
4626,1.448424634115373,439470,120
4627,1.4482375707017177,439565,120
4628,1.4480744729324027,439660,120
4629,1.4474958463502721,439755,120
4630,1.4481720044083031,439850,120
4631,1.4476826054022716,439945,120
4632,1.4472874331203145,440040,120
4633,1.446704982599645,440135,120
4634,1.4467978472664109,440230,120
4635,1.4474056040991723,440325,120
4636,1.4477372363213796,440420,120
4637,1.4470574388883644,440515,120
4638,1.4472827402887942,440610,120
4639,1.4470241751849406,440705,120
4640,1.4460730586050652,440800,120
4641,1.4467088947569282,440895,120
4642,1.4457781256187572,440990,120
4643,1.4474573289196377,441085,120
4644,1.4472318951355723,441180,120
4645,1.4472997494365154,441275,120
4646,1.4470184703478493,441370,120
4647,1.4472487964275718,441465,120
4648,1.4471452889489544,441560,120
4649,1.4478702018760445,441655,120
4650,1.4473878658050909,441750,120
4651,1.4469860539558006,441845,120
4652,1.4468202315784495,441940,120
4653,1.4467072187285677,442035,120
4654,1.4469390816253289,442130,120
4655,1.4466138866207148,442225,120
4656,1.4468311335877868,442320,120
4657,1.4470584971755651,442415,120
4658,1.4462836824465328,442510,120
4659,1.446321714675789,442605,120
4660,1.4470844771048037,442700,120
4661,1.4463111831451365,442795,120
4662,1.4467543862499972,442890,120
4663,1.4468748797717712,442985,120
4664,1.4479375082743666,443080,120
4665,1.4490725272698208,443175,120
4666,1.448877864818191,443270,120
4667,1.4489542233196553,443365,120
4668,1.4485663733823153,443460,120
4669,1.4488804524129095,443555,120
4670,1.4488772029046442,443650,120
4671,1.4484968895345252,443745,120
4672,1.4491500275294549,443840,120
4673,1.449053495059865,443935,120
4674,1.4497320353952385,444030,120
4675,1.4497259851808812,444125,120
4676,1.4491833987020322,444220,120
4677,1.4494642643606139,444315,120
4678,1.4495439001074055,444410,120
4679,1.4494074354191366,444505,120
4680,1.449130226541453,444600,120
4681,1.4490751818503553,444695,120
4682,1.4489624278107416,444790,120
4683,1.4492936497051612,444885,120
4684,1.4488485128944666,444980,120
4685,1.4496954298351055,445075,120
4686,1.4496319467392076,445170,120
4687,1.4497391905316663,445265,120
4688,1.4491016894357949,445360,120
4689,1.4496652312773723,445455,120
4690,1.4496953035601776,445550,120
4691,1.4492567152358851,445645,120
4692,1.448679209667963,445740,120
4693,1.448638583219938,445835,120
4694,1.449222761674976,445930,120
4695,1.4488717873882089,446025,120
4696,1.448479327629131,446120,120
4697,1.4481495485315745,446215,120
4698,1.4483216091451896,446310,120
4699,1.4477957005441593,446405,120
4700,1.4482160457378122,446500,120
4701,1.4477498908237854,446595,120
4702,1.4482641022956189,446690,120
4703,1.4475713276497544,446785,120
4704,1.4483053156216903,446880,120
4705,1.4493177455538477,446975,120
4706,1.4496470711614904,447070,120
4707,1.4492771137197238,447165,120
4708,1.4491998152177819,447260,120
4709,1.449633190853409,447355,120
4710,1.4494514972950354,447450,120
4711,1.4494685936063252,447545,120
4712,1.4487425107756935,447640,120
4713,1.4495684450548953,447735,120
4714,1.4493569236150587,447830,120
4715,1.4483098402244206,447925,120
4716,1.4483509978104476,448020,120
4717,1.4477267674666359,448115,120
4718,1.4469974288095564,448210,120
4719,1.4475783327407949,448305,120
4720,1.4471062318234997,448400,120
4721,1.4478981955983434,448495,120
4722,1.4475869102359991,448590,120
4723,1.4478106943973126,448685,120
4724,1.4468183855606174,448780,120
4725,1.4468307706789343,448875,120
4726,1.4471080773041565,448970,120
4727,1.4469472439517739,449065,120
4728,1.4467319610431806,449160,120
4729,1.4465700947147628,449255,120
4730,1.4465343210345818,449350,120
4731,1.4467989672859896,449445,120
4732,1.4478522212192735,449540,120
4733,1.4477180679172386,449635,120
4734,1.4473017633477641,449730,120
4735,1.4477628249533552,449825,120
4736,1.4479469494745325,449920,120
4737,1.4479476625835233,450015,120
4738,1.447564163641256,450110,120
4739,1.4479093831872307,450205,120
4740,1.4479350062795615,450300,120
4741,1.448513326826097,450395,120
4742,1.4488296178085764,450490,120
4743,1.4484144683816091,450585,120
4744,1.4478849495784543,450680,120
4745,1.4481776764951511,450775,120
4746,1.4489617991058499,450870,120
4747,1.4484968763230475,450965,120
4748,1.4492245529740577,451060,120
4749,1.4496972854112544,451155,120
4750,1.4492646119583557,451250,120
4751,1.4491756046111663,451345,120
4752,1.448714844567335,451440,120
4753,1.4484121635122473,451535,120
4754,1.4478062194240784,451630,120
4755,1.4481694669849208,451725,120
4756,1.4481036702959906,451820,120
4757,1.4483211345603335,451915,120
4758,1.4486575326449938,452010,120
4759,1.4492892036650138,452105,120
4760,1.4498599823921596,452200,120
4761,1.4496325152360163,452295,120
4762,1.4495833586138862,452390,120
4763,1.4495530700724906,452485,120
4764,1.4497644606781728,452580,120
4765,1.4493613065978723,452675,120
4766,1.4493049858979457,452770,120
4767,1.4490542901311627,452865,120
4768,1.4501331302236298,452960,120
4769,1.4510029224801759,453055,120
4770,1.4507004965965915,453150,120
4771,1.4505137765188436,453245,120
4772,1.4502003149570526,453340,120
4773,1.4507283722131892,453435,120
4774,1.4506758738503811,453530,120
4775,1.4512055332869769,453625,120
4776,1.4509996998533796,453720,120
4777,1.4508715349316823,453815,120
4778,1.4505486888792554,453910,120
4779,1.4504021334547263,454005,120
4780,1.4508724088593834,454100,120
4781,1.4505384080243882,454195,120
4782,1.4510103170332789,454290,120
4783,1.4509015584289586,454385,120
4784,1.4514022280500323,454480,120
4785,1.4513085880080745,454575,120
4786,1.4515982214428063,454670,120
4787,1.4524196510234737,454765,120
4788,1.4518703611877308,454860,120
4789,1.4510257258996726,454955,120
4790,1.4516571174729063,455050,120
4791,1.4512187452134611,455145,120
4792,1.4512168147898445,455240,120
4793,1.4510431887969677,455335,120
4794,1.4511792162260595,455430,120
4795,1.4518564063698518,455525,120
4796,1.4520123952110364,455620,120
4797,1.4525690925077464,455715,120
4798,1.4525142993163325,455810,120
4799,1.4530409068778232,455905,120
4800,1.4536796878150449,456000,120
4801,1.4538727940555176,456095,120
4802,1.4538367788516975,456190,120
4803,1.4538279108635037,456285,120
4804,1.4535866068078167,456380,120
4805,1.453286034464002,456475,120
4806,1.4531136329832013,456570,120
4807,1.4533840903585178,456665,120
4808,1.4548176345758157,456760,120
4809,1.4542027657302874,456855,120
4810,1.4548277970325407,456950,120
4811,1.4547976515013084,457045,120
4812,1.4544974414069674,457140,120
4813,1.4549295315616955,457235,120
4814,1.4560922074272971,457330,120
4815,1.456820562965071,457425,120
4816,1.4566159454004968,457520,120
4817,1.4561624208803607,457615,120
4818,1.4562484011250707,457710,120
4819,1.4560004174703909,457805,120
4820,1.4563585445326042,457900,120
4821,1.4565909782486206,457995,120
4822,1.4564325763909498,458090,120
4823,1.4557530367791218,458185,120
4824,1.4560589597048752,458280,120
4825,1.4558341892630517,458375,120
4826,1.4561565299754105,458470,120
4827,1.4557931976541125,458565,120
4828,1.4566012368204908,458660,120
4829,1.4558880125835407,458755,120
4830,1.4558021043677449,458850,120
4831,1.4567498161343944,458945,120
4832,1.4569023167965267,459040,120
4833,1.4566988806259864,459135,120
4834,1.4562124950591224,459230,120
4835,1.456397923573024,459325,120
4836,1.456787399546966,459420,120
4837,1.45656636515617,459515,120
4838,1.4564535695304497,459610,120
4839,1.4572375762560443,459705,120
4840,1.4575589332619796,459800,120
4841,1.4577876824899418,459895,120
4842,1.4573692264481166,459990,120
4843,1.4579414517563316,460085,120
4844,1.4580417709349649,460180,120
4845,1.4589593835274375,460275,120
4846,1.4591662314329552,460370,120
4847,1.4587906414024641,460465,120
4848,1.4594603709122209,460560,120
4849,1.4592759597177951,460655,120
4850,1.4601503612791065,460750,120
4851,1.4598643453511746,460845,120
4852,1.4599817055447839,460940,120
4853,1.4594223889221196,461035,120
4854,1.4592537487506247,461130,120
4855,1.4591237461353519,461225,120
4856,1.4586668078985938,461320,120
4857,1.4580355504831657,461415,120
4858,1.4582511859519249,461510,120
4859,1.4575341022789501,461605,120
4860,1.457281810776575,461700,120
4861,1.4574745369341906,461795,120
4862,1.4576030697068236,461890,120
4863,1.4575165042178437,461985,120
4864,1.4588255029437536,462080,120
4865,1.458101651884137,462175,120
4866,1.4585009339808364,462270,120
4867,1.4585460604849991,462365,120
4868,1.4582703195681914,462460,120
4869,1.4582850000239904,462555,120
4870,1.459160836488993,462650,120
4871,1.4588955723603758,462745,120
4872,1.4583175887417146,462840,120
4873,1.4581989550383694,462935,120
4874,1.4584966581216749,463030,120
4875,1.4578534094306936,463125,120
4876,1.4573734512577317,463220,120
4877,1.4577140760103311,463315,120
4878,1.4576915465466291,463410,120
4879,1.4575202340149562,463505,120
4880,1.457716591016319,463600,120
4881,1.4573098556178876,463695,120
4882,1.456842921985033,463790,120
4883,1.4570953508259714,463885,120
4884,1.4571825833201781,463980,120
4885,1.4576517813710737,464075,120
4886,1.4577698551210503,464170,120
4887,1.4578022583976573,464265,120
4888,1.4586092974751657,464360,120
4889,1.4591948485043533,464455,120
4890,1.4586244942481279,464550,120
4891,1.4598405473066294,464645,120
4892,1.460463630092925,464740,120
4893,1.4605980779753025,464835,120
4894,1.462624819579021,464930,120
4895,1.462391847608167,465025,120
4896,1.4619648146865574,465120,120
4897,1.4619008905331268,465215,120
4898,1.4621161246382512,465310,120
4899,1.4617414162707125,465405,120
4900,1.4613103726460879,465500,120
4901,1.4613171328958738,465595,120
4902,1.4611024735884379,465690,120
4903,1.4615067310992051,465785,120
4904,1.4622674439171275,465880,120
4905,1.4617763362126286,465975,120
4906,1.4623015466928906,466070,120
4907,1.4620906424853675,466165,120
4908,1.462308272200783,466260,120
4909,1.4626720950021075,466355,120
4910,1.4636093073192324,466450,120
4911,1.4632900539118374,466545,120
4912,1.4635369468229014,466640,120
4913,1.4641534367487075,466735,120
4914,1.4643279508870277,466830,120
4915,1.4637598546911827,466925,120
4916,1.4633477347252697,467020,120
4917,1.463233595511432,467115,120
4918,1.4642746383639067,467210,120
4919,1.4646909271695314,467305,120
4920,1.4646541487677001,467400,120
4921,1.4648870904896834,467495,120
4922,1.4651660561598538,467590,120
4923,1.4650867948935764,467685,120
4924,1.4653533196661426,467780,120
4925,1.465876488075343,467875,120
4926,1.4652375045620178,467970,120
4927,1.4652191896357645,468065,120
4928,1.4652844222978698,468160,120
4929,1.4649270430428127,468255,120
4930,1.4645577343715095,468350,120
4931,1.46450193161988,468445,120
4932,1.4651787096151287,468540,120
4933,1.4652765286932741,468635,120
4934,1.4653854281857803,468730,120
4935,1.4656905142935401,468825,120
4936,1.4657737896752367,468920,120
4937,1.46607511896619,469015,120
4938,1.4664845723986526,469110,120
4939,1.4662801969565926,469205,120
4940,1.4663427489444525,469300,120
4941,1.4660545996790211,469395,120
4942,1.4668134507787183,469490,120
4943,1.4661173931290103,469585,120
4944,1.4658079493854932,469680,120
4945,1.4667396826917238,469775,120
4946,1.4669571396330443,469870,120
4947,1.4672928062532473,469965,120
4948,1.4672658671950494,470060,120
4949,1.4668708103062833,470155,120
4950,1.4664110236625962,470250,120
4951,1.46632897533911,470345,120
4952,1.4660080919519405,470440,120
4953,1.4662660345594254,470535,120
4954,1.4667496280702463,470630,120
4955,1.4680728528228844,470725,120
4956,1.4682660870004101,470820,120
4957,1.4689430965112322,470915,120
4958,1.4693402905920105,471010,120
4959,1.4688697152885253,471105,120
4960,1.4686974241185908,471200,120
4961,1.4687867527039304,471295,120
4962,1.4688488066150243,471390,120
4963,1.4692737890460761,471485,120
4964,1.469211490987232,471580,120
4965,1.4691966156306944,471675,120
4966,1.4691647624771347,471770,120
4967,1.4688501405983512,471865,120
4968,1.4687754838509448,471960,120
4969,1.4689635716675973,472055,120
4970,1.4684407975673421,472150,120
4971,1.4681391767473442,472245,120
4972,1.4672897217730483,472340,120
4973,1.4666517020852914,472435,120
4974,1.4661854893138448,472530,120
4975,1.4654918374531478,472625,120
4976,1.4655816537976367,472720,120
4977,1.4654468965267813,472815,120
4978,1.465032751790236,472910,120
4979,1.4654518615741114,473005,120
4980,1.4655242616432005,473100,120
4981,1.4652713084085798,473195,120
4982,1.4656299992972879,473290,120
4983,1.4661699365654577,473385,120
4984,1.4662238874094051,473480,120
4985,1.4657224447011212,473575,120
4986,1.4653571035189552,473670,120
4987,1.4657340806214845,473765,120
4988,1.4659200323116977,473860,120
4989,1.4662821738903988,473955,120
4990,1.4662643512496476,474050,120
4991,1.466647812421231,474145,120
4992,1.4659114161366023,474240,120
4993,1.4655126094541766,474335,120
4994,1.465762729851158,474430,120
4995,1.4652754481629808,474525,120
4996,1.4645836577662805,474620,120
4997,1.464111865186855,474715,120
4998,1.4639326887405322,474810,120
4999,1.4637072202779238,474905,120
5000,1.463959656090791,475000,120
5001,1.4652049369439828,475095,120
5002,1.4651917444451867,475190,120
5003,1.4648575923539175,475285,120
5004,1.4652645580725383,475380,120
5005,1.4652710529557418,475475,120
5006,1.4652754072432017,475570,120
5007,1.4656351668414518,475665,120
5008,1.465469381661394,475760,120
5009,1.4656816194386406,475855,120
5010,1.4657374616431764,475950,120
5011,1.4655289148372275,476045,120
5012,1.4656439107425265,476140,120
5013,1.4652115034799833,476235,120
5014,1.4652887289043988,476330,120
5015,1.4650934262268742,476425,120
5016,1.4649516682486265,476520,120
5017,1.464987651698175,476615,120
5018,1.4645634863984112,476710,120
5019,1.4644988430628307,476805,120
5020,1.4649573999710639,476900,120
5021,1.4659296370990871,476995,120
5022,1.4654704923131772,477090,120
5023,1.4649755075162523,477185,120
5024,1.4649192321421673,477280,120
5025,1.4652778112948164,477375,120
5026,1.4654077995456078,477470,120
5027,1.4665959545426999,477565,120
5028,1.4665220324978028,477660,120
5029,1.466878245157802,477755,120
5030,1.4666431598321903,477850,120
5031,1.4669310872172132,477945,120
5032,1.4662436590448666,478040,120
5033,1.4666005700156126,478135,120
5034,1.4671978102920813,478230,120
5035,1.4675032014256315,478325,120
5036,1.4676249739246843,478420,120
5037,1.4674461201326903,478515,120
5038,1.4678236710639991,478610,120
5039,1.4674038573911856,478705,120
5040,1.4677137240681841,478800,120
5041,1.467328923103826,478895,120
5042,1.4676329047708148,478990,120
5043,1.4678402756467366,479085,120
5044,1.4675723434608106,479180,120
5045,1.467733728859189,479275,120
5046,1.467674426106794,479370,120
5047,1.4671370180379539,479465,120
5048,1.4676153554313884,479560,120
5049,1.4677336230719653,479655,120
5050,1.4676098572511305,479750,120
5051,1.4668154041017745,479845,120
5052,1.4677104680483988,479940,120
5053,1.4672913032021091,480035,120
5054,1.4675386464221367,480130,120
5055,1.4682316828196036,480225,120
5056,1.4681724933750049,480320,120
5057,1.4687201113527575,480415,120
5058,1.4692362800318262,480510,120
5059,1.4690154100108845,480605,120
5060,1.4693154915798856,480700,120
5061,1.469633250272802,480795,120
5062,1.4698048943060118,480890,120
5063,1.4700054389605974,480985,120
5064,1.4703592813077724,481080,120
5065,1.4700979396491363,481175,120
5066,1.4695565403904671,481270,120
5067,1.470856732721477,481365,120
5068,1.4710658243789934,481460,120
5069,1.4721731197866907,481555,120
5070,1.4714716970549007,481650,120
5071,1.4720515115017072,481745,120
5072,1.4718562547425162,481840,120
5073,1.4717879951756094,481935,120
5074,1.4719982811077841,482030,120
5075,1.4718685049403306,482125,120
5076,1.4716813289212261,482220,120
5077,1.4719151410295941,482315,120
5078,1.4730932543237034,482410,120
5079,1.4729525969100332,482505,120
5080,1.4729597711936442,482600,120
5081,1.4729414182614371,482695,120
5082,1.4731207253721663,482790,120
5083,1.4735190780623666,482885,120
5084,1.4740686595325292,482980,120
5085,1.4738342557987951,483075,120
5086,1.473932561869896,483170,120
5087,1.4737535396088102,483265,120
5088,1.4735715892545806,483360,120
5089,1.4745015822361085,483455,120
5090,1.4749831118164003,483550,120
5091,1.4757461744503302,483645,120
5092,1.4760661372096786,483740,120
5093,1.4755184551214835,483835,120
5094,1.4756874032103642,483930,120
5095,1.4760308150322283,484025,120
5096,1.4764833860434081,484120,120
5097,1.4776439845702987,484215,120
5098,1.4781819958442395,484310,120
5099,1.4776462002383577,484405,120
5100,1.478280354526508,484500,120
5101,1.4791760171040613,484595,120
5102,1.4788945687969799,484690,120
5103,1.4785371656874726,484785,120
5104,1.4785558335565769,484880,120
5105,1.4789895417405219,484975,120
5106,1.4796626497832293,485070,120
5107,1.4793537395429361,485165,120
5108,1.479620200277906,485260,120
5109,1.4798003473415418,485355,120
5110,1.4797328242685541,485450,120
5111,1.4816052328786773,485545,120
5112,1.4820324189179048,485640,120
5113,1.4826937219592089,485735,120
5114,1.482836442443717,485830,120
5115,1.4824151642726446,485925,120
5116,1.4822641069457787,486020,120
5117,1.4829253121510981,486115,120
5118,1.4833504344343975,486210,120
5119,1.4837800035681701,486305,120
5120,1.4835282013583599,486400,120
5121,1.4829559093199967,486495,120
5122,1.4828420184718647,486590,120
5123,1.4831124055709028,486685,120
5124,1.4827367033975298,486780,120
5125,1.4829266273305308,486875,120
5126,1.4842564392446937,486970,120
5127,1.4840527448648788,487065,120
5128,1.4840226436982331,487160,120
5129,1.4844227171007578,487255,120
5130,1.4843152542202354,487350,120
5131,1.4841356046203034,487445,120
5132,1.4845579400797333,487540,120
5133,1.4847509401886683,487635,120
5134,1.4848650313512886,487730,120
5135,1.4848786960571054,487825,120
5136,1.4864443257547524,487920,120
5137,1.4866522530422639,488015,120
5138,1.4868036947809835,488110,120
5139,1.487490654543792,488205,120
5140,1.4875728060196423,488300,120
5141,1.4876464281731538,488395,120
5142,1.4878177751462467,488490,120
5143,1.4878274535361946,488585,120
5144,1.488105956275859,488680,120
5145,1.4887738661856678,488775,120
5146,1.4884674082964313,488870,120
5147,1.4888316509956208,488965,120
5148,1.4901998866166148,489060,120
5149,1.4895332234799115,489155,120
5150,1.4897663071972118,489250,120
5151,1.4899204919750846,489345,120
5152,1.4893149844835092,489440,120
5153,1.489823709040661,489535,120
5154,1.4904655578514421,489630,120
5155,1.4898042749989031,489725,120
5156,1.4896013158153865,489820,120
5157,1.4892371696648483,489915,120
5158,1.4893447143917458,490010,120
5159,1.4896907143084286,490105,120
5160,1.4899212797643588,490200,120
5161,1.4900786079989203,490295,120
5162,1.4899501814552187,490390,120
5163,1.4897678238451684,490485,120
5164,1.4903843613548646,490580,120
5165,1.4906776607594796,490675,120
5166,1.4913201117200607,490770,120
5167,1.4918609247122894,490865,120
5168,1.4915082781363798,490960,120
5169,1.4913011084112513,491055,120
5170,1.4910096249292015,491150,120
5171,1.4921560935948368,491245,120
5172,1.4923826987443138,491340,120
5173,1.4929782471450193,491435,120
5174,1.4932307277106931,491530,120
5175,1.4934920672121543,491625,120
5176,1.4932661159362923,491720,120
5177,1.4937642150665054,491815,120
5178,1.4935611598735024,491910,120
5179,1.4938074690613379,492005,120
5180,1.4937733706319154,492100,120
5181,1.4939546151049321,492195,120
5182,1.4935648649541371,492290,120
5183,1.4935464224556949,492385,120
5184,1.4941217812883063,492480,120
5185,1.4934593005405388,492575,120
5186,1.4931095924928877,492670,120
5187,1.4926248198898395,492765,120
5188,1.4929609793670076,492860,120
5189,1.4929381224498173,492955,120
5190,1.4924285423190164,493050,120
5191,1.492208599501706,493145,120
5192,1.4917402667699489,493240,120
5193,1.4915161870079288,493335,120
5194,1.4912877796915038,493430,120
5195,1.4906367427820246,493525,120
5196,1.4904033540000758,493620,120
5197,1.4910684820090427,493715,120
5198,1.4903971493051116,493810,120
5199,1.4907005028476463,493905,120
5200,1.4904505483417536,494000,120
5201,1.4904706936982808,494095,120
5202,1.4905435769528648,494190,120
5203,1.4904054338932691,494285,120
5204,1.4905824701755819,494380,120
5205,1.4903077588451576,494475,120
5206,1.4901309772911155,494570,120
5207,1.4901704962205835,494665,120
5208,1.4903538481823622,494760,120
5209,1.4903595013974935,494855,120
5210,1.4902710923618077,494950,120
5211,1.4911638592708112,495045,120
5212,1.4908317640383146,495140,120
5213,1.4906482261587446,495235,120
5214,1.4899370210338629,495330,120
5215,1.4890689526991177,495425,120
5216,1.488860837952328,495520,120
5217,1.4886803901513381,495615,120
5218,1.4882628217197886,495710,120
5219,1.4880376182541999,495805,120
5220,1.4884969711565157,495900,120
5221,1.489398154115769,495995,120
5222,1.4901280786394098,496090,120
5223,1.4910827995501621,496185,120
5224,1.4915607114883043,496280,120
5225,1.4919110588103996,496375,120
5226,1.4916814762573969,496470,120
5227,1.4914430962343019,496565,120
5228,1.4911593503612488,496660,120
5229,1.4912668752646103,496755,120
5230,1.4906596462843504,496850,120
5231,1.4899140016260002,496945,120
5232,1.4900162742905172,497040,120
5233,1.4897493140922793,497135,120
5234,1.4899751356080522,497230,120
5235,1.4905266047354724,497325,120
5236,1.4914711693996794,497420,120
5237,1.4915522414709999,497515,120
5238,1.4914015353447485,497610,120
5239,1.492281657752881,497705,120
5240,1.4923819116416737,497800,120
5241,1.4930532833536916,497895,120
5242,1.493156391235922,497990,120
5243,1.493043874084159,498085,120
5244,1.4933849027314241,498180,120
5245,1.4929686458998124,498275,120
5246,1.493221878052172,498370,120
5247,1.4929680853421992,498465,120
5248,1.4936846624757252,498560,120
5249,1.4933552835245374,498655,120
5250,1.4932510448402696,498750,120
5251,1.4933860862265931,498845,120
5252,1.4934499343484884,498940,120
5253,1.4935901434683871,499035,120
5254,1.4931710325671537,499130,120
5255,1.4934348609128325,499225,120
5256,1.4927611025062935,499320,120
5257,1.4928915814655834,499415,120
5258,1.4923753272185822,499510,120
5259,1.492932003384744,499605,120
5260,1.4928255614540706,499700,120
5261,1.4935740244177282,499795,120
5262,1.4935818647064765,499890,120
5263,1.4941658296894504,499985,120
5264,1.4941035235424864,500080,120
5265,1.4944726758931257,500175,120
5266,1.4950646689266653,500270,120
5267,1.4950392461367858,500365,120
5268,1.4949861979294019,500460,120
5269,1.4955991705770937,500555,120
5270,1.4956756781441813,500650,120
5271,1.4953122325136734,500745,120
5272,1.4948628815648057,500840,120
5273,1.4942641080790489,500935,120
5274,1.4944422961884327,501030,120
5275,1.4941066105740921,501125,120
5276,1.4946361212223314,501220,120
5277,1.4947056832810999,501315,120
5278,1.4948894860615529,501410,120
5279,1.4949848806015282,501505,120
5280,1.494946934409507,501600,120
5281,1.4941667851842477,501695,120
5282,1.4947237422383959,501790,120
5283,1.4952893342556537,501885,120
5284,1.4954839540604075,501980,120
5285,1.4955099098372735,502075,120
5286,1.4965045372907726,502170,120
5287,1.4961944630083981,502265,120
5288,1.4961089584486937,502360,120
5289,1.4958269985721431,502455,120
5290,1.4955741892992227,502550,120
5291,1.4957293540054768,502645,120
5292,1.4963219034838364,502740,120
5293,1.495878234415875,502835,120
5294,1.4963928867646945,502930,120
5295,1.4962880151623108,503025,120
5296,1.4960725404742368,503120,120
5297,1.4963916591288073,503215,120
5298,1.4966799133165003,503310,120
5299,1.4970528492111592,503405,120
5300,1.4974085025896899,503500,120
5301,1.4969571345905566,503595,120
5302,1.4970217711646523,503690,120
5303,1.4971864749284083,503785,120
5304,1.4977285645281297,503880,120
5305,1.4976164802673344,503975,120
5306,1.4982117127645058,504070,120
5307,1.4993621666034904,504165,120
5308,1.4989112231590103,504260,120
5309,1.4992071158425124,504355,120
5310,1.4991382645631595,504450,120
5311,1.4994406570252299,504545,120
5312,1.4997660401285822,504640,120
5313,1.5003736816668451,504735,120
5314,1.5003227755977713,504830,120
5315,1.5005836006447444,504925,120
5316,1.5005301498678805,505020,120
5317,1.5010108584891795,505115,120
5318,1.5002956964485754,505210,120
5319,1.5006674951219903,505305,120
5320,1.5001832392757872,505400,120
5321,1.5002509528932795,505495,120
5322,1.4997006921797313,505590,120
5323,1.4991803975618454,505685,120
5324,1.499436171533115,505780,120
5325,1.4995027803662113,505875,120
5326,1.4992330140841557,505970,120
5327,1.4991008731217708,506065,120
5328,1.499504098424711,506160,120
5329,1.4988017647126641,506255,120
5330,1.4987629526804278,506350,120
5331,1.4989291635100173,506445,120
5332,1.4996512419309336,506540,120
5333,1.5001740138121289,506635,120
5334,1.49997998360954,506730,120
5335,1.4993993423615599,506825,120
5336,1.4991482574194235,506920,120
5337,1.4994344218370133,507015,120
5338,1.4995522116952,507110,120
5339,1.5003714747003525,507205,120
5340,1.4998413799903096,507300,120
5341,1.500046073699115,507395,120
5342,1.5006179997652349,507490,120
5343,1.5012322064530861,507585,120
5344,1.5020483992952993,507680,120
5345,1.5019330215203979,507775,120
5346,1.5017433178257349,507870,120
5347,1.5017955691312252,507965,120
5348,1.5011896073761029,508060,120
5349,1.5026936849604762,508155,120
5350,1.503193239707429,508250,120
5351,1.5033333644637932,508345,120
5352,1.5033266087924433,508440,120
5353,1.5035182953519013,508535,120
5354,1.5039645505908532,508630,120
5355,1.5046305301969409,508725,120
5356,1.5042515614310064,508820,120
5357,1.503922171846124,508915,120
5358,1.504537471824996,509010,120
5359,1.50444226651263,509105,120
5360,1.5053058910372292,509200,120
5361,1.5057124917487963,509295,120
5362,1.5069450504144224,509390,120
5363,1.5072031668945265,509485,120
5364,1.50685030493074,509580,120
5365,1.5067576696228302,509675,120
5366,1.5065128005577002,509770,120
5367,1.5060242568249966,509865,120
5368,1.5062303332488414,509960,120
5369,1.5072901394463678,510055,120
5370,1.5074268253441472,510150,120
5371,1.5082031646281826,510245,120
5372,1.5089425857821823,510340,120
5373,1.5097105029351661,510435,120
5374,1.5096912741501445,510530,120
5375,1.509520190312261,510625,120
5376,1.5098101006186,510720,120
5377,1.5106400955346604,510815,120
5378,1.5104304456035762,510910,120
5379,1.5107476283096124,511005,120
5380,1.5114410584534197,511100,120
5381,1.5111833545165572,511195,120
5382,1.5114996879442704,511290,120
5383,1.5129361402356951,511385,120
5384,1.5124769093701445,511480,120
5385,1.512498027455444,511575,120
5386,1.5128623579050873,511670,120
5387,1.512922175525641,511765,120
5388,1.5123484099182729,511860,120
5389,1.5127590485301212,511955,120
5390,1.5119174152801971,512050,120
5391,1.5121472932336435,512145,120
5392,1.5118357495919801,512240,120
5393,1.5115611524907986,512335,120
5394,1.5112518401744515,512430,120
5395,1.5112431184378268,512525,120
5396,1.511931750079931,512620,120
5397,1.5119582679449766,512715,120
5398,1.5120973705080352,512810,120
5399,1.5121224485904539,512905,120
5400,1.5109774740653112,513000,120
5401,1.511732074310866,513095,120
5402,1.511951534317368,513190,120
5403,1.5121813350382889,513285,120
5404,1.513112429796925,513380,120
5405,1.5139017796379135,513475,120
5406,1.513255399896539,513570,120
5407,1.5130237811645875,513665,120
5408,1.5125864673174385,513760,120
5409,1.5119404404682066,513855,120
5410,1.5123941990473451,513950,120
5411,1.5119762354458486,514045,120
5412,1.5117924434494425,514140,120
5413,1.512043993720495,514235,120
5414,1.5117634519149772,514330,120
5415,1.5121800565827661,514425,120
5416,1.5121117283160661,514520,120
5417,1.5125713958192171,514615,120
5418,1.5120891488146517,514710,120
5419,1.5114344472770636,514805,120
5420,1.5110858681714534,514900,120
5421,1.510621859676673,514995,120
5422,1.509983553158891,515090,120
5423,1.5097672296048796,515185,120
5424,1.5104123084025458,515280,120
5425,1.5102612053252888,515375,120
5426,1.5101456025496585,515470,120
5427,1.5102662380697782,515565,120
5428,1.5104742261445667,515660,120
5429,1.5110161745751018,515755,120
5430,1.5117216013237851,515850,120
5431,1.5114492013328624,515945,120
5432,1.5110773594602152,516040,120
5433,1.510796629266292,516135,120
5434,1.5107933949069643,516230,120
5435,1.5112744985533315,516325,120
5436,1.5107508324703647,516420,120
5437,1.5109719142853184,516515,120
5438,1.5115615444463375,516610,120
5439,1.5110694046939814,516705,120
5440,1.510822814867685,516800,120
5441,1.510196333711068,516895,120
5442,1.5092877156323157,516990,120
5443,1.5098656895793356,517085,120
5444,1.5099987737497373,517180,120
5445,1.5099401985543421,517275,120
5446,1.5101827001796799,517370,120
5447,1.5096669316981104,517465,120
5448,1.510689681407567,517560,120
5449,1.5108336931339335,517655,120
5450,1.5108189942315622,517750,120
5451,1.5110634335627302,517845,120
5452,1.5102154150316802,517940,120
5453,1.5101144292192954,518035,120
5454,1.5099488806608077,518130,120
5455,1.5101359256064077,518225,120
5456,1.5116077967252592,518320,120
5457,1.5120281832621874,518415,120
5458,1.5128655441330656,518510,120
5459,1.5131873086494898,518605,120
5460,1.512736585065841,518700,120
5461,1.5120129703660747,518795,120
5462,1.5115234937707798,518890,120
5463,1.5114777294166872,518985,120
5464,1.5120736426732204,519080,120
5465,1.5118832474777075,519175,120
5466,1.5115832067289248,519270,120
5467,1.5126358302403398,519365,120
5468,1.5129223743889475,519460,120
5469,1.512613598865399,519555,120
5470,1.5122106369111354,519650,120
5471,1.5127306764127482,519745,120
5472,1.5121438516709733,519840,120
5473,1.5118352352174624,519935,120
5474,1.5121739972550956,520030,120
5475,1.5122953645346098,520125,120
5476,1.512780609662904,520220,120
5477,1.5125672989206729,520315,120
5478,1.5133226263651869,520410,120
5479,1.5132964431131137,520505,120
5480,1.5130553629756167,520600,120
5481,1.5128031715979713,520695,120
5482,1.5124915628856885,520790,120
5483,1.5127801467738056,520885,120
5484,1.5124958077835096,520980,120
5485,1.5123798004792968,521075,120
5486,1.5120339785892762,521170,120
5487,1.5113773667613097,521265,120
5488,1.5117386741616221,521360,120
5489,1.5118218804018513,521455,120
5490,1.5113875186061017,521550,120
5491,1.5125747494624686,521645,120
5492,1.5122267726134295,521740,120
5493,1.5131559123205294,521835,120
5494,1.5126086483096941,521930,120
5495,1.5123898726087484,522025,120
5496,1.5128127109447116,522120,120
5497,1.5120946393816914,522215,120
5498,1.5123208230632281,522310,120
5499,1.5137671202686256,522405,120
5500,1.5133787188024743,522500,120
5501,1.5146290189191951,522595,120
5502,1.5144185185226628,522690,120
5503,1.5148324197025351,522785,120
5504,1.5147563139995808,522880,120
5505,1.5147051926967869,522975,120
5506,1.5148281245798525,523070,120
5507,1.5149529741324608,523165,120
5508,1.5150515988945701,523260,120
5509,1.5152128534805154,523355,120
5510,1.5150290122291425,523450,120
5511,1.5154395458978478,523545,120
5512,1.5156192675366622,523640,120
5513,1.5158804140415618,523735,120
5514,1.5159650723188569,523830,120
5515,1.5160653335761032,523925,120
5516,1.5162983995230885,524020,120
5517,1.516294755126856,524115,120
5518,1.5163884941078216,524210,120
5519,1.5167741474623415,524305,120
5520,1.5175987533054227,524400,120
5521,1.5180114472346649,524495,120
5522,1.5182452427830595,524590,120
5523,1.5186558754304513,524685,120
5524,1.5184904612627319,524780,120
5525,1.5189999692478835,524875,120
5526,1.5189432654553354,524970,120
5527,1.5191824623826029,525065,120
5528,1.5189024948839918,525160,120
5529,1.519060391520817,525255,120
5530,1.5197221415728279,525350,120
5531,1.5196918183833594,525445,120
5532,1.5191228704743736,525540,120
5533,1.5195617737084897,525635,120
5534,1.5200903991746704,525730,120
5535,1.5207874474154133,525825,120
5536,1.5210221891153997,525920,120
5537,1.5209514205819659,526015,120
5538,1.5211955357582758,526110,120
5539,1.5220002967799953,526205,120
5540,1.5224785672667573,526300,120
5541,1.5224011042887167,526395,120
5542,1.5229726426740051,526490,120
5543,1.5228821750333987,526585,120
5544,1.5230833688133003,526680,120
5545,1.5236101505588173,526775,120
5546,1.5233213352490129,526870,120
5547,1.5234174806793856,526965,120
5548,1.5239093321086419,527060,120
5549,1.5241297320535105,527155,120
5550,1.5244162147897873,527250,120
5551,1.5241569502430345,527345,120
5552,1.5240502575845136,527440,120
5553,1.5242630840987632,527535,120
5554,1.5238129291039599,527630,120
5555,1.5237571192599861,527725,120
5556,1.5233703042737319,527820,120
5557,1.5236981696814549,527915,120
5558,1.5233941779536422,528010,120
5559,1.5236971533832979,528105,120
5560,1.5242795230158614,528200,120
5561,1.5243780680412964,528295,120
5562,1.5252794787332891,528390,120
5563,1.5251445155954038,528485,120
5564,1.5251075474536315,528580,120
5565,1.5255041127426372,528675,120
5566,1.5259626640084292,528770,120
5567,1.5262400179360811,528865,120
5568,1.5261684265168352,528960,120
5569,1.5259920084699292,529055,120
5570,1.5262995843267591,529150,120
5571,1.5260577939900262,529245,120
5572,1.5259981650001213,529340,120
5573,1.5264568472319975,529435,120
5574,1.5257364099777295,529530,120
5575,1.5256071614112829,529625,120
5576,1.5261603078790298,529720,120
5577,1.5262047674448476,529815,120
5578,1.5263157362170892,529910,120
5579,1.5268051333566461,530005,120
5580,1.5272990588082502,530100,120
5581,1.5268696070245447,530195,120
5582,1.5271779260495741,530290,120
5583,1.5277118884280108,530385,120
5584,1.5283655615562615,530480,120
5585,1.5279043145616178,530575,120
5586,1.5279097076504944,530670,120
5587,1.5277927940971341,530765,120
5588,1.5273412175696395,530860,120
5589,1.5271368354601929,530955,120
5590,1.5272697961019859,531050,120
5591,1.5282552763831807,531145,120
5592,1.5283716381194148,531240,120
5593,1.5280526931838301,531335,120
5594,1.5275757131638608,531430,120
5595,1.5281782334509193,531525,120
5596,1.5282131748078736,531620,120
5597,1.5287323630848539,531715,120
5598,1.5285862622488688,531810,120
5599,1.5288547015769431,531905,120
5600,1.5293804746311623,532000,120
5601,1.5286546599433959,532095,120
5602,1.5285010572362785,532190,120
5603,1.5283357465482299,532285,120
5604,1.5278154302635698,532380,120
5605,1.5281613349726344,532475,120
5606,1.5282312602809511,532570,120
5607,1.5288782115739439,532665,120
5608,1.5282235410661553,532760,120
5609,1.5283428510943899,532855,120
5610,1.5282785998242863,532950,120
5611,1.5280217717272422,533045,120
5612,1.5280564281248579,533140,120
5613,1.5286489145327455,533235,120
5614,1.5283763897564393,533330,120
5615,1.5290954859900077,533425,120
5616,1.5290770730909815,533520,120
5617,1.5287003812652402,533615,120
5618,1.5289989015499224,533710,120
5619,1.5288478939100911,533805,120
5620,1.5288899423309927,533900,120
5621,1.5281627115152436,533995,120
5622,1.5283078536573611,534090,120
5623,1.5275942105865492,534185,120
5624,1.5271192121185686,534280,120
5625,1.5271360648967605,534375,120
5626,1.5275190682956932,534470,120
5627,1.5274159057446819,534565,120
5628,1.5270391194310375,534660,120
5629,1.5268409133748109,534755,120
5630,1.527123136665073,534850,120
5631,1.527214616339253,534945,120
5632,1.5274749850766041,535040,120
5633,1.5278336771408232,535135,120
5634,1.5282324438384833,535230,120
5635,1.5283633801333045,535325,120
5636,1.5288978948298799,535420,120
5637,1.5293928709771052,535515,120
5638,1.5291969326535209,535610,120
5639,1.5291560708526171,535705,120
5640,1.5294740426513371,535800,120
5641,1.529796966882224,535895,120
5642,1.5302474876033199,535990,120
5643,1.5298511202906873,536085,120
5644,1.5296921756306856,536180,120
5645,1.5318033554837251,536275,120
5646,1.5317474155768234,536370,120
5647,1.5313702004218301,536465,120
5648,1.5312104843211687,536560,120
5649,1.5315238201889707,536655,120
5650,1.5318248444398732,536750,120
5651,1.5318554703732332,536845,120
5652,1.5324539364799432,536940,120
5653,1.5329304918077027,537035,120
5654,1.5332112077156912,537130,120
5655,1.5333150696481235,537225,120
5656,1.5339815014580667,537320,120
5657,1.5335902273709909,537415,120
5658,1.5341213669706935,537510,120
5659,1.5350164760804204,537605,120
5660,1.53486650747088,537700,120
5661,1.5347649951197608,537795,120
5662,1.535950510877413,537890,120
5663,1.5359386844490752,537985,120
5664,1.5360237596427726,538080,120
5665,1.5359246322828151,538175,120
5666,1.5359023989168905,538270,120
5667,1.5354552647599171,538365,120
5668,1.5359010512126718,538460,120
5669,1.5361370623893,538555,120
5670,1.5360287830984412,538650,120
5671,1.5361040399460741,538745,120
5672,1.5366454888692542,538840,120
5673,1.5364639768222086,538935,120
5674,1.53690866357526,539030,120
5675,1.5365004573422101,539125,120
5676,1.5370380829899388,539220,120
5677,1.5369772238993613,539315,120
5678,1.5375630832155178,539410,120
5679,1.5378944747511163,539505,120
5680,1.538287652124656,539600,120
5681,1.5381369205715119,539695,120
5682,1.5385907478118224,539790,120
5683,1.5388249556968128,539885,120
5684,1.5384617922603838,539980,120
5685,1.5379172758436626,540075,120
5686,1.5378330331817518,540170,120
5687,1.5374750163973383,540265,120
5688,1.5375484406396125,540360,120
5689,1.5379414753181575,540455,120
5690,1.5374134979890446,540550,120
5691,1.5374466697328086,540645,120
5692,1.537244602161322,540740,120
5693,1.5371382730079899,540835,120
5694,1.5366764164821214,540930,120
5695,1.5363760811820308,541025,120
5696,1.5354452737183535,541120,120
5697,1.5354807851248442,541215,120
5698,1.5351763371231342,541310,120
5699,1.5354861239450004,541405,120
5700,1.5353676259181017,541500,120
5701,1.5356183708893114,541595,120
5702,1.5365732116606345,541690,120
5703,1.5369782322148269,541785,120
5704,1.5368915335272759,541880,120
5705,1.5365668756681718,541975,120
5706,1.5363412463341508,542070,120
5707,1.5364186104369588,542165,120
5708,1.5366370330173722,542260,120
5709,1.5369509800443037,542355,120
5710,1.5374559709117108,542450,120
5711,1.5371358869338931,542545,120
5712,1.5370928533577797,542640,120
5713,1.5373116079933657,542735,120
5714,1.5372948664371637,542830,120
5715,1.537661818356113,542925,120
5716,1.5376392948962727,543020,120
5717,1.5374257464764636,543115,120
5718,1.5373348782178,543210,120
5719,1.537541689972415,543305,120
5720,1.5380688115853094,543400,120
5721,1.5386573595110218,543495,120
5722,1.5383229569605876,543590,120
5723,1.5386755565372894,543685,120
5724,1.5385818858080917,543780,120
5725,1.5385603777930459,543875,120
5726,1.5385500610022835,543970,120
5727,1.5384773172611881,544065,120
5728,1.5385832832043291,544160,120
5729,1.5384579830835958,544255,120
5730,1.5384094442324889,544350,120
5731,1.538633255300657,544445,120
5732,1.5393641734624053,544540,120
5733,1.539171210235786,544635,120
5734,1.5395392344970695,544730,120
5735,1.5393377662592262,544825,120
5736,1.5403247433182716,544920,120
5737,1.540244693381895,545015,120
5738,1.5399463089460157,545110,120
5739,1.5396172493292197,545205,120
5740,1.5396662025925796,545300,120
5741,1.5404420980967108,545395,120
5742,1.5403743289773071,545490,120
5743,1.5400293715488824,545585,120
5744,1.5402284507882729,545680,120
5745,1.5410483033882112,545775,120
5746,1.5417343542236372,545870,120
5747,1.5418797654214691,545965,120
5748,1.5427425585579404,546060,120
5749,1.5423334520738374,546155,120
5750,1.542415751200231,546250,120
5751,1.5424907890795865,546345,120
5752,1.5423783213845197,546440,120
5753,1.5424414837013645,546535,120
5754,1.5417998549449143,546630,120
5755,1.541338245608409,546725,120
5756,1.542220848199352,546820,120
5757,1.5414657776005007,546915,120
5758,1.5415261861293625,547010,120
5759,1.5416954666393561,547105,120
5760,1.541937488447827,547200,120
5761,1.5425195853661928,547295,120
5762,1.5430515614047133,547390,120
5763,1.5423364973109179,547485,120
5764,1.5416788328754218,547580,120
5765,1.5420791820553783,547675,120
5766,1.5423767473357552,547770,120
5767,1.542443902599554,547865,120
5768,1.5417718500280622,547960,120
5769,1.5416054058252131,548055,120
5770,1.5420519458065447,548150,120
5771,1.5424108835771857,548245,120
5772,1.5430436934412006,548340,120
5773,1.5429314326939387,548435,120
5774,1.5428075258483342,548530,120
5775,1.5419771790267736,548625,120
5776,1.5424758412451594,548720,120
5777,1.5424801896435612,548815,120
5778,1.5427304523343568,548910,120
5779,1.5423070452986596,549005,120
5780,1.5421817528669572,549100,120
5781,1.5417793171387746,549195,120
5782,1.5432852361476679,549290,120
5783,1.5444152396367234,549385,120
5784,1.5440162820303382,549480,120
5785,1.5450011556313759,549575,120
5786,1.545768063609035,549670,120
5787,1.5452687806108349,549765,120
5788,1.5465522519375485,549860,120
5789,1.5463993637861149,549955,120
5790,1.5467829831371276,550050,120
5791,1.5460555499024089,550145,120
5792,1.5455474314990687,550240,120
5793,1.5452079904300695,550335,120
5794,1.5457263033332003,550430,120
5795,1.5455131497643193,550525,120
5796,1.5460260158968342,550620,120
5797,1.5453278372062067,550715,120
5798,1.5462691415241958,550810,120
5799,1.5462815215151589,550905,120
5800,1.5458649749514553,551000,120
5801,1.5462576484239137,551095,120
5802,1.5465925790694075,551190,120
5803,1.5470714200033717,551285,120
5804,1.546914593922502,551380,120
5805,1.5465583366816125,551475,120
5806,1.5471140017336105,551570,120
5807,1.5465948514272725,551665,120
5808,1.5468284129674934,551760,120
5809,1.5469337427209657,551855,120
5810,1.547279555362693,551950,120
5811,1.547420271640517,552045,120
5812,1.5471470197983208,552140,120
5813,1.5468960551182411,552235,120
5814,1.5467189592535802,552330,120
5815,1.5465866917117685,552425,120
5816,1.547348752201912,552520,120
5817,1.5474596010721555,552615,120
5818,1.5473194095015843,552710,120
5819,1.5474394563632163,552805,120
5820,1.5469666083593245,552900,120
5821,1.5467202592283864,552995,120
5822,1.5464458752808494,553090,120
5823,1.5464949104911951,553185,120
5824,1.5466880773208431,553280,120
5825,1.546512397202864,553375,120
5826,1.5475448506534808,553470,120
5827,1.5478071374725604,553565,120
5828,1.5491773072655104,553660,120
5829,1.550117100635682,553755,120
5830,1.5500599134886641,553850,120
5831,1.550321240111564,553945,120
5832,1.5502255880223685,554040,120
5833,1.5504164833936067,554135,120
5834,1.5506165952262623,554230,120
5835,1.5513618378410794,554325,120
5836,1.5510163743680165,554420,120
5837,1.5512086733441999,554515,120
5838,1.5506147973769899,554610,120
5839,1.5504826977620982,554705,120
5840,1.5513922290927367,554800,120
5841,1.5514884358224694,554895,120
5842,1.5520196422815011,554990,120
5843,1.5520015490978931,555085,120
5844,1.5522577770773787,555180,120
5845,1.5530853587954847,555275,120
5846,1.5529158746329594,555370,120
5847,1.5532719476842911,555465,120
5848,1.5537188238508697,555560,120
5849,1.5535649018125588,555655,120
5850,1.5539518515834525,555750,120
5851,1.5539299381132747,555845,120
5852,1.5539244499260869,555940,120
5853,1.5532763762465065,556035,120
5854,1.5531102565439361,556130,120
5855,1.5535138232137524,556225,120
5856,1.5532023532772092,556320,120
5857,1.5529694734990533,556415,120
5858,1.554339903085193,556510,120
5859,1.5549132484680186,556605,120
5860,1.555096381703851,556700,120
5861,1.5549841291189748,556795,120
5862,1.55469340204951,556890,120
5863,1.5543703258972692,556985,120
5864,1.5538838667866337,557080,120
5865,1.5531547586794854,557175,120
5866,1.5531865092133228,557270,120
5867,1.5529554770778655,557365,120
5868,1.5525572848721885,557460,120
5869,1.5532767716028217,557555,120
5870,1.5531816776377261,557650,120
5871,1.5539252375079364,557745,120
5872,1.5537967865189604,557840,120
5873,1.553976406620867,557935,120
5874,1.553867711701842,558030,120
5875,1.5536200975778085,558125,120
5876,1.5527323571486813,558220,120
5877,1.5532329572405943,558315,120
5878,1.5532161210010229,558410,120
5879,1.5533499037075558,558505,120
5880,1.552700556155175,558600,120
5881,1.552223494094374,558695,120
5882,1.5517405771253783,558790,120
5883,1.55152794589631,558885,120
5884,1.5515260953056766,558980,120
5885,1.5522081785886288,559075,120
5886,1.5522095875893638,559170,120
5887,1.5531103266706956,559265,120
5888,1.553294688740986,559360,120
5889,1.5536061163160402,559455,120
5890,1.5550577396457319,559550,120
5891,1.5546918978634379,559645,120
5892,1.5550512563950896,559740,120
5893,1.554839511697111,559835,120
5894,1.5551783860366362,559930,120
5895,1.5549737841480136,560025,120
5896,1.5549634631507967,560120,120
5897,1.5556697722850559,560215,120
5898,1.5558633571128335,560310,120
5899,1.5557218261651993,560405,120
5900,1.5552492108868781,560500,120
5901,1.5560560942166706,560595,120
5902,1.55582079280559,560690,120
5903,1.5570604187958279,560785,120
5904,1.5572862556468907,560880,120
5905,1.5568353665007508,560975,120
5906,1.556861969238917,561070,120
5907,1.5568871093202628,561165,120
5908,1.5562198973383023,561260,120
5909,1.5564366650414427,561355,120
5910,1.5567261326270703,561450,120
5911,1.5565231219372957,561545,120
5912,1.5560837664870604,561640,120
5913,1.5561002638651618,561735,120
5914,1.5565705311019953,561830,120
5915,1.5562557712970406,561925,120
5916,1.5562636570008601,562020,120
5917,1.5568007388569478,562115,120
5918,1.5566686899805149,562210,120
5919,1.5564456914135167,562305,120
5920,1.5563558943182931,562400,120
5921,1.5564034287713051,562495,120
5922,1.555764237781877,562590,120
5923,1.5558214527247136,562685,120
5924,1.5558822299805157,562780,120
5925,1.5554404032347331,562875,120
5926,1.5550658715385348,562970,120
5927,1.5546452656245533,563065,120
5928,1.5541178189550802,563160,120
5929,1.5539693501594563,563255,120
5930,1.5547163293849535,563350,120
5931,1.5540696415020052,563445,120
5932,1.5538107873667788,563540,120
5933,1.5534386615328788,563635,120
5934,1.553453799554436,563730,120
5935,1.5535510283724163,563825,120
5936,1.5540432063693639,563920,120
5937,1.5541757228725686,564015,120
5938,1.5543248704398203,564110,120
5939,1.5550375878679574,564205,120
5940,1.5556935353098773,564300,120
5941,1.5555469493898963,564395,120
5942,1.5562009571631499,564490,120
5943,1.5568989955494865,564585,120
5944,1.5568941469696223,564680,120
5945,1.5573082921423749,564775,120
5946,1.5564392340096855,564870,120
5947,1.5570377589228419,564965,120
5948,1.5570024483516163,565060,120
5949,1.5570972077187595,565155,120
5950,1.5567146064788258,565250,120
5951,1.5561962505342568,565345,120
5952,1.5560510164221559,565440,120
5953,1.555345955662472,565535,120
5954,1.5551494241783201,565630,120
5955,1.5550599033342472,565725,120
5956,1.5554923179291533,565820,120
5957,1.5562459052615774,565915,120
5958,1.5566001920792416,566010,120
5959,1.5570381332533316,566105,120
5960,1.5570166528214984,566200,120
5961,1.5569395169359033,566295,120
5962,1.5573466074158062,566390,120
5963,1.557644032872038,566485,120
5964,1.5578632666614867,566580,120
5965,1.5580409205660399,566675,120
5966,1.5574124337403603,566770,120
5967,1.5580814967131016,566865,120
5968,1.559377249858414,566960,120
5969,1.5605686712414157,567055,120
5970,1.5603465142476844,567150,120
5971,1.559973893264222,567245,120
5972,1.5597924799965248,567340,120
5973,1.5603475500938755,567435,120
5974,1.5602103125105633,567530,120
5975,1.5607951788911885,567625,120
5976,1.5616817534203145,567720,120
5977,1.5620555737626731,567815,120
5978,1.5621421564475892,567910,120
5979,1.5619977711052744,568005,120
5980,1.5617380382073935,568100,120
5981,1.5614394167101788,568195,120
5982,1.5615294571392637,568290,120
5983,1.5629030151934362,568385,120
5984,1.562331860677951,568480,120
5985,1.5625388064860335,568575,120
5986,1.5622295803148822,568670,120
5987,1.5620051947324873,568765,120
5988,1.5612573572726667,568860,120
5989,1.5612581559821719,568955,120
5990,1.5614743874038723,569050,120
5991,1.5618646226901896,569145,120
5992,1.5613581037792967,569240,120
5993,1.5611323172293217,569335,120
5994,1.5618537892099398,569430,120
5995,1.5612769821166297,569525,120
5996,1.5611250856339678,569620,120
5997,1.5622060428850211,569715,120
5998,1.5616596238104987,569810,120
5999,1.5628279955075022,569905,120
6000,1.5651275148520305,570000,120
6001,1.5651709902565614,570095,120
6002,1.565968929192203,570190,120
6003,1.5660069748717163,570285,120
6004,1.5658175349898382,570380,120
6005,1.5659706884948361,570475,120
6006,1.5658597106410388,570570,120
6007,1.5655037300499874,570665,120
6008,1.5651499035747933,570760,120
6009,1.5656457031840023,570855,120
6010,1.5654185729323238,570950,120
6011,1.5650444968411754,571045,120
6012,1.5643931004366243,571140,120
6013,1.5645779593592877,571235,120
6014,1.5650514294695173,571330,120
6015,1.5650758722950611,571425,120
6016,1.5654544693325017,571520,120
6017,1.565767151419249,571615,120
6018,1.5653793378950671,571710,120
6019,1.5665463045994354,571805,120
6020,1.5665792710636972,571900,120
6021,1.5668310906557084,571995,120
6022,1.5673391020650502,572090,120
6023,1.5680771909087783,572185,120
6024,1.5689762633013087,572280,120
6025,1.5707160522511185,572375,120
6026,1.5707369708789305,572470,120
6027,1.5707385748074589,572565,120
6028,1.5711074953360198,572660,120
6029,1.5715658232607899,572755,120
6030,1.5735882389244606,572850,120
6031,1.5741011449457483,572945,120
6032,1.5742001318616545,573040,120
6033,1.5735324724828585,573135,120
6034,1.573840225220575,573230,120
6035,1.5733858755011771,573325,120
6036,1.5727341847647696,573420,120
6037,1.5732138680360013,573515,120
6038,1.5734459519007722,573610,120
6039,1.5726509044378461,573705,120
6040,1.5725826986005025,573800,120
6041,1.5723121562735174,573895,120
6042,1.5722626020476806,573990,120
6043,1.5723433454874467,574085,120
6044,1.5733274009231293,574180,120
6045,1.5731163176246135,574275,120
6046,1.5739130671679293,574370,120
6047,1.5734618090061836,574465,120
6048,1.5733720474938655,574560,120
6049,1.5732279307108417,574655,120
6050,1.5723959190104477,574750,120
6051,1.5723071156901303,574845,120
6052,1.5718503193405209,574940,120
6053,1.5721424985764041,575035,120
6054,1.5729575306912211,575130,120
6055,1.5725351867044488,575225,120
6056,1.5718742443338878,575320,120
6057,1.5717399937082122,575415,120
6058,1.5712444826321552,575510,120
6059,1.5707515114234825,575605,120
6060,1.5699073221012116,575700,120
6061,1.5700712382305959,575795,120
6062,1.5705919399423429,575890,120
6063,1.5705075004063995,575985,120
6064,1.5701373456267784,576080,120
6065,1.569478278486711,576175,120
6066,1.5695967695910884,576270,120
6067,1.5690501061623829,576365,120
6068,1.568915624099811,576460,120
6069,1.5684329431385906,576555,120
6070,1.5686520308036715,576650,120
6071,1.5681745867857764,576745,120
6072,1.5688512743434857,576840,120
6073,1.5693727734520633,576935,120
6074,1.5690136501657284,577030,120
6075,1.5690797099389133,577125,120
6076,1.5692454654605312,577220,120
6077,1.5693060785941708,577315,120
6078,1.5687937332170905,577410,120
6079,1.568956461522462,577505,120
6080,1.5685833115350922,577600,120
6081,1.5687068793402756,577695,120
6082,1.5690175004227989,577790,120
6083,1.5685693281550266,577885,120
6084,1.5687316399307836,577980,120
6085,1.5683614597984938,578075,120
6086,1.5687324792901307,578170,120
6087,1.5687422796586108,578265,120
6088,1.5692733390770515,578360,120
6089,1.5692203591832858,578455,120
6090,1.5692637116353563,578550,120
6091,1.5696424880588302,578645,120
6092,1.5695877520370978,578740,120
6093,1.5698767324615122,578835,120
6094,1.5695204644524339,578930,120
6095,1.56963481051473,579025,120
6096,1.5702270910773377,579120,120
6097,1.5708774298605217,579215,120
6098,1.5707956401212801,579310,120
6099,1.5708653843889258,579405,120
6100,1.5706331493405825,579500,120
6101,1.5704623904913508,579595,120
6102,1.5711079371270695,579690,120
6103,1.5713714047814622,579785,120
6104,1.5719948743456444,579880,120
6105,1.5721658718778759,579975,120
6106,1.5720138654995353,580070,120
6107,1.5724297511964334,580165,120
6108,1.5721793479639969,580260,120
6109,1.5721070131583155,580355,120
6110,1.5715988970193229,580450,120
6111,1.5720897172177992,580545,120
6112,1.5728737338102867,580640,120
6113,1.5725410052904407,580735,120
6114,1.5723646193926235,580830,120
6115,1.5722572257573788,580925,120
6116,1.5726267349384517,581020,120
6117,1.5723410810782699,581115,120
6118,1.5729251676180516,581210,120
6119,1.5730484083936995,581305,120
6120,1.5732202412854035,581400,120
6121,1.5746154123141585,581495,120
6122,1.5741997643839765,581590,120
6123,1.5731757027093958,581685,120
6124,1.5724147818659335,581780,120
6125,1.5738159182416784,581875,120
6126,1.5736901332799826,581970,120
6127,1.5732132863294823,582065,120
6128,1.5740143403014564,582160,120
6129,1.5741906945454283,582255,120
6130,1.5740309441370197,582350,120
6131,1.5734351821097861,582445,120
6132,1.5744801055312345,582540,120
6133,1.5744281651135033,582635,120
6134,1.5737275126107988,582730,120
6135,1.5736021292276294,582825,120
6136,1.5750426992046991,582920,120
6137,1.5761784795945777,583015,120
6138,1.5773291103592115,583110,120
6139,1.5774309743734323,583205,120
6140,1.5769072064583318,583300,120
6141,1.5764311086480072,583395,120
6142,1.5762108052828798,583490,120
6143,1.5760875894294022,583585,120
6144,1.5759946529327735,583680,120
6145,1.5757202044078209,583775,120
6146,1.5755532810330724,583870,120
6147,1.575404001840552,583965,120
6148,1.5749997125039457,584060,120
6149,1.5757435264814601,584155,120
6150,1.5749895793944788,584250,120
6151,1.5751677799617831,584345,120
6152,1.574603658175459,584440,120
6153,1.5757074088911691,584535,120
6154,1.5763285693307982,584630,120
6155,1.5763615882007136,584725,120
6156,1.5760587449764512,584820,120
6157,1.5763940117573594,584915,120
6158,1.5759080418518892,585010,120
6159,1.5756663393924391,585105,120
6160,1.5753960041943837,585200,120
6161,1.5754175074285948,585295,120
6162,1.5757286173465708,585390,120
6163,1.5753488351181046,585485,120
6164,1.5752920912313491,585580,120
6165,1.575535587805402,585675,120
6166,1.5753421176044389,585770,120
6167,1.5755902509890565,585865,120
6168,1.5755059527168194,585960,120
6169,1.5747386578732174,586055,120
6170,1.5742104315575804,586150,120
6171,1.5752198329215039,586245,120
6172,1.5755920512539314,586340,120
6173,1.5755551378687922,586435,120
6174,1.5757799483110051,586530,120
6175,1.5754836639778709,586625,120
6176,1.5755000861760504,586720,120
6177,1.5750489170263642,586815,120
6178,1.5758678457985693,586910,120
6179,1.5761591614215826,587005,120
6180,1.5768364358932876,587100,120
6181,1.5764042023327802,587195,120
6182,1.5768476292374658,587290,120
6183,1.5764071854906443,587385,120
6184,1.5764927751539617,587480,120
6185,1.5768728305161592,587575,120
6186,1.5772832019178611,587670,120
6187,1.5767521431672276,587765,120
6188,1.5767729427913053,587860,120
6189,1.577189751721144,587955,120
6190,1.5777670443783616,588050,120
6191,1.5783049583477404,588145,120
6192,1.5786429159983786,588240,120
6193,1.5793824943426997,588335,120
6194,1.5794618268969418,588430,120
6195,1.579674043205834,588525,120
6196,1.5796017989598634,588620,120
6197,1.5790048945051827,588715,120
6198,1.579086508875265,588810,120
6199,1.5797107932735246,588905,120
6200,1.5794322270067687,589000,120
6201,1.5793679962777205,589095,120
6202,1.5792644445160757,589190,120
6203,1.5794624838836639,589285,120
6204,1.5791232388209189,589380,120
6205,1.5790324863633856,589475,120
6206,1.5804374390205891,589570,120
6207,1.5803079436812768,589665,120
6208,1.5797717902045703,589760,120
6209,1.57911090906215,589855,120
6210,1.579075259351288,589950,120
6211,1.5790738222187735,590045,120
6212,1.5784904294233613,590140,120
6213,1.5792253996384282,590235,120
6214,1.5793011422265852,590330,120
6215,1.5787552975125414,590425,120
6216,1.5785509893415954,590520,120
6217,1.5787377339644846,590615,120
6218,1.579173369133748,590710,120
6219,1.5791818545725929,590805,120
6220,1.5794770770706226,590900,120
6221,1.579426791430333,590995,120
6222,1.5787508051830494,591090,120
6223,1.5790268885200713,591185,120
6224,1.5786539156897466,591280,120
6225,1.5784186932481215,591375,120
6226,1.5787499301756287,591470,120
6227,1.5795871600580169,591565,120
6228,1.5789714196693014,591660,120
6229,1.5795338709229649,591755,120
6230,1.5793839629064119,591850,120
6231,1.5791617278559034,591945,120
6232,1.5791198731792264,592040,120
6233,1.5794239796283389,592135,120
6234,1.57921250637577,592230,120
6235,1.5795483838179132,592325,120
6236,1.5794211619409715,592420,120
6237,1.5788693749825558,592515,120
6238,1.5791911753089556,592610,120
6239,1.5792738688605656,592705,120
6240,1.5787151302617985,592800,120
6241,1.5784051375214023,592895,120
6242,1.5776392922903679,592990,120
6243,1.5771137044498851,593085,120
6244,1.5764781427528738,593180,120
6245,1.5762365299864165,593275,120
6246,1.5761823976831111,593370,120
6247,1.5776787783114967,593465,120
6248,1.5773192249021259,593560,120
6249,1.5772850667594516,593655,120
6250,1.5768709191250687,593750,120
6251,1.5765923480549204,593845,120
6252,1.5767884073631868,593940,120
6253,1.5765054585810636,594035,120
6254,1.5761217942822638,594130,120
6255,1.5763104496358353,594225,120
6256,1.5762488181418581,594320,120
6257,1.5754596853263827,594415,120
6258,1.5754424358404682,594510,120
6259,1.5751843031605188,594605,120
6260,1.5747102006789646,594700,120
6261,1.5752003474225771,594795,120
6262,1.5744114623842482,594890,120
6263,1.5742230814930562,594985,120
6264,1.5757472863014002,595080,120
6265,1.5761831897956189,595175,120
6266,1.5759687607622017,595270,120
6267,1.5764708285285549,595365,120
6268,1.5772598720060411,595460,120
6269,1.5781413067572938,595555,120
6270,1.5778524158627887,595650,120
6271,1.5780923471340593,595745,120
6272,1.577646969988606,595840,120
6273,1.5782302877998071,595935,120
6274,1.5780188063886902,596030,120
6275,1.5778168621401165,596125,120
6276,1.5774576189531666,596220,120
6277,1.5772723768564949,596315,120
6278,1.5777915986818369,596410,120
6279,1.577733087224807,596505,120
6280,1.5775527898988051,596600,120
6281,1.5789857174606423,596695,120
6282,1.5789614006685484,596790,120
6283,1.5784969455863118,596885,120
6284,1.5782810759006252,596980,120
6285,1.5781219351922393,597075,120
6286,1.5777161891995755,597170,120
6287,1.5773244319727573,597265,120
6288,1.5770584172228375,597360,120
6289,1.5766469244294177,597455,120
6290,1.5769914521729442,597550,120
6291,1.5770776357972769,597645,120
6292,1.5769383067409044,597740,120
6293,1.5780274959929141,597835,120
6294,1.5774271017759103,597930,120
6295,1.5770036225636126,598025,120
6296,1.5773370460643923,598120,120
6297,1.5775090721465872,598215,120
6298,1.577111871901774,598310,120
6299,1.5767520157513375,598405,120
6300,1.5764675459628208,598500,120
6301,1.576590840256507,598595,120
6302,1.5759373474621732,598690,120
6303,1.5763722260644046,598785,120
6304,1.5763584085663849,598880,120
6305,1.5762570512860969,598975,120
6306,1.5768821058778044,599070,120
6307,1.5773556395155255,599165,120
6308,1.5784527299058715,599260,120
6309,1.5780028684015011,599355,120
6310,1.5777325136746303,599450,120
6311,1.5775428999418761,599545,120
6312,1.5784852092078345,599640,120
6313,1.578502477575628,599735,120
6314,1.578817361467348,599830,120
6315,1.57809203234263,599925,120
6316,1.5789968441648887,600020,120
6317,1.5790271893182457,600115,120
6318,1.5800780176097389,600210,120
6319,1.5806671390730935,600305,120
6320,1.5799696217076034,600400,120
6321,1.5801299617949689,600495,120
6322,1.5805942855127326,600590,120
6323,1.5809064090687179,600685,120
6324,1.5808473200796456,600780,120
6325,1.5803806613219142,600875,120
6326,1.5808213375184312,600970,120
6327,1.5806771701803295,601065,120
6328,1.5801871135419709,601160,120
6329,1.5803779138953544,601255,120
6330,1.5801866119054004,601350,120
6331,1.5806611468868026,601445,120
6332,1.5808405814182249,601540,120
6333,1.5803754685484046,601635,120
6334,1.5820810937586915,601730,120
6335,1.5831045881103327,601825,120
6336,1.5835313334521486,601920,120
6337,1.5833331318584243,602015,120
6338,1.583938544846283,602110,120
6339,1.5838304236837466,602205,120
6340,1.5842827218037441,602300,120
6341,1.5840180874350624,602395,120
6342,1.5837662485807422,602490,120
6343,1.5835283970377056,602585,120
6344,1.5833183470362504,602680,120
6345,1.5832235151342799,602775,120
6346,1.583045943994162,602870,120
6347,1.5830166153226131,602965,120
6348,1.5833981799378778,603060,120
6349,1.5832018074540382,603155,120
6350,1.5839305444576348,603250,120
6351,1.5836838651011331,603345,120
6352,1.583577975226629,603440,120
6353,1.5838919834812417,603535,120
6354,1.583314078513119,603630,120
6355,1.5831244014865333,603725,120
6356,1.5831009165093275,603820,120
6357,1.583180539086902,603915,120
6358,1.5829822956248429,604010,120
6359,1.5833431282504133,604105,120
6360,1.5830498372816451,604200,120
6361,1.5835048910128726,604295,120
6362,1.5830323249228722,604390,120
6363,1.5825123902677209,604485,120
6364,1.5830536372056423,604580,120
6365,1.5827560887836596,604675,120
6366,1.5837167519036912,604770,120
6367,1.5838636391427938,604865,120
6368,1.584945892631844,604960,120
6369,1.5850048075832861,605055,120
6370,1.584485359945826,605150,120
6371,1.5845959056281167,605245,120
6372,1.5840971055671305,605340,120
6373,1.5840674220869908,605435,120
6374,1.5841102375463083,605530,120
6375,1.584195629598053,605625,120
6376,1.5838090266467899,605720,120
6377,1.5842234891902953,605815,120
6378,1.5842326178558737,605910,120
6379,1.5841422205679514,606005,120
6380,1.5847105112990909,606100,120
6381,1.5839945375059115,606195,120
6382,1.5836817649597981,606290,120
6383,1.5833502387668059,606385,120
6384,1.5824718262728437,606480,120
6385,1.5824796458797159,606575,120
6386,1.5828473188722514,606670,120
6387,1.5823920029180585,606765,120
6388,1.5824589647477176,606860,120
6389,1.583080972262136,606955,120
6390,1.5823344516296831,607050,120
6391,1.5820131187677977,607145,120
6392,1.582011247250803,607240,120
6393,1.5820247208574241,607335,120
6394,1.5825305097116329,607430,120
6395,1.5822027065344533,607525,120
6396,1.5826043673993433,607620,120
6397,1.582760173217455,607715,120
6398,1.5824754726871522,607810,120
6399,1.5824146909956054,607905,120
6400,1.5827635226627734,608000,120
6401,1.5834784664220971,608095,120
6402,1.5847113357677729,608190,120
6403,1.5846787155877453,608285,120
6404,1.5840880386887553,608380,120
6405,1.5841972907879345,608475,120
6406,1.5840949096014381,608570,120
6407,1.5842301568579922,608665,120
6408,1.5838204289505642,608760,120
6409,1.5840055584442998,608855,120
6410,1.5846127554550529,608950,120
6411,1.5842329581176913,609045,120
6412,1.5838352326014475,609140,120
6413,1.584173414619457,609235,120
6414,1.5837069229117284,609330,120
6415,1.5841799542233526,609425,120
6416,1.5846922805569019,609520,120
6417,1.5854163028122414,609615,120
6418,1.5847867472967458,609710,120
6419,1.5842700343762754,609805,120
6420,1.5843031370663792,609900,120
6421,1.5842378829782742,609995,120
6422,1.5846584383304467,610090,120
6423,1.5849190860239006,610185,120
6424,1.5867189270454864,610280,120
6425,1.5873105366398974,610375,120
6426,1.5867534373658863,610470,120
6427,1.5866093271230233,610565,120
6428,1.5858894837230215,610660,120
6429,1.5851968103821326,610755,120
6430,1.5846423478558529,610850,120
6431,1.5845132749278272,610945,120
6432,1.5842671032964744,611040,120
6433,1.5844240154166691,611135,120
6434,1.584673725763549,611230,120
6435,1.5848257274542377,611325,120
6436,1.5844333639069161,611420,120
6437,1.5845759566921755,611515,120
6438,1.5837708510009259,611610,120
6439,1.584345587279661,611705,120
6440,1.5837450993300437,611800,120
6441,1.5842086461582705,611895,120
6442,1.5834124024181919,611990,120
6443,1.5825987741694751,612085,120
6444,1.5818604982989577,612180,120
6445,1.5817875319266084,612275,120
6446,1.5815710632474573,612370,120
6447,1.5813186929509455,612465,120
6448,1.5815814419800567,612560,120
6449,1.5810553697887839,612655,120
6450,1.5804820491745661,612750,120
6451,1.5806702517192615,612845,120
6452,1.5823634879497153,612940,120
6453,1.5827066371694551,613035,120
6454,1.5828226765419144,613130,120
6455,1.5823819725573744,613225,120
6456,1.5823729113572456,613320,120
6457,1.5823432189128521,613415,120
6458,1.582966057034016,613510,120
6459,1.5831593044708181,613605,120
6460,1.5840747753036304,613700,120
6461,1.5838169930263695,613795,120
6462,1.5836143952417938,613890,120
6463,1.5842317890947231,613985,120
6464,1.5836460617593018,614080,120
6465,1.5841840333209307,614175,120
6466,1.5838091048662175,614270,120
6467,1.5834547556855623,614365,120
6468,1.5839812060382152,614460,120
6469,1.5840390875241965,614555,120
6470,1.5845632331258137,614650,120
6471,1.5849795719037134,614745,120
6472,1.5849264023106933,614840,120
6473,1.5850573997695225,614935,120
6474,1.5849928767693799,615030,120
6475,1.584805013219371,615125,120
6476,1.5847028337399518,615220,120
6477,1.5846271585545988,615315,120
6478,1.5848143463376345,615410,120
6479,1.5849854178502849,615505,120
6480,1.5847998870837829,615600,120
6481,1.5848489051523909,615695,120
6482,1.5845508731356468,615790,120
6483,1.5854526915117784,615885,120
6484,1.5852289926740115,615980,120
6485,1.5851805487996276,616075,120
6486,1.58538350358318,616170,120
6487,1.5854212071701239,616265,120
6488,1.5858227607903699,616360,120
6489,1.5850313311538764,616455,120
6490,1.5849339035619656,616550,120
6491,1.5855210529686397,616645,120
6492,1.585794295910151,616740,120
6493,1.5857701961090591,616835,120
6494,1.5859416748187893,616930,120
6495,1.5867501403100699,617025,120
6496,1.586372271942923,617120,120
6497,1.5864918385338918,617215,120
6498,1.586262549522192,617310,120
6499,1.5863036995490887,617405,120
6500,1.5860879860512636,617500,120
6501,1.5860269869478616,617595,120
6502,1.585873270273356,617690,120
6503,1.585921860635273,617785,120
6504,1.5853199825880711,617880,120
6505,1.5858182168179222,617975,120
6506,1.5857135525260191,618070,120
6507,1.5860781277189602,618165,120
6508,1.5859612623177364,618260,120
6509,1.5859613459484887,618355,120
6510,1.5863145338686724,618450,120
6511,1.5862566036958581,618545,120
6512,1.5866628135204841,618640,120
6513,1.5859085740775178,618735,120
6514,1.5869827758694004,618830,120
6515,1.5865659475800014,618925,120
6516,1.5877000162754815,619020,120
6517,1.5870490592049711,619115,120
6518,1.58715380077458,619210,120
6519,1.5872257568396737,619305,120
6520,1.5875117318019074,619400,120
6521,1.5872012811913494,619495,120
6522,1.5877262201096762,619590,120
6523,1.588026513059088,619685,120
6524,1.5889784613711164,619780,120
6525,1.5885308479605276,619875,120
6526,1.5882926045059929,619970,120
6527,1.5905856157415212,620065,120
6528,1.5911429288412744,620160,120
6529,1.5906576655016309,620255,120
6530,1.5920473714353849,620350,120
6531,1.5928578678661036,620445,120
6532,1.5932096243090215,620540,120
6533,1.5927813606885153,620635,120
6534,1.5924546697834538,620730,120
6535,1.592516595442377,620825,120
6536,1.592347998610913,620920,120
6537,1.5919619066528328,621015,120
6538,1.5927355107049468,621110,120
6539,1.5925441482642786,621205,120
6540,1.5923394363113323,621300,120
6541,1.5929681663341411,621395,120
6542,1.5921038913095533,621490,120
6543,1.5923758616014319,621585,120
6544,1.5927819339984268,621680,120
6545,1.5927344378728772,621775,120
6546,1.5940416414988008,621870,120
6547,1.5935612754055009,621965,120
6548,1.593319453629805,622060,120
6549,1.5931782946149824,622155,120
6550,1.5924916688502524,622250,120
6551,1.5918686768976862,622345,120
6552,1.5914069655183603,622440,120
6553,1.5913667357953354,622535,120
6554,1.5910421080892867,622630,120
6555,1.5905122236142339,622725,120
6556,1.5907938326946982,622820,120
6557,1.5917530595477334,622915,120
6558,1.5913342470487257,623010,120
6559,1.5907073928446114,623105,120
6560,1.5902424686136452,623200,120
6561,1.5901227719362101,623295,120
6562,1.5896470424606606,623390,120
6563,1.5899470694536861,623485,120
6564,1.5891947674798541,623580,120
6565,1.5897000778879173,623675,120
6566,1.5899791108460861,623770,120
6567,1.589765027131115,623865,120
6568,1.5895510040933245,623960,120
6569,1.588913050244454,624055,120
6570,1.5893777926755257,624150,120
6571,1.5891018293443833,624245,120
6572,1.5885988846282417,624340,120
6573,1.5884093721946331,624435,120
6574,1.5883198069472653,624530,120
6575,1.588341220310485,624625,120
6576,1.5877986937630666,624720,120
6577,1.5872852838951828,624815,120
6578,1.5871645091081505,624910,120
6579,1.5872594394239039,625005,120
6580,1.5869283518138648,625100,120
6581,1.5875094627515052,625195,120
6582,1.58790915944823,625290,120
6583,1.5877636837131002,625385,120
6584,1.5876146713537065,625480,120
6585,1.5874576612860214,625575,120
6586,1.5871386016303231,625670,120
6587,1.5868527571117337,625765,120
6588,1.5871401486930905,625860,120
6589,1.5875878643629147,625955,120
6590,1.5872144656673186,626050,120
6591,1.5869658202355694,626145,120
6592,1.587455113719602,626240,120
6593,1.5870938543843993,626335,120
6594,1.5872882869698794,626430,120
6595,1.5870260988513589,626525,120
6596,1.5869305947746541,626620,120
6597,1.5870866607066954,626715,120
6598,1.5875090080180916,626810,120
6599,1.5877042053829191,626905,120
6600,1.588116190569772,627000,120
6601,1.5882106730013441,627095,120
6602,1.5876506539800272,627190,120
6603,1.5869441996025915,627285,120
6604,1.5866061392357234,627380,120
6605,1.5862322759364047,627475,120
6606,1.5870156121346275,627570,120
6607,1.5875590316512198,627665,120
6608,1.5870679972491695,627760,120
6609,1.5878841234971541,627855,120
6610,1.5876854988133666,627950,120
6611,1.5885673916800225,628045,120
6612,1.5889780785984418,628140,120
6613,1.588586843835514,628235,120
6614,1.5887392930656048,628330,120
6615,1.5890063010486226,628425,120
6616,1.5886551486973235,628520,120
6617,1.5885750139907888,628615,120
6618,1.5882694277690883,628710,120
6619,1.5881685093851159,628805,120
6620,1.5888822730548202,628900,120
6621,1.5897728394027086,628995,120
6622,1.5892824399983381,629090,120
6623,1.5890255004687144,629185,120
6624,1.5898885489719359,629280,120
6625,1.5901062462537978,629375,120
6626,1.590625627424924,629470,120
6627,1.5906333299839437,629565,120
6628,1.5914728180585533,629660,120
6629,1.5914197158656196,629755,120
6630,1.5917404834264783,629850,120
6631,1.5915355149547814,629945,120
6632,1.591117639051173,630040,120
6633,1.5906361453310889,630135,120
6634,1.5909040152960385,630230,120
6635,1.591095101870994,630325,120
6636,1.5909648609219,630420,120
6637,1.5913120161820664,630515,120
6638,1.5917225836497064,630610,120
6639,1.5911041843006175,630705,120
6640,1.5910330630194951,630800,120
6641,1.5906234176374352,630895,120
6642,1.5905046777993119,630990,120
6643,1.5907382924825424,631085,120
6644,1.5900451708467174,631180,120
6645,1.5899807152744152,631275,120
6646,1.5908707419258019,631370,120
6647,1.5900838639019814,631465,120
6648,1.5903748090582415,631560,120
6649,1.5907598691282996,631655,120
6650,1.5917796259142369,631750,120
6651,1.5915436047466618,631845,120
6652,1.5916871348025026,631940,120
6653,1.5921642725507541,632035,120
6654,1.5919393301785223,632130,120
6655,1.5916568412301508,632225,120
6656,1.590985183424189,632320,120
6657,1.5906512643008008,632415,120
6658,1.5906064689882764,632510,120
6659,1.5903596995676619,632605,120
6660,1.5904976629986687,632700,120
6661,1.5910466314297576,632795,120
6662,1.5906888030810906,632890,120
6663,1.5910601209730619,632985,120
6664,1.5909074004933281,633080,120
6665,1.5909738597947078,633175,120
6666,1.5909290896854615,633270,120
6667,1.5903157617556696,633365,120
6668,1.5908142287211715,633460,120
6669,1.5906158971421553,633555,120
6670,1.590465019767028,633650,120
6671,1.5911926129440424,633745,120
6672,1.590873731470891,633840,120
6673,1.5908073891919061,633935,120
6674,1.5905137377524388,634030,120
6675,1.5901529489743256,634125,120
6676,1.590379207354897,634220,120
6677,1.5898245277212331,634315,120
6678,1.5895466183101135,634410,120
6679,1.5893494671824429,634505,120
6680,1.5892226952790405,634600,120
6681,1.5886589261948931,634695,120
6682,1.5888290926241273,634790,120
6683,1.5879894456728767,634885,120
6684,1.5890113474205134,634980,120
6685,1.5898716603346195,635075,120
6686,1.5905121271695764,635170,120
6687,1.5912115670531759,635265,120
6688,1.5915644118931054,635360,120
6689,1.591827581296736,635455,120
6690,1.5916400019582542,635550,120
6691,1.592682058104153,635645,120
6692,1.5919934695773115,635740,120
6693,1.5918021751162563,635835,120
6694,1.5915818634255854,635930,120
6695,1.590864159872573,636025,120
6696,1.5915267364398253,636120,120
6697,1.5918630044221025,636215,120
6698,1.5920415289125125,636310,120
6699,1.5920284392455191,636405,120
6700,1.5920391864219263,636500,120
6701,1.5915265763460591,636595,120
6702,1.5919045434726993,636690,120
6703,1.5927439284900122,636785,120
6704,1.5923111076878271,636880,120
6705,1.5923839924416672,636975,120
6706,1.592014734199527,637070,120
6707,1.5920936833992969,637165,120
6708,1.5917791264271004,637260,120
6709,1.5916993525497529,637355,120
6710,1.5916130001312256,637450,120
6711,1.5916527191795682,637545,120
6712,1.59186453274981,637640,120
6713,1.5918853451223809,637735,120
6714,1.5921695211296076,637830,120
6715,1.5917079116697219,637925,120
6716,1.5923071060917744,638020,120
6717,1.5926816209926633,638115,120
6718,1.592945250911725,638210,120
6719,1.5924939514698548,638305,120
6720,1.5932173001471612,638400,120
6721,1.5923924176590161,638495,120
6722,1.5927225824442914,638590,120
6723,1.5923792180499305,638685,120
6724,1.592545933486875,638780,120
6725,1.592494704333147,638875,120
6726,1.5927926054414183,638970,120
6727,1.5928581139083813,639065,120
6728,1.5927938175955398,639160,120
6729,1.5924062986867142,639255,120
6730,1.5921581315405389,639350,120
6731,1.5928304142495742,639445,120
6732,1.5933748823235703,639540,120
6733,1.5931849364272674,639635,120
6734,1.5931288521675138,639730,120
6735,1.5924317281773281,639825,120
6736,1.5922649601512677,639920,120
6737,1.5925368991918614,640015,120
6738,1.5919075534974561,640110,120
6739,1.5918906226956702,640205,120
6740,1.591651525396631,640300,120
6741,1.5921422901028921,640395,120
6742,1.5919303942812546,640490,120
6743,1.5925839560701109,640585,120
6744,1.5921579077724133,640680,120
6745,1.5916855981293081,640775,120
6746,1.5921928258717799,640870,120
6747,1.591633095407248,640965,120
6748,1.5915256671532458,641060,120
6749,1.5914214999668235,641155,120
6750,1.5921769329298396,641250,120
6751,1.5919141924412554,641345,120
6752,1.5917850294338618,641440,120
6753,1.5923549998155229,641535,120
6754,1.5922175150949351,641630,120
6755,1.5914225184486421,641725,120
6756,1.5918608249751414,641820,120
6757,1.5922544257756153,641915,120
6758,1.5923869455017658,642010,120
6759,1.5923220983165103,642105,120
6760,1.5927465440911632,642200,120
6761,1.5922638081948002,642295,120
6762,1.5918243737203073,642390,120
6763,1.5916108475649415,642485,120
6764,1.5910184647142156,642580,120
6765,1.5911671745252498,642675,120
6766,1.5918164343741341,642770,120
6767,1.5913970362288148,642865,120
6768,1.5912904793584859,642960,120
6769,1.5922452267895024,643055,120
6770,1.5931429797905703,643150,120
6771,1.5928691325391584,643245,120
6772,1.5925589072529243,643340,120
6773,1.5918318337391173,643435,120
6774,1.591355980653125,643530,120
6775,1.5918953945550358,643625,120
6776,1.5911767083390993,643720,120
6777,1.5907900881527719,643815,120
6778,1.5900813827238582,643910,120
6779,1.5897674518352205,644005,120
6780,1.5898404571385034,644100,120
6781,1.5894483357443423,644195,120
6782,1.5893083932011112,644290,120
6783,1.589487699574365,644385,120
6784,1.5898640248414553,644480,120
6785,1.5899074335997299,644575,120
6786,1.5901241485054072,644670,120
6787,1.5901806030743122,644765,120
6788,1.5897868072951171,644860,120
6789,1.5894317882515239,644955,120
6790,1.58867070917506,645050,120
6791,1.5883786689551991,645145,120
6792,1.5887812830692263,645240,120
6793,1.5892973053760702,645335,120
6794,1.5885995934742494,645430,120
6795,1.5878853440025342,645525,120
6796,1.5875445400589672,645620,120
6797,1.586943354634176,645715,120
6798,1.5860632802808448,645810,120
6799,1.586020404194368,645905,120
6800,1.5858051704794329,646000,120
6801,1.5852995972065633,646095,120
6802,1.5849051875165434,646190,120
6803,1.5844313467775248,646285,120
6804,1.584216452380913,646380,120
6805,1.5848535739640359,646475,120
6806,1.5843926412749385,646570,120
6807,1.5839042794551752,646665,120
6808,1.5838412024248589,646760,120
6809,1.5837464345310208,646855,120
6810,1.5834769045719492,646950,120
6811,1.5834917809112685,647045,120
6812,1.5831070499838322,647140,120
6813,1.5824746142060822,647235,120
6814,1.5815870557340832,647330,120
6815,1.5815827543745797,647425,120
6816,1.5823794372226807,647520,120
6817,1.5823046180334333,647615,120
6818,1.582290433072318,647710,120
6819,1.5825750233237998,647805,120
6820,1.5824412426331975,647900,120
6821,1.5820403086789447,647995,120
6822,1.5820318899568382,648090,120
6823,1.582104139682859,648185,120
6824,1.5826129711767285,648280,120
6825,1.582921670560453,648375,120
6826,1.5829823061588828,648470,120
6827,1.5825852582320425,648565,120
6828,1.5828317664056233,648660,120
6829,1.5829016159597595,648755,120
6830,1.5823013855688328,648850,120
6831,1.5817329775880478,648945,120
6832,1.5829253696534984,649040,120
6833,1.5836559804337078,649135,120
6834,1.5838184747289192,649230,120
6835,1.5837089901799359,649325,120
6836,1.5831096634838027,649420,120
6837,1.5832508690258775,649515,120
6838,1.5825666887534957,649610,120
6839,1.5834136585184102,649705,120
6840,1.5833746234168351,649800,120
6841,1.5832489682344153,649895,120
6842,1.584684183552638,649990,120
6843,1.5844572045498766,650085,120
6844,1.5842606196339943,650180,120
6845,1.5849575664341524,650275,120
6846,1.5855824771837175,650370,120
6847,1.5861868570660866,650465,120
6848,1.5856723271792275,650560,120
6849,1.5858915666557183,650655,120
6850,1.5850017164967167,650750,120
6851,1.58459949589639,650845,120
6852,1.5840724780709357,650940,120
6853,1.5838604679752979,651035,120
6854,1.5845599555707806,651130,120
6855,1.5847323540929565,651225,120
6856,1.5844782583875221,651320,120
6857,1.5851147594958965,651415,120
6858,1.5845417492650935,651510,120
6859,1.5848406235507082,651605,120
6860,1.5855161959905699,651700,120
6861,1.5853219953917566,651795,120
6862,1.585739480371908,651890,120
6863,1.5860715997260757,651985,120
6864,1.585828223521941,652080,120
6865,1.5864694033636488,652175,120
6866,1.5864706759053406,652270,120
6867,1.5862805401897591,652365,120
6868,1.5861280518867533,652460,120
6869,1.5865604956413253,652555,120
6870,1.5869833586934081,652650,120
6871,1.5863641651966078,652745,120
6872,1.5872455267826675,652840,120
6873,1.5876205616008598,652935,120
6874,1.5874183157700466,653030,120
6875,1.5873766313152213,653125,120
6876,1.587088997370983,653220,120
6877,1.5869877431307757,653315,120
6878,1.5865316315292679,653410,120
6879,1.5861286493822035,653505,120
6880,1.5861147065219754,653600,120
6881,1.5857576275385699,653695,120
6882,1.5854066847832291,653790,120
6883,1.5852963315272766,653885,120
6884,1.5859683050534277,653980,120
6885,1.5857793350184726,654075,120
6886,1.5863225980874252,654170,120
6887,1.5858307930445472,654265,120
6888,1.5865229362851265,654360,120
6889,1.5867420961288048,654455,120
6890,1.5876262617462937,654550,120
6891,1.5866854559049353,654645,120
6892,1.5868639993431777,654740,120
6893,1.5862334324597498,654835,120
6894,1.5878311966214085,654930,120
6895,1.587877875940535,655025,120
6896,1.5892120759226791,655120,120
6897,1.5881534249189597,655215,120
6898,1.5881465135570763,655310,120
6899,1.5891032743100901,655405,120
6900,1.5887023913491116,655500,120
6901,1.5889723880209328,655595,120
6902,1.5884495642885925,655690,120
6903,1.5889701200297137,655785,120
6904,1.5891590666460906,655880,120
6905,1.5890822057226923,655975,120
6906,1.5886339523909558,656070,120
6907,1.5884006769876311,656165,120
6908,1.5877597641130872,656260,120
6909,1.5883649317534254,656355,120
6910,1.5885934705161864,656450,120
6911,1.5883664789695584,656545,120
6912,1.588200088396722,656640,120
6913,1.5881212103750615,656735,120
6914,1.5885151296537723,656830,120
6915,1.5886464107363714,656925,120
6916,1.588650663896779,657020,120
6917,1.5890383026210864,657115,120
6918,1.5890045854252253,657210,120
6919,1.5890546904831797,657305,120
6920,1.5893216145039744,657400,120
6921,1.5888672889676965,657495,120
6922,1.5887590007771208,657590,120
6923,1.5887789367009433,657685,120
6924,1.5889808765084033,657780,120
6925,1.5900574351685173,657875,120
6926,1.5896156611181842,657970,120
6927,1.5903007551473693,658065,120
6928,1.5903703191342418,658160,120
6929,1.590127080308515,658255,120
6930,1.5909401688706313,658350,120
6931,1.5911899774590232,658445,120
6932,1.591037312998216,658540,120
6933,1.5913743041422093,658635,120
6934,1.5923362376863672,658730,120
6935,1.5932920258469252,658825,120
6936,1.5927267686685764,658920,120
6937,1.59250074745909,659015,120
6938,1.5923408929672345,659110,120
6939,1.5925403127777438,659205,120
6940,1.5926907251328031,659300,120
6941,1.5922977583639466,659395,120
6942,1.5915496580455968,659490,120
6943,1.5918163458242736,659585,120
6944,1.5916283947507728,659680,120
6945,1.5910570375821684,659775,120
6946,1.5909257696392303,659870,120
6947,1.5907032448735505,659965,120
6948,1.5909775749657786,660060,120
6949,1.5908025361834308,660155,120
6950,1.5903376176867028,660250,120
6951,1.5907256189701384,660345,120
6952,1.5906242331890343,660440,120
6953,1.5904830082826076,660535,120
6954,1.5918352767907966,660630,120
6955,1.5915565724453127,660725,120
6956,1.5912724943195762,660820,120
6957,1.5911737002709387,660915,120
6958,1.5916895902508914,661010,120
6959,1.5919044983374455,661105,120
6960,1.5914559007717219,661200,120
6961,1.5914129108616932,661295,120
6962,1.5919146973636933,661390,120
6963,1.5914588722176355,661485,120
6964,1.5920237471299157,661580,120
6965,1.5925432459153464,661675,120
6966,1.5938134474685683,661770,120
6967,1.5933532983172149,661865,120
6968,1.5938112242760818,661960,120
6969,1.5935903611575601,662055,120
6970,1.5939649029769736,662150,120
6971,1.5943437145312835,662245,120
6972,1.5953514918962088,662340,120
6973,1.5965082227925635,662435,120
6974,1.5962399442318402,662530,120
6975,1.5967079738489522,662625,120
6976,1.597726091799007,662720,120
6977,1.5976868692699271,662815,120
6978,1.5975741009254634,662910,120
6979,1.598320486479299,663005,120
6980,1.5982703359970292,663100,120
6981,1.5978739639991664,663195,120
6982,1.5975401191315437,663290,120
6983,1.5983203433621871,663385,120
6984,1.5992902194720344,663480,120
6985,1.5996044063248966,663575,120
6986,1.6000743395904933,663670,120
6987,1.6000845636264867,663765,120
6988,1.6006025428903565,663860,120
6989,1.6007797531044134,663955,120
6990,1.6003092816168647,664050,120
6991,1.6002038713920681,664145,120
6992,1.6001077014419838,664240,120
6993,1.6013504856131258,664335,120
6994,1.6019017290658037,664430,120
6995,1.601507290968629,664525,120
6996,1.6009808367145841,664620,120
6997,1.6019499199919776,664715,120
6998,1.6015246649523447,664810,120
6999,1.6018646827945966,664905,120
7000,1.6023817217564238,665000,120
7001,1.6022877897609831,665095,120
7002,1.6024538118919802,665190,120
7003,1.6026915155744936,665285,120
7004,1.6024872892963733,665380,120
7005,1.6023130219282167,665475,120
7006,1.6017319300459629,665570,120
7007,1.6020786905614199,665665,120
7008,1.6022430184932182,665760,120
7009,1.6018099589285506,665855,120
7010,1.6020619244877081,665950,120
7011,1.6021760115952539,666045,120
7012,1.6019750410642433,666140,120
7013,1.6018110323153678,666235,120
7014,1.6014724982471626,666330,120
7015,1.601664899504889,666425,120
7016,1.6014050823019002,666520,120
7017,1.6012077965220961,666615,120
7018,1.6011962777121407,666710,120
7019,1.600757519281788,666805,120
7020,1.6007894770773115,666900,120
7021,1.6003631024111988,666995,120
7022,1.6007677277458754,667090,120
7023,1.6008842150746849,667185,120
7024,1.600744918518257,667280,120
7025,1.6001174525811497,667375,120
7026,1.6004487611218809,667470,120
7027,1.5997635910311407,667565,120
7028,1.5999006619609266,667660,120
7029,1.5998056992001519,667755,120
7030,1.5993545654587955,667850,120
7031,1.5988756192649289,667945,120
7032,1.5989628504355713,668040,120
7033,1.5989151985923811,668135,120
7034,1.5985444236333646,668230,120
7035,1.5986708762909272,668325,120
7036,1.5994369072529619,668420,120
7037,1.6001384114671089,668515,120
7038,1.6002689313473453,668610,120
7039,1.6008342328137581,668705,120
7040,1.6002516428917677,668800,120
7041,1.600752269617983,668895,120
7042,1.6026304186370748,668990,120
7043,1.6023473869669245,669085,120
7044,1.6017160284222758,669180,120
7045,1.6018607346658906,669275,120
7046,1.6019674188795712,669370,120
7047,1.6029745718809758,669465,120
7048,1.6027285539406186,669560,120
7049,1.6019795052944139,669655,120
7050,1.6016726402870238,669750,120
7051,1.6012317226087831,669845,120
7052,1.6007707839635021,669940,120
7053,1.6000865240479347,670035,120
7054,1.6002610994546744,670130,120
7055,1.6001337271668561,670225,120
7056,1.5996689526540058,670320,120
7057,1.6002044069740542,670415,120
7058,1.6000544604445954,670510,120
7059,1.5997052969428744,670605,120
7060,1.5990782125695917,670700,120
7061,1.6003309540822555,670795,120
7062,1.5996562849404787,670890,120
7063,1.5992348499150586,670985,120
7064,1.5990642428070623,671080,120
7065,1.5993151666240479,671175,120
7066,1.6000249383409724,671270,120
7067,1.6004954086960772,671365,120
7068,1.5999431438820859,671460,120
7069,1.5994030149792766,671555,120
7070,1.5997300941038601,671650,120
7071,1.6000878625305084,671745,120
7072,1.6000971371078136,671840,120
7073,1.5993101678355044,671935,120
7074,1.6004004445491011,672030,120
7075,1.5998279606412811,672125,120
7076,1.6000847058785073,672220,120
7077,1.6000834764631318,672315,120
7078,1.599895945516995,672410,120
7079,1.5997285490687971,672505,120
7080,1.5997962011594276,672600,120
7081,1.5994328764471664,672695,120
7082,1.5991957138188968,672790,120
7083,1.5989552689484328,672885,120
7084,1.5985034241454319,672980,120
7085,1.5988725158577837,673075,120
7086,1.5986121121914663,673170,120
7087,1.5982765696846937,673265,120
7088,1.5975287473544719,673360,120
7089,1.5975066796267101,673455,120
7090,1.5974824718178109,673550,120
7091,1.5967166606535639,673645,120
7092,1.5968584871429647,673740,120
7093,1.596406129236047,673835,120
7094,1.5969204736401894,673930,120
7095,1.5961352662968618,674025,120
7096,1.5957804635491422,674120,120
7097,1.5955303924587723,674215,120
7098,1.5951150909212148,674310,120
7099,1.5950058361109858,674405,120
7100,1.595320439065959,674500,120
7101,1.5956655806579592,674595,120
7102,1.595669769121264,674690,120
7103,1.5947985922897574,674785,120
7104,1.5950715608464412,674880,120
7105,1.5954373663288606,674975,120
7106,1.5956627190928554,675070,120
7107,1.5955676431595109,675165,120
7108,1.5956545215998696,675260,120
7109,1.5956090134625809,675355,120
7110,1.5956274277300702,675450,120
7111,1.5967267633597326,675545,120
7112,1.5970756318430148,675640,120
7113,1.5969091376405418,675735,120
7114,1.5968203360261048,675830,120
7115,1.5970330719989263,675925,120
7116,1.5980609637344407,676020,120
7117,1.5979680655882857,676115,120
7118,1.5972395054510513,676210,120
7119,1.5969967307916841,676305,120
7120,1.5982474432706977,676400,120
7121,1.5980376195796393,676495,120
7122,1.5981382234802262,676590,120
7123,1.5975695070065448,676685,120
7124,1.5975133580948371,676780,120
7125,1.5968137082533329,676875,120
7126,1.596137226952729,676970,120
7127,1.5961194519649169,677065,120
7128,1.5965240851975018,677160,120
7129,1.598022863888074,677255,120
7130,1.5989626260496539,677350,120
7131,1.5984329832546269,677445,120
7132,1.5980600372968892,677540,120
7133,1.5988105317435743,677635,120
7134,1.5992081176532149,677730,120
7135,1.5992016305530494,677825,120
7136,1.5990111916498131,677920,120
7137,1.5987974692387348,678015,120
7138,1.5980754491694584,678110,120
7139,1.5978986545647322,678205,120
7140,1.5979147777545293,678300,120
7141,1.5986032488373039,678395,120
7142,1.5980536471373876,678490,120
7143,1.5982262077450435,678585,120
7144,1.5983056921989409,678680,120
7145,1.5990089771122549,678775,120
7146,1.5992826678986825,678870,120
7147,1.5993730304752662,678965,120
7148,1.5988933707740598,679060,120
7149,1.5996277984897489,679155,120
7150,1.5997258172184394,679250,120
7151,1.5999838270482059,679345,120
7152,1.5997224586120939,679440,120
7153,1.5998848925924543,679535,120
7154,1.6004137130381626,679630,120
7155,1.6004818333548281,679725,120
7156,1.5996392929488459,679820,120
7157,1.5996143229436108,679915,120
7158,1.5991239418825138,680010,120
7159,1.5988766771468725,680105,120
7160,1.5980656881313013,680200,120
7161,1.5978441779514383,680295,120
7162,1.5970867439215304,680390,120
7163,1.5973344438116774,680485,120
7164,1.5972001088483889,680580,120
7165,1.5976287642865918,680675,120
7166,1.5985872369018148,680770,120
7167,1.5994650121576142,680865,120
7168,1.5994290698760123,680960,120
7169,1.5989637107907948,681055,120
7170,1.5988119433174515,681150,120
7171,1.5985531172319198,681245,120
7172,1.5979084560419186,681340,120
7173,1.5981997315105998,681435,120
7174,1.5982691907983859,681530,120
7175,1.5982541651398718,681625,120
7176,1.5994745214545396,681720,120
7177,1.5991066100669999,681815,120
7178,1.5987881637569175,681910,120
7179,1.5984274546995301,682005,120
7180,1.5984200911125936,682100,120
7181,1.5981890538988766,682195,120
7182,1.5974625061075023,682290,120
7183,1.5978931732683752,682385,120
7184,1.5983765342425891,682480,120
7185,1.598099597036337,682575,120
7186,1.5989308947401313,682670,120
7187,1.5992287661549327,682765,120
7188,1.5998995267411336,682860,120
7189,1.5994412614401361,682955,120
7190,1.6001839725328855,683050,120
7191,1.6001089154818542,683145,120
7192,1.6003661311907529,683240,120
7193,1.5999942547845065,683335,120
7194,1.6001868264322132,683430,120
7195,1.5996891905806858,683525,120
7196,1.6000559755288606,683620,120
7197,1.6018092587087167,683715,120
7198,1.6021035822041492,683810,120
7199,1.602431536081361,683905,120
7200,1.6018595683126464,684000,120
7201,1.6013959283053341,684095,120
7202,1.6021721220694387,684190,120
7203,1.6018916979827122,684285,120
7204,1.601775304088255,684380,120
7205,1.6018060712444948,684475,120
7206,1.6015875088866367,684570,120
7207,1.6017651710805636,684665,120
7208,1.6016702871138744,684760,120
7209,1.6014982891103688,684855,120
7210,1.6023837305418145,684950,120
7211,1.6014212442212032,685045,120
7212,1.601005595826718,685140,120
7213,1.6013779647416697,685235,120
7214,1.6020457075581591,685330,120
7215,1.6018936466835658,685425,120
7216,1.6021812708242236,685520,120
7217,1.6019798435229533,685615,120
7218,1.6017950532748289,685710,120
7219,1.6011473059489127,685805,120
7220,1.6009717277738471,685900,120
7221,1.6007245419339515,685995,120
7222,1.6011993679257024,686090,120
7223,1.6021677161423209,686185,120
7224,1.6022796104129644,686280,120
7225,1.6016743736562635,686375,120
7226,1.6022618541627012,686470,120
7227,1.6019279098067474,686565,120
7228,1.6011512430506891,686660,120
7229,1.6006944784841537,686755,120
7230,1.6008604905483776,686850,120
7231,1.6001971875427514,686945,120
7232,1.5999543569135357,687040,120
7233,1.5995388444467524,687135,120
7234,1.599854209053414,687230,120
7235,1.599066006048677,687325,120
7236,1.5986116996895101,687420,120
7237,1.5980863758226158,687515,120
7238,1.5974279737836903,687610,120
7239,1.5974305927829553,687705,120
7240,1.5966362777448928,687800,120
7241,1.5965517203232242,687895,120
7242,1.5967692599725749,687990,120
7243,1.5966626679590405,688085,120
7244,1.5960347767652732,688180,120
7245,1.5958325414894672,688275,120
7246,1.5964671608411596,688370,120
7247,1.5967881290399717,688465,120
7248,1.596953258894855,688560,120
7249,1.597181486361791,688655,120
7250,1.5977458567084211,688750,120
7251,1.5978699293462786,688845,120
7252,1.5979164277873998,688940,120
7253,1.5981663089271578,689035,120
7254,1.5980239030241385,689130,120
7255,1.5982051768443231,689225,120
7256,1.5976694435921228,689320,120
7257,1.5972278540682263,689415,120
7258,1.5979954796414217,689510,120
7259,1.5979829616086627,689605,120
7260,1.5978993505331369,689700,120
7261,1.5982911030260891,689795,120
7262,1.5977140595280601,689890,120
7263,1.5969855005419504,689985,120
7264,1.5963364254600811,690080,120
7265,1.5962287512261322,690175,120
7266,1.5961374315819798,690270,120
7267,1.5960458407017644,690365,120
7268,1.5961872069537528,690460,120
7269,1.5956756832060728,690555,120
7270,1.5953038107149149,690650,120
7271,1.5949083785181457,690745,120
7272,1.5947721576667375,690840,120
7273,1.5957837194039397,690935,120
7274,1.5954699501836709,691030,120
7275,1.5953168733494725,691125,120
7276,1.5965074745006582,691220,120
7277,1.5969585237653767,691315,120
7278,1.5964606942098234,691410,120
7279,1.5966495374858047,691505,120
7280,1.5963115747626264,691600,120
7281,1.5969751058185944,691695,120
7282,1.5971360712786971,691790,120
7283,1.5978796085119731,691885,120
7284,1.598490222528699,691980,120
7285,1.5989972479686239,692075,120
7286,1.6002412418676495,692170,120
7287,1.6004567788646042,692265,120
7288,1.600471712349387,692360,120
7289,1.601286752803418,692455,120
7290,1.6010643363663943,692550,120
7291,1.6012969085699464,692645,120
7292,1.6010896720078041,692740,120
7293,1.6014858335645947,692835,120
7294,1.6015914661402635,692930,120
7295,1.6022188257411263,693025,120
7296,1.6022122549449502,693120,120
7297,1.6017021891910928,693215,120
7298,1.6019457197588627,693310,120
7299,1.6016762158564581,693405,120
7300,1.6016738735242557,693500,120
7301,1.6022286207873138,693595,120
7302,1.6025148716107553,693690,120
7303,1.6019756032230785,693785,120
7304,1.6020668463741561,693880,120
7305,1.604174100657757,693975,120
7306,1.6039685289281012,694070,120
7307,1.604505772680574,694165,120
7308,1.6045964757629276,694260,120
7309,1.6046615301293232,694355,120
7310,1.6050682757289614,694450,120
7311,1.6051404466902242,694545,120
7312,1.6049209127100514,694640,120
7313,1.6049682125719005,694735,120
7314,1.6044342921138535,694830,120
7315,1.6048419833805903,694925,120
7316,1.6056316469585232,695020,120
7317,1.6050017137934047,695115,120
7318,1.6060288672892256,695210,120
7319,1.6061700346548571,695305,120
7320,1.6067488656448339,695400,120
7321,1.6064197536908327,695495,120
7322,1.6068754118589192,695590,120
7323,1.6076107531961215,695685,120
7324,1.6077545663919623,695780,120
7325,1.6084360933902788,695875,120
7326,1.6082194331587623,695970,120
7327,1.608655501898149,696065,120
7328,1.6086535749520257,696160,120
7329,1.6086845861781449,696255,120
7330,1.6078629929608097,696350,120
7331,1.6079461392934453,696445,120
7332,1.6075129488186308,696540,120
7333,1.6079814000499042,696635,120
7334,1.6077106126535163,696730,120
7335,1.6081969837615162,696825,120
7336,1.6083566769571918,696920,120
7337,1.6086569334632579,697015,120
7338,1.6081540900507023,697110,120
7339,1.608382782066097,697205,120
7340,1.6088236335740329,697300,120
7341,1.6087728176312657,697395,120
7342,1.6093577895941964,697490,120
7343,1.6090526981753184,697585,120
7344,1.6091362274759438,697680,120
7345,1.6104319285908084,697775,120
7346,1.6098992687678657,697870,120
7347,1.6107231429635454,697965,120
7348,1.6109973851156869,698060,120
7349,1.6106232511495631,698155,120
7350,1.6103463006915042,698250,120
7351,1.6107440359699567,698345,120
7352,1.6114537297216003,698440,120
7353,1.6121537703636388,698535,120
7354,1.613387318979018,698630,120
7355,1.6130103033867051,698725,120
7356,1.6129732343620191,698820,120
7357,1.6140308043018647,698915,120
7358,1.6144973161964904,699010,120
7359,1.6150258974105569,699105,120
7360,1.6159611124347191,699200,120
7361,1.6160857098782173,699295,120
7362,1.6173102047678634,699390,120
7363,1.6181561619202121,699485,120
7364,1.6177870261869771,699580,120
7365,1.6181055575099488,699675,120
7366,1.6171360988393506,699770,120
7367,1.6180297204761567,699865,120
7368,1.617718351065597,699960,120
7369,1.6177625884865099,700055,120
7370,1.6176112821839972,700150,120
7371,1.6176907408644956,700245,120
7372,1.6180861985893784,700340,120
7373,1.6185606106249111,700435,120
7374,1.6187169125409848,700530,120
7375,1.6194538466422181,700625,120
7376,1.6207449891328547,700720,120
7377,1.6203828647245266,700815,120
7378,1.6204982195111997,700910,120
7379,1.6203724344387791,701005,120
7380,1.6206668732642568,701100,120
7381,1.6206000817408355,701195,120
7382,1.6209170443957612,701290,120
7383,1.620564226821791,701385,120
7384,1.6209525700256344,701480,120
7385,1.6210950818216585,701575,120
7386,1.6204367600271374,701670,120
7387,1.6209513516301968,701765,120
7388,1.620891165675882,701860,120
7389,1.6204436526388097,701955,120
7390,1.6213552361694501,702050,120
7391,1.62097847243034,702145,120
7392,1.6201534962654074,702240,120
7393,1.6203266563254399,702335,120
7394,1.6206738898607165,702430,120
7395,1.6209318680709206,702525,120
7396,1.6206124606900949,702620,120
7397,1.6207252989322187,702715,120
7398,1.6207502328393095,702810,120
7399,1.6212283944772823,702905,120
7400,1.622153535866625,703000,120
7401,1.6226648860505839,703095,120
7402,1.6235373445123977,703190,120
7403,1.6234141711462646,703285,120
7404,1.6231729797935164,703380,120
7405,1.6229132875462817,703475,120
7406,1.6226976413060694,703570,120
7407,1.6226277970475371,703665,120
7408,1.622384117383497,703760,120
7409,1.6222207349057569,703855,120
7410,1.6220641865332908,703950,120
7411,1.6219303951927293,704045,120
7412,1.6220829807828641,704140,120
7413,1.6218982956643981,704235,120
7414,1.6215993677383416,704330,120
7415,1.62096474466047,704425,120
7416,1.6215833583907233,704520,120
7417,1.6212168073989994,704615,120
7418,1.6212877705766615,704710,120
7419,1.6216238652943331,704805,120
7420,1.6207791382613288,704900,120
7421,1.6214772194240015,704995,120
7422,1.6216198131997244,705090,120
7423,1.6218785857871483,705185,120
7424,1.6212818686713659,705280,120
7425,1.6210546816152414,705375,120
7426,1.6213047629933091,705470,120
7427,1.6217689698033051,705565,120
7428,1.6221771585149891,705660,120
7429,1.6233271421503792,705755,120
7430,1.6236596708719473,705850,120
7431,1.6239060187790528,705945,120
7432,1.6235641029892678,706040,120
7433,1.6227840874334643,706135,120
7434,1.622779186645235,706230,120
7435,1.6230602660152964,706325,120
7436,1.6228029696204747,706420,120
7437,1.6227955966903254,706515,120
7438,1.6231864325187206,706610,120
7439,1.6240356562872755,706705,120
7440,1.6252709276980772,706800,120
7441,1.6256694863603056,706895,120
7442,1.6252022363367906,706990,120
7443,1.62558881869953,707085,120
7444,1.6255434645186351,707180,120
7445,1.6255604663456273,707275,120
7446,1.6249380569850143,707370,120
7447,1.624692890987691,707465,120
7448,1.6261075831315861,707560,120
7449,1.6264670497306692,707655,120
7450,1.6263732740869383,707750,120
7451,1.6269645723003729,707845,120
7452,1.6268050642751908,707940,120
7453,1.6280063404827221,708035,120
7454,1.6271975954346811,708130,120
7455,1.6276433627490872,708225,120
7456,1.6277060924378941,708320,120
7457,1.6275563141182086,708415,120
7458,1.6276318205247384,708510,120
7459,1.6270672499387466,708605,120
7460,1.6278283519005203,708700,120
7461,1.6275786785584738,708795,120
7462,1.6275784922243011,708890,120
7463,1.6273491527672566,708985,120
7464,1.6274063201653672,709080,120
7465,1.6291514039173007,709175,120
7466,1.6283168245835442,709270,120
7467,1.6281864909849901,709365,120
7468,1.6285203655312044,709460,120
7469,1.6280487014766882,709555,120
7470,1.6282311863118146,709650,120
7471,1.6281592564876788,709745,120
7472,1.6277090901422286,709840,120
7473,1.6271722996735662,709935,120
7474,1.6272166726986848,710030,120
7475,1.6269341315625692,710125,120
7476,1.6268080609409818,710220,120
7477,1.6263158945202978,710315,120
7478,1.6256144843360905,710410,120
7479,1.6250791888436185,710505,120
7480,1.624665620054728,710600,120
7481,1.6257371583562388,710695,120
7482,1.6258628321521071,710790,120
7483,1.6259875099794037,710885,120
7484,1.6261082664521149,710980,120
7485,1.6257461130929813,711075,120
7486,1.6254883878823119,711170,120
7487,1.6251100978686253,711265,120
7488,1.624966770852055,711360,120
7489,1.6242659542097841,711455,120
7490,1.6242980963742446,711550,120
7491,1.6240571913792514,711645,120
7492,1.6244326026981435,711740,120
7493,1.6241976205447262,711835,120
7494,1.6241621477960626,711930,120
7495,1.6237911405133008,712025,120
7496,1.6236200353685402,712120,120
7497,1.6240713064787935,712215,120
7498,1.6231284130817554,712310,120
7499,1.6230812315894632,712405,120
7500,1.6227700250727399,712500,120
7501,1.6230409059498971,712595,120
7502,1.6221233284454111,712690,120
7503,1.6221801523074566,712785,120
7504,1.6234219323106498,712880,120
7505,1.6238528383671063,712975,120
7506,1.6241903662822752,713070,120
7507,1.624025626301931,713165,120
7508,1.6238919778572956,713260,120
7509,1.6235319537472623,713355,120
7510,1.6236702040583741,713450,120
7511,1.6231850268397559,713545,120
7512,1.6229397284553921,713640,120
7513,1.6227918647898647,713735,120
7514,1.6227925362709328,713830,120
7515,1.6231519472748532,713925,120
7516,1.6232857511261962,714020,120
7517,1.6231678387433377,714115,120
7518,1.6235132257573559,714210,120
7519,1.6233215266946275,714305,120
7520,1.6235192401506131,714400,120
7521,1.6235347194420542,714495,120
7522,1.6235432091060942,714590,120
7523,1.6243881573610772,714685,120
7524,1.6245380040052202,714780,120
7525,1.6235377168856311,714875,120
7526,1.623850877637659,714970,120
7527,1.6237746033550491,715065,120
7528,1.6245549186022912,715160,120
7529,1.6239491704753677,715255,120
7530,1.6245257344504953,715350,120
7531,1.6241196818470198,715445,120
7532,1.624200313142472,715540,120
7533,1.6241454039932088,715635,120
7534,1.6242292692273936,715730,120
7535,1.6248357618381479,715825,120
7536,1.6245186603617454,715920,120
7537,1.6241487247612747,716015,120
7538,1.6234382654510338,716110,120
7539,1.6228070965925143,716205,120
7540,1.6232041608517445,716300,120
7541,1.6227794782846459,716395,120
7542,1.6227961003810405,716490,120
7543,1.623033797938634,716585,120
7544,1.6232041168670277,716680,120
7545,1.6230064720839477,716775,120
7546,1.6230834633400695,716870,120
7547,1.6231850459946977,716965,120
7548,1.6224419451282195,717060,120
7549,1.6231782467345808,717155,120
7550,1.6230443786925655,717250,120
7551,1.6229397435065003,717345,120
7552,1.6234900291198437,717440,120
7553,1.623976225783387,717535,120
7554,1.6240443300902285,717630,120
7555,1.6244490392144697,717725,120
7556,1.6245833974247605,717820,120
7557,1.6243078660641468,717915,120
7558,1.6245081071720544,718010,120
7559,1.6240341219435597,718105,120
7560,1.6235971050425655,718200,120
7561,1.6229450340134737,718295,120
7562,1.6232150300816688,718390,120
7563,1.6232105692524559,718485,120
7564,1.6232009744252276,718580,120
7565,1.6229126088518506,718675,120
7566,1.623801285897106,718770,120
7567,1.6239304709629609,718865,120
7568,1.6232428231040337,718960,120
7569,1.6229998393064791,719055,120
7570,1.6230627136645053,719150,120
7571,1.6235329968816579,719245,120
7572,1.6233299194817645,719340,120
7573,1.6239338672886141,719435,120
7574,1.6235827162812235,719530,120
7575,1.623942833440793,719625,120
7576,1.6235869236919158,719720,120
7577,1.623935343425404,719815,120
7578,1.6241210326314959,719910,120
7579,1.6240041511642376,720005,120
7580,1.6234756606782725,720100,120
7581,1.6232290074870541,720195,120
7582,1.6232997612133908,720290,120
7583,1.6249519184252856,720385,120
7584,1.6256191443517582,720480,120
7585,1.6249891873772322,720575,120
7586,1.6247854690461503,720670,120
7587,1.6257388014977432,720765,120
7588,1.6253177330733402,720860,120
7589,1.6255440625904083,720955,120
7590,1.6261000866807633,721050,120
7591,1.6262135086538765,721145,120
7592,1.6263826876090661,721240,120
7593,1.6269574823820017,721335,120
7594,1.6268752407266796,721430,120
7595,1.6270173693764864,721525,120
7596,1.6274692889276454,721620,120
7597,1.6270155225277547,721715,120
7598,1.6268706852549408,721810,120
7599,1.6275676946667339,721905,120
7600,1.627659576715998,722000,120
7601,1.6270653593795663,722095,120
7602,1.6272235172540186,722190,120
7603,1.6283224431633065,722285,120
7604,1.6281933575838541,722380,120
7605,1.6285141111502075,722475,120
7606,1.6280837499418774,722570,120
7607,1.6283785484632427,722665,120
7608,1.6283347992646822,722760,120
7609,1.6288451993886464,722855,120
7610,1.6290542129299657,722950,120
7611,1.6309516431999496,723045,120
7612,1.6309110002687675,723140,120
7613,1.6309197344105895,723235,120
7614,1.630394556400647,723330,120
7615,1.6304746291191448,723425,120
7616,1.6302529557374936,723520,120
7617,1.6300864084128859,723615,120
7618,1.62986036376411,723710,120
7619,1.6294706802791386,723805,120
7620,1.628624343535773,723900,120
7621,1.6282293367652518,723995,120
7622,1.6277415915012916,724090,120
7623,1.6288749829565694,724185,120
7624,1.628730573652543,724280,120
7625,1.6289518393168407,724375,120
7626,1.6288242750921298,724470,120
7627,1.6294137273787046,724565,120
7628,1.6293695365818581,724660,120
7629,1.629995797695482,724755,120
7630,1.6302679788136671,724850,120
7631,1.6302192435224192,724945,120
7632,1.6301372825447331,725040,120
7633,1.6314742121119301,725135,120
7634,1.6320952598801328,725230,120
7635,1.6323136294915919,725325,120
7636,1.6322824337885615,725420,120
7637,1.6319252207520485,725515,120
7638,1.6327570219254628,725610,120
7639,1.6328494766483443,725705,120
7640,1.6337103566058051,725800,120
7641,1.6329976069528722,725895,120
7642,1.6334357305108775,725990,120
7643,1.6340725838486132,726085,120
7644,1.6339077982947536,726180,120
7645,1.6329461289841629,726275,120
7646,1.6327664473537715,726370,120
7647,1.633259082445141,726465,120
7648,1.6329573077812733,726560,120
7649,1.6330047025838135,726655,120
7650,1.6328568511750505,726750,120
7651,1.6323435725386182,726845,120
7652,1.631907435681506,726940,120
7653,1.6316077257044923,727035,120
7654,1.6312408683247903,727130,120
7655,1.6308608016026742,727225,120
7656,1.6324614291177819,727320,120
7657,1.6319819381219589,727415,120
7658,1.6313825281041441,727510,120
7659,1.630986142627751,727605,120
7660,1.630817784466484,727700,120
7661,1.6307876508829342,727795,120
7662,1.6311046281264712,727890,120
7663,1.6310489022537626,727985,120
7664,1.6314374004605272,728080,120
7665,1.6318354563516253,728175,120
7666,1.6322626488081029,728270,120
7667,1.6332437864736484,728365,120
7668,1.6344104472597438,728460,120
7669,1.634663896770564,728555,120
7670,1.6344355136572268,728650,120
7671,1.6342336521078122,728745,120
7672,1.6340141350226993,728840,120
7673,1.6333093244703005,728935,120
7674,1.6331490667300552,729030,120
7675,1.633997095766065,729125,120
7676,1.6335916232672019,729220,120
7677,1.6326161253097531,729315,120
7678,1.6329285624435601,729410,120
7679,1.6332547993811064,729505,120
7680,1.6331639072580975,729600,120
7681,1.6332442742967754,729695,120
7682,1.6331607839632318,729790,120
7683,1.6333149086392014,729885,120
7684,1.6339599702736149,729980,120
7685,1.6337888509793164,730075,120
7686,1.6339570226207327,730170,120
7687,1.633762667038144,730265,120
7688,1.63330993977608,730360,120
7689,1.6343924520848014,730455,120
7690,1.6349238430855968,730550,120
7691,1.6346435087158184,730645,120
7692,1.6351608821413868,730740,120
7693,1.6352150288197373,730835,120
7694,1.6345864961127547,730930,120
7695,1.6342074970210201,731025,120
7696,1.6347220092078401,731120,120
7697,1.6344019404401882,731215,120
7698,1.6344116344557169,731310,120
7699,1.6341437561412775,731405,120
7700,1.6340871465117912,731500,120
7701,1.634313760239152,731595,120
7702,1.6350729147227769,731690,120
7703,1.6353047382779362,731785,120
7704,1.6346460365576085,731880,120
7705,1.6338880958411661,731975,120
7706,1.6335844952364427,732070,120
7707,1.6348220834984553,732165,120
7708,1.6354596572930666,732260,120
7709,1.6357223304547548,732355,120
7710,1.6354974724135531,732450,120
7711,1.6348963966181502,732545,120
7712,1.634693347880938,732640,120
7713,1.6343270704435435,732735,120
7714,1.6350114147372017,732830,120
7715,1.6354692440089398,732925,120
7716,1.6352426493836434,733020,120
7717,1.6353957160149108,733115,120
7718,1.6347017475662233,733210,120
7719,1.6344699743454902,733305,120
7720,1.6342088090551345,733400,120
7721,1.6342875023798993,733495,120
7722,1.6337695257108362,733590,120
7723,1.6341978230675016,733685,120
7724,1.6349894043660329,733780,120
7725,1.6353663562851692,733875,120
7726,1.6352895888714376,733970,120
7727,1.6359902674334863,734065,120
7728,1.6365675726612035,734160,120
7729,1.636550863462056,734255,120
7730,1.6373556572036057,734350,120
7731,1.6371463181673547,734445,120
7732,1.6370612170213665,734540,120
7733,1.6378086934416842,734635,120
7734,1.6382959322323816,734730,120
7735,1.6379358674109832,734825,120
7736,1.6378328088697931,734920,120
7737,1.6373258843488836,735015,120
7738,1.6381659033331781,735110,120
7739,1.6379866297885355,735205,120
7740,1.6385663774843677,735300,120
7741,1.6376293959763071,735395,120
7742,1.6373782576335418,735490,120
7743,1.6370077585821019,735585,120
7744,1.6369165932525302,735680,120
7745,1.6363868399858663,735775,120
7746,1.6357557664483795,735870,120
7747,1.6355353833581563,735965,120
7748,1.6358854081062519,736060,120
7749,1.6378431453469087,736155,120
7750,1.6379247946843525,736250,120
7751,1.6379552844063763,736345,120
7752,1.6384277260223608,736440,120
7753,1.6380634783663282,736535,120
7754,1.6379029727738643,736630,120
7755,1.6376298415532671,736725,120
7756,1.6379484569849354,736820,120
7757,1.6376448568140209,736915,120
7758,1.6372001619352481,737010,120
7759,1.6373154995182415,737105,120
7760,1.6363718161636278,737200,120
7761,1.6375198684177172,737295,120
7762,1.6373509392301151,737390,120
7763,1.6376783762409282,737485,120
7764,1.6376601360584531,737580,120
7765,1.6373092399026068,737675,120
7766,1.6375006067175188,737770,120
7767,1.6375674732753742,737865,120
7768,1.6378811255336503,737960,120
7769,1.6379897539253789,738055,120
7770,1.6375291428501964,738150,120
7771,1.6386127189013924,738245,120
7772,1.6383075372575493,738340,120
7773,1.6381840614873153,738435,120
7774,1.6378675727746055,738530,120
7775,1.6381470540481005,738625,120
7776,1.6384725921743475,738720,120
7777,1.6384357474249029,738815,120
7778,1.6385513759290062,738910,120
7779,1.6382154144332701,739005,120
7780,1.6381175288913936,739100,120
7781,1.6377024594404557,739195,120
7782,1.6382788182662351,739290,120
7783,1.6388036205756424,739385,120
7784,1.6386823910500852,739480,120
7785,1.6390216145427541,739575,120
7786,1.6390968448457568,739670,120
7787,1.6390804334821749,739765,120
7788,1.6398945483458298,739860,120
7789,1.640058342575728,739955,120
7790,1.6399149991422766,740050,120
7791,1.6400166065562953,740145,120
7792,1.6404768725052914,740240,120
7793,1.6404775046473123,740335,120
7794,1.6410809564878188,740430,120
7795,1.6423492269355493,740525,120
7796,1.6421908100954694,740620,120
7797,1.6429680335341428,740715,120
7798,1.6426025943661331,740810,120
7799,1.6426380482637437,740905,120
7800,1.6433076948881549,741000,120
7801,1.6432425900662517,741095,120
7802,1.6436507165488161,741190,120
7803,1.6427346433207024,741285,120
7804,1.6426808328468929,741380,120
7805,1.6430106668648194,741475,120
7806,1.6430588662266268,741570,120
7807,1.642936609478759,741665,120
7808,1.6428738856686809,741760,120
7809,1.6434428421298291,741855,120
7810,1.6429182595346585,741950,120
7811,1.6428736357206006,742045,120
7812,1.6426070876735808,742140,120
7813,1.6434308704802896,742235,120
7814,1.6430776795567861,742330,120
7815,1.643726272021353,742425,120
7816,1.6429573816727205,742520,120
7817,1.6423488885021993,742615,120
7818,1.6422444982554281,742710,120
7819,1.6422322049278517,742805,120
7820,1.6418120870529882,742900,120
7821,1.6413817686615049,742995,120
7822,1.6414470615255099,743090,120
7823,1.6423435531352983,743185,120
7824,1.6422256291329758,743280,120
7825,1.6423346216294277,743375,120
7826,1.6429214018282245,743470,120
7827,1.6445918473421923,743565,120
7828,1.6455408276777048,743660,120
7829,1.6455366112777878,743755,120
7830,1.6455798841516731,743850,120
7831,1.6452964419640455,743945,120
7832,1.6457147801793548,744040,120
7833,1.6462800889847649,744135,120
7834,1.646408211461827,744230,120
7835,1.6473125832416253,744325,120
7836,1.6474525034796419,744420,120
7837,1.6474520915699309,744515,120
7838,1.6477764512798609,744610,120
7839,1.6484374984854151,744705,120
7840,1.6482355128493391,744800,120
7841,1.6483466378834246,744895,120
7842,1.6483190456813424,744990,120
7843,1.6477520626629816,745085,120
7844,1.6478645575971478,745180,120
7845,1.648136389755307,745275,120
7846,1.6477159098444176,745370,120
7847,1.6486931257542221,745465,120
7848,1.6483158207413717,745560,120
7849,1.6478890742998544,745655,120
7850,1.6472996501820851,745750,120
7851,1.6486056735746502,745845,120
7852,1.6487619335921886,745940,120
7853,1.6489420124636092,746035,120
7854,1.6484557455725539,746130,120
7855,1.6481319055234147,746225,120
7856,1.6486607279250383,746320,120
7857,1.6481016940732507,746415,120
7858,1.6481033190546004,746510,120
7859,1.6481356215248035,746605,120
7860,1.6488759679915368,746700,120
7861,1.6487405078856756,746795,120
7862,1.6496957517600017,746890,120
7863,1.6499836576530345,746985,120
7864,1.6503319200656046,747080,120
7865,1.6505984001183041,747175,120
7866,1.649862053428327,747270,120
7867,1.6506886792324784,747365,120
7868,1.6512355459297643,747460,120
7869,1.6511664608168621,747555,120
7870,1.650551619638664,747650,120
7871,1.6501440579993134,747745,120
7872,1.6507654658065321,747840,120
7873,1.6504716391342211,747935,120
7874,1.651337047604881,748030,120
7875,1.6512211026790731,748125,120
7876,1.6510841886740604,748220,120
7877,1.6513428737212288,748315,120
7878,1.6523851795375724,748410,120
7879,1.6519253614759823,748505,120
7880,1.6518972405866377,748600,120
7881,1.6528221773568117,748695,120
7882,1.6527960251064875,748790,120
7883,1.6529266331999544,748885,120
7884,1.6531449460822636,748980,120
7885,1.6532753061491061,749075,120
7886,1.6532137925853392,749170,120
7887,1.6531296585146904,749265,120
7888,1.654059246388389,749360,120
7889,1.6542674840145426,749455,120
7890,1.6545522243890791,749550,120
7891,1.6543239785722019,749645,120
7892,1.6542395435798372,749740,120
7893,1.65421305983664,749835,120
7894,1.6537167335462504,749930,120
7895,1.6531821777625857,750025,120
7896,1.6530647812167938,750120,120
7897,1.6534545378439562,750215,120
7898,1.6529726302123517,750310,120
7899,1.653827387550576,750405,120
7900,1.6556602099833908,750500,120
7901,1.6556842341186147,750595,120
7902,1.6557258228593874,750690,120
7903,1.655224035993524,750785,120
7904,1.6560628921726592,750880,120
7905,1.6562618292009783,750975,120
7906,1.6559660515476351,751070,120
7907,1.6569511981603686,751165,120
7908,1.6575128129697592,751260,120
7909,1.6572366404387173,751355,120
7910,1.6577632722341933,751450,120
7911,1.6574053003466576,751545,120
7912,1.6573122002870575,751640,120
7913,1.6582624807476263,751735,120
7914,1.657696455921555,751830,120
7915,1.6572079677782465,751925,120
7916,1.656778751854078,752020,120
7917,1.656730119916672,752115,120
7918,1.6563278499000105,752210,120
7919,1.655903096082934,752305,120
7920,1.6563719438709277,752400,120
7921,1.6574056054030351,752495,120
7922,1.6582843884313443,752590,120
7923,1.6583205573122912,752685,120
7924,1.6583355560911814,752780,120
7925,1.6588862723155668,752875,120
7926,1.659465508492685,752970,120
7927,1.6591463451728474,753065,120
7928,1.6592512413749467,753160,120
7929,1.659698280798827,753255,120
7930,1.659779618058145,753350,120
7931,1.6595875804297862,753445,120
7932,1.6588268523995766,753540,120
7933,1.658180689780357,753635,120
7934,1.6585165132478106,753730,120
7935,1.6593840743472885,753825,120
7936,1.6589889519241054,753920,120
7937,1.6587824092069161,754015,120
7938,1.6583138042111647,754110,120
7939,1.658033554912774,754205,120
7940,1.6584291346640156,754300,120
7941,1.6582962747386054,754395,120
7942,1.6595911296681451,754490,120
7943,1.6596362888498866,754585,120
7944,1.6598293694706558,754680,120
7945,1.6598797721636516,754775,120
7946,1.6594233255764406,754870,120
7947,1.6602259525987562,754965,120
7948,1.6609853452278096,755060,120
7949,1.6604854984919715,755155,120
7950,1.6605106455854244,755250,120
7951,1.6599548815649741,755345,120
7952,1.6598810091343772,755440,120
7953,1.6600158144865933,755535,120
7954,1.6603213912420525,755630,120
7955,1.6599412449008923,755725,120
7956,1.660136449753431,755820,120
7957,1.6614030174481171,755915,120
7958,1.6616638570643649,756010,120
7959,1.6616504067043756,756105,120
7960,1.6616909156773365,756200,120
7961,1.6616247392461219,756295,120
7962,1.6615200749824088,756390,120
7963,1.6614869934117669,756485,120
7964,1.6608892422385473,756580,120
7965,1.6607248285977669,756675,120
7966,1.6601180298159603,756770,120
7967,1.6597455725906141,756865,120
7968,1.659767564378998,756960,120
7969,1.6590128226491505,757055,120
7970,1.658936554265497,757150,120
7971,1.6594950785375879,757245,120
7972,1.6597016460567944,757340,120
7973,1.6608690071166841,757435,120
7974,1.6607608689219382,757530,120
7975,1.6613441945703118,757625,120
7976,1.6612352892754518,757720,120
7977,1.6611040610969743,757815,120
7978,1.6620195131067659,757910,120
7979,1.663374963248256,758005,120
7980,1.6629528559313675,758100,120
7981,1.6630030907643132,758195,120
7982,1.6618527698357313,758290,120
7983,1.6618893648448561,758385,120
7984,1.6622267986095771,758480,120
7985,1.6620721604723343,758575,120
7986,1.6615946609737762,758670,120
7987,1.6622656418012978,758765,120
7988,1.6632992963638125,758860,120
7989,1.663385977749863,758955,120
7990,1.6635138876537787,759050,120
7991,1.6632001084604275,759145,120
7992,1.6629039930957694,759240,120
7993,1.6636264820658815,759335,120
7994,1.6639692522062117,759430,120
7995,1.6640767228334645,759525,120
7996,1.6634726478011437,759620,120
7997,1.6633126240357652,759715,120
7998,1.663852699216323,759810,120
7999,1.6643453484214268,759905,120
8000,1.6649574705760202,760000,120
8001,1.6652439720383456,760095,120
8002,1.6664624067512765,760190,120
8003,1.6668196346882918,760285,120
8004,1.6666635530306901,760380,120
8005,1.6661992122729476,760475,120
8006,1.6664550763245431,760570,120
8007,1.6661815929193888,760665,120
8008,1.665756339800897,760760,120
8009,1.666208451185442,760855,120
8010,1.6669343994892054,760950,120
8011,1.6666840209977962,761045,120
8012,1.6671455954690881,761140,120
8013,1.6670248453413929,761235,120
8014,1.6680663560006805,761330,120
8015,1.6679709504559652,761425,120
8016,1.6683432537203935,761520,120
8017,1.6680168025036193,761615,120
8018,1.668110912441952,761710,120
8019,1.668982836891701,761805,120
8020,1.6692902610387621,761900,120
8021,1.6693144254098915,761995,120
8022,1.6704016652117972,762090,120
8023,1.6711590828018339,762185,120
8024,1.6714297024078539,762280,120
8025,1.670905665684371,762375,120
8026,1.6703549439690544,762470,120
8027,1.6705770820537651,762565,120
8028,1.6708226249694542,762660,120
8029,1.6700407047827297,762755,120
8030,1.6700816372686451,762850,120
8031,1.6705724169360199,762945,120
8032,1.6711435116700004,763040,120
8033,1.6704887062135094,763135,120
8034,1.6713909947305803,763230,120
8035,1.6718733166090698,763325,120
8036,1.6712604640793838,763420,120
8037,1.6729569124676558,763515,120
8038,1.6726110880581682,763610,120
8039,1.6727989604783715,763705,120
8040,1.6725380475384617,763800,120
8041,1.6724056727829193,763895,120
8042,1.6725246448195279,763990,120
8043,1.672599333883247,764085,120
8044,1.672268079532323,764180,120
8045,1.6724175559128243,764275,120
8046,1.6719156081229558,764370,120
8047,1.6713683826969703,764465,120
8048,1.6712056218088218,764560,120
8049,1.6716139069254141,764655,120
8050,1.6709277139210335,764750,120
8051,1.6713210851107156,764845,120
8052,1.6723367909633693,764940,120
8053,1.6721634298365373,765035,120
8054,1.672269907478541,765130,120
8055,1.6725836331440398,765225,120
8056,1.6726061436209727,765320,120
8057,1.6727320756297261,765415,120
8058,1.6729794038620394,765510,120
8059,1.672998591354911,765605,120
8060,1.6727461897447082,765700,120
8061,1.673118165657614,765795,120
8062,1.6723645537054073,765890,120
8063,1.6720513850282737,765985,120
8064,1.6731670050013507,766080,120
8065,1.6723535135266021,766175,120
8066,1.6722749699006909,766270,120
8067,1.6724010611069655,766365,120
8068,1.6728015189038905,766460,120
8069,1.6729935664052309,766555,120
8070,1.6718817095311393,766650,120
8071,1.6713714305081966,766745,120
8072,1.6712097428751591,766840,120
8073,1.671730168943697,766935,120
8074,1.6713892474763721,767030,120
8075,1.6706649876028907,767125,120
8076,1.6710127690026959,767220,120
8077,1.6714244300384671,767315,120
8078,1.6712028867459741,767410,120
8079,1.6713353094173209,767505,120
8080,1.6721425264557892,767600,120
8081,1.6730406752480156,767695,120
8082,1.6724625945912364,767790,120
8083,1.6737145484699449,767885,120
8084,1.6735028476901319,767980,120
8085,1.6743113491527311,768075,120
8086,1.6749641096510774,768170,120
8087,1.6744119134215829,768265,120
8088,1.6744558369316367,768360,120
8089,1.6737643301858205,768455,120
8090,1.6740005498261592,768550,120
8091,1.6747592186641351,768645,120
8092,1.6746634363948201,768740,120
8093,1.6744211601609746,768835,120
8094,1.6746441585115686,768930,120
8095,1.6744759935299325,769025,120
8096,1.6748653629403747,769120,120
8097,1.6754075262083417,769215,120
8098,1.6747044636029846,769310,120
8099,1.6745448149523945,769405,120
8100,1.6753321705724609,769500,120
8101,1.6751666422118976,769595,120
8102,1.6747286185885721,769690,120
8103,1.6755011999122982,769785,120
8104,1.6752103476025677,769880,120
8105,1.674437902688771,769975,120
8106,1.6743160758810729,770070,120
8107,1.673796624794798,770165,120
8108,1.6729518827809482,770260,120
8109,1.673062742271423,770355,120
8110,1.6726690607489421,770450,120
8111,1.6733839244337601,770545,120
8112,1.6736573869218403,770640,120
8113,1.6736725226370761,770735,120
8114,1.6729009358101201,770830,120
8115,1.6723489187963734,770925,120
8116,1.6725774990267674,771020,120
8117,1.6717296487210174,771115,120
8118,1.6718475276184317,771210,120
8119,1.6717080101431501,771305,120
8120,1.6713327937680089,771400,120
8121,1.6716601795985182,771495,120
8122,1.6714998347274972,771590,120
8123,1.6716060293833501,771685,120
8124,1.6713613858876519,771780,120
8125,1.6718807445672303,771875,120
8126,1.6714278407694132,771970,120
8127,1.6715956171682245,772065,120
8128,1.6731065767687368,772160,120
8129,1.6729824776026057,772255,120
8130,1.6729986224428393,772350,120
8131,1.6722918224967662,772445,120
8132,1.6724961216423826,772540,120
8133,1.672239022016567,772635,120
8134,1.6725206001123971,772730,120
8135,1.6723904024352794,772825,120
8136,1.6726717699748939,772920,120
8137,1.6723194714688154,773015,120
8138,1.672601823475401,773110,120
8139,1.6726856756127351,773205,120
8140,1.6722534210340427,773300,120
8141,1.672229979171423,773395,120
8142,1.6731603119772236,773490,120
8143,1.6737602171189312,773585,120
8144,1.6741032438585832,773680,120
8145,1.6738369021459327,773775,120
8146,1.6750475864044991,773870,120
8147,1.6752464612889979,773965,120
8148,1.675751501323832,774060,120
8149,1.6756700164655383,774155,120
8150,1.6755428256677138,774250,120
8151,1.6754294688103233,774345,120
8152,1.6753143263047776,774440,120
8153,1.6744552700432156,774535,120
8154,1.6743925037809062,774630,120
8155,1.6747039154635239,774725,120
8156,1.6753325806417745,774820,120
8157,1.6753574906817903,774915,120
8158,1.675074149928834,775010,120
8159,1.6745204004681489,775105,120
8160,1.6742540829921275,775200,120
8161,1.6736732130731065,775295,120
8162,1.673396767252884,775390,120
8163,1.673148311513873,775485,120
8164,1.6742448054004135,775580,120
8165,1.67357397963998,775675,120
8166,1.6754502759676029,775770,120
8167,1.6752360815054095,775865,120
8168,1.6754403415066101,775960,120
8169,1.6743786386782822,776055,120
8170,1.6748501275912233,776150,120
8171,1.6745450517535676,776245,120
8172,1.6744131813842693,776340,120
8173,1.6742174000907679,776435,120
8174,1.6748542368756427,776530,120
8175,1.6749238456908455,776625,120
8176,1.6743488537850135,776720,120
8177,1.6737164632241657,776815,120
8178,1.6748951574919986,776910,120
8179,1.6747485027852758,777005,120
8180,1.6741448956067062,777100,120
8181,1.6745787338930598,777195,120
8182,1.675035115062939,777290,120
8183,1.6752144034443637,777385,120
8184,1.6750577583123756,777480,120
8185,1.6760368140000086,777575,120
8186,1.676358537275517,777670,120
8187,1.6760678513977973,777765,120
8188,1.6757546678758035,777860,120
8189,1.6751698010833294,777955,120
8190,1.6753869754958421,778050,120
8191,1.6748299783969174,778145,120
8192,1.674901468687265,778240,120
8193,1.6750566589547831,778335,120
8194,1.675392779494058,778430,120
8195,1.6753802193302572,778525,120
8196,1.6756004028476446,778620,120
8197,1.6758940224618248,778715,120
8198,1.6759373415129777,778810,120
8199,1.6765630279479196,778905,120
8200,1.6759148785870055,779000,120
8201,1.6757445119499723,779095,120
8202,1.6753297583885181,779190,120
8203,1.6744857139758855,779285,120
8204,1.6742089096965052,779380,120
8205,1.6746230435556695,779475,120
8206,1.675035895037071,779570,120
8207,1.6746674222814795,779665,120
8208,1.6743308787183806,779760,120
8209,1.6747389655495266,779855,120
8210,1.6740377091629417,779950,120
8211,1.6737210953369772,780045,120
8212,1.6740064900782812,780140,120
8213,1.6747446328626685,780235,120
8214,1.6757824315105256,780330,120
8215,1.6757454958320956,780425,120
8216,1.6761602093335126,780520,120
8217,1.6754183507338583,780615,120
8218,1.6750330807497502,780710,120
8219,1.6750962841045562,780805,120
8220,1.6758984366842664,780900,120
8221,1.6764043062521701,780995,120
8222,1.6769371381355311,781090,120
8223,1.6780473389532344,781185,120
8224,1.6777178623226836,781280,120
8225,1.6774841866678136,781375,120
8226,1.678141542621524,781470,120
8227,1.6785251804960859,781565,120
8228,1.6793240111701484,781660,120
8229,1.6796392101892854,781755,120
8230,1.6799144163143693,781850,120
8231,1.6796211089395456,781945,120
8232,1.6795028233570299,782040,120
8233,1.6792147358749978,782135,120
8234,1.6785816162087874,782230,120
8235,1.6786148603679532,782325,120
8236,1.6786542254792673,782420,120
8237,1.6786885820041821,782515,120
8238,1.6786598095528253,782610,120
8239,1.6789625370371968,782705,120
8240,1.6800173786724393,782800,120
8241,1.6796401606748153,782895,120
8242,1.6790783461860732,782990,120
8243,1.6790591053348229,783085,120
8244,1.6788249157596817,783180,120
8245,1.6787723845170421,783275,120
8246,1.6787842271335185,783370,120
8247,1.6785272582997293,783465,120
8248,1.6779086793882545,783560,120
8249,1.6783279532321778,783655,120
8250,1.6778729092311164,783750,120
8251,1.6787098666561131,783845,120
8252,1.6785885771278979,783940,120
8253,1.6805446225998926,784035,120
8254,1.6803499062972949,784130,120
8255,1.6797811092041874,784225,120
8256,1.6801225374926139,784320,120
8257,1.6794613498230668,784415,120
8258,1.6791269496342305,784510,120
8259,1.6793813082236047,784605,120
8260,1.6790562704099674,784700,120
8261,1.6787767865232976,784795,120
8262,1.6785945563519136,784890,120
8263,1.6780925736094825,784985,120
8264,1.6774794186321755,785080,120
8265,1.6778201306987413,785175,120
8266,1.6770237925193996,785270,120
8267,1.677461211244663,785365,120
8268,1.6773516993893809,785460,120
8269,1.6778493275986461,785555,120
8270,1.6776155654401179,785650,120
8271,1.6776761126100066,785745,120
8272,1.6772006036331655,785840,120
8273,1.678980719097839,785935,120
8274,1.679528900351045,786030,120
8275,1.6803471639837029,786125,120
8276,1.6810489700696045,786220,120
8277,1.6811986961747265,786315,120
8278,1.6810652071569083,786410,120
8279,1.6815635484253615,786505,120
8280,1.6812183539308558,786600,120
8281,1.6805763616555176,786695,120
8282,1.6799358303204788,786790,120
8283,1.6800167355627265,786885,120
8284,1.6793364602923466,786980,120
8285,1.6792264921052018,787075,120
8286,1.6786445688401128,787170,120
8287,1.67895722900241,787265,120
8288,1.6790429531310684,787360,120
8289,1.6784030387453333,787455,120
8290,1.6778367913056611,787550,120
8291,1.6771745095176085,787645,120
8292,1.6767929101002153,787740,120
8293,1.6760510944735234,787835,120
8294,1.6751361108102558,787930,120
8295,1.6745636557058634,788025,120
8296,1.674676349045769,788120,120
8297,1.6744985578421461,788215,120
8298,1.675429308287111,788310,120
8299,1.6753148117597074,788405,120
8300,1.6754805861501112,788500,120
8301,1.6750426141981902,788595,120
8302,1.6754118427948428,788690,120
8303,1.6748522381150248,788785,120
8304,1.6745256967736544,788880,120
8305,1.6744722374677854,788975,120
8306,1.6740468107645532,789070,120
8307,1.6734362692525881,789165,120
8308,1.6736638060236053,789260,120
8309,1.673590254437493,789355,120
8310,1.6735833985532103,789450,120
8311,1.6736607032129374,789545,120
8312,1.6747992833083636,789640,120
8313,1.6749810002340433,789735,120
8314,1.6759091648154369,789830,120
8315,1.6758541794670967,789925,120
8316,1.6751000296149359,790020,120
8317,1.675570975981471,790115,120
8318,1.6758084376680935,790210,120
8319,1.6760944270278268,790305,120
8320,1.6761757672619191,790400,120
8321,1.6757632954709929,790495,120
8322,1.6755227505246806,790590,120
8323,1.6754905886385418,790685,120
8324,1.6759192532381424,790780,120
8325,1.6774213716172324,790875,120
8326,1.67740148065191,790970,120
8327,1.6769902521181577,791065,120
8328,1.6762576637785969,791160,120
8329,1.6773379566056594,791255,120
8330,1.6770878804625748,791350,120
8331,1.6774684658536059,791445,120
8332,1.676857778497576,791540,120
8333,1.6760157823731783,791635,120
8334,1.6769456479656584,791730,120
8335,1.6771944839649984,791825,120
8336,1.6764304760930453,791920,120
8337,1.6762025746485187,792015,120
8338,1.6754558441143135,792110,120
8339,1.6746462350684483,792205,120
8340,1.6747949033377185,792300,120
8341,1.6749310026432072,792395,120
8342,1.67478047429207,792490,120
8343,1.6745579537091309,792585,120
8344,1.6754529754904641,792680,120
8345,1.6752703913037188,792775,120
8346,1.6756638742490193,792870,120
8347,1.6753582796118796,792965,120
8348,1.67614861957658,793060,120
8349,1.6769878812790884,793155,120
8350,1.6766091136938022,793250,120
8351,1.6772930918636495,793345,120
8352,1.6770774246367888,793440,120
8353,1.6769962733341934,793535,120
8354,1.6766288595554906,793630,120
8355,1.677363124757159,793725,120
8356,1.6783605711288723,793820,120
8357,1.678112719151764,793915,120
8358,1.6774821176003893,794010,120
8359,1.676696611339171,794105,120
8360,1.6769204878766222,794200,120
8361,1.6774049402369866,794295,120
8362,1.6765556590982409,794390,120
8363,1.6767174565013223,794485,120
8364,1.6772146264922587,794580,120
8365,1.6781515942963716,794675,120
8366,1.6774318386477367,794770,120
8367,1.6774619407247173,794865,120
8368,1.677762803717761,794960,120
8369,1.6779885220986126,795055,120
8370,1.6784147847298074,795150,120
8371,1.6777354718229047,795245,120
8372,1.6770669916218821,795340,120
8373,1.6760299380916981,795435,120
8374,1.6759177054100292,795530,120
8375,1.6778715858111073,795625,120
8376,1.6785071552775235,795720,120
8377,1.6784487340937173,795815,120
8378,1.6783332039414101,795910,120
8379,1.6793550602719494,796005,120
8380,1.6801636577582082,796100,120
8381,1.6793231424111124,796195,120
8382,1.679411993656712,796290,120
8383,1.6796126321435327,796385,120
8384,1.6800463521149156,796480,120
8385,1.6811675605824625,796575,120
8386,1.6811633310534537,796670,120
8387,1.6810702251695999,796765,120
8388,1.6807511953716363,796860,120
8389,1.6801204967096488,796955,120
8390,1.6798727419661299,797050,120
8391,1.6798055732933175,797145,120
8392,1.6793275650010497,797240,120
8393,1.6796247274978002,797335,120
8394,1.67952188389791,797430,120
8395,1.6802530059491234,797525,120
8396,1.6793717974036253,797620,120
8397,1.6789777249281985,797715,120
8398,1.6785919796151254,797810,120
8399,1.6798745787896121,797905,120
8400,1.6793038721405733,798000,120
8401,1.6793371249996343,798095,120
8402,1.679422951434963,798190,120
8403,1.6799347825345972,798285,120
8404,1.6805621771697896,798380,120
8405,1.6802363333206243,798475,120
8406,1.6799540529480037,798570,120
8407,1.6796640602374926,798665,120
8408,1.6794869853330654,798760,120
8409,1.6803616768523024,798855,120
8410,1.6811447936415767,798950,120
8411,1.6812520870974814,799045,120
8412,1.6808476935969872,799140,120
8413,1.6815603215156905,799235,120
8414,1.6813403983983268,799330,120
8415,1.6814192670089814,799425,120
8416,1.6811048215780358,799520,120
8417,1.6814566782285261,799615,120
8418,1.68155241466836,799710,120
8419,1.680412277001295,799805,120
8420,1.679814952498784,799900,120
8421,1.679249207392072,799995,120
8422,1.6794158372889827,800090,120
8423,1.6786498019191247,800185,120
8424,1.6785064033134891,800280,120
8425,1.6782879585340122,800375,120
8426,1.6784255348740487,800470,120
8427,1.6787146931610579,800565,120
8428,1.6788592339483266,800660,120
8429,1.6786697153874968,800755,120
8430,1.6786279904982271,800850,120
8431,1.6776611509653658,800945,120
8432,1.6770049786932311,801040,120
8433,1.6777161233017965,801135,120
8434,1.6769611892973724,801230,120
8435,1.6783976290969806,801325,120
8436,1.6782147579812621,801420,120
8437,1.678636371322707,801515,120
8438,1.6782849803121149,801610,120
8439,1.6777179290703417,801705,120
8440,1.6774044752365525,801800,120
8441,1.6769430677230031,801895,120
8442,1.677021222405092,801990,120
8443,1.6770078387687453,802085,120
8444,1.6766509526155684,802180,120
8445,1.6774743274233697,802275,120
8446,1.6770918318942369,802370,120
8447,1.6766112850962396,802465,120
8448,1.677881731670209,802560,120
8449,1.6790271949661051,802655,120
8450,1.6786099583837084,802750,120
8451,1.6788952902241621,802845,120
8452,1.6792138989547647,802940,120
8453,1.6788974783327038,803035,120
8454,1.6782125643804164,803130,120
8455,1.6770787934082105,803225,120
8456,1.6776980418950802,803320,120
8457,1.6790051367829368,803415,120
8458,1.6792882900509616,803510,120
8459,1.6792736887557578,803605,120
8460,1.6788961939073554,803700,120
8461,1.6785683040970283,803795,120
8462,1.6789924878987454,803890,120
8463,1.6787923252319812,803985,120
8464,1.6793208932509416,804080,120
8465,1.6791345337179191,804175,120
8466,1.6801893009778712,804270,120
8467,1.6806101731244807,804365,120
8468,1.6799106337258403,804460,120
8469,1.6804050580034626,804555,120
8470,1.6805132392345021,804650,120
8471,1.6800840228862211,804745,120
8472,1.6800175729236073,804840,120
8473,1.6802869218955172,804935,120
8474,1.6803012187196291,805030,120
8475,1.6800706061713464,805125,120
8476,1.6806000792867519,805220,120
8477,1.6802821957980725,805315,120
8478,1.6805116121571071,805410,120
8479,1.6805737364133913,805505,120
8480,1.6801508579954807,805600,120
8481,1.6804410720248473,805695,120
8482,1.6804822394731653,805790,120
8483,1.6813770250267424,805885,120
8484,1.6816039700363938,805980,120
8485,1.6820837973710503,806075,120
8486,1.6813659110793919,806170,120
8487,1.6815806887271634,806265,120
8488,1.6820905443245562,806360,120
8489,1.6828403956316877,806455,120
8490,1.6834133933382669,806550,120
8491,1.6830059700316369,806645,120
8492,1.6840229897047956,806740,120
8493,1.683750892462629,806835,120
8494,1.6833279211677954,806930,120
8495,1.683062362284276,807025,120
8496,1.6836044694911239,807120,120
8497,1.6833661394010559,807215,120
8498,1.6837858823445722,807310,120
8499,1.6837514372317779,807405,120
8500,1.6836568453451091,807500,120
8501,1.6844178373108827,807595,120
8502,1.6845041964639087,807690,120
8503,1.6837555683700234,807785,120
8504,1.6833802940811016,807880,120
8505,1.6846760076126288,807975,120
8506,1.6851615547376895,808070,120
8507,1.6850745050288491,808165,120
8508,1.6854963385779926,808260,120
8509,1.6854797405528643,808355,120
8510,1.6853851714530947,808450,120
8511,1.6849467085238488,808545,120
8512,1.6849211926208023,808640,120
8513,1.6852496049062928,808735,120
8514,1.6847693672170538,808830,120
8515,1.6852879805831098,808925,120
8516,1.6857726423780606,809020,120
8517,1.685510278639899,809115,120
8518,1.6849765522845443,809210,120
8519,1.6845059104280364,809305,120
8520,1.6853829439300243,809400,120
8521,1.6849051937683708,809495,120
8522,1.6850405092193503,809590,120
8523,1.6847695589471874,809685,120
8524,1.6844202038582554,809780,120
8525,1.6848737424816638,809875,120
8526,1.6849058619106085,809970,120
8527,1.6845803886758128,810065,120
8528,1.6854681742304356,810160,120
8529,1.6850296237358433,810255,120
8530,1.6845234254352635,810350,120
8531,1.6844920063500113,810445,120
8532,1.6842532348098975,810540,120
8533,1.6837557732898414,810635,120
8534,1.6838634022347336,810730,120
8535,1.6848642809254388,810825,120
8536,1.6845944102011678,810920,120
8537,1.6846028358135343,811015,120
8538,1.6846130334715821,811110,120
8539,1.6833657768211707,811205,120
8540,1.6843439463822243,811300,120
8541,1.6839504507437675,811395,120
8542,1.6846444525814499,811490,120
8543,1.6842677594522057,811585,120
8544,1.6838591573907988,811680,120
8545,1.683887203792626,811775,120
8546,1.6834858476689516,811870,120
8547,1.6845271199811747,811965,120
8548,1.6850511732044386,812060,120
8549,1.6858584656888311,812155,120
8550,1.6855490483522557,812250,120
8551,1.6861848448612387,812345,120
8552,1.6856382367206999,812440,120
8553,1.6857793574641113,812535,120
8554,1.6858571697339613,812630,120
8555,1.6859864280902386,812725,120
8556,1.6856121915787354,812820,120
8557,1.6851966916909018,812915,120
8558,1.6856132892691211,813010,120
8559,1.6849429091004358,813105,120
8560,1.6845786175029636,813200,120
8561,1.68419265586282,813295,120
8562,1.6841860595633171,813390,120
8563,1.6845491513950466,813485,120
8564,1.6850275852690666,813580,120
8565,1.685277018685535,813675,120
8566,1.6853302868626587,813770,120
8567,1.6848272596616549,813865,120
8568,1.6850573052903906,813960,120
8569,1.6848338400630083,814055,120
8570,1.6847106343689013,814150,120
8571,1.6859710325981252,814245,120
8572,1.6859992891328726,814340,120
8573,1.6856777848995697,814435,120
8574,1.6861290403975311,814530,120
8575,1.6850823938445316,814625,120
8576,1.6852249143838491,814720,120
8577,1.6853595335864635,814815,120
8578,1.6852386678194824,814910,120
8579,1.6847678851745138,815005,120
8580,1.6853842945808806,815100,120
8581,1.6851572095122673,815195,120
8582,1.6856102093815624,815290,120
8583,1.6856363195445458,815385,120
8584,1.6855572458066268,815480,120
8585,1.6858782208987857,815575,120
8586,1.6859345421905323,815670,120
8587,1.6864421096907254,815765,120
8588,1.6870808602160727,815860,120
8589,1.6871612579284705,815955,120
8590,1.6880281108134252,816050,120
8591,1.6877387232132244,816145,120
8592,1.6876535340204479,816240,120
8593,1.687425705117549,816335,120
8594,1.6874425156840966,816430,120
8595,1.6873224969519178,816525,120
8596,1.6871270509937333,816620,120
8597,1.6874056747590229,816715,120
8598,1.687129763290026,816810,120
8599,1.6875862615449637,816905,120
8600,1.6873750299925536,817000,120
8601,1.6877694771191671,817095,120
8602,1.6878802462825917,817190,120
8603,1.6878240415022958,817285,120
8604,1.6876817533130373,817380,120
8605,1.6874840980985852,817475,120
8606,1.6867185408218852,817570,120
8607,1.6869564225437284,817665,120
8608,1.688204970958652,817760,120
8609,1.6884678990662123,817855,120
8610,1.6884308826292334,817950,120
8611,1.6893889524928305,818045,120
8612,1.6896264576478033,818140,120
8613,1.6889697132848664,818235,120
8614,1.6882066311269781,818330,120
8615,1.6890559425355292,818425,120
8616,1.6894828011485439,818520,120
8617,1.6894530650825546,818615,120
8618,1.6894771127623704,818710,120
8619,1.6910379007085368,818805,120
8620,1.6911322194995131,818900,120
8621,1.691116481846054,818995,120
8622,1.6918147583528942,819090,120
8623,1.6915539729314701,819185,120
8624,1.6910833757762214,819280,120
8625,1.6909992116021073,819375,120
8626,1.6912232234716269,819470,120
8627,1.6906910667135888,819565,120
8628,1.6903030175510585,819660,120
8629,1.6903219958082629,819755,120
8630,1.6904574135766086,819850,120
8631,1.6914449879549143,819945,120
8632,1.6907979591829234,820040,120
8633,1.6917442020748155,820135,120
8634,1.6912638029284093,820230,120
8635,1.6915503595171459,820325,120
8636,1.6914393093360247,820420,120
8637,1.6911060676298895,820515,120
8638,1.6911061931885019,820610,120
8639,1.690790249867939,820705,120
8640,1.6915770778771793,820800,120
8641,1.6916507013893092,820895,120
8642,1.6916549567826951,820990,120
8643,1.6918586804853608,821085,120
8644,1.6921416017445496,821180,120
8645,1.6914648781549866,821275,120
8646,1.6916432937332879,821370,120
8647,1.6921146642587099,821465,120
8648,1.6915290297823544,821560,120
8649,1.690721377665769,821655,120
8650,1.690737023098257,821750,120
8651,1.6905148173125712,821845,120
8652,1.6902258828771339,821940,120
8653,1.6908450455762347,822035,120
8654,1.6903157654615668,822130,120
8655,1.6902171778629669,822225,120
8656,1.6898228068017833,822320,120
8657,1.6903328620983817,822415,120
8658,1.690202066826707,822510,120
8659,1.6894938343846135,822605,120
8660,1.6893174637815671,822700,120
8661,1.6901521912834256,822795,120
8662,1.6896231113946134,822890,120
8663,1.688819067054335,822985,120
8664,1.688550675903693,823080,120
8665,1.6893204358798721,823175,120
8666,1.6892547273792202,823270,120
8667,1.6892051613408352,823365,120
8668,1.6886040144036103,823460,120
8669,1.6881869712484237,823555,120
8670,1.6892025867065792,823650,120
8671,1.6890795560427865,823745,120
8672,1.6889215898603416,823840,120
8673,1.6891166227848813,823935,120
8674,1.6893843345784054,824030,120
8675,1.6899284204082607,824125,120
8676,1.6898357461315709,824220,120
8677,1.689466961730647,824315,120
8678,1.6891795967361805,824410,120
8679,1.6891146323959851,824505,120
8680,1.6884667161717843,824600,120
8681,1.6880588928790063,824695,120
8682,1.6879633660845306,824790,120
8683,1.6884812909808342,824885,120
8684,1.6886316713985576,824980,120
8685,1.6881335636792683,825075,120
8686,1.6884379139153405,825170,120
8687,1.6883222267795897,825265,120
8688,1.6892547946902683,825360,120
8689,1.6899742564287454,825455,120
8690,1.6898408652312393,825550,120
8691,1.6899483995448359,825645,120
8692,1.6902393659502446,825740,120
8693,1.6908520178213644,825835,120
8694,1.6907620573580568,825930,120
8695,1.6907516175676705,826025,120
8696,1.690842276267057,826120,120
8697,1.6901669874460286,826215,120
8698,1.6921404093319301,826310,120
8699,1.6912279487788771,826405,120
8700,1.6921188108104666,826500,120
8701,1.6925519227039274,826595,120
8702,1.6945131728183793,826690,120
8703,1.6948773422735754,826785,120
8704,1.695582743467688,826880,120
8705,1.695299447304571,826975,120
8706,1.6954514962851079,827070,120
8707,1.6964739647361591,827165,120
8708,1.6960504405549506,827260,120
8709,1.695744448990754,827355,120
8710,1.6961701599575776,827450,120
8711,1.6958312698748177,827545,120
8712,1.6953735787832673,827640,120
8713,1.6953700881921017,827735,120
8714,1.6948461160554036,827830,120
8715,1.6945155848067461,827925,120
8716,1.6945959095494529,828020,120
8717,1.6951865240464488,828115,120
8718,1.6948131100857353,828210,120
8719,1.6943707245119992,828305,120
8720,1.6949718849219801,828400,120
8721,1.6961975541102674,828495,120
8722,1.6965772997449524,828590,120
8723,1.6962084009292651,828685,120
8724,1.6962382029857082,828780,120
8725,1.6958544446319663,828875,120
8726,1.6958404332823891,828970,120
8727,1.6955884122734715,829065,120
8728,1.6953906883858543,829160,120
8729,1.695447319789479,829255,120
8730,1.6952426937811576,829350,120
8731,1.695692562692233,829445,120
8732,1.6965166492768893,829540,120
8733,1.6979206566921032,829635,120
8734,1.6991426809051973,829730,120
8735,1.6985942647089844,829825,120
8736,1.6984771166918848,829920,120
8737,1.6982149857875966,830015,120
8738,1.6978827538347978,830110,120
8739,1.6969532006912202,830205,120
8740,1.6972084724440861,830300,120
8741,1.6968842714090977,830395,120
8742,1.6963170607719249,830490,120
8743,1.6960744044192404,830585,120
8744,1.6958920390563315,830680,120
8745,1.6957042367669,830775,120
8746,1.6957601352286609,830870,120
8747,1.6953761433328436,830965,120
8748,1.6952268182415255,831060,120
8749,1.6954453488367527,831155,120
8750,1.6952406306030909,831250,120
8751,1.6947415550293732,831345,120
8752,1.6954083351348186,831440,120
8753,1.6950423089062669,831535,120
8754,1.6947921777161779,831630,120
8755,1.6937823852454112,831725,120
8756,1.6941634837158821,831820,120
8757,1.6940433821042846,831915,120
8758,1.6943537114042533,832010,120
8759,1.6940540559123654,832105,120
8760,1.6943632080499009,832200,120
8761,1.6950417843094172,832295,120
8762,1.6945410618436152,832390,120
8763,1.694729169582013,832485,120
8764,1.6941194671648734,832580,120
8765,1.693850222663277,832675,120
8766,1.6939327934191033,832770,120
8767,1.6940589096337446,832865,120
8768,1.6940787768391627,832960,120
8769,1.6933931592357441,833055,120
8770,1.6935013398807881,833150,120
8771,1.6929976956070909,833245,120
8772,1.6935176980976716,833340,120
8773,1.6928311335661901,833435,120
8774,1.6921737813138473,833530,120
8775,1.6913774125833165,833625,120
8776,1.6908238218587701,833720,120
8777,1.6905543105092153,833815,120
8778,1.6898720531634497,833910,120
8779,1.689967454338019,834005,120
8780,1.690132468844179,834100,120
8781,1.6911123291301331,834195,120
8782,1.6914186511191911,834290,120
8783,1.6917698874176068,834385,120
8784,1.6912512129401724,834480,120
8785,1.692027207326686,834575,120
8786,1.6924300925231943,834670,120
8787,1.6920435594894725,834765,120
8788,1.6923682589015547,834860,120
8789,1.6925293591500323,834955,120
8790,1.6917133376514013,835050,120
8791,1.6914301228930859,835145,120
8792,1.6921142222297028,835240,120
8793,1.6929306192180322,835335,120
8794,1.6931198062260302,835430,120
8795,1.6936925370321727,835525,120
8796,1.6943278882352681,835620,120
8797,1.69362531808362,835715,120
8798,1.6935657412071701,835810,120
8799,1.6928901609108884,835905,120
8800,1.6923580866889092,836000,120
8801,1.6918135043532929,836095,120
8802,1.6924285783776358,836190,120
8803,1.6926158149632387,836285,120
8804,1.6924679395441957,836380,120
8805,1.6921069095900119,836475,120
8806,1.6919230195045714,836570,120
8807,1.6921565407279533,836665,120
8808,1.6932553269343618,836760,120
8809,1.692539448611091,836855,120
8810,1.6921552738489758,836950,120
8811,1.6925336666707611,837045,120
8812,1.6932798197670611,837140,120
8813,1.69248418691333,837235,120
8814,1.6929912514266769,837330,120
8815,1.6928897633021784,837425,120
8816,1.6937853267185761,837520,120
8817,1.6932147132873625,837615,120
8818,1.6932239791645058,837710,120
8819,1.6928007943041623,837805,120
8820,1.6925271671335715,837900,120
8821,1.6927209450538581,837995,120
8822,1.6927173346096465,838090,120
8823,1.6933610486180382,838185,120
8824,1.6944538721010682,838280,120
8825,1.6945862123950948,838375,120
8826,1.6947185469785289,838470,120
8827,1.6947291843437204,838565,120
8828,1.696199133786491,838660,120
8829,1.6959074141332182,838755,120
8830,1.6965476167030213,838850,120
8831,1.6972692209572429,838945,120
8832,1.6980019689580335,839040,120
8833,1.698365845637124,839135,120
8834,1.698847679484099,839230,120
8835,1.6990042838310258,839325,120
8836,1.6982713038549442,839420,120
8837,1.6980211184815588,839515,120
8838,1.6995076086749481,839610,120
8839,1.6989215738546892,839705,120
8840,1.6996264026822914,839800,120
8841,1.6995803128572293,839895,120
8842,1.6995788673347083,839990,120
8843,1.6990338322034566,840085,120
8844,1.698428429074526,840180,120
8845,1.6980216709169291,840275,120
8846,1.6979288048083989,840370,120
8847,1.6973251171687034,840465,120
8848,1.6976249092198434,840560,120
8849,1.6975405028645756,840655,120
8850,1.697863006883126,840750,120
8851,1.6979031118809158,840845,120
8852,1.6983305993562414,840940,120
8853,1.6975867008926513,841035,120
8854,1.6971266688267983,841130,120
8855,1.6973901654757122,841225,120
8856,1.697849107850548,841320,120
8857,1.6973814389134936,841415,120
8858,1.6974396600905794,841510,120
8859,1.6979400909868538,841605,120
8860,1.6977394568467985,841700,120
8861,1.6969071203381194,841795,120
8862,1.6967750420534675,841890,120
8863,1.6955844023770092,841985,120
8864,1.6955612089619392,842080,120
8865,1.6956375402125428,842175,120
8866,1.6958150307229938,842270,120
8867,1.6959027998037919,842365,120
8868,1.6960797226403879,842460,120
8869,1.6959032559961396,842555,120
8870,1.6968182460617103,842650,120
8871,1.6965785792128907,842745,120
8872,1.6973617172870661,842840,120
8873,1.6975833294677756,842935,120
8874,1.6968329246145935,843030,120
8875,1.6977789315627692,843125,120
8876,1.6978387974612998,843220,120
8877,1.6992718992594666,843315,120
8878,1.6988795592118666,843410,120
8879,1.6993834731217545,843505,120
8880,1.6996838400760195,843600,120
8881,1.6992580563941295,843695,120
8882,1.6992208694294026,843790,120
8883,1.6994375207577139,843885,120
8884,1.6998154621023502,843980,120
8885,1.6997018279580565,844075,120
8886,1.6992071291697426,844170,120
8887,1.6988395015144835,844265,120
8888,1.698255150899969,844360,120
8889,1.6985508128826403,844455,120
8890,1.6980992679256921,844550,120
8891,1.6979351547123587,844645,120
8892,1.6978719471244037,844740,120
8893,1.6988787080861043,844835,120
8894,1.6999083220282312,844930,120
8895,1.6997193820094902,845025,120
8896,1.6993124230994854,845120,120
8897,1.7000371912320802,845215,120
8898,1.6999391937107899,845310,120
8899,1.6999462328019201,845405,120
8900,1.7002568094552644,845500,120
8901,1.699834666989815,845595,120
8902,1.7004328093405701,845690,120
8903,1.7004933904546276,845785,120
8904,1.7002623016539276,845880,120
8905,1.6999161843645754,845975,120
8906,1.7003060399621877,846070,120
8907,1.7004055352474496,846165,120
8908,1.7002091306384024,846260,120
8909,1.699557687069406,846355,120
8910,1.7003098911024592,846450,120
8911,1.700060804529171,846545,120
8912,1.6991047467339722,846640,120
8913,1.6988111055450474,846735,120
8914,1.6998403170413183,846830,120
8915,1.6999681335507151,846925,120
8916,1.6998479210208435,847020,120
8917,1.6998156911337212,847115,120
8918,1.6990195834536912,847210,120
8919,1.6990319932096904,847305,120
8920,1.6986350402619412,847400,120
8921,1.6993178718586939,847495,120
8922,1.6994726397219726,847590,120
8923,1.6999796727248566,847685,120
8924,1.7000839953610645,847780,120
8925,1.7006975286834394,847875,120
8926,1.7016849619463774,847970,120
8927,1.7027596100507965,848065,120
8928,1.7027651071146925,848160,120
8929,1.703859782038516,848255,120
8930,1.7040401965414271,848350,120
8931,1.7037720008372907,848445,120
8932,1.7042713360930317,848540,120
8933,1.703825950401467,848635,120
8934,1.7031249286561077,848730,120
8935,1.7031745314305951,848825,120
8936,1.7026812956779018,848920,120
8937,1.7024235525931546,849015,120
8938,1.7031903240914534,849110,120
8939,1.7034866549270793,849205,120
8940,1.7034366898323205,849300,120
8941,1.7037347262228906,849395,120
8942,1.7046726945602155,849490,120
8943,1.7047176826143295,849585,120
8944,1.7046187824666055,849680,120
8945,1.7054666039315327,849775,120
8946,1.7048886740168006,849870,120
8947,1.7041777990451787,849965,120
8948,1.7036923361510725,850060,120
8949,1.7034867231486504,850155,120
8950,1.7040075281184515,850250,120
8951,1.703749677003827,850345,120
8952,1.7033734047933344,850440,120
8953,1.7034034346921114,850535,120
8954,1.7028751147360928,850630,120
8955,1.7029059966311624,850725,120
8956,1.7028333549692256,850820,120
8957,1.7034699738550236,850915,120
8958,1.7029543054495344,851010,120
8959,1.7041710516005772,851105,120
8960,1.7052485127731447,851200,120
8961,1.7055896040135985,851295,120
8962,1.7055603170899964,851390,120
8963,1.7052094719114568,851485,120
8964,1.7044466112765388,851580,120
8965,1.7046573837555561,851675,120
8966,1.7055415853489557,851770,120
8967,1.70563228700335,851865,120
8968,1.7055154185070169,851960,120
8969,1.7066200670710732,852055,120
8970,1.7060003110972648,852150,120
8971,1.7062746982496693,852245,120
8972,1.7060123838363233,852340,120
8973,1.7061641533340413,852435,120
8974,1.7063294625497027,852530,120
8975,1.7060557994996943,852625,120
8976,1.7062834245892551,852720,120
8977,1.7059121859511865,852815,120
8978,1.7062895107280589,852910,120
8979,1.7055268858359858,853005,120
8980,1.7056181257341523,853100,120
8981,1.7054949054276864,853195,120
8982,1.7063409326844261,853290,120
8983,1.7067130445372989,853385,120
8984,1.7064904755728156,853480,120
8985,1.7058146685746249,853575,120
8986,1.706707430327788,853670,120
8987,1.7072109892888745,853765,120
8988,1.7071970786632549,853860,120
8989,1.707765249280202,853955,120
8990,1.7072733425799818,854050,120
8991,1.7069996843829214,854145,120
8992,1.7078355382243666,854240,120
8993,1.7070465588871448,854335,120
8994,1.7070184536218691,854430,120
8995,1.7071270858277685,854525,120
8996,1.7077715225693579,854620,120
8997,1.7073548770316584,854715,120
8998,1.7076805789107969,854810,120
8999,1.7079939885888926,854905,120
9000,1.7074840582424711,855000,120
9001,1.7074925704243302,855095,120
9002,1.7068332559218307,855190,120
9003,1.7076494709909218,855285,120
9004,1.7081726752372657,855380,120
9005,1.7086857089977192,855475,120
9006,1.7090084773413277,855570,120
9007,1.7095947029418752,855665,120
9008,1.710165782756651,855760,120
9009,1.7092786289261179,855855,120
9010,1.7094101972293585,855950,120
9011,1.7087545919768981,856045,120
9012,1.7089538704692517,856140,120
9013,1.7090447901457313,856235,120
9014,1.7091494514253784,856330,120
9015,1.7092082841475931,856425,120
9016,1.7093384065265875,856520,120
9017,1.7093552887923398,856615,120
9018,1.7095544675005503,856710,120
9019,1.7095531228663641,856805,120
9020,1.7097263433674506,856900,120
9021,1.7107993772890144,856995,120
9022,1.7104225819788064,857090,120
9023,1.7107501936246114,857185,120
9024,1.7114987738821681,857280,120
9025,1.7114364531636348,857375,120
9026,1.7118893236460098,857470,120
9027,1.7117823600874706,857565,120
9028,1.7110803514100132,857660,120
9029,1.7122933466187906,857755,120
9030,1.7119408555263047,857850,120
9031,1.7114076607149049,857945,120
9032,1.7129433765091375,858040,120
9033,1.7137999797677035,858135,120
9034,1.7135310417666179,858230,120
9035,1.7141622657541018,858325,120
9036,1.7148298658104661,858420,120
9037,1.7147763504271509,858515,120
9038,1.7146557743619284,858610,120
9039,1.7141518013269545,858705,120
9040,1.7147434924404765,858800,120
9041,1.7152670316629353,858895,120
9042,1.7152309065110487,858990,120
9043,1.7154890102734512,859085,120
9044,1.7160934818401756,859180,120
9045,1.7167141447471126,859275,120
9046,1.7175409440327434,859370,120
9047,1.7172227181170248,859465,120
9048,1.7172740945999847,859560,120
9049,1.7180053211298214,859655,120
9050,1.7170807420473155,859750,120
9051,1.7165332191925862,859845,120
9052,1.7171240216068699,859940,120
9053,1.7173730613938911,860035,120
9054,1.7183655731364564,860130,120
9055,1.7185288687552771,860225,120
9056,1.7190646146424797,860320,120
9057,1.7189561036582197,860415,120
9058,1.7186324157120227,860510,120
9059,1.7186202536469324,860605,120
9060,1.7197939480245032,860700,120
9061,1.7205538166356555,860795,120
9062,1.720191271341823,860890,120
9063,1.7199490856509119,860985,120
9064,1.7198071182906067,861080,120
9065,1.7200693521185755,861175,120
9066,1.7206319288007699,861270,120
9067,1.7206785511405092,861365,120
9068,1.7198464371196469,861460,120
9069,1.7208148635253377,861555,120
9070,1.7200828599101281,861650,120
9071,1.720165687384297,861745,120
9072,1.7199256207118039,861840,120
9073,1.7195616577652126,861935,120
9074,1.7197770954718148,862030,120
9075,1.7200983912465675,862125,120
9076,1.7213557161280189,862220,120
9077,1.7217629025644925,862315,120
9078,1.7215956287235827,862410,120
9079,1.7215910718635903,862505,120
9080,1.7214908513382552,862600,120
9081,1.7212866167656322,862695,120
9082,1.7214295282115579,862790,120
9083,1.7212535780034013,862885,120
9084,1.7216029346430097,862980,120
9085,1.7214795577632351,863075,120
9086,1.7216226412040869,863170,120
9087,1.7211551855750928,863265,120
9088,1.7212095417848889,863360,120
9089,1.7215295924781162,863455,120
9090,1.7221267081494791,863550,120
9091,1.7212276878273143,863645,120
9092,1.7212532289608082,863740,120
9093,1.7205485270228262,863835,120
9094,1.720418707626223,863930,120
9095,1.7198600563429116,864025,120
9096,1.719158991922386,864120,120
9097,1.719213292358923,864215,120
9098,1.7198431906266718,864310,120
9099,1.7206769759221368,864405,120
9100,1.7215962028314526,864500,120
9101,1.7223940119545198,864595,120
9102,1.7221746102631934,864690,120
9103,1.7220853617723204,864785,120
9104,1.7214381708386883,864880,120
9105,1.7211433212674569,864975,120
9106,1.7203560381997458,865070,120
9107,1.7212681092135358,865165,120
9108,1.7208731571916882,865260,120
9109,1.7209419253290839,865355,120
9110,1.7200930027950263,865450,120
9111,1.7196849405507377,865545,120
9112,1.7196688647101692,865640,120
9113,1.7197744169755094,865735,120
9114,1.7194144056090768,865830,120
9115,1.7190647388724667,865925,120
9116,1.7190252356461708,866020,120
9117,1.7186522594922158,866115,120
9118,1.718411417055864,866210,120
9119,1.7180802513848488,866305,120
9120,1.7179882271539768,866400,120
9121,1.7180194491494023,866495,120
9122,1.7171725542882343,866590,120
9123,1.7168266330229172,866685,120
9124,1.7169820631948418,866780,120
9125,1.7167386786202832,866875,120
9126,1.7161301932661308,866970,120
9127,1.716050920837541,867065,120
9128,1.7158571231623432,867160,120
9129,1.7162392430955642,867255,120
9130,1.7161546289358751,867350,120
9131,1.7161738121158321,867445,120
9132,1.7160263717929536,867540,120
9133,1.7164234413207724,867635,120
9134,1.7166062428751721,867730,120
9135,1.7166294048998261,867825,120
9136,1.7171017249630973,867920,120
9137,1.7167191316231267,868015,120
9138,1.716462972809722,868110,120
9139,1.7156255107598237,868205,120
9140,1.7150748610127111,868300,120
9141,1.7163894143243796,868395,120
9142,1.7155399108327165,868490,120
9143,1.7152787459503158,868585,120
9144,1.7150532272519163,868680,120
9145,1.7151745860219934,868775,120
9146,1.7151030069344126,868870,120
9147,1.7161331043813071,868965,120
9148,1.7158215914871588,869060,120
9149,1.7156464538520964,869155,120
9150,1.7164305832279596,869250,120
9151,1.7161722945346218,869345,120
9152,1.7155145533118747,869440,120
9153,1.7152495469755156,869535,120
9154,1.7147508951350323,869630,120
9155,1.7142438038843451,869725,120
9156,1.7137893318746849,869820,120
9157,1.7133882683833779,869915,120
9158,1.7141081742257858,870010,120
9159,1.7145336418494663,870105,120
9160,1.7143558269014034,870200,120
9161,1.7140361106745972,870295,120
9162,1.7140810270760793,870390,120
9163,1.7127945455578351,870485,120
9164,1.7126329140938914,870580,120
9165,1.7115699415741452,870675,120
9166,1.7113033329099678,870770,120
9167,1.7116645133683266,870865,120
9168,1.711663081840811,870960,120
9169,1.7132842659374694,871055,120
9170,1.7129861901598018,871150,120
9171,1.7133374463053026,871245,120
9172,1.7136094484640372,871340,120
9173,1.7146709887939302,871435,120
9174,1.7150993039909768,871530,120
9175,1.7145089894633827,871625,120
9176,1.7142279889850767,871720,120
9177,1.714344042721716,871815,120
9178,1.7140980178084424,871910,120
9179,1.7138296753326372,872005,120
9180,1.7152769237025407,872100,120
9181,1.7144100795167407,872195,120
9182,1.7138723871556028,872290,120
9183,1.7136047478369363,872385,120
9184,1.7135472178606503,872480,120
9185,1.7136211347763377,872575,120
9186,1.7136119239129832,872670,120
9187,1.7135282796472504,872765,120
9188,1.7138495130146485,872860,120
9189,1.7137939389556909,872955,120
9190,1.7148816122999508,873050,120
9191,1.7151529545223159,873145,120
9192,1.7153496090909237,873240,120
9193,1.7153360792504675,873335,120
9194,1.7154233046597696,873430,120
9195,1.714760155549808,873525,120
9196,1.7150965093050161,873620,120
9197,1.7159374060387111,873715,120
9198,1.7165864068135619,873810,120
9199,1.7170264005030531,873905,120
9200,1.7168838010958418,874000,120
9201,1.716821475054326,874095,120
9202,1.7172374623794544,874190,120
9203,1.7177077335120756,874285,120
9204,1.7177084799388174,874380,120
9205,1.7178780110248244,874475,120
9206,1.717167980567214,874570,120
9207,1.7165090426170349,874665,120
9208,1.7161792460888976,874760,120
9209,1.7163668683544766,874855,120
9210,1.7165466525919482,874950,120
9211,1.716663656641273,875045,120
9212,1.7177305740460258,875140,120
9213,1.7174004226264299,875235,120
9214,1.7177881070912417,875330,120
9215,1.7171275113367968,875425,120
9216,1.7177392439163439,875520,120
9217,1.7177264976483693,875615,120
9218,1.7172229963152286,875710,120
9219,1.7169838456349886,875805,120
9220,1.7166925529752604,875900,120
9221,1.7170744920598238,875995,120
9222,1.7174799512000984,876090,120
9223,1.7168093691507003,876185,120
9224,1.7166215780788185,876280,120
9225,1.7161528993136206,876375,120
9226,1.7161157291989984,876470,120
9227,1.7159063954398139,876565,120
9228,1.7173858167496912,876660,120
9229,1.716629002141657,876755,120
9230,1.7172202604051496,876850,120
9231,1.7178162420802772,876945,120
9232,1.7172699120902903,877040,120
9233,1.7174540390770525,877135,120
9234,1.717308583369751,877230,120
9235,1.7168626793330941,877325,120
9236,1.7167292601373842,877420,120
9237,1.7168538768891426,877515,120
9238,1.7167215289999262,877610,120
9239,1.7166949291787137,877705,120
9240,1.7160842571514534,877800,120
9241,1.7158214971014234,877895,120
9242,1.7155856300274819,877990,120
9243,1.7149341007968035,878085,120
9244,1.7159084012583021,878180,120
9245,1.715718502889205,878275,120
9246,1.7146632615947395,878370,120
9247,1.7146078651422993,878465,120
9248,1.7149482719567228,878560,120
9249,1.715514721746304,878655,120
9250,1.7149120296187181,878750,120
9251,1.7151229227442684,878845,120
9252,1.7159805753838042,878940,120
9253,1.7155911134979329,879035,120
9254,1.7154020966660526,879130,120
9255,1.715756361394837,879225,120
9256,1.7153910304089384,879320,120
9257,1.7145697093389156,879415,120
9258,1.7150621115813542,879510,120
9259,1.715482602556909,879605,120
9260,1.7151968600313123,879700,120
9261,1.7149668868628345,879795,120
9262,1.7150943322979366,879890,120
9263,1.7152504236106252,879985,120
9264,1.7147680123188374,880080,120
9265,1.7146744355547383,880175,120
9266,1.7143508425472358,880270,120
9267,1.7140745146633576,880365,120
9268,1.713445088039649,880460,120
9269,1.7132748949427408,880555,120
9270,1.7129816687235027,880650,120
9271,1.7137686325749988,880745,120
9272,1.7133582002937455,880840,120
9273,1.7145438595618194,880935,120
9274,1.7141646573152742,881030,120
9275,1.7145889393712568,881125,120
9276,1.716140462425638,881220,120
9277,1.7161059741180715,881315,120
9278,1.7163357447251326,881410,120
9279,1.716121461851724,881505,120
9280,1.7161584548575128,881600,120
9281,1.7158172997309205,881695,120
9282,1.715457970375901,881790,120
9283,1.7159871175399386,881885,120
9284,1.7151791327758799,881980,120
9285,1.7156332824985445,882075,120
9286,1.7154535927270236,882170,120
9287,1.7153649572889094,882265,120
9288,1.7153454526099827,882360,120
9289,1.715295376331514,882455,120
9290,1.7155336846996956,882550,120
9291,1.7161158719994944,882645,120
9292,1.7161350557808506,882740,120
9293,1.7165191189075497,882835,120
9294,1.7165564846901389,882930,120
9295,1.7158254965844431,883025,120
9296,1.7163765616954201,883120,120
9297,1.7163055347567078,883215,120
9298,1.7168881548140118,883310,120
9299,1.7168492109600668,883405,120
9300,1.7163192022989584,883500,120
9301,1.7158389097447786,883595,120
9302,1.7160433716262378,883690,120
9303,1.7159540542890814,883785,120
9304,1.7160612786561085,883880,120
9305,1.7153452224757926,883975,120
9306,1.7156131694276158,884070,120
9307,1.7160527583524219,884165,120
9308,1.7156401195650148,884260,120
9309,1.71547095158661,884355,120
9310,1.7146016056957161,884450,120
9311,1.7153291557663011,884545,120
9312,1.7145786687748368,884640,120
9313,1.7147411157255228,884735,120
9314,1.7147126929268706,884830,120
9315,1.7139158878797032,884925,120
9316,1.7138899763785962,885020,120
9317,1.714034830260541,885115,120
9318,1.7139796880308762,885210,120
9319,1.7151880200772904,885305,120
9320,1.7157128589820254,885400,120
9321,1.7155179156139335,885495,120
9322,1.7154843091130239,885590,120
9323,1.7153945808374584,885685,120
9324,1.7149051710028111,885780,120
9325,1.7147930250526124,885875,120
9326,1.7155050335668871,885970,120
9327,1.7163130563471534,886065,120
9328,1.7162371265126142,886160,120
9329,1.7154599771135473,886255,120
9330,1.7147864904416554,886350,120
9331,1.7143913630640353,886445,120
9332,1.7144580157417033,886540,120
9333,1.7143569312635472,886635,120
9334,1.7152038167185006,886730,120
9335,1.7144698166161119,886825,120
9336,1.7140425109359392,886920,120
9337,1.7141990621793002,887015,120
9338,1.7142460755142557,887110,120
9339,1.7134943384628711,887205,120
9340,1.712827404163612,887300,120
9341,1.7126878150049916,887395,120
9342,1.7128748883354341,887490,120
9343,1.7120987531257479,887585,120
9344,1.7129273035762793,887680,120
9345,1.7125049248834721,887775,120
9346,1.7127748753703267,887870,120
9347,1.7120624550205572,887965,120
9348,1.7118245193150847,888060,120
9349,1.7123713714375897,888155,120
9350,1.7131982000436463,888250,120
9351,1.7129186349300978,888345,120
9352,1.713747525267278,888440,120
9353,1.7137029859697068,888535,120
9354,1.7146779225903244,888630,120
9355,1.7138774073813687,888725,120
9356,1.7133960456449091,888820,120
9357,1.7127672819396929,888915,120
9358,1.7124112519866679,889010,120
9359,1.7129262561443124,889105,120
9360,1.7124542834535037,889200,120
9361,1.7120921482951628,889295,120
9362,1.7115869486838489,889390,120
9363,1.7113515435058864,889485,120
9364,1.7106975289010009,889580,120
9365,1.7101008231404859,889675,120
9366,1.7098578771612389,889770,120
9367,1.7094744261530697,889865,120
9368,1.709434819781944,889960,120
9369,1.7086212860592049,890055,120
9370,1.7093112595676876,890150,120
9371,1.7094422315819904,890245,120
9372,1.7095283233202951,890340,120
9373,1.7094292151767378,890435,120
9374,1.709157484035948,890530,120
9375,1.7100977779582298,890625,120
9376,1.710239670949641,890720,120
9377,1.7102800378567089,890815,120
9378,1.709998791466087,890910,120
9379,1.7101808158788143,891005,120
9380,1.7100715408472944,891100,120
9381,1.7104355686859649,891195,120
9382,1.710777891807431,891290,120
9383,1.7104970786919591,891385,120
9384,1.7108496481146762,891480,120
9385,1.7113221525636788,891575,120
9386,1.7112458994389832,891670,120
9387,1.7113669422122728,891765,120
9388,1.7113575214480825,891860,120
9389,1.7113092260146281,891955,120
9390,1.7112586234270255,892050,120
9391,1.7113432490548726,892145,120
9392,1.7114481002945814,892240,120
9393,1.7121125709618694,892335,120
9394,1.7131433368538498,892430,120
9395,1.7129160474070675,892525,120
9396,1.7124736834952208,892620,120
9397,1.7122200022494989,892715,120
9398,1.711880802929822,892810,120
9399,1.7126408167101657,892905,120
9400,1.7123459975129112,893000,120
9401,1.7128127269502917,893095,120
9402,1.7124339570705966,893190,120
9403,1.712345807930419,893285,120
9404,1.7129041193870029,893380,120
9405,1.7120115192513425,893475,120
9406,1.7113694866900766,893570,120
9407,1.7103738457367057,893665,120
9408,1.7105343490750624,893760,120
9409,1.710701592054038,893855,120
9410,1.7111200033690042,893950,120
9411,1.711556904788653,894045,120
9412,1.711540038504082,894140,120
9413,1.7113091609877253,894235,120
9414,1.7123224046454748,894330,120
9415,1.7117881429439386,894425,120
9416,1.711901910757303,894520,120
9417,1.7114857080873709,894615,120
9418,1.7114334257972887,894710,120
9419,1.7120588096177456,894805,120
9420,1.711695382939405,894900,120
9421,1.7119329206081266,894995,120
9422,1.7122842552453463,895090,120
9423,1.712328265101712,895185,120
9424,1.7123906476068607,895280,120
9425,1.7127843189519236,895375,120
9426,1.7122323192422375,895470,120
9427,1.7123578687314576,895565,120
9428,1.712922657413406,895660,120
9429,1.7124805237160485,895755,120
9430,1.7127908041827584,895850,120
9431,1.712364947003822,895945,120
9432,1.7136172115918384,896040,120
9433,1.7133109574122261,896135,120
9434,1.7131445124116516,896230,120
9435,1.7128206654972287,896325,120
9436,1.7128577945789865,896420,120
9437,1.7128698596570353,896515,120
9438,1.7130950641448408,896610,120
9439,1.712676234038504,896705,120
9440,1.7120794139198519,896800,120
9441,1.7126699013779123,896895,120
9442,1.7124701788914418,896990,120
9443,1.7128442155625896,897085,120
9444,1.7126331332944975,897180,120
9445,1.712213915043354,897275,120
9446,1.7117823722010677,897370,120
9447,1.7123087651222213,897465,120
9448,1.7133654090714705,897560,120
9449,1.7132437941223271,897655,120
9450,1.7134490731799703,897750,120
9451,1.7133325888141975,897845,120
9452,1.7133776716258344,897940,120
9453,1.7135535710897725,898035,120
9454,1.7161131899030935,898130,120
9455,1.7166838449908277,898225,120
9456,1.7165767195692772,898320,120
9457,1.7174761886327869,898415,120
9458,1.7168850609787649,898510,120
9459,1.7172613531694372,898605,120
9460,1.7169852592785229,898700,120
9461,1.7176808259365721,898795,120
9462,1.7172002155268504,898890,120
9463,1.7164596458621157,898985,120
9464,1.7164884385538419,899080,120
9465,1.7166580863199055,899175,120
9466,1.7166998992530622,899270,120
9467,1.7170013684382368,899365,120
9468,1.7168333550681192,899460,120
9469,1.716961332464229,899555,120
9470,1.7166623817269657,899650,120
9471,1.7165487837889595,899745,120
9472,1.7175056617421747,899840,120
9473,1.7168613415086218,899935,120
9474,1.7172542426369197,900030,120
9475,1.7167911277514079,900125,120
9476,1.7167671955770822,900220,120
9477,1.7163119970187097,900315,120
9478,1.7160626114962358,900410,120
9479,1.7166998933233102,900505,120
9480,1.7170776642712964,900600,120
9481,1.7171077034899644,900695,120
9482,1.7174066049196817,900790,120
9483,1.7168317832308322,900885,120
9484,1.7177060450589161,900980,120
9485,1.717624042325071,901075,120
9486,1.7174039450488483,901170,120
9487,1.7163512397862004,901265,120
9488,1.7162154242758612,901360,120
9489,1.7163223833064698,901455,120
9490,1.7162803007700018,901550,120
9491,1.7167522385395102,901645,120
9492,1.716938403557257,901740,120
9493,1.7161920791591849,901835,120
9494,1.7162047221323311,901930,120
9495,1.7163952615857778,902025,120
9496,1.7168201531978131,902120,120
9497,1.7158444249113933,902215,120
9498,1.716339626496179,902310,120
9499,1.7171498609699651,902405,120
9500,1.7170469034217342,902500,120
9501,1.7166930453268265,902595,120
9502,1.7164419552577117,902690,120
9503,1.71571443728944,902785,120
9504,1.7162294927170489,902880,120
9505,1.7161987301235517,902975,120
9506,1.7156603760828686,903070,120
9507,1.7158491045119921,903165,120
9508,1.7156866781425997,903260,120
9509,1.7153577373668363,903355,120
9510,1.7157536961583568,903450,120
9511,1.7170013254372469,903545,120
9512,1.7172209892790617,903640,120
9513,1.7178222694254461,903735,120
9514,1.7166667188084956,903830,120
9515,1.7164323543663296,903925,120
9516,1.7167119696530464,904020,120
9517,1.7163657185065309,904115,120
9518,1.7161910582171451,904210,120
9519,1.7163985243908253,904305,120
9520,1.7161331019231107,904400,120
9521,1.7163774152294349,904495,120
9522,1.715935779080858,904590,120
9523,1.715693625498651,904685,120
9524,1.7162401449503091,904780,120
9525,1.7170615222888059,904875,120
9526,1.7178500488782225,904970,120
9527,1.717504374507387,905065,120
9528,1.7169869470442909,905160,120
9529,1.7162137066890073,905255,120
9530,1.7163845687221739,905350,120
9531,1.7162043330194889,905445,120
9532,1.7162386775074494,905540,120
9533,1.7164421104662162,905635,120
9534,1.7158920333544267,905730,120
9535,1.7152272888356404,905825,120
9536,1.7152001195943778,905920,120
9537,1.7146999424678042,906015,120
9538,1.7143348094968738,906110,120
9539,1.7134071140302949,906205,120
9540,1.7142614473334734,906300,120
9541,1.7144551981370943,906395,120
9542,1.713810256385325,906490,120
9543,1.7139435620417831,906585,120
9544,1.7135627775370648,906680,120
9545,1.713706827318598,906775,120
9546,1.713029395196626,906870,120
9547,1.7135179118304726,906965,120
9548,1.7130783334341901,907060,120
9549,1.7124506248029612,907155,120
9550,1.7121763512373855,907250,120
9551,1.7125596325140029,907345,120
9552,1.7122096669133366,907440,120
9553,1.7122320071017969,907535,120
9554,1.7114285167347638,907630,120
9555,1.7118391571633833,907725,120
9556,1.711927833778498,907820,120
9557,1.7125129538134283,907915,120
9558,1.7130975192500986,908010,120
9559,1.7131226211832411,908105,120
9560,1.7131034730848715,908200,120
9561,1.7130502941114456,908295,120
9562,1.7129160330826794,908390,120
9563,1.7133505743501636,908485,120
9564,1.7139274585326796,908580,120
9565,1.7146479132009891,908675,120
9566,1.7144650402565784,908770,120
9567,1.7144454574501369,908865,120
9568,1.7144425293209635,908960,120
9569,1.71410112047401,909055,120
9570,1.7142396704128526,909150,120
9571,1.7145627657287539,909245,120
9572,1.7150683382142724,909340,120
9573,1.7145476549018162,909435,120
9574,1.7147287600514654,909530,120
9575,1.7147306581738535,909625,120
9576,1.7145587819016399,909720,120
9577,1.7148192533920019,909815,120
9578,1.7151192240064588,909910,120
9579,1.7153249443917344,910005,120
9580,1.7151677056627892,910100,120
9581,1.7153417273143976,910195,120
9582,1.7151276257339132,910290,120
9583,1.7155442559378997,910385,120
9584,1.7166790788062234,910480,120
9585,1.7171150702543629,910575,120
9586,1.717393426703419,910670,120
9587,1.7171245088924696,910765,120
9588,1.717766263110323,910860,120
9589,1.7184457795074708,910955,120
9590,1.7182907454166914,911050,120
9591,1.7191034626070187,911145,120
9592,1.7190539118618098,911240,120
9593,1.7199128650416535,911335,120
9594,1.7197887818939064,911430,120
9595,1.7191535200346766,911525,120
9596,1.7183894759670935,911620,120
9597,1.717662290917487,911715,120
9598,1.7182770284848405,911810,120
9599,1.7197116289927596,911905,120
9600,1.7191296286605904,912000,120
9601,1.7195556677279293,912095,120
9602,1.7187169947034722,912190,120
9603,1.7182494422076136,912285,120
9604,1.7177370456223258,912380,120
9605,1.7174718128327373,912475,120
9606,1.7175585096718333,912570,120
9607,1.7176074376426027,912665,120
9608,1.7176580815401752,912760,120
9609,1.7178995019881735,912855,120
9610,1.7179450995917995,912950,120
9611,1.7184669462818356,913045,120
9612,1.7183800518682049,913140,120
9613,1.7176634620002005,913235,120
9614,1.7173711110478977,913330,120
9615,1.717612067536386,913425,120
9616,1.7175758136594612,913520,120
9617,1.7176101088628393,913615,120
9618,1.717123951808978,913710,120
9619,1.717383649172844,913805,120
9620,1.7171170274180172,913900,120
9621,1.7172987279945691,913995,120
9622,1.7173028116039897,914090,120
9623,1.7174222251425459,914185,120
9624,1.7170116041136771,914280,120
9625,1.7173093070264502,914375,120
9626,1.7185693602795507,914470,120
9627,1.7190068432661159,914565,120
9628,1.718646621922838,914660,120
9629,1.7182644828762779,914755,120
9630,1.7177823667247369,914850,120
9631,1.7183110880101324,914945,120
9632,1.7187498651116151,915040,120
9633,1.7189459376672402,915135,120
9634,1.7201414953399714,915230,120
9635,1.7198175586227498,915325,120
9636,1.7199731961679252,915420,120
9637,1.7191517983418896,915515,120
9638,1.7209784501004108,915610,120
9639,1.7211658314762148,915705,120
9640,1.7210635958205789,915800,120
9641,1.7205888929798543,915895,120
9642,1.720733576025715,915990,120
9643,1.7200532218403102,916085,120
9644,1.7205288891611124,916180,120
9645,1.7200157769625442,916275,120
9646,1.7208904400231433,916370,120
9647,1.7207121896435591,916465,120
9648,1.7209630701895873,916560,120
9649,1.7215031147273692,916655,120
9650,1.721190923008928,916750,120
9651,1.7205526580774586,916845,120
9652,1.7208719306103002,916940,120
9653,1.721360785024548,917035,120
9654,1.7214249918941242,917130,120
9655,1.7208931935179141,917225,120
9656,1.7202168848988861,917320,120
9657,1.7200857866476453,917415,120
9658,1.7196977875343045,917510,120
9659,1.721074959336039,917605,120
9660,1.7203853875819672,917700,120
9661,1.7200957865700397,917795,120
9662,1.7195145702767691,917890,120
9663,1.719644172926835,917985,120
9664,1.7189926524433976,918080,120
9665,1.7191883811351742,918175,120
9666,1.7189015273204022,918270,120
9667,1.7195429692958422,918365,120
9668,1.719546140251873,918460,120
9669,1.719989498282418,918555,120
9670,1.7199783308987611,918650,120
9671,1.7204809625817945,918745,120
9672,1.7204641357193688,918840,120
9673,1.7200783086148042,918935,120
9674,1.7200613526716408,919030,120
9675,1.7196789756344157,919125,120
9676,1.7200631752004001,919220,120
9677,1.7199316963770497,919315,120
9678,1.7198981183967019,919410,120
9679,1.7190089586692652,919505,120
9680,1.7191800257013665,919600,120
9681,1.7189700597276985,919695,120
9682,1.7197358158730773,919790,120
9683,1.7197801708915041,919885,120
9684,1.7194389758373652,919980,120
9685,1.7195921186420147,920075,120
9686,1.7195561966545236,920170,120
9687,1.7193418323138829,920265,120
9688,1.7191923063734231,920360,120
9689,1.7193720835533868,920455,120
9690,1.7197803599531793,920550,120
9691,1.7197952022646887,920645,120
9692,1.7200901704633533,920740,120
9693,1.7208110202841436,920835,120
9694,1.7209271965008262,920930,120
9695,1.7216130928893187,921025,120
9696,1.7214566739410062,921120,120
9697,1.7208637450884077,921215,120
9698,1.7215298807522441,921310,120
9699,1.7215572898002187,921405,120
9700,1.7209215965658224,921500,120
9701,1.7215042172434467,921595,120
9702,1.7217818023370797,921690,120
9703,1.7217042128600279,921785,120
9704,1.7215362317160265,921880,120
9705,1.7215458716439611,921975,120
9706,1.7219422762711514,922070,120
9707,1.7222605601244541,922165,120
9708,1.7212558746282169,922260,120
9709,1.7213483568330856,922355,120
9710,1.7211861683441056,922450,120
9711,1.7213869061501845,922545,120
9712,1.7212883538412522,922640,120
9713,1.7223074508388787,922735,120
9714,1.7224206847957155,922830,120
9715,1.7220313820282422,922925,120
9716,1.7214783655486607,923020,120
9717,1.7207818218650148,923115,120
9718,1.7208904050625726,923210,120
9719,1.7203878707872358,923305,120
9720,1.7205847905578582,923400,120
9721,1.7199822695992306,923495,120
9722,1.7195231183524347,923590,120
9723,1.7197473809537251,923685,120
9724,1.7196686097417568,923780,120
9725,1.7202678017620565,923875,120
9726,1.7202507289627664,923970,120
9727,1.7210325314387633,924065,120
9728,1.7211847644618892,924160,120
9729,1.7211740768690074,924255,120
9730,1.7208460589900623,924350,120
9731,1.7208128136105258,924445,120
9732,1.7218510093232202,924540,120
9733,1.7216962192424434,924635,120
9734,1.7214995549536833,924730,120
9735,1.7210478754874621,924825,120
9736,1.7210666719260115,924920,120
9737,1.7204909309342511,925015,120
9738,1.7210250465203232,925110,120
9739,1.7210393728350752,925205,120
9740,1.7216441808946348,925300,120
9741,1.7210583623335023,925395,120
9742,1.7211705061595024,925490,120
9743,1.7227503367718664,925585,120
9744,1.7224989637046366,925680,120
9745,1.7232125802629017,925775,120
9746,1.7243969833606592,925870,120
9747,1.724598299182541,925965,120
9748,1.724043429554355,926060,120
9749,1.7248236088876143,926155,120
9750,1.7251270064732513,926250,120
9751,1.7250953328057348,926345,120
9752,1.7244660440813455,926440,120
9753,1.724013609357977,926535,120
9754,1.7232427162191324,926630,120
9755,1.7230407051552619,926725,120
9756,1.7233204497370154,926820,120
9757,1.7231442907403862,926915,120
9758,1.7233138188737955,927010,120
9759,1.7233877133860125,927105,120
9760,1.7232746312564269,927200,120
9761,1.7232546713615335,927295,120
9762,1.7229373230435572,927390,120
9763,1.7229213251586131,927485,120
9764,1.7231462726751201,927580,120
9765,1.7229244581338239,927675,120
9766,1.7225310055071847,927770,120
9767,1.7225308840575495,927865,120
9768,1.7240256666898488,927960,120
9769,1.7237213320369851,928055,120
9770,1.723675632067917,928150,120
9771,1.7227713594811633,928245,120
9772,1.7225162839706856,928340,120
9773,1.722653612318336,928435,120
9774,1.7223166481396424,928530,120
9775,1.7224075003325647,928625,120
9776,1.7225972907136942,928720,120
9777,1.7219981409581326,928815,120
9778,1.7219321824101834,928910,120
9779,1.7227247682002114,929005,120
9780,1.7224015548009979,929100,120
9781,1.7222563867109446,929195,120
9782,1.721982617097177,929290,120
9783,1.7210107240114965,929385,120
9784,1.7203157179476323,929480,120
9785,1.7195780962566427,929575,120
9786,1.7192587701297566,929670,120
9787,1.7185679544660064,929765,120
9788,1.7185069131165644,929860,120
9789,1.7181789462962036,929955,120
9790,1.7182968744626295,930050,120
9791,1.7176579672470238,930145,120
9792,1.7173498439903532,930240,120
9793,1.7179554042297944,930335,120
9794,1.7186416075832147,930430,120
9795,1.7187909781323227,930525,120
9796,1.7179105113580264,930620,120
9797,1.7188741278547457,930715,120
9798,1.7189757702993271,930810,120
9799,1.7185258466617561,930905,120
9800,1.7182336619709309,931000,120
9801,1.718757328642909,931095,120
9802,1.7186740936112648,931190,120
9803,1.7192931702590888,931285,120
9804,1.7201765687562485,931380,120
9805,1.719471168005706,931475,120
9806,1.7196714361234786,931570,120
9807,1.7197137796258763,931665,120
9808,1.7196080934077929,931760,120
9809,1.7203046274283931,931855,120
9810,1.7203364693456522,931950,120
9811,1.7198719454668767,932045,120
9812,1.7194027055085563,932140,120
9813,1.7189169928571482,932235,120
9814,1.7192957108715454,932330,120
9815,1.7201720784647878,932425,120
9816,1.7201855886583031,932520,120
9817,1.7207808518915566,932615,120
9818,1.7204627115896822,932710,120
9819,1.7205888585546747,932805,120
9820,1.7202716953857247,932900,120
9821,1.7193293406664869,932995,120
9822,1.7189336336221932,933090,120
9823,1.7190885048493993,933185,120
9824,1.719737126553931,933280,120
9825,1.7199922659846125,933375,120
9826,1.7195560235052012,933470,120
9827,1.719037859944559,933565,120
9828,1.7187944971188596,933660,120
9829,1.7196904658104981,933755,120
9830,1.7194146917895916,933850,120
9831,1.7207037781849714,933945,120
9832,1.7210170718968056,934040,120
9833,1.7202956339009703,934135,120
9834,1.7199776872357371,934230,120
9835,1.7203000863249631,934325,120
9836,1.7198927420463448,934420,120
9837,1.72034815044811,934515,120
9838,1.7200733194967539,934610,120
9839,1.7210463675793841,934705,120
9840,1.7221368379366984,934800,120
9841,1.7214949567131463,934895,120
9842,1.7221146642387779,934990,120
9843,1.7223011753606337,935085,120
9844,1.7234128516935907,935180,120
9845,1.7232472408083195,935275,120
9846,1.7231080223267721,935370,120
9847,1.723149754820452,935465,120
9848,1.7233769240544194,935560,120
9849,1.7232223998155962,935655,120
9850,1.7232364575933881,935750,120
9851,1.7229885327771473,935845,120
9852,1.7230706027964635,935940,120
9853,1.7248048288437667,936035,120
9854,1.7247593480003383,936130,120
9855,1.7253842711614003,936225,120
9856,1.7250050410500886,936320,120
9857,1.7246632536263613,936415,120
9858,1.7247882491542497,936510,120
9859,1.7243258317232817,936605,120
9860,1.7245610519427181,936700,120
9861,1.7240855392297827,936795,120
9862,1.7233465379221664,936890,120
9863,1.7238061501799264,936985,120
9864,1.7241136181141363,937080,120
9865,1.7243605797472397,937175,120
9866,1.7242734122175063,937270,120
9867,1.7246880318328717,937365,120
9868,1.7239477499782383,937460,120
9869,1.7251366625286548,937555,120
9870,1.7245260748374445,937650,120
9871,1.7247579235782309,937745,120
9872,1.7247578321878285,937840,120
9873,1.7252761568091521,937935,120
9874,1.7254416620371862,938030,120
9875,1.7257698797774972,938125,120
9876,1.7264326573069151,938220,120
9877,1.7265907716222726,938315,120
9878,1.7264338703319746,938410,120
9879,1.7273693081796149,938505,120
9880,1.7282016964968909,938600,120
9881,1.7272330238572,938695,120
9882,1.7277116775321852,938790,120
9883,1.7285179874415746,938885,120
9884,1.7285222397630295,938980,120
9885,1.7281269953833029,939075,120
9886,1.7279439158779089,939170,120
9887,1.7292388940227306,939265,120
9888,1.7290108898368435,939360,120
9889,1.7288928323886541,939455,120
9890,1.7292755554631958,939550,120
9891,1.7294478510163289,939645,120
9892,1.7296298737886791,939740,120
9893,1.7296827086004187,939835,120
9894,1.730111318812684,939930,120
9895,1.7300609120313941,940025,120
9896,1.7299348650942452,940120,120
9897,1.7305844976553331,940215,120
9898,1.7309347989221393,940310,120
9899,1.7304679928468922,940405,120
9900,1.7315856918657146,940500,120
9901,1.7322982448992217,940595,120
9902,1.7321237737164081,940690,120
9903,1.7323951845856609,940785,120
9904,1.732952735417699,940880,120
9905,1.7329469698580846,940975,120
9906,1.7338000471742057,941070,120
9907,1.7339191847020738,941165,120
9908,1.7351807049008998,941260,120
9909,1.7357849408616184,941355,120
9910,1.735665027618531,941450,120
9911,1.7351873902405126,941545,120
9912,1.7360365166833815,941640,120
9913,1.7355343340591078,941735,120
9914,1.7360475508519817,941830,120
9915,1.7357695646983788,941925,120
9916,1.7359444035315319,942020,120
9917,1.7360543923042184,942115,120
9918,1.7358646399394848,942210,120
9919,1.7355169049902917,942305,120
9920,1.7363765568585727,942400,120
9921,1.7361753950916916,942495,120
9922,1.7365033950216504,942590,120
9923,1.7360642576095036,942685,120
9924,1.7355857894139481,942780,120
9925,1.7357028920550615,942875,120
9926,1.7361215248085973,942970,120
9927,1.7357674424793497,943065,120
9928,1.7353241838388842,943160,120
9929,1.7357542771448702,943255,120
9930,1.7353885019376465,943350,120
9931,1.735193231645543,943445,120
9932,1.7358457990689653,943540,120
9933,1.7353534003467295,943635,120
9934,1.7343715860174114,943730,120
9935,1.7338195226331292,943825,120
9936,1.733748297529232,943920,120
9937,1.7345395810214657,944015,120
9938,1.7355209644949356,944110,120
9939,1.7355468391395064,944205,120
9940,1.735345898639858,944300,120
9941,1.7355833940724132,944395,120
9942,1.7361297710861865,944490,120
9943,1.7363322302600019,944585,120
9944,1.7361145652660817,944680,120
9945,1.7350412860800741,944775,120
9946,1.735559720997579,944870,120
9947,1.7363379111758328,944965,120
9948,1.7369279471098857,945060,120
9949,1.7381509963310198,945155,120
9950,1.7385498738464069,945250,120
9951,1.7390268271539933,945345,120
9952,1.7391559897600113,945440,120
9953,1.7387683564767817,945535,120
9954,1.7382157529556939,945630,120
9955,1.7388257985591304,945725,120
9956,1.7388297259116559,945820,120
9957,1.7379606214852714,945915,120
9958,1.7374944882333629,946010,120
9959,1.7365261302022712,946105,120
9960,1.7371266605067293,946200,120
9961,1.7371427503654602,946295,120
9962,1.7363536099589532,946390,120
9963,1.7367425730129389,946485,120
9964,1.7367587798901616,946580,120
9965,1.7373248480690118,946675,120
9966,1.7380726284662575,946770,120
9967,1.7379462110504824,946865,120
9968,1.7370483663793266,946960,120
9969,1.7367174548810229,947055,120
9970,1.7365615657780842,947150,120
9971,1.7370592701857717,947245,120
9972,1.7368294971655469,947340,120
9973,1.7373425501279465,947435,120
9974,1.7370468625189444,947530,120
9975,1.7369503534332631,947625,120
9976,1.7378126653857968,947720,120
9977,1.7376891285430986,947815,120
9978,1.7367433470361271,947910,120
9979,1.7362851434591888,948005,120
9980,1.7367247511569901,948100,120
9981,1.7370346174747187,948195,120
9982,1.7363586582050319,948290,120
9983,1.7356978798161142,948385,120
9984,1.735193934049917,948480,120
9985,1.7347571579325465,948575,120
9986,1.734403665099391,948670,120
9987,1.7340631980747627,948765,120
9988,1.7336251173536428,948860,120
9989,1.7347229127584018,948955,120
9990,1.7353065729357586,949050,120
9991,1.7353207936856097,949145,120
9992,1.7354730151609197,949240,120
9993,1.7360682129371543,949335,120
9994,1.7370474669421054,949430,120
9995,1.7361730054994526,949525,120
9996,1.735432496049353,949620,120
9997,1.735925770003883,949715,120
9998,1.7359824609441277,949810,120
9999,1.7356821102771918,949905,120
10000,1.735048272270898,950000,120
10001,1.7347431766727084,950095,120
10002,1.7346162086837922,950190,120
10003,1.7345913668333248,950285,120
10004,1.7346577162760735,950380,120
10005,1.7353169983763064,950475,120
10006,1.7350505921863741,950570,120
10007,1.7346611148318403,950665,120
10008,1.7344960020191851,950760,120
10009,1.7350948756576985,950855,120
10010,1.7339640506715124,950950,120
10011,1.733610957762419,951045,120
10012,1.7334431737718703,951140,120
10013,1.732660276043207,951235,120
10014,1.7335717993663473,951330,120
10015,1.7335396388002799,951425,120
10016,1.7338069853131433,951520,120
10017,1.7345297807696345,951615,120
10018,1.7356355745791303,951710,120
10019,1.735621723995239,951805,120
10020,1.7363693804901097,951900,120
10021,1.7361095106044555,951995,120
10022,1.7363019545352933,952090,120
10023,1.7359466644033121,952185,120
10024,1.7364647284026973,952280,120
10025,1.7372013928555381,952375,120
10026,1.737698606328929,952470,120
10027,1.7370052736257677,952565,120
10028,1.7376603659136969,952660,120
10029,1.7371777056087063,952755,120
10030,1.7372944930466943,952850,120
10031,1.7366978931251518,952945,120
10032,1.7357868356742272,953040,120
10033,1.7361958049453501,953135,120
10034,1.7356650942919065,953230,120
10035,1.7356991401796731,953325,120
10036,1.7353208622867293,953420,120
10037,1.7357097878460488,953515,120
10038,1.736090409222508,953610,120
10039,1.7358362392118778,953705,120
10040,1.7363851558929548,953800,120
10041,1.7360374912093615,953895,120
10042,1.73575374372103,953990,120
10043,1.7364159937592056,954085,120
10044,1.7355648761042364,954180,120
10045,1.7350783625305803,954275,120
10046,1.7353034394770075,954370,120
10047,1.7356105944024289,954465,120
10048,1.7362686162534187,954560,120
10049,1.7359677875313599,954655,120
10050,1.7366852909035118,954750,120
10051,1.7380813237735075,954845,120
10052,1.737975116423371,954940,120
10053,1.7371281987769622,955035,120
10054,1.7373416528112844,955130,120
10055,1.7367462825639663,955225,120
10056,1.7369161584843855,955320,120
10057,1.737638834570836,955415,120
10058,1.737022636429759,955510,120
10059,1.7367735176515304,955605,120
10060,1.7365950592564983,955700,120
10061,1.7357422011100847,955795,120
10062,1.7360787258127917,955890,120
10063,1.7362593229430991,955985,120
10064,1.7360467780911453,956080,120
10065,1.7352393181293813,956175,120
10066,1.7359714664250572,956270,120
10067,1.7358110447838697,956365,120
10068,1.7361809419891128,956460,120
10069,1.7361111901868116,956555,120
10070,1.7365500808819521,956650,120
10071,1.7366318237568923,956745,120
10072,1.7366218322408713,956840,120
10073,1.7360872394196643,956935,120
10074,1.7360804099560605,957030,120
10075,1.7357734167835157,957125,120
10076,1.7358348779065933,957220,120
10077,1.737906390764864,957315,120
10078,1.7378287013590115,957410,120
10079,1.7374638560487425,957505,120
10080,1.7377191840481059,957600,120
10081,1.7376926995829389,957695,120
10082,1.7382581806480961,957790,120
10083,1.7378478618637982,957885,120
10084,1.7378432951805902,957980,120
10085,1.7378160596859722,958075,120
10086,1.7377626425270398,958170,120
10087,1.7376147864878733,958265,120
10088,1.7386116916748551,958360,120
10089,1.7384825513083197,958455,120
10090,1.7381095491524772,958550,120
10091,1.7380194515629728,958645,120
10092,1.7373781037031011,958740,120
10093,1.7381839403181942,958835,120
10094,1.7391838966170883,958930,120
10095,1.7399819200921975,959025,120
10096,1.7400250801061063,959120,120
10097,1.7403984374184667,959215,120
10098,1.7404251747648831,959310,120
10099,1.7403746225248504,959405,120
10100,1.7402015420276562,959500,120
10101,1.7403027632490407,959595,120
10102,1.7399932201639827,959690,120
10103,1.7411891630610632,959785,120
10104,1.7409585811847141,959880,120
10105,1.7422068129635659,959975,120
10106,1.7420426884041327,960070,120
10107,1.7425309201743859,960165,120
10108,1.7426250151020852,960260,120
10109,1.7430481434913052,960355,120
10110,1.7425773570545422,960450,120
10111,1.742267311837143,960545,120
10112,1.742375162311439,960640,120
10113,1.7425297744226043,960735,120
10114,1.7419915312099001,960830,120
10115,1.7417970767327735,960925,120
10116,1.7413930050212072,961020,120
10117,1.7412085651427667,961115,120
10118,1.7411342587593455,961210,120
10119,1.7406736025054284,961305,120
10120,1.7406550684117472,961400,120
10121,1.7407238566117322,961495,120
10122,1.7402514781306853,961590,120
10123,1.7402118196864265,961685,120
10124,1.7404826479768802,961780,120
10125,1.7409388251995643,961875,120
10126,1.74177773759424,961970,120
10127,1.7414531998800817,962065,120
10128,1.741303774812035,962160,120
10129,1.7416606238771672,962255,120
10130,1.7415496156070178,962350,120
10131,1.7409275423761634,962445,120
10132,1.7406117266976577,962540,120
10133,1.741400460895546,962635,120
10134,1.7412952109043132,962730,120
10135,1.7412402775583025,962825,120
10136,1.7410461523021004,962920,120
10137,1.7405346944818969,963015,120
10138,1.7400428010068727,963110,120
10139,1.7405847734105557,963205,120
10140,1.7404293410127927,963300,120
10141,1.741953781250122,963395,120
10142,1.7415554637318749,963490,120
10143,1.7427201556956011,963585,120
10144,1.7423545267622393,963680,120
10145,1.7425494850846377,963775,120
10146,1.7421680928479251,963870,120
10147,1.7420234386215543,963965,120
10148,1.7422601825298472,964060,120
10149,1.7418307623493123,964155,120
10150,1.7411184230095476,964250,120
10151,1.7406624633065073,964345,120
10152,1.7405976702825801,964440,120
10153,1.7408056694843805,964535,120
10154,1.7402861325041692,964630,120
10155,1.7400422231500599,964725,120
10156,1.7408925314325148,964820,120
10157,1.7409593311329268,964915,120
10158,1.7411196895928431,965010,120
10159,1.7417666683301019,965105,120
10160,1.7414932555768616,965200,120
10161,1.7406572369829674,965295,120
10162,1.7404012640513296,965390,120
10163,1.7402648146735908,965485,120
10164,1.739739959419653,965580,120
10165,1.7398278883531917,965675,120
10166,1.7407119682965915,965770,120
10167,1.7404718123511593,965865,120
10168,1.740467665302893,965960,120
10169,1.7400184374102441,966055,120
10170,1.7402163542610456,966150,120
10171,1.7392856220492428,966245,120
10172,1.7386198931812891,966340,120
10173,1.738420951740677,966435,120
10174,1.7384570186725454,966530,120
10175,1.7396661799747488,966625,120
10176,1.7394712459016712,966720,120
10177,1.7392175249169117,966815,120
10178,1.7394851624781651,966910,120
10179,1.7394269558655708,967005,120
10180,1.7400648409515858,967100,120
10181,1.7393355081160253,967195,120
10182,1.7388359179620168,967290,120
10183,1.7386641631687971,967385,120
10184,1.7391329432849796,967480,120
10185,1.7392148589255649,967575,120
10186,1.7391717007437206,967670,120
10187,1.7384547575199056,967765,120
10188,1.7381685854177793,967860,120
10189,1.7384791247645504,967955,120
10190,1.7389494711066982,968050,120
10191,1.7386334420158356,968145,120
10192,1.7389552626562708,968240,120
10193,1.7392529885282566,968335,120
10194,1.7387191868255549,968430,120
10195,1.7393398359688643,968525,120
10196,1.7392564586539982,968620,120
10197,1.7392262711059088,968715,120
10198,1.7393391074744697,968810,120
10199,1.7405309009412451,968905,120
10200,1.7406600694072545,969000,120
10201,1.7419287461555724,969095,120
10202,1.7421638404074467,969190,120
10203,1.7419430839086438,969285,120
10204,1.7415581575365897,969380,120
10205,1.7415995732259026,969475,120
10206,1.7410612750703107,969570,120
10207,1.7408304564484627,969665,120
10208,1.7405366386353529,969760,120
10209,1.7410327780872517,969855,120
10210,1.7403171265284199,969950,120
10211,1.7408810849826901,970045,120
10212,1.7407046208813994,970140,120
10213,1.7403598372231164,970235,120
10214,1.7398296767556392,970330,120
10215,1.7395301161645509,970425,120
10216,1.7398627218961333,970520,120
10217,1.7396518651151363,970615,120
10218,1.7397916923334211,970710,120
10219,1.739662391280939,970805,120
10220,1.7400794168100848,970900,120
10221,1.7404125309389837,970995,120
10222,1.7398448645642366,971090,120
10223,1.7398677025123492,971185,120
10224,1.7403822633534394,971280,120
10225,1.7401606171962549,971375,120
10226,1.7402234590165533,971470,120
10227,1.7400030603981993,971565,120
10228,1.7399944621301013,971660,120
10229,1.7397656368142287,971755,120
10230,1.7395341467042973,971850,120
10231,1.7401016387939436,971945,120
10232,1.7398994949612687,972040,120
10233,1.7405287559106783,972135,120
10234,1.7403945205072879,972230,120
10235,1.7409940231644632,972325,120
10236,1.7415422677565942,972420,120
10237,1.7417180221672128,972515,120
10238,1.7436197320497553,972610,120
10239,1.7430848644205807,972705,120
10240,1.7420721959000902,972800,120
10241,1.7421037742208194,972895,120
10242,1.7426371584278901,972990,120
10243,1.7424393238336136,973085,120
10244,1.7419016701615182,973180,120
10245,1.741605900771884,973275,120
10246,1.741831468940523,973370,120
10247,1.7415332507332644,973465,120
10248,1.741382638466703,973560,120
10249,1.7423089145690946,973655,120
10250,1.7439797389053715,973750,120
10251,1.7437487828777625,973845,120
10252,1.7435722021134727,973940,120
10253,1.7432221023701089,974035,120
10254,1.7424826457408167,974130,120
10255,1.7413310965666513,974225,120
10256,1.7413531489556968,974320,120
10257,1.7409819562404463,974415,120
10258,1.7417628156543916,974510,120
10259,1.7411817237404936,974605,120
10260,1.7407635146115072,974700,120
10261,1.7404141626950282,974795,120
10262,1.7399787915539784,974890,120
10263,1.7405911295027912,974985,120
10264,1.7410655715612948,975080,120
10265,1.7427137156661714,975175,120
10266,1.742924689458125,975270,120
10267,1.7425553269689811,975365,120
10268,1.7427144152954182,975460,120
10269,1.7423610505243516,975555,120
10270,1.7422504503376925,975650,120
10271,1.7421492532112581,975745,120
10272,1.7412386584111881,975840,120
10273,1.7410538903575892,975935,120
10274,1.7413191138140391,976030,120
10275,1.7412685464463982,976125,120
10276,1.741110595251147,976220,120
10277,1.7406282423535619,976315,120
10278,1.7400683186078929,976410,120
10279,1.739982913738249,976505,120
10280,1.7404835348551722,976600,120
10281,1.7401499873183939,976695,120
10282,1.7405406458658284,976790,120
10283,1.7407812205068021,976885,120
10284,1.7408946596667856,976980,120
10285,1.7413803799187717,977075,120
10286,1.7411971584512866,977170,120
10287,1.7407477574447394,977265,120
10288,1.7404690965182996,977360,120
10289,1.7406331100147858,977455,120
10290,1.7408230007226693,977550,120
10291,1.7410535678047951,977645,120
10292,1.7415689617570365,977740,120
10293,1.7423862705714284,977835,120
10294,1.7427468025657633,977930,120
10295,1.7423182473917342,978025,120
10296,1.7422949734503665,978120,120
10297,1.7424001932823563,978215,120
10298,1.7427425861560653,978310,120
10299,1.7435335539936978,978405,120
10300,1.7432087838969361,978500,120
10301,1.7436691230668933,978595,120
10302,1.7449702064096906,978690,120
10303,1.7463928609838641,978785,120
10304,1.7462207780275021,978880,120
10305,1.7466312475472014,978975,120
10306,1.745932289833845,979070,120
10307,1.7461378913415102,979165,120
10308,1.7465449594269133,979260,120
10309,1.7464853197056822,979355,120
10310,1.7469728740762529,979450,120
10311,1.7465969811109532,979545,120
10312,1.7472210810533479,979640,120
10313,1.7483695280739631,979735,120
10314,1.7494078293149207,979830,120
10315,1.7492610302728384,979925,120
10316,1.7497922651430866,980020,120
10317,1.7498068565900613,980115,120
10318,1.750439749587229,980210,120
10319,1.7514346952077786,980305,120
10320,1.7518891394972502,980400,120
10321,1.7510854919005689,980495,120
10322,1.7516511905778782,980590,120
10323,1.7515165895355447,980685,120
10324,1.7522909127332076,980780,120
10325,1.7523909014118455,980875,120
10326,1.7531409881200009,980970,120
10327,1.7525738644722424,981065,120
10328,1.7532264046616248,981160,120
10329,1.7531275254185286,981255,120
10330,1.7532628222983864,981350,120
10331,1.7534811088580193,981445,120
10332,1.7538473874461431,981540,120
10333,1.7531217818149263,981635,120
10334,1.7530774886954561,981730,120
10335,1.7528202915444746,981825,120
10336,1.7530825180852549,981920,120
10337,1.7541435890083499,982015,120
10338,1.7535659342028893,982110,120
10339,1.7545161441874,982205,120
10340,1.7539925354864563,982300,120
10341,1.7549647905470778,982395,120
10342,1.7549232306277751,982490,120
10343,1.754156078734926,982585,120
10344,1.7532798382842791,982680,120
10345,1.7527154694021208,982775,120
10346,1.7524786349124368,982870,120
10347,1.7519019630853792,982965,120
10348,1.7511232438526556,983060,120
10349,1.7519459005237275,983155,120
10350,1.7527981973691333,983250,120
10351,1.7526129599548932,983345,120
10352,1.7521982422680089,983440,120
10353,1.7518892098171341,983535,120
10354,1.7535671112858788,983630,120
10355,1.7534370889351454,983725,120
10356,1.7544486383229367,983820,120
10357,1.753948510827287,983915,120
10358,1.7546315608594016,984010,120
10359,1.7539130476343496,984105,120
10360,1.754318192153077,984200,120
10361,1.7541018007721196,984295,120
10362,1.7536781050711454,984390,120
10363,1.7528375782223331,984485,120
10364,1.7531457490015609,984580,120
10365,1.7537036582788454,984675,120
10366,1.7535530222614728,984770,120
10367,1.7531442046890147,984865,120
10368,1.755279615232624,984960,120
10369,1.754926890193423,985055,120
10370,1.754372026980705,985150,120
10371,1.7540178057230029,985245,120
10372,1.7552681224548001,985340,120
10373,1.7558185509697355,985435,120
10374,1.755031348983058,985530,120
10375,1.7554181796597699,985625,120
10376,1.7550530827627497,985720,120
10377,1.755446757060704,985815,120
10378,1.756360196516793,985910,120
10379,1.7570687612765969,986005,120
10380,1.7569094059352466,986100,120
10381,1.7568808604624091,986195,120
10382,1.7570433043873472,986290,120
10383,1.7567601110511215,986385,120
10384,1.7561557581294798,986480,120
10385,1.7552986225818967,986575,120
10386,1.7547206455101094,986670,120
10387,1.7543645209772154,986765,120
10388,1.7556025116236949,986860,120
10389,1.7560453742223765,986955,120
10390,1.7569824040297841,987050,120
10391,1.7568941820423631,987145,120
10392,1.757620082705565,987240,120
10393,1.7576861474107295,987335,120
10394,1.7578795907932721,987430,120
10395,1.7577787248621117,987525,120
10396,1.7575307431447802,987620,120
10397,1.7577361546795467,987715,120
10398,1.7570184643245994,987810,120
10399,1.7567030849878744,987905,120
10400,1.7563448531484231,988000,120
10401,1.755817783641632,988095,120
10402,1.7569991260663331,988190,120
10403,1.75719287278379,988285,120
10404,1.7576795517128305,988380,120
10405,1.7584510164245883,988475,120
10406,1.7579953273021682,988570,120
10407,1.7579071850176962,988665,120
10408,1.7585761050764517,988760,120
10409,1.7586752493897122,988855,120
10410,1.7590614622728893,988950,120
10411,1.7587507739540644,989045,120
10412,1.7584120858940886,989140,120
10413,1.758341028568672,989235,120
10414,1.7577310471544334,989330,120
10415,1.7578779570756098,989425,120
10416,1.7579454519036182,989520,120
10417,1.75772395412344,989615,120
10418,1.7572306872975294,989710,120
10419,1.7578915628356644,989805,120
10420,1.7582763519949536,989900,120
10421,1.7588995952686726,989995,120
10422,1.7584709653826012,990090,120
10423,1.7575183976897431,990185,120
10424,1.7571547364113935,990280,120
10425,1.7580143249631581,990375,120
10426,1.7576127391524192,990470,120
10427,1.757166630083973,990565,120
10428,1.7571312841105913,990660,120
10429,1.7580484205618139,990755,120
10430,1.7579883032794361,990850,120
10431,1.7580580290334846,990945,120
10432,1.757519085283028,991040,120
10433,1.7587811301354297,991135,120
10434,1.7590662407738418,991230,120
10435,1.7585431569228354,991325,120
10436,1.7579995661118919,991420,120
10437,1.7575637934052188,991515,120
10438,1.757034685492769,991610,120
10439,1.7569011350511268,991705,120
10440,1.7573464886929624,991800,120
10441,1.7586481171255706,991895,120
10442,1.7590515978472636,991990,120
10443,1.7586945378950882,992085,120
10444,1.7578796028634081,992180,120
10445,1.7571236756788948,992275,120
10446,1.7564156727818623,992370,120
10447,1.7555094521652541,992465,120
10448,1.7551425937435021,992560,120
10449,1.754968357789122,992655,120
10450,1.7546958952607066,992750,120
10451,1.7539231753527693,992845,120
10452,1.7536749379210412,992940,120
10453,1.7534271942066637,993035,120
10454,1.7547004427058714,993130,120
10455,1.7544673430361577,993225,120
10456,1.7543528429349275,993320,120
10457,1.7546605004967502,993415,120
10458,1.7548797786596577,993510,120
10459,1.7547796700473539,993605,120
10460,1.754771777284587,993700,120
10461,1.7547896544787507,993795,120
10462,1.7544558797320462,993890,120
10463,1.7543371195516089,993985,120
10464,1.7538210121296038,994080,120
10465,1.7531945530182709,994175,120
10466,1.7534225022683245,994270,120
10467,1.752667812976582,994365,120
10468,1.7526307586303924,994460,120
10469,1.7532739651044247,994555,120
10470,1.7536664407321041,994650,120
10471,1.754002342831505,994745,120
10472,1.7536774565077564,994840,120
10473,1.7539049522522305,994935,120
10474,1.753839986907745,995030,120
10475,1.753510087023231,995125,120
10476,1.7537196182228798,995220,120
10477,1.754136918408042,995315,120
10478,1.7547073316900474,995410,120
10479,1.7547151528777176,995505,120
10480,1.7545082048333933,995600,120
10481,1.7541366556907518,995695,120
10482,1.7544610756803356,995790,120
10483,1.7541915499016882,995885,120
10484,1.754277504644743,995980,120
10485,1.754215365139008,996075,120
10486,1.7547419647622604,996170,120
10487,1.7544643596781484,996265,120
10488,1.7544416819205975,996360,120
10489,1.7549487287882535,996455,120
10490,1.7553281394321159,996550,120
10491,1.7553991224536711,996645,120
10492,1.7553665103216176,996740,120
10493,1.7565140037587956,996835,120
10494,1.7559014991719983,996930,120
10495,1.757053976028047,997025,120
10496,1.7561500081648376,997120,120
10497,1.7561761536533773,997215,120
10498,1.7583527216350063,997310,120
10499,1.75800075321351,997405,120
10500,1.7579517404499478,997500,120
10501,1.7575914697144883,997595,120
10502,1.7580609575972195,997690,120
10503,1.7578564606570071,997785,120
10504,1.7578191740447313,997880,120
10505,1.7574056596284058,997975,120
10506,1.7573454195877016,998070,120
10507,1.7577130269835886,998165,120
10508,1.7577970079040031,998260,120
10509,1.7578892022634118,998355,120
10510,1.7577564757587694,998450,120
10511,1.7575952275282047,998545,120
10512,1.7576797566071971,998640,120
10513,1.7585287812704358,998735,120
10514,1.7583013013611428,998830,120
10515,1.7584034943210982,998925,120
10516,1.7580446002376244,999020,120
10517,1.7582032175636249,999115,120
10518,1.7579855129995043,999210,120
10519,1.757694787561324,999305,120
10520,1.756936895269118,999400,120
10521,1.7570807369797581,999495,120
10522,1.757041652072959,999590,120
10523,1.7577109948694696,999685,120
10524,1.7575491769454665,999780,120
10525,1.7569931587863246,999875,120
10526,1.7575375347045357,999970,120
10527,1.7578531567451003,1000065,120
10528,1.7573173212537474,1000160,120
10529,1.7569462310380344,1000255,120
10530,1.7566137442147829,1000350,120
10531,1.7571706470952029,1000445,120
10532,1.7570038605996667,1000540,120
10533,1.7574725358439667,1000635,120
10534,1.7583002561791665,1000730,120
10535,1.7582352643739165,1000825,120
10536,1.7582521924053336,1000920,120
10537,1.7581938393152896,1001015,120
10538,1.7577263459512231,1001110,120
10539,1.7585181739822739,1001205,120
10540,1.7584222494419364,1001300,120
10541,1.7580469367510156,1001395,120
10542,1.7582054614657716,1001490,120
10543,1.75956492784815,1001585,120
10544,1.75976757323583,1001680,120
10545,1.7599806456041336,1001775,120
10546,1.760879583795248,1001870,120
10547,1.760204893846389,1001965,120
10548,1.7599006760058544,1002060,120
10549,1.7590715746043051,1002155,120
10550,1.7594504324145508,1002250,120
10551,1.7599520072318069,1002345,120
10552,1.7596983483783004,1002440,120
10553,1.7598802093862576,1002535,120
10554,1.7595471522605162,1002630,120
10555,1.7599279537034538,1002725,120
10556,1.7595813241093134,1002820,120
10557,1.7595749478317615,1002915,120
10558,1.7587470013059647,1003010,120
10559,1.7588240487150784,1003105,120
10560,1.7594505324366245,1003200,120
10561,1.7599448694852275,1003295,120
10562,1.7599333962086186,1003390,120
10563,1.7601667829459384,1003485,120
10564,1.7610843684971731,1003580,120
10565,1.7608593908868393,1003675,120
10566,1.7604584736726658,1003770,120
10567,1.7599431143700812,1003865,120
10568,1.7598345764737324,1003960,120
10569,1.7597647048762164,1004055,120
10570,1.7594750605322516,1004150,120
10571,1.7587308384205189,1004245,120
10572,1.7589134238649451,1004340,120
10573,1.7587030096770013,1004435,120
10574,1.7597043912956265,1004530,120
10575,1.7599723737335935,1004625,120
10576,1.7607431725027045,1004720,120
10577,1.760823828782148,1004815,120
10578,1.7599847520391931,1004910,120
10579,1.7600769989420015,1005005,120
10580,1.7597592894952194,1005100,120
10581,1.7599309571451198,1005195,120
10582,1.7599708852122242,1005290,120
10583,1.7596833721157019,1005385,120
10584,1.7588760214986059,1005480,120
10585,1.7591868479078774,1005575,120
10586,1.7591516776569907,1005670,120
10587,1.7587377574413423,1005765,120
10588,1.7593371862023421,1005860,120
10589,1.7592310086384195,1005955,120
10590,1.7588906441703267,1006050,120
10591,1.7587585129848811,1006145,120
10592,1.7584018339135199,1006240,120
10593,1.7589537839039682,1006335,120
10594,1.7585267122415595,1006430,120
10595,1.7585346830962922,1006525,120
10596,1.7604902962262259,1006620,120
10597,1.7598366790843398,1006715,120
10598,1.7593630367993565,1006810,120
10599,1.7605175322518365,1006905,120
10600,1.7607751596484784,1007000,120
10601,1.7605144805402335,1007095,120
10602,1.7611010670602809,1007190,120
10603,1.7613632149814715,1007285,120
10604,1.7609622197534618,1007380,120
10605,1.7616579254844502,1007475,120
10606,1.7606566086855193,1007570,120
10607,1.7615730474231506,1007665,120
10608,1.7613119717390309,1007760,120
10609,1.761979327344622,1007855,120
10610,1.7620202017525548,1007950,120
10611,1.7615864814645263,1008045,120
10612,1.7613570634201032,1008140,120
10613,1.7619070348687282,1008235,120
10614,1.7624705856138636,1008330,120
10615,1.7624626209952323,1008425,120
10616,1.7627273889160753,1008520,120
10617,1.7641494177063963,1008615,120
10618,1.7645641711987607,1008710,120
10619,1.7648937351887184,1008805,120
10620,1.7669563278783522,1008900,120
10621,1.7666016489273171,1008995,120
10622,1.7661073398467273,1009090,120
10623,1.7660772270188145,1009185,120
10624,1.7664639680352203,1009280,120
10625,1.7673103125622815,1009375,120
10626,1.7671892116822454,1009470,120
10627,1.7670919610083426,1009565,120
10628,1.7666768552953453,1009660,120
10629,1.766886693696512,1009755,120
10630,1.7664160840621936,1009850,120
10631,1.7658845948439539,1009945,120
10632,1.7656493233768211,1010040,120
10633,1.764931755367696,1010135,120
10634,1.7656931295720395,1010230,120
10635,1.7658926091327032,1010325,120
10636,1.7657983588064294,1010420,120
10637,1.7656229183966072,1010515,120
10638,1.765915229478211,1010610,120
10639,1.7656648360838374,1010705,120
10640,1.7658723606639599,1010800,120
10641,1.7681204292388752,1010895,120
10642,1.7684372081528943,1010990,120
10643,1.7684028688448141,1011085,120
10644,1.7679464126042039,1011180,120
10645,1.7681384759663343,1011275,120
10646,1.7676701481898995,1011370,120
10647,1.7677287429273809,1011465,120
10648,1.7689781461611505,1011560,120
10649,1.7694374742828951,1011655,120
10650,1.7698704415598878,1011750,120
10651,1.7694249931177868,1011845,120
10652,1.7688418681469527,1011940,120
10653,1.7691072566079169,1012035,120
10654,1.7685185566208121,1012130,120
10655,1.768661656458322,1012225,120
10656,1.7685323101415584,1012320,120
10657,1.7687812754839884,1012415,120
10658,1.7684250296009167,1012510,120
10659,1.7681965169751712,1012605,120
10660,1.7688133557314178,1012700,120
10661,1.7684086488250637,1012795,120
10662,1.7687816785630162,1012890,120
10663,1.7686826731168053,1012985,120
10664,1.7688795619104849,1013080,120
10665,1.769235587378279,1013175,120
10666,1.768491859988234,1013270,120
10667,1.7685832930151371,1013365,120
10668,1.7689060979128712,1013460,120
10669,1.7687654851777332,1013555,120
10670,1.7691687440260842,1013650,120
10671,1.7697857288967782,1013745,120
10672,1.7692219113425287,1013840,120
10673,1.7695006759248313,1013935,120
10674,1.7693242309702155,1014030,120
10675,1.7702286829589566,1014125,120
10676,1.7690601293096417,1014220,120
10677,1.7692975865850482,1014315,120
10678,1.7695322834972915,1014410,120
10679,1.7696650496378006,1014505,120
10680,1.7706935340168635,1014600,120
10681,1.7699749581070037,1014695,120
10682,1.7695947936882273,1014790,120
10683,1.7698342441721011,1014885,120
10684,1.7698277765409047,1014980,120
10685,1.7696862045762134,1015075,120
10686,1.7695040079301387,1015170,120
10687,1.7691857601296224,1015265,120
10688,1.7696458757665556,1015360,120
10689,1.7705466212077452,1015455,120
10690,1.771736556905934,1015550,120
10691,1.772038620152881,1015645,120
10692,1.7719509058348135,1015740,120
10693,1.7728006849335383,1015835,120
10694,1.7720579197968003,1015930,120
10695,1.7715484632953378,1016025,120
10696,1.7723862045786543,1016120,120
10697,1.7721594217515377,1016215,120
10698,1.7719679080090918,1016310,120
10699,1.7721300849016037,1016405,120
10700,1.7722948705705379,1016500,120
10701,1.7728193337227134,1016595,120
10702,1.7725878402533199,1016690,120
10703,1.7713957287339486,1016785,120
10704,1.7707812076659997,1016880,120
10705,1.770239942310639,1016975,120
10706,1.7700030092704693,1017070,120
10707,1.7702804924372733,1017165,120
10708,1.7701356859424953,1017260,120
10709,1.7701366472541173,1017355,120
10710,1.769836286024852,1017450,120
10711,1.7693233288244827,1017545,120
10712,1.7690114425319579,1017640,120
10713,1.7688414304343845,1017735,120
10714,1.7690040676890886,1017830,120
10715,1.7690473479381679,1017925,120
10716,1.7692585534516811,1018020,120
10717,1.7689532714683935,1018115,120
10718,1.7689862611058436,1018210,120
10719,1.7689047162168805,1018305,120
10720,1.769158283839442,1018400,120
10721,1.7684031511432095,1018495,120
10722,1.7693380207510687,1018590,120
10723,1.7691741538882777,1018685,120
10724,1.768798413508847,1018780,120
10725,1.7685347663619408,1018875,120
10726,1.7686599116511699,1018970,120
10727,1.76887640205009,1019065,120
10728,1.7688976065004653,1019160,120
10729,1.7690810923044542,1019255,120
10730,1.7692306816761993,1019350,120
10731,1.7696299630701064,1019445,120
10732,1.7697486821243433,1019540,120
10733,1.7707087504164583,1019635,120
10734,1.7696768741234046,1019730,120
10735,1.7693843096936648,1019825,120
10736,1.7694282086378839,1019920,120
10737,1.7690627249359807,1020015,120
10738,1.7690320139185856,1020110,120
10739,1.7696411501846583,1020205,120
10740,1.7697617363606959,1020300,120
10741,1.7707595147836424,1020395,120
10742,1.770984397715692,1020490,120
10743,1.7709654468568397,1020585,120
10744,1.770838666472444,1020680,120
10745,1.770807618295428,1020775,120
10746,1.770533669947135,1020870,120
10747,1.770796553171786,1020965,120
10748,1.7703148133384625,1021060,120
10749,1.7697258675509908,1021155,120
10750,1.7694847062998171,1021250,120
10751,1.7696663223700475,1021345,120
10752,1.7691338331897661,1021440,120
10753,1.769142290747765,1021535,120
10754,1.768716166619329,1021630,120
10755,1.7685890047961896,1021725,120
10756,1.7701146984279921,1021820,120
10757,1.7697788674859767,1021915,120
10758,1.769859917847064,1022010,120
10759,1.7697631955136053,1022105,120
10760,1.7701331154151529,1022200,120
10761,1.7711176348849298,1022295,120
10762,1.7713201755147872,1022390,120
10763,1.7715404342325451,1022485,120
10764,1.7717734324045837,1022580,120
10765,1.7714148677103823,1022675,120
10766,1.7707093199615154,1022770,120
10767,1.7703723541870984,1022865,120
10768,1.7703701893059076,1022960,120
10769,1.7702361843013676,1023055,120
10770,1.7706930164844183,1023150,120
10771,1.7721539858593329,1023245,120
10772,1.7720607095829424,1023340,120
10773,1.7724375502660195,1023435,120
10774,1.7721991236190584,1023530,120
10775,1.7722197442508034,1023625,120
10776,1.7716508356108824,1023720,120
10777,1.7710730493541882,1023815,120
10778,1.7712828787454242,1023910,120
10779,1.7706623850218188,1024005,120
10780,1.7721920773836219,1024100,120
10781,1.7725331015845711,1024195,120
10782,1.7724998804722893,1024290,120
10783,1.7723422395685293,1024385,120
10784,1.7721488292133556,1024480,120
10785,1.7714608724853582,1024575,120
10786,1.7710602820226333,1024670,120
10787,1.7705239123035337,1024765,120
10788,1.7699366575738174,1024860,120
10789,1.7695096345763277,1024955,120
10790,1.7699259725762255,1025050,120
10791,1.7691666484588684,1025145,120
10792,1.7688545641458282,1025240,120
10793,1.7685592731263793,1025335,120
10794,1.7689469546925785,1025430,120
10795,1.7686753476041359,1025525,120
10796,1.7686872676937366,1025620,120
10797,1.7686169154516687,1025715,120
10798,1.7682742544514214,1025810,120
10799,1.7687314263194553,1025905,120
10800,1.768100664427235,1026000,120
10801,1.7675823134607316,1026095,120
10802,1.7681417614697528,1026190,120
10803,1.7685626510696213,1026285,120
10804,1.7682628065905179,1026380,120
10805,1.767841730613928,1026475,120
10806,1.7681054575012769,1026570,120
10807,1.7680394715223315,1026665,120
10808,1.7675441090770865,1026760,120
10809,1.7682534104339465,1026855,120
10810,1.7682306726033121,1026950,120
10811,1.7679066580585467,1027045,120
10812,1.7684318964940153,1027140,120
10813,1.7680943547913919,1027235,120
10814,1.7675951882623351,1027330,120
10815,1.7673579750876076,1027425,120
10816,1.7681937959185545,1027520,120
10817,1.7681394931617807,1027615,120
10818,1.7676341893546255,1027710,120
10819,1.7672087572966975,1027805,120
10820,1.7675062285308654,1027900,120
10821,1.7674981273812305,1027995,120
10822,1.7675130143611972,1028090,120
10823,1.7669416259033988,1028185,120
10824,1.7671961657041826,1028280,120
10825,1.7671218009491625,1028375,120
10826,1.7689762546406955,1028470,120
10827,1.7685949543292576,1028565,120
10828,1.7686047098102013,1028660,120
10829,1.7695618992459885,1028755,120
10830,1.7690456706225466,1028850,120
10831,1.7696016433704582,1028945,120
10832,1.7696155060252055,1029040,120
10833,1.7699169636515408,1029135,120
10834,1.7703925661731235,1029230,120
10835,1.7700406419250223,1029325,120
10836,1.769351351563976,1029420,120
10837,1.7697894260957889,1029515,120
10838,1.7708681664438488,1029610,120
10839,1.771054831368424,1029705,120
10840,1.7707330211360055,1029800,120
10841,1.7701286186729608,1029895,120
10842,1.7706183469820924,1029990,120
10843,1.7709610119270587,1030085,120
10844,1.770854760555886,1030180,120
10845,1.7713561451997883,1030275,120
10846,1.7716312139626818,1030370,120
10847,1.7712514505279162,1030465,120
10848,1.7713706908918876,1030560,120
10849,1.7715313027351745,1030655,120
10850,1.7723395416099572,1030750,120
10851,1.7719977626843828,1030845,120
10852,1.7713541952985508,1030940,120
10853,1.7730045638740703,1031035,120
10854,1.772166431928434,1031130,120
10855,1.7727093473604159,1031225,120
10856,1.7733043875153667,1031320,120
10857,1.7733111842218745,1031415,120
10858,1.773786336408367,1031510,120
10859,1.7734913985253169,1031605,120
10860,1.7733464385960125,1031700,120
10861,1.7731255046548999,1031795,120
10862,1.7752288964289189,1031890,120
10863,1.775293971242174,1031985,120
10864,1.7753523296358069,1032080,120
10865,1.7750204128946543,1032175,120
10866,1.7750710319125069,1032270,120
10867,1.7759088509828167,1032365,120
10868,1.7752933550601386,1032460,120
10869,1.775338223096889,1032555,120
10870,1.7753139864176453,1032650,120
10871,1.7753452893734332,1032745,120
10872,1.775026752671754,1032840,120
10873,1.7760458574702884,1032935,120
10874,1.7761192357345019,1033030,120
10875,1.776555511898023,1033125,120
10876,1.7758996421287392,1033220,120
10877,1.776259023917419,1033315,120
10878,1.7769103805134761,1033410,120
10879,1.7768391009171054,1033505,120
10880,1.7766607578002851,1033600,120
10881,1.7762022106129538,1033695,120
10882,1.7755694498281722,1033790,120
10883,1.7756818877650511,1033885,120
10884,1.7763128403891182,1033980,120
10885,1.7759624903521918,1034075,120
10886,1.7764636779742748,1034170,120
10887,1.7765600394608347,1034265,120
10888,1.7766138019166839,1034360,120
10889,1.7762727010774793,1034455,120
10890,1.7757740052431972,1034550,120
10891,1.7756414743130506,1034645,120
10892,1.7748869957856146,1034740,120
10893,1.7749648009943808,1034835,120
10894,1.775543030984382,1034930,120
10895,1.7752699274043708,1035025,120
10896,1.7746482212506065,1035120,120
10897,1.7747926841623194,1035215,120
10898,1.7756494934437779,1035310,120
10899,1.7759238934427621,1035405,120
10900,1.7755858677963763,1035500,120
10901,1.775159382436535,1035595,120
10902,1.7751503461791622,1035690,120
10903,1.7757320469615936,1035785,120
10904,1.7760253244956021,1035880,120
10905,1.7768020508165836,1035975,120
10906,1.7761467878448485,1036070,120
10907,1.7759919648077096,1036165,120
10908,1.7758246757625136,1036260,120
10909,1.7755402612710758,1036355,120
10910,1.7746507884551557,1036450,120
10911,1.7748263732033314,1036545,120
10912,1.7736821731942993,1036640,120
10913,1.7730784287792596,1036735,120
10914,1.7737948626363544,1036830,120
10915,1.7736325523700871,1036925,120
10916,1.7734534077882491,1037020,120
10917,1.7744160806625573,1037115,120
10918,1.7748283376183218,1037210,120
10919,1.774364168203072,1037305,120
10920,1.7741721008924118,1037400,120
10921,1.7739910506210503,1037495,120
10922,1.773829371728652,1037590,120
10923,1.7735225198897222,1037685,120
10924,1.7748481847355484,1037780,120
10925,1.7753488448259942,1037875,120
10926,1.7757548414013611,1037970,120
10927,1.7762944349828991,1038065,120
10928,1.7761275689596532,1038160,120
10929,1.7767700648710836,1038255,120
10930,1.7761622205242809,1038350,120
10931,1.7764274378594702,1038445,120
10932,1.7768507614667901,1038540,120
10933,1.776520169918802,1038635,120
10934,1.7767367503643714,1038730,120
10935,1.7768067801198286,1038825,120
10936,1.7774865029441196,1038920,120
10937,1.778343971232722,1039015,120
10938,1.779362155782803,1039110,120
10939,1.7790680387837332,1039205,120
10940,1.7789132850094558,1039300,120
10941,1.7792931247673973,1039395,120
10942,1.7802448610265986,1039490,120
10943,1.7800042198586559,1039585,120
10944,1.779574844770563,1039680,120
10945,1.7803474965363149,1039775,120
10946,1.7810949194885546,1039870,120
10947,1.7816931348034495,1039965,120
10948,1.7810879110218878,1040060,120
10949,1.7808287314312989,1040155,120
10950,1.7825837913677964,1040250,120
10951,1.7819014430435753,1040345,120
10952,1.7821553665002976,1040440,120
10953,1.7822566973371028,1040535,120
10954,1.7831287200550776,1040630,120
10955,1.7833129623927999,1040725,120
10956,1.783129218000987,1040820,120
10957,1.7823526652044557,1040915,120
10958,1.7822248230608797,1041010,120
10959,1.7823324630428601,1041105,120
10960,1.7822869465415199,1041200,120
10961,1.7821033928311856,1041295,120
10962,1.7822191969433654,1041390,120
10963,1.7825149998466761,1041485,120
10964,1.7821842161281822,1041580,120
10965,1.7821059356300661,1041675,120
10966,1.7813451303933587,1041770,120
10967,1.7813615956324158,1041865,120
10968,1.7808137095352756,1041960,120
10969,1.7797931521216077,1042055,120
10970,1.7808017974229813,1042150,120
10971,1.78049779783004,1042245,120
10972,1.7819661987302429,1042340,120
10973,1.7815916194743726,1042435,120
10974,1.7808170824288834,1042530,120
10975,1.7806593462440921,1042625,120
10976,1.7812233163720055,1042720,120
10977,1.7808026237712906,1042815,120
10978,1.7798186058374126,1042910,120
10979,1.7807048945069859,1043005,120
10980,1.7807922383903889,1043100,120
10981,1.7805529299791405,1043195,120
10982,1.7805425141023898,1043290,120
10983,1.7817957374903941,1043385,120
10984,1.781890136856616,1043480,120
10985,1.782206865182334,1043575,120
10986,1.7819138214524983,1043670,120
10987,1.7822271584219902,1043765,120
10988,1.7827632553367105,1043860,120
10989,1.7819662365450708,1043955,120
10990,1.7833188627527119,1044050,120
10991,1.7827853825250941,1044145,120
10992,1.7819829064173067,1044240,120
10993,1.7818492769319954,1044335,120
10994,1.7819223413075198,1044430,120
10995,1.7816104604355307,1044525,120
10996,1.7810431966284095,1044620,120
10997,1.7822236148860671,1044715,120
10998,1.7815958601193405,1044810,120
10999,1.7811878413534026,1044905,120
11000,1.7817559191718229,1045000,120
11001,1.7819725885375954,1045095,120
11002,1.7816052770133572,1045190,120
11003,1.7824937062134179,1045285,120
11004,1.7827589054932838,1045380,120
11005,1.7828716907018232,1045475,120
11006,1.7822253411272742,1045570,120
11007,1.7811323843710414,1045665,120
11008,1.7803762369425038,1045760,120
11009,1.7805476540398499,1045855,120
11010,1.7803740960305239,1045950,120
11011,1.7798566422582895,1046045,120
11012,1.7797946803100668,1046140,120
11013,1.7798433512296865,1046235,120
11014,1.7795208088868457,1046330,120
11015,1.7791213203635881,1046425,120
11016,1.7794487312062726,1046520,120
11017,1.7790336978147512,1046615,120
11018,1.779492340634496,1046710,120
11019,1.7791934059894372,1046805,120
11020,1.7796773848808387,1046900,120
11021,1.7799240344686282,1046995,120
11022,1.7789843414236239,1047090,120
11023,1.7793029767444855,1047185,120
11024,1.7790526948982763,1047280,120
11025,1.778571662610777,1047375,120
11026,1.7779789867907461,1047470,120
11027,1.7785543762357454,1047565,120
11028,1.7786485167660642,1047660,120
11029,1.7780903214375063,1047755,120
11030,1.7791493937307226,1047850,120
11031,1.7785659725560532,1047945,120
11032,1.7791277318449505,1048040,120
11033,1.7790139810752712,1048135,120
11034,1.7782375800940091,1048230,120
11035,1.7777931902302133,1048325,120
11036,1.7773488843685938,1048420,120
11037,1.7771580084277507,1048515,120
11038,1.7774532735171347,1048610,120
11039,1.7771815453153295,1048705,120
11040,1.7761558245215154,1048800,120
11041,1.7759134495997446,1048895,120
11042,1.7767245335781416,1048990,120
11043,1.7768757217848841,1049085,120
11044,1.7763152173915697,1049180,120
11045,1.7762810414283312,1049275,120
11046,1.7770402372670047,1049370,120
11047,1.7770082301308707,1049465,120
11048,1.7762607079832378,1049560,120
11049,1.7773499866472506,1049655,120
11050,1.7778420477827359,1049750,120
11051,1.7775542045522132,1049845,120
11052,1.777577030369877,1049940,120
11053,1.778104232715396,1050035,120
11054,1.7778582041905278,1050130,120
11055,1.7791223557721039,1050225,120
11056,1.7782105942697994,1050320,120
11057,1.7778993843840587,1050415,120
11058,1.7783776979817829,1050510,120
11059,1.7779010858678337,1050605,120
11060,1.7782712071716817,1050700,120
11061,1.7781785234307035,1050795,120
11062,1.7793235169398833,1050890,120
11063,1.7795526461367444,1050985,120
11064,1.779048264967936,1051080,120
11065,1.7784266081496281,1051175,120
11066,1.7783691472505407,1051270,120
11067,1.778449570211204,1051365,120
11068,1.7785828339715266,1051460,120
11069,1.7787881124076181,1051555,120
11070,1.7790240459432729,1051650,120
11071,1.7781655579432507,1051745,120
11072,1.7782463535339512,1051840,120
11073,1.7800575140531241,1051935,120
11074,1.7804474818092699,1052030,120
11075,1.7806439809788437,1052125,120
11076,1.7806508174568312,1052220,120
11077,1.7800147149017089,1052315,120
11078,1.7791930102232953,1052410,120
11079,1.7796415993185906,1052505,120
11080,1.7801414168874676,1052600,120
11081,1.7803706787474427,1052695,120
11082,1.7795593894934181,1052790,120
11083,1.7789873473302791,1052885,120
11084,1.7791351470044086,1052980,120
11085,1.7795884707142393,1053075,120
11086,1.7803047602452444,1053170,120
11087,1.7803635508763989,1053265,120
11088,1.7795817759637966,1053360,120
11089,1.7806338212546555,1053455,120
11090,1.7799568818435521,1053550,120
11091,1.7794722577174771,1053645,120
11092,1.7790929416687944,1053740,120
11093,1.7797581735674279,1053835,120
11094,1.7803066079658034,1053930,120
11095,1.7799822626354305,1054025,120
11096,1.7802883558602582,1054120,120
11097,1.7805102608120464,1054215,120
11098,1.7804651376822358,1054310,120
11099,1.7809575870819538,1054405,120
11100,1.7809495250928458,1054500,120
11101,1.7807285259960846,1054595,120
11102,1.7814337589871816,1054690,120
11103,1.7804554171817113,1054785,120
11104,1.7801883390581941,1054880,120
11105,1.7804364694995238,1054975,120
11106,1.7803437582309141,1055070,120
11107,1.7808139536888807,1055165,120
11108,1.7802510439288119,1055260,120
11109,1.7801781571477826,1055355,120
11110,1.7793858900566295,1055450,120
11111,1.7785739712285416,1055545,120
11112,1.7794167901938658,1055640,120
11113,1.7792659500728423,1055735,120
11114,1.7789433012947269,1055830,120
11115,1.7800329291051527,1055925,120
11116,1.7802596729101441,1056020,120
11117,1.7796982566194866,1056115,120
11118,1.7802285668945281,1056210,120
11119,1.7802672566267925,1056305,120
11120,1.7805956341031151,1056400,120
11121,1.7803380128197861,1056495,120
11122,1.7810313238999211,1056590,120
11123,1.7815516618067264,1056685,120
11124,1.7809661302037603,1056780,120
11125,1.7811418061136137,1056875,120
11126,1.7814335782763848,1056970,120
11127,1.7812848634284992,1057065,120
11128,1.7817556131077521,1057160,120
11129,1.7810909884637798,1057255,120
11130,1.780933691639462,1057350,120
11131,1.7806698300015948,1057445,120
11132,1.7811796203447143,1057540,120
11133,1.7820671423114331,1057635,120
11134,1.7818709529032959,1057730,120
11135,1.7817529017772371,1057825,120
11136,1.7817034269129761,1057920,120
11137,1.7830398083295884,1058015,120
11138,1.7830790422110963,1058110,120
11139,1.7833565215731197,1058205,120
11140,1.783476201687292,1058300,120
11141,1.7832214541591287,1058395,120
11142,1.7830103720444885,1058490,120
11143,1.7833469197726888,1058585,120
11144,1.783899205222532,1058680,120
11145,1.7837652388136813,1058775,120
11146,1.7844655729328116,1058870,120
11147,1.7836391742903981,1058965,120
11148,1.7837160960872265,1059060,120
11149,1.783847160776646,1059155,120
11150,1.7842018816504051,1059250,120
11151,1.7844813392895005,1059345,120
11152,1.784470311310981,1059440,120
11153,1.7846353725949442,1059535,120
11154,1.7851987192835506,1059630,120
11155,1.7852418621579684,1059725,120
11156,1.7852958625702573,1059820,120
11157,1.7848130941219646,1059915,120
11158,1.7847198490059162,1060010,120
11159,1.784755044740139,1060105,120
11160,1.784282454300071,1060200,120
11161,1.7839307188971489,1060295,120
11162,1.7836842150437222,1060390,120
11163,1.7835543208686184,1060485,120
11164,1.7827092120979304,1060580,120
11165,1.7820664834053996,1060675,120
11166,1.7814163055422862,1060770,120
11167,1.7811043851940662,1060865,120
11168,1.7809950258191494,1060960,120
11169,1.7807210202080603,1061055,120
11170,1.781252050858593,1061150,120
11171,1.7816412437200846,1061245,120
11172,1.781541219049936,1061340,120
11173,1.7814307042904778,1061435,120
11174,1.7815639669373546,1061530,120
11175,1.7823452080923203,1061625,120
11176,1.7819075459367932,1061720,120
11177,1.7812075859661747,1061815,120
11178,1.7817540787536854,1061910,120
11179,1.781898480156821,1062005,120
11180,1.7816372693460227,1062100,120
11181,1.781236678560999,1062195,120
11182,1.780956036310513,1062290,120
11183,1.7804808787362396,1062385,120
11184,1.7802266367908248,1062480,120
11185,1.7797746017607934,1062575,120
11186,1.7796761012653157,1062670,120
11187,1.7798546275150386,1062765,120
11188,1.7795231497687298,1062860,120
11189,1.7800544758412895,1062955,120
11190,1.7810929033121152,1063050,120
11191,1.7820954186102476,1063145,120
11192,1.7819651737423789,1063240,120
11193,1.7819218209772674,1063335,120
11194,1.7825444545110123,1063430,120
11195,1.7817833999246069,1063525,120
11196,1.7822857393456557,1063620,120
11197,1.7816791731757282,1063715,120
11198,1.780828520376154,1063810,120
11199,1.7806263178657056,1063905,120
11200,1.7808206482231839,1064000,120
11201,1.7806346476604027,1064095,120
11202,1.7805926045040408,1064190,120
11203,1.7805106241889348,1064285,120
11204,1.7807720117785519,1064380,120
11205,1.780426950546778,1064475,120
11206,1.7804458370601004,1064570,120
11207,1.7802768600026833,1064665,120
11208,1.7801171284822235,1064760,120
11209,1.7796572841001057,1064855,120
11210,1.7790272237922851,1064950,120
11211,1.7779659259495668,1065045,120
11212,1.7772050294959558,1065140,120
11213,1.7769483657811287,1065235,120
11214,1.7763548687098538,1065330,120
11215,1.7763265093276039,1065425,120
11216,1.7767321059784436,1065520,120
11217,1.7761076154878743,1065615,120
11218,1.7760814446445639,1065710,120
11219,1.7758981665519684,1065805,120
11220,1.7753598271872473,1065900,120
11221,1.7752872934770954,1065995,120
11222,1.7755662657319038,1066090,120
11223,1.7757471199249535,1066185,120
11224,1.7763170336437719,1066280,120
11225,1.775915918429313,1066375,120
11226,1.7761688932646913,1066470,120
11227,1.776184741081033,1066565,120
11228,1.7763577580503451,1066660,120
11229,1.7762710179704924,1066755,120
11230,1.7756454941294004,1066850,120
11231,1.7751669981418789,1066945,120
11232,1.77439335100255,1067040,120
11233,1.7751119552986325,1067135,120
11234,1.775206388693825,1067230,120
11235,1.7744924095447867,1067325,120
11236,1.7740810903399706,1067420,120
11237,1.7739975330810611,1067515,120
11238,1.774730987322876,1067610,120
11239,1.775583936791683,1067705,120
11240,1.7757360302853895,1067800,120
11241,1.775001332160586,1067895,120
11242,1.7748616378061801,1067990,120
11243,1.7747637776639729,1068085,120
11244,1.775258627968028,1068180,120
11245,1.7754224611008909,1068275,120
11246,1.7756162946223639,1068370,120
11247,1.7758235241241007,1068465,120
11248,1.7752085012128451,1068560,120
11249,1.7754138125875969,1068655,120
11250,1.7756774868242238,1068750,120
11251,1.7757378973149802,1068845,120
11252,1.7750920275172009,1068940,120
11253,1.7762338147899852,1069035,120
11254,1.7762217059734313,1069130,120
11255,1.7759256726003845,1069225,120
11256,1.7759180672381181,1069320,120
11257,1.7752022216887893,1069415,120
11258,1.7749643083346787,1069510,120
11259,1.7764545593622207,1069605,120
11260,1.7764099720489304,1069700,120
11261,1.7778805110042111,1069795,120
11262,1.7781708115785746,1069890,120
11263,1.7780439135105155,1069985,120
11264,1.7777890322439278,1070080,120
11265,1.7772702681825676,1070175,120
11266,1.7781071782211928,1070270,120
11267,1.7795756486169101,1070365,120
11268,1.7805861029412804,1070460,120
11269,1.7802913801526721,1070555,120
11270,1.7798725380098188,1070650,120
11271,1.7800596263877184,1070745,120
11272,1.7797706318733153,1070840,120
11273,1.7799040021546275,1070935,120
11274,1.7792790475571842,1071030,120
11275,1.7790237989914433,1071125,120
11276,1.7795350571897459,1071220,120
11277,1.7806714041579879,1071315,120
11278,1.781254040389507,1071410,120
11279,1.781246509456168,1071505,120
11280,1.7814860220238853,1071600,120
11281,1.7817846348002493,1071695,120
11282,1.7823829474834054,1071790,120
11283,1.7819886913877765,1071885,120
11284,1.7815374002392674,1071980,120
11285,1.7812707702409629,1072075,120
11286,1.7811203602427563,1072170,120
11287,1.7809819401284153,1072265,120
11288,1.7803435801387244,1072360,120
11289,1.7800978630971118,1072455,120
11290,1.780568190189689,1072550,120
11291,1.7811391937231171,1072645,120
11292,1.7815901431920991,1072740,120
11293,1.7808988915303621,1072835,120
11294,1.7809164620261433,1072930,120
11295,1.780608835640924,1073025,120
11296,1.7800279039999742,1073120,120
11297,1.7796033372839799,1073215,120
11298,1.7793255487131288,1073310,120
11299,1.7795524541417496,1073405,120
11300,1.7800570159571605,1073500,120
11301,1.7806473579064517,1073595,120
11302,1.7815338225481412,1073690,120
11303,1.7817773797554901,1073785,120
11304,1.7821640222987354,1073880,120
11305,1.7826046215536979,1073975,120
11306,1.7821869189986417,1074070,120
11307,1.7825970954268111,1074165,120
11308,1.7825710297880055,1074260,120
11309,1.7817201480322573,1074355,120
11310,1.7810696081136981,1074450,120
11311,1.7808546892464923,1074545,120
11312,1.782039741416501,1074640,120
11313,1.7821260126159302,1074735,120
11314,1.7821112338215499,1074830,120
11315,1.7829129479588133,1074925,120
11316,1.7829162418667843,1075020,120
11317,1.7826644167738539,1075115,120
11318,1.782757943054575,1075210,120
11319,1.7828878782002575,1075305,120
11320,1.7828262587663,1075400,120
11321,1.7836403449144198,1075495,120
11322,1.7836182177790112,1075590,120
11323,1.7836120558771771,1075685,120
11324,1.7833668738183488,1075780,120
11325,1.7832167357449034,1075875,120
11326,1.7830833728740116,1075970,120
11327,1.7826405800317944,1076065,120
11328,1.7826988571231503,1076160,120
11329,1.7830907521482322,1076255,120
11330,1.7829614922474091,1076350,120
11331,1.7827294356298991,1076445,120
11332,1.7831673877323801,1076540,120
11333,1.7832774032608061,1076635,120
11334,1.7838767592785036,1076730,120
11335,1.7838445379719197,1076825,120
11336,1.7832275776028841,1076920,120
11337,1.7834070427635247,1077015,120
11338,1.7833565039111881,1077110,120
11339,1.7831760341272322,1077205,120
11340,1.7832513337510709,1077300,120
11341,1.7826761096791928,1077395,120
11342,1.783314506749196,1077490,120
11343,1.7830684646655164,1077585,120
11344,1.7839569757352667,1077680,120
11345,1.7833442763828069,1077775,120
11346,1.7829923979507232,1077870,120
11347,1.782645570533584,1077965,120
11348,1.781882405298427,1078060,120
11349,1.7820667437359925,1078155,120
11350,1.7822545496224427,1078250,120
11351,1.7822986768540383,1078345,120
11352,1.7819536736908386,1078440,120
11353,1.7814768818071722,1078535,120
11354,1.7818397151690621,1078630,120
11355,1.7816871913573651,1078725,120
11356,1.781303737870789,1078820,120
11357,1.78085681612334,1078915,120
11358,1.781793687343179,1079010,120
11359,1.7814214801370352,1079105,120
11360,1.7817885362147463,1079200,120
11361,1.7818442737944988,1079295,120
11362,1.7817576387541547,1079390,120
11363,1.7821554042483765,1079485,120
11364,1.7831318243802463,1079580,120
11365,1.7836720281842124,1079675,120
11366,1.7832209690532828,1079770,120
11367,1.7830915311262816,1079865,120
11368,1.7827340622137076,1079960,120
11369,1.7836340128604069,1080055,120
11370,1.7838596780457991,1080150,120
11371,1.7829761442196221,1080245,120
11372,1.7834083085041552,1080340,120
11373,1.7833349088694099,1080435,120
11374,1.7832111993168198,1080530,120
11375,1.7826440277746858,1080625,120
11376,1.7820715364419686,1080720,120
11377,1.7815933503420727,1080815,120
11378,1.7816192924781133,1080910,120
11379,1.7818170540749425,1081005,120
11380,1.7821691748037696,1081100,120
11381,1.7816477357315554,1081195,120
11382,1.7815607222506853,1081290,120
11383,1.7817282314019975,1081385,120
11384,1.7826206126574744,1081480,120
11385,1.7820443774273769,1081575,120
11386,1.7817545277574556,1081670,120
11387,1.7817531767102623,1081765,120
11388,1.7823390663600498,1081860,120
11389,1.7823783127033839,1081955,120
11390,1.7828845822497303,1082050,120
11391,1.7829707043611034,1082145,120
11392,1.7830498747868444,1082240,120
11393,1.7834727959199925,1082335,120
11394,1.7830929764300729,1082430,120
11395,1.7828432565268126,1082525,120
11396,1.7823023933513593,1082620,120
11397,1.7823407772002406,1082715,120
11398,1.7837978237221075,1082810,120
11399,1.7832271920478124,1082905,120
11400,1.78399159394801,1083000,120
11401,1.7852845963991502,1083095,120
11402,1.7852374914119047,1083190,120
11403,1.7858591880609893,1083285,120
11404,1.785702417862385,1083380,120
11405,1.7860454713022862,1083475,120
11406,1.7856400311091154,1083570,120
11407,1.7858117903187327,1083665,120
11408,1.7851192289617877,1083760,120
11409,1.7846764804948612,1083855,120
11410,1.7849379461257473,1083950,120
11411,1.7852422805896693,1084045,120
11412,1.7855048923994041,1084140,120
11413,1.7859111327818822,1084235,120
11414,1.7857965556328999,1084330,120
11415,1.7860528608969561,1084425,120
11416,1.7859291435643905,1084520,120
11417,1.7861642357685779,1084615,120
11418,1.7869055365773043,1084710,120
11419,1.7880536273762422,1084805,120
11420,1.787391508723231,1084900,120
11421,1.7871364466044717,1084995,120
11422,1.7870693378705744,1085090,120
11423,1.7866822575700483,1085185,120
11424,1.7877270892881021,1085280,120
11425,1.7881664379247721,1085375,120
11426,1.7882753861555507,1085470,120
11427,1.7884828022170347,1085565,120
11428,1.7883225948214052,1085660,120
11429,1.7890894063196798,1085755,120
11430,1.7891573965458267,1085850,120
11431,1.7888022542272863,1085945,120
11432,1.7891034491333369,1086040,120
11433,1.7888170283228915,1086135,120
11434,1.7891402197840083,1086230,120
11435,1.7889663770598532,1086325,120
11436,1.7895553372267936,1086420,120
11437,1.7884794739742818,1086515,120
11438,1.7879542925573662,1086610,120
11439,1.7873189057561112,1086705,120
11440,1.7880739766578524,1086800,120
11441,1.7894022304639745,1086895,120
11442,1.7892108616169426,1086990,120
11443,1.7886704186791418,1087085,120
11444,1.7888762408413081,1087180,120
11445,1.7893584933281335,1087275,120
11446,1.7892509928622844,1087370,120
11447,1.7894943587713859,1087465,120
11448,1.7908726089750782,1087560,120
11449,1.7903067809795552,1087655,120
11450,1.7907005628207258,1087750,120
11451,1.7904093971851793,1087845,120
11452,1.7897465246734396,1087940,120
11453,1.7896564285745933,1088035,120
11454,1.7900240966316354,1088130,120
11455,1.7895182581470166,1088225,120
11456,1.7897047031625408,1088320,120
11457,1.7898286019171465,1088415,120
11458,1.7892253187857372,1088510,120
11459,1.789223206667975,1088605,120
11460,1.7884314161800623,1088700,120
11461,1.7882519048734085,1088795,120
11462,1.7877174407591268,1088890,120
11463,1.7888589835719884,1088985,120
11464,1.7891192419714748,1089080,120
11465,1.7889197221475015,1089175,120
11466,1.7900975173662708,1089270,120
11467,1.7910089357182706,1089365,120
11468,1.7901962393070299,1089460,120
11469,1.7904399955306263,1089555,120
11470,1.7904525140789569,1089650,120
11471,1.7902070932574261,1089745,120
11472,1.7909862340244938,1089840,120
11473,1.7910570802923045,1089935,120
11474,1.7905714483067798,1090030,120
11475,1.7913706422703521,1090125,120
11476,1.7911036272263219,1090220,120
11477,1.7905847879339485,1090315,120
11478,1.7902488388124189,1090410,120
11479,1.7899038995595113,1090505,120
11480,1.7898186191272472,1090600,120
11481,1.7892188568041361,1090695,120
11482,1.7891718238235232,1090790,120
11483,1.789543969191022,1090885,120
11484,1.7891844444313367,1090980,120
11485,1.7897538127685011,1091075,120
11486,1.7898251734221098,1091170,120
11487,1.7905622473085099,1091265,120
11488,1.7902478529326229,1091360,120
11489,1.7903681013671215,1091455,120
11490,1.7900150779116444,1091550,120
11491,1.7892871186486197,1091645,120
11492,1.7890566758271425,1091740,120
11493,1.7890555840217437,1091835,120
11494,1.7893246053639449,1091930,120
11495,1.7892505677544359,1092025,120
11496,1.7896638519409769,1092120,120
11497,1.7887700765568257,1092215,120
11498,1.7892931885063224,1092310,120
11499,1.7889900061951607,1092405,120
11500,1.7889990989922762,1092500,120
11501,1.7900431743035801,1092595,120
11502,1.790110312338405,1092690,120
11503,1.7908958807516109,1092785,120
11504,1.7906544382856489,1092880,120
11505,1.790629806020076,1092975,120
11506,1.7905604893593272,1093070,120
11507,1.7909406208109782,1093165,120
11508,1.7906198829605853,1093260,120
11509,1.7897812465394232,1093355,120
11510,1.7897404308135219,1093450,120
11511,1.7889738620903131,1093545,120
11512,1.7893285730016653,1093640,120
11513,1.7891885797611404,1093735,120
11514,1.7895117657168529,1093830,120
11515,1.7894501730176195,1093925,120
11516,1.7896314312763533,1094020,120
11517,1.7898155200031933,1094115,120
11518,1.7900701510760024,1094210,120
11519,1.7897152604982716,1094305,120
11520,1.7906737504749888,1094400,120
11521,1.7913330039814559,1094495,120
11522,1.7913549407261911,1094590,120
11523,1.7908353433142743,1094685,120
11524,1.7919735702669024,1094780,120
11525,1.7926047110099605,1094875,120
11526,1.7921169685523091,1094970,120
11527,1.7914663600728726,1095065,120
11528,1.791066426133443,1095160,120
11529,1.7919403577515789,1095255,120
11530,1.7916037650810006,1095350,120
11531,1.7913044299018677,1095445,120
11532,1.7910564926570132,1095540,120
11533,1.7906196924945681,1095635,120
11534,1.7902462416017351,1095730,120
11535,1.79080853378107,1095825,120
11536,1.7904093238727574,1095920,120
11537,1.7918710395745141,1096015,120
11538,1.7917675009869733,1096110,120
11539,1.7908756629145908,1096205,120
11540,1.7910257640673504,1096300,120
11541,1.7912474153505835,1096395,120
11542,1.7914167363451237,1096490,120
11543,1.7913435276121794,1096585,120
11544,1.791113404715144,1096680,120
11545,1.7909921076408588,1096775,120
11546,1.7907906872473647,1096870,120
11547,1.7902012564190033,1096965,120
11548,1.7896020423042858,1097060,120
11549,1.7902510936781735,1097155,120
11550,1.7914903227468724,1097250,120
11551,1.7918995133666518,1097345,120
11552,1.7923446794176539,1097440,120
11553,1.7916442396850836,1097535,120
11554,1.7909984682679538,1097630,120
11555,1.7914130438624027,1097725,120
11556,1.7912137957288197,1097820,120
11557,1.7908265872112596,1097915,120
11558,1.7906044522764963,1098010,120
11559,1.7910248450127859,1098105,120
11560,1.7913766726439606,1098200,120
11561,1.7914750479651738,1098295,120
11562,1.7920427402503742,1098390,120
11563,1.7924043473925553,1098485,120
11564,1.7919366744217513,1098580,120
11565,1.7923279274859314,1098675,120
11566,1.7931309605670056,1098770,120
11567,1.7925618566358563,1098865,120
11568,1.7924305280540949,1098960,120
11569,1.7922951217196008,1099055,120
11570,1.7918154260074375,1099150,120
11571,1.7919391934687543,1099245,120
11572,1.7911982503851196,1099340,120
11573,1.7911966892917264,1099435,120
11574,1.7909545279896402,1099530,120
11575,1.7911490744145042,1099625,120
11576,1.7908775371948351,1099720,120
11577,1.7912284321374821,1099815,120
11578,1.7911579126589545,1099910,120
11579,1.7907532395015933,1100005,120
11580,1.7898809118274335,1100100,120
11581,1.7897551430359162,1100195,120
11582,1.789770563026619,1100290,120
11583,1.7890730873273892,1100385,120
11584,1.7894574996804002,1100480,120
11585,1.7905721902256859,1100575,120
11586,1.7898213522236099,1100670,120
11587,1.7896410048711233,1100765,120
11588,1.7890543582315102,1100860,120
11589,1.7896538749715563,1100955,120
11590,1.7897428629350325,1101050,120
11591,1.7896281858243692,1101145,120
11592,1.7899388147750579,1101240,120
11593,1.7899799631506814,1101335,120
11594,1.7900853053047441,1101430,120
11595,1.7897860216576493,1101525,120
11596,1.7893275602252185,1101620,120
11597,1.7889353027101269,1101715,120
11598,1.7888079846982003,1101810,120
11599,1.7890917794501007,1101905,120
11600,1.7891756279031972,1102000,120
11601,1.7889814213031583,1102095,120
11602,1.7888896545765838,1102190,120
11603,1.7889669845222504,1102285,120
11604,1.7893951994239514,1102380,120
11605,1.7891846339469684,1102475,120
11606,1.7895305469416669,1102570,120
11607,1.7906872133188807,1102665,120
11608,1.790709000018283,1102760,120
11609,1.7900848173209729,1102855,120
11610,1.7902488837959569,1102950,120
11611,1.7899288285460606,1103045,120
11612,1.7895594606457588,1103140,120
11613,1.789687919147156,1103235,120
11614,1.7900254548712176,1103330,120
11615,1.790335034202613,1103425,120
11616,1.7896705693558366,1103520,120
11617,1.7889883318972863,1103615,120
11618,1.7879441784753609,1103710,120
11619,1.7890458106419531,1103805,120
11620,1.7893340649600928,1103900,120
11621,1.7888767280771123,1103995,120
11622,1.7885800586819798,1104090,120
11623,1.7882805873414582,1104185,120
11624,1.7882269128191584,1104280,120
11625,1.7877408786505569,1104375,120
11626,1.7880417351283353,1104470,120
11627,1.789448256730261,1104565,120
11628,1.790134703876425,1104660,120
11629,1.7902658063844259,1104755,120
11630,1.7904024176562536,1104850,120
11631,1.7904520887462507,1104945,120
11632,1.7908349394866923,1105040,120
11633,1.7903764015759747,1105135,120
11634,1.7903744551205572,1105230,120
11635,1.7900262273897525,1105325,120
11636,1.7902373145874639,1105420,120
11637,1.7909595460062611,1105515,120
11638,1.7913511147478589,1105610,120
11639,1.7909750844542287,1105705,120
11640,1.7916740908607378,1105800,120
11641,1.7910491477790202,1105895,120
11642,1.7906748076537027,1105990,120
11643,1.7907402773895282,1106085,120
11644,1.7911487819962142,1106180,120
11645,1.7905781245561927,1106275,120
11646,1.7897588131321673,1106370,120
11647,1.7897926386153389,1106465,120
11648,1.7894644996375706,1106560,120
11649,1.7897681685857298,1106655,120
11650,1.7891109556755673,1106750,120
11651,1.7882347404930754,1106845,120
11652,1.7880495945257868,1106940,120
11653,1.7880190631093527,1107035,120
11654,1.7880270659734394,1107130,120
11655,1.7879374154783938,1107225,120
11656,1.7882180876700788,1107320,120
11657,1.7880060433116978,1107415,120
11658,1.7883235193283198,1107510,120
11659,1.789742104332146,1107605,120
11660,1.7908983126737625,1107700,120
11661,1.7905692807258777,1107795,120
11662,1.7904165286035612,1107890,120
11663,1.7899871303375348,1107985,120
11664,1.7903455408731668,1108080,120
11665,1.7897297613355845,1108175,120
11666,1.790474553933231,1108270,120
11667,1.7908036975116273,1108365,120
11668,1.7907803001685254,1108460,120
11669,1.7906692836158025,1108555,120
11670,1.7917679051973254,1108650,120
11671,1.7926539554715675,1108745,120
11672,1.7921709937165711,1108840,120
11673,1.7917355671726432,1108935,120
11674,1.790821061103224,1109030,120
11675,1.790154374974976,1109125,120
11676,1.7900092385147715,1109220,120
11677,1.7913057393462464,1109315,120
11678,1.7906588795099525,1109410,120
11679,1.7908103071410881,1109505,120
11680,1.7904613781734247,1109600,120
11681,1.790801260620321,1109695,120
11682,1.7907769910660982,1109790,120
11683,1.7900681703544388,1109885,120
11684,1.7907907919445609,1109980,120
11685,1.7908687591796937,1110075,120
11686,1.7908766797967741,1110170,120
11687,1.7906166946442728,1110265,120
11688,1.7901444241617832,1110360,120
11689,1.7900574971854917,1110455,120
11690,1.7898468084272772,1110550,120
11691,1.7892704525707992,1110645,120
11692,1.7885694728563166,1110740,120
11693,1.789359853766783,1110835,120
11694,1.7894424002926959,1110930,120
11695,1.7902664411712037,1111025,120
11696,1.7898120735476022,1111120,120
11697,1.7898743203721128,1111215,120
11698,1.7901434533047302,1111310,120
11699,1.7896999862040888,1111405,120
11700,1.7895430211389547,1111500,120
11701,1.7902740751721971,1111595,120
11702,1.7904971323635135,1111690,120
11703,1.7905392685870611,1111785,120
11704,1.789840297774139,1111880,120
11705,1.7895716951991132,1111975,120
11706,1.7887008254021699,1112070,120
11707,1.7885034269595053,1112165,120
11708,1.789080319121531,1112260,120
11709,1.7891805827331202,1112355,120
11710,1.7892298492534611,1112450,120
11711,1.7891713501040087,1112545,120
11712,1.7885717827744925,1112640,120
11713,1.7877871551086582,1112735,120
11714,1.787749267545953,1112830,120
11715,1.7882023595845564,1112925,120
11716,1.7879172530549046,1113020,120
11717,1.7882164896042567,1113115,120
11718,1.7883240095071493,1113210,120
11719,1.7889369718879757,1113305,120
11720,1.7889087572283771,1113400,120
11721,1.7882793541099924,1113495,120
11722,1.7879633901997809,1113590,120
11723,1.7869140491672204,1113685,120
11724,1.7875438625359299,1113780,120
11725,1.7878229215158128,1113875,120
11726,1.7883143951853986,1113970,120
11727,1.7883241419344797,1114065,120
11728,1.7883310180230314,1114160,120
11729,1.7883076226460104,1114255,120
11730,1.7883719020887587,1114350,120
11731,1.7893314215104958,1114445,120
11732,1.7894791881767442,1114540,120
11733,1.7892199384188208,1114635,120
11734,1.7890164128590209,1114730,120
11735,1.7898874473650914,1114825,120
11736,1.790667709580825,1114920,120
11737,1.7898780645233827,1115015,120
11738,1.7900790764122356,1115110,120
11739,1.7897863431311076,1115205,120
11740,1.7893283581620325,1115300,120
11741,1.7894998296357505,1115395,120
11742,1.7897106065540525,1115490,120
11743,1.7897765233735941,1115585,120
11744,1.78916371724576,1115680,120
11745,1.7896386934141375,1115775,120
11746,1.7890877375101053,1115870,120
11747,1.7898206967646004,1115965,120
11748,1.7891375112854846,1116060,120
11749,1.7889158911974257,1116155,120
11750,1.7884640608049713,1116250,120
11751,1.7882263311890227,1116345,120
11752,1.7880693103531551,1116440,120
11753,1.7873900616545262,1116535,120
11754,1.7871489338208004,1116630,120
11755,1.7878717455792066,1116725,120
11756,1.7882531849092609,1116820,120
11757,1.7879652845141663,1116915,120
11758,1.787339012417076,1117010,120
11759,1.78813944223017,1117105,120
11760,1.7885883048847864,1117200,120
11761,1.788240305860515,1117295,120
11762,1.789043971220418,1117390,120
11763,1.7886078117070063,1117485,120
11764,1.790122498717297,1117580,120
11765,1.7899329058246285,1117675,120
11766,1.7900514889696235,1117770,120
11767,1.7912039790957681,1117865,120
11768,1.7927142813507899,1117960,120
11769,1.7921553128434982,1118055,120
11770,1.7921739889709123,1118150,120
11771,1.7917293636478522,1118245,120
11772,1.7911324190738793,1118340,120
11773,1.7921933501333329,1118435,120
11774,1.7916737824946976,1118530,120
11775,1.7909866814749167,1118625,120
11776,1.791008749758257,1118720,120
11777,1.7904593787763932,1118815,120
11778,1.7902172745895568,1118910,120
11779,1.7893567525092866,1119005,120
11780,1.7896056565476766,1119100,120
11781,1.7899245454669015,1119195,120
11782,1.7903157900342537,1119290,120
11783,1.7902251517619592,1119385,120
11784,1.7903334376121098,1119480,120
11785,1.7900107624193129,1119575,120
11786,1.7903220211090527,1119670,120
11787,1.7897965707308832,1119765,120
11788,1.7900395154881779,1119860,120
11789,1.7906231292992603,1119955,120
11790,1.790024655116857,1120050,120
11791,1.7896506701876482,1120145,120
11792,1.7907530137826779,1120240,120
11793,1.7909014820335805,1120335,120
11794,1.7902563366313653,1120430,120
11795,1.7904199635296913,1120525,120
11796,1.7900993336110274,1120620,120
11797,1.7909890010337524,1120715,120
11798,1.790683543656187,1120810,120
11799,1.7921877305549274,1120905,120
11800,1.792173330136777,1121000,120
11801,1.7921477813412365,1121095,120
11802,1.7916142566599846,1121190,120
11803,1.7919543847829984,1121285,120
11804,1.7913744563927405,1121380,120
11805,1.7930815075657709,1121475,120
11806,1.7929338162727253,1121570,120
11807,1.7931579692842481,1121665,120
11808,1.7929082781540313,1121760,120
11809,1.7921213764575967,1121855,120
11810,1.79246701149512,1121950,120
11811,1.7926716676710759,1122045,120
11812,1.794544451134948,1122140,120
11813,1.7951321468029597,1122235,120
11814,1.7952723563891497,1122330,120
11815,1.7954930199298369,1122425,120
11816,1.7954072215172172,1122520,120
11817,1.7957193356169836,1122615,120
11818,1.7966963326608651,1122710,120
11819,1.7962803563492133,1122805,120
11820,1.7958768685680748,1122900,120
11821,1.7972736060275418,1122995,120
11822,1.7969547404912274,1123090,120
11823,1.7970845113628775,1123185,120
11824,1.7962001842618596,1123280,120
11825,1.7955886284521252,1123375,120
11826,1.7959032588185597,1123470,120
11827,1.7962907710709504,1123565,120
11828,1.7963395951436569,1123660,120
11829,1.7961311621621554,1123755,120
11830,1.7958283382913867,1123850,120
11831,1.7959235069987298,1123945,120
11832,1.7962333642420989,1124040,120
11833,1.7958905037283546,1124135,120
11834,1.7958280173390988,1124230,120
11835,1.7961216793317805,1124325,120
11836,1.795256289029769,1124420,120
11837,1.7945763111550623,1124515,120
11838,1.7947062596985262,1124610,120
11839,1.7954521522979177,1124705,120
11840,1.7960442443934033,1124800,120
11841,1.7964036526293483,1124895,120
11842,1.7980978336269764,1124990,120
11843,1.7985253762132232,1125085,120
11844,1.7999607544852141,1125180,120
11845,1.799850590611733,1125275,120
11846,1.7992354784529474,1125370,120
11847,1.8006775742308128,1125465,120
11848,1.8003676195035982,1125560,120
11849,1.79990200446344,1125655,120
11850,1.7997698226472514,1125750,120
11851,1.7992875945407865,1125845,120
11852,1.7989174666066727,1125940,120
11853,1.7995474199379586,1126035,120
11854,1.7996107041687939,1126130,120
11855,1.799878202533933,1126225,120
11856,1.800816585575074,1126320,120
11857,1.8013484707034779,1126415,120
11858,1.8025042772766275,1126510,120
11859,1.8017160235133356,1126605,120
11860,1.8019642782480545,1126700,120
11861,1.8021118348525456,1126795,120
11862,1.8021804239176449,1126890,120
11863,1.8031427727649547,1126985,120
11864,1.8031726284270466,1127080,120
11865,1.8038849886377695,1127175,120
11866,1.803661411991903,1127270,120
11867,1.805431273234793,1127365,120
11868,1.805194548934582,1127460,120
11869,1.8055206994855466,1127555,120
11870,1.8055797062249459,1127650,120
11871,1.806039362968914,1127745,120
11872,1.8060199586933041,1127840,120
11873,1.8055653704506207,1127935,120
11874,1.80548508766431,1128030,120
11875,1.8046574841530261,1128125,120
11876,1.8041254014360129,1128220,120
11877,1.8040028738866676,1128315,120
11878,1.8040386365599443,1128410,120
11879,1.803693811796927,1128505,120
11880,1.8032859132728958,1128600,120
11881,1.8043247544092813,1128695,120
11882,1.8047523701965049,1128790,120
11883,1.8051352111492733,1128885,120
11884,1.8053956041480566,1128980,120
11885,1.8052276722336136,1129075,120
11886,1.8052583189104194,1129170,120
11887,1.8048196747945919,1129265,120
11888,1.8052985711445746,1129360,120
11889,1.8049331111009499,1129455,120
11890,1.8054301719425727,1129550,120
11891,1.8044216471794132,1129645,120
11892,1.8047016377269731,1129740,120
11893,1.8048817926646761,1129835,120
11894,1.8047256354945755,1129930,120
11895,1.8056874241653083,1130025,120
11896,1.8053464867871074,1130120,120
11897,1.8060275424624053,1130215,120
11898,1.8053354420192071,1130310,120
11899,1.806045293360949,1130405,120
11900,1.8057271400195825,1130500,120
11901,1.8061609836546604,1130595,120
11902,1.805905291020153,1130690,120
11903,1.8056170378148579,1130785,120
11904,1.8053147442921518,1130880,120
11905,1.8059842891531759,1130975,120
11906,1.8054432635627937,1131070,120
11907,1.8053468012778444,1131165,120
11908,1.8065053621455462,1131260,120
11909,1.8060086620902338,1131355,120
11910,1.8057242810822212,1131450,120
11911,1.8057971512536761,1131545,120
11912,1.8049776834523281,1131640,120
11913,1.8050716606751418,1131735,120
11914,1.8046365362385395,1131830,120
11915,1.8042387328158678,1131925,120
11916,1.8038670175605276,1132020,120
11917,1.8033574490978812,1132115,120
11918,1.8028613455339828,1132210,120
11919,1.8029967179422428,1132305,120
11920,1.8025202354028502,1132400,120
11921,1.8025590280201156,1132495,120
11922,1.8026921708578225,1132590,120
11923,1.8024965019881398,1132685,120
11924,1.8033702192252565,1132780,120
11925,1.8030561206664479,1132875,120
11926,1.8029775951024207,1132970,120
11927,1.8026799479778925,1133065,120
11928,1.8027434742701882,1133160,120
11929,1.8024842536605592,1133255,120
11930,1.802816667909114,1133350,120
11931,1.8026618270887906,1133445,120
11932,1.8053125803874159,1133540,120
11933,1.8056802544998982,1133635,120
11934,1.8060022129922422,1133730,120
11935,1.8057970775949033,1133825,120
11936,1.8054295808051597,1133920,120
11937,1.8051660511242698,1134015,120
11938,1.804905902346928,1134110,120
11939,1.8051342448139869,1134205,120
11940,1.8062466623751012,1134300,120
11941,1.8068821021225319,1134395,120
11942,1.807269609790934,1134490,120
11943,1.8068160281462928,1134585,120
11944,1.8080199479958934,1134680,120
11945,1.8085527670500805,1134775,120
11946,1.8087528409269824,1134870,120
11947,1.8095662681631246,1134965,120
11948,1.8099464515062449,1135060,120
11949,1.8093561639435793,1135155,120
11950,1.8089224684625265,1135250,120
11951,1.8095387038023585,1135345,120
11952,1.8091713811012766,1135440,120
11953,1.8092678216896791,1135535,120
11954,1.8092755622474133,1135630,120
11955,1.8101446340618366,1135725,120
11956,1.8101086205522257,1135820,120
11957,1.8098024261471153,1135915,120
11958,1.8096578416394387,1136010,120
11959,1.8106382570116379,1136105,120
11960,1.8112667065287804,1136200,120
11961,1.8119697313446088,1136295,120
11962,1.8123751321269801,1136390,120
11963,1.8127828036015077,1136485,120
11964,1.8128800364047024,1136580,120
11965,1.812662766511558,1136675,120
11966,1.8129319712927137,1136770,120
11967,1.8133523000625948,1136865,120
11968,1.8133062581832753,1136960,120
11969,1.8133618111307579,1137055,120
11970,1.8129407885047801,1137150,120
11971,1.8128758957638662,1137245,120
11972,1.8126423911952276,1137340,120
11973,1.8130677507214614,1137435,120
11974,1.8119481507720951,1137530,120
11975,1.8128462891005739,1137625,120
11976,1.8125062707874746,1137720,120
11977,1.8125788956103186,1137815,120
11978,1.8123051428389774,1137910,120
11979,1.8120213893184169,1138005,120
11980,1.8124054578923807,1138100,120
11981,1.8119955708202822,1138195,120
11982,1.8114918569894392,1138290,120
11983,1.8116161508461737,1138385,120
11984,1.8122796794537106,1138480,120
11985,1.812914920030628,1138575,120
11986,1.8135462999735059,1138670,120
11987,1.8131111197052732,1138765,120
11988,1.8136704551330893,1138860,120
11989,1.8134990068854393,1138955,120
11990,1.8135036671418083,1139050,120
11991,1.8142304351718079,1139145,120
11992,1.8149737077814552,1139240,120
11993,1.8145216372639528,1139335,120
11994,1.8141712744066816,1139430,120
11995,1.8144536620199712,1139525,120
11996,1.8145963409287216,1139620,120
11997,1.8146623582403583,1139715,120
11998,1.8142491217438785,1139810,120
11999,1.8130561446960625,1139905,120
12000,1.8123491915928689,1140000,120
12001,1.8122073262698852,1140095,120
12002,1.8119628920955291,1140190,120
12003,1.8116252329663363,1140285,120
12004,1.8113980323564116,1140380,120
12005,1.810565364646392,1140475,120
12006,1.810919060659014,1140570,120
12007,1.8121464104611376,1140665,120
12008,1.8115660404962559,1140760,120
12009,1.8112826770711141,1140855,120
12010,1.8116455504989706,1140950,120
12011,1.81220239463814,1141045,120
12012,1.8119533183594203,1141140,120
12013,1.8122380865296557,1141235,120
12014,1.8139623278146741,1141330,120
12015,1.8129332133280109,1141425,120
12016,1.8124594843346407,1141520,120
12017,1.8119795081729055,1141615,120
12018,1.8117839732188401,1141710,120
12019,1.8124977561980056,1141805,120
12020,1.814509700709098,1141900,120
12021,1.8148073198879482,1141995,120
12022,1.8152320217637026,1142090,120
12023,1.8152142162934366,1142185,120
12024,1.8147863124163581,1142280,120
12025,1.8145327756615854,1142375,120
12026,1.8144820965058348,1142470,120
12027,1.8152085843787251,1142565,120
12028,1.8163539772581059,1142660,120
12029,1.8165529313657525,1142755,120
12030,1.8172304840645543,1142850,120
12031,1.8175650193130644,1142945,120
12032,1.8178154779662825,1143040,120
12033,1.8178288367774158,1143135,120
12034,1.8172782472484852,1143230,120
12035,1.8172930733974688,1143325,120
12036,1.8167602651254642,1143420,120
12037,1.8175567100544952,1143515,120
12038,1.8177841898298974,1143610,120
12039,1.8180618314637516,1143705,120
12040,1.8178897020991047,1143800,120
12041,1.8188201460786642,1143895,120
12042,1.8195376638090355,1143990,120
12043,1.8199268281303373,1144085,120
12044,1.8207433220433504,1144180,120
12045,1.8202098769672115,1144275,120
12046,1.819559182945427,1144370,120
12047,1.8193630686480875,1144465,120
12048,1.8192863151359222,1144560,120
12049,1.8191442150122539,1144655,120
12050,1.8184659933309548,1144750,120
12051,1.8184075874438219,1144845,120
12052,1.8179225179690679,1144940,120
12053,1.8175716588177162,1145035,120
12054,1.8179818559451582,1145130,120
12055,1.8182983093090488,1145225,120
12056,1.8187674640539828,1145320,120
12057,1.818718474220453,1145415,120
12058,1.8184595021716981,1145510,120
12059,1.8203977438088967,1145605,120
12060,1.8202374963346339,1145700,120
12061,1.8204471788845593,1145795,120
12062,1.8203809160171258,1145890,120
12063,1.8198061365068878,1145985,120
12064,1.8196512472839568,1146080,120
12065,1.8191196103526517,1146175,120
12066,1.819443218586053,1146270,120
12067,1.8194376770598804,1146365,120
12068,1.8196706761121337,1146460,120
12069,1.8193077246529152,1146555,120
12070,1.8185903420915013,1146650,120
12071,1.8188905601775833,1146745,120
12072,1.8186741370372606,1146840,120
12073,1.8181733533206808,1146935,120
12074,1.8182065829927154,1147030,120
12075,1.818007770732341,1147125,120
12076,1.8177227020496061,1147220,120
12077,1.8172217245984037,1147315,120
12078,1.8163811407414323,1147410,120
12079,1.8160761637965381,1147505,120
12080,1.8164276751544886,1147600,120
12081,1.8168928736621646,1147695,120
12082,1.8161280726825342,1147790,120
12083,1.8162666602592645,1147885,120
12084,1.8159488375145172,1147980,120
12085,1.8156934168110712,1148075,120
12086,1.8156137799791663,1148170,120
12087,1.8151332411085987,1148265,120
12088,1.8146811245422443,1148360,120
12089,1.8161098289846693,1148455,120
12090,1.8159070350299087,1148550,120
12091,1.8155762728283737,1148645,120
12092,1.8155337594262346,1148740,120
12093,1.8158559572593562,1148835,120
12094,1.8151518572628216,1148930,120
12095,1.8156931377251349,1149025,120
12096,1.815801811674169,1149120,120
12097,1.8158770510117874,1149215,120
12098,1.8160224363619615,1149310,120
12099,1.8170127085231438,1149405,120
12100,1.8173155940547425,1149500,120
12101,1.8170068982439973,1149595,120
12102,1.8174090305342385,1149690,120
12103,1.8175539440680797,1149785,120
12104,1.8176367655143562,1149880,120
12105,1.8175485245587644,1149975,120
12106,1.8174174093397093,1150070,120
12107,1.8178916948309283,1150165,120
12108,1.8174625033303322,1150260,120
12109,1.8179353408075161,1150355,120
12110,1.8187164315396835,1150450,120
12111,1.8196114633869525,1150545,120
12112,1.8194773046827009,1150640,120
12113,1.8199243087304762,1150735,120
12114,1.8207715168937393,1150830,120
12115,1.8205554965508026,1150925,120
12116,1.8203010788764042,1151020,120
12117,1.8201454288639958,1151115,120
12118,1.8203889400915714,1151210,120
12119,1.8202342937389613,1151305,120
12120,1.8211539667817773,1151400,120
12121,1.8215100159665041,1151495,120
12122,1.8210805681866733,1151590,120
12123,1.8221887969826971,1151685,120
12124,1.8212997465815355,1151780,120
12125,1.8216700134040031,1151875,120
12126,1.8214538687035513,1151970,120
12127,1.8208090352494941,1152065,120
12128,1.8210642966359973,1152160,120
12129,1.8210796993136245,1152255,120
12130,1.8209811662503663,1152350,120
12131,1.8207299142211701,1152445,120
12132,1.820317879981165,1152540,120
12133,1.8203951691424203,1152635,120
12134,1.8194679113516945,1152730,120
12135,1.8188264922402075,1152825,120
12136,1.8190417058507469,1152920,120
12137,1.81889971916925,1153015,120
12138,1.8183236883485658,1153110,120
12139,1.8177232082125827,1153205,120
12140,1.8177367235532671,1153300,120
12141,1.8176931986235629,1153395,120
12142,1.8183536824939577,1153490,120
12143,1.817791381170998,1153585,120
12144,1.8184697998482195,1153680,120
12145,1.8188051895312973,1153775,120
12146,1.818721149741765,1153870,120
12147,1.8184819383149469,1153965,120
12148,1.8200939419926032,1154060,120
12149,1.8196769164932847,1154155,120
12150,1.8201989524024544,1154250,120
12151,1.8212424617678722,1154345,120
12152,1.8202123195917783,1154440,120
12153,1.820073218246782,1154535,120
12154,1.8195640452833892,1154630,120
12155,1.8189019917962059,1154725,120
12156,1.8185585637659132,1154820,120
12157,1.8197939365797693,1154915,120
12158,1.8210733098966603,1155010,120
12159,1.8214947096780185,1155105,120
12160,1.8210316770403769,1155200,120
12161,1.8211011612572732,1155295,120
12162,1.8202102174902848,1155390,120
12163,1.8191063640053473,1155485,120
12164,1.8202173270159476,1155580,120
12165,1.8201598595211808,1155675,120
12166,1.8206801521599187,1155770,120
12167,1.820777276893113,1155865,120
12168,1.8211897147966409,1155960,120
12169,1.8206584966026698,1156055,120
12170,1.8202539943057239,1156150,120
12171,1.8209459334053202,1156245,120
12172,1.8214653157777785,1156340,120
12173,1.8222880897624376,1156435,120
12174,1.8224670361086135,1156530,120
12175,1.8229999758948805,1156625,120
12176,1.8228664446630292,1156720,120
12177,1.8227208186803046,1156815,120
12178,1.8217953235052029,1156910,120
12179,1.821576160968599,1157005,120
12180,1.8212602304257446,1157100,120
12181,1.8208812076548784,1157195,120
12182,1.8211124918708468,1157290,120
12183,1.8210015759401699,1157385,120
12184,1.8209701260123063,1157480,120
12185,1.8211710211962553,1157575,120
12186,1.8207709466325455,1157670,120
12187,1.8216542299080192,1157765,120
12188,1.8219877299447098,1157860,120
12189,1.8218638554502482,1157955,120
12190,1.8230756140587741,1158050,120
12191,1.8236539547014523,1158145,120
12192,1.8238801823868138,1158240,120
12193,1.8245333474583156,1158335,120
12194,1.8253816324501524,1158430,120
12195,1.8259007449308877,1158525,120
12196,1.8259769099995415,1158620,120
12197,1.8262526626758893,1158715,120
12198,1.8252871157556894,1158810,120
12199,1.8270582028445619,1158905,120
12200,1.8265666125190063,1159000,120
12201,1.8263283368355738,1159095,120
12202,1.8271796796532658,1159190,120
12203,1.8261821086302734,1159285,120
12204,1.8269284206210821,1159380,120
12205,1.8263969289329436,1159475,120
12206,1.8276553460484379,1159570,120
12207,1.8290462584485214,1159665,120
12208,1.8291350092738883,1159760,120
12209,1.8288891754762315,1159855,120
12210,1.8284185629883221,1159950,120
12211,1.8281631099180276,1160045,120
12212,1.8274594647793894,1160140,120
12213,1.8264891757171109,1160235,120
12214,1.8263646443330299,1160330,120
12215,1.8256830792396381,1160425,120
12216,1.825576625458518,1160520,120
12217,1.8250674435541794,1160615,120
12218,1.8259859783744483,1160710,120
12219,1.8255989219830739,1160805,120
12220,1.8251735050015814,1160900,120
12221,1.8253015369701679,1160995,120
12222,1.8252473819047514,1161090,120
12223,1.8255044672139875,1161185,120
12224,1.8256097408996583,1161280,120
12225,1.8253251907539871,1161375,120
12226,1.8252500327550594,1161470,120
12227,1.8262602952538696,1161565,120
12228,1.8264471165880183,1161660,120
12229,1.8268208381259017,1161755,120
12230,1.8260482938453855,1161850,120
12231,1.825755006526163,1161945,120
12232,1.8256355560256892,1162040,120
12233,1.8246107117135641,1162135,120
12234,1.8246202112891459,1162230,120
12235,1.8240969167144883,1162325,120
12236,1.8233695735172712,1162420,120
12237,1.8245069410727028,1162515,120
12238,1.8239954247939838,1162610,120
12239,1.8233500071553923,1162705,120
12240,1.8230568494343542,1162800,120
12241,1.8232460250269897,1162895,120
12242,1.822729122483111,1162990,120
12243,1.8225071545208349,1163085,120
12244,1.8225909024547675,1163180,120
12245,1.8236818545632756,1163275,120
12246,1.8239749239394822,1163370,120
12247,1.8241305854758534,1163465,120
12248,1.8242487813741683,1163560,120
12249,1.8251072992367974,1163655,120
12250,1.8256646525962017,1163750,120
12251,1.826066643908377,1163845,120
12252,1.8256246605702557,1163940,120
12253,1.82533334773805,1164035,120
12254,1.8262939855264859,1164130,120
12255,1.8262560195154349,1164225,120
12256,1.8262057655680624,1164320,120
12257,1.8263769606495956,1164415,120
12258,1.8264791396134665,1164510,120
12259,1.8267676557249524,1164605,120
12260,1.8268787370544044,1164700,120
12261,1.826949797459978,1164795,120
12262,1.8283530340899088,1164890,120
12263,1.8281945254140772,1164985,120
12264,1.8277716057942006,1165080,120
12265,1.8283841605685984,1165175,120
12266,1.8289582078546065,1165270,120
12267,1.8290335416968129,1165365,120
12268,1.8288012418476303,1165460,120
12269,1.828235669657132,1165555,120
12270,1.8274374939338291,1165650,120
12271,1.8275729533995715,1165745,120
12272,1.8279383739276238,1165840,120
12273,1.8281219776398365,1165935,120
12274,1.828377920156681,1166030,120
12275,1.8279659478000925,1166125,120
12276,1.8296283612508184,1166220,120
12277,1.8300153313119714,1166315,120
12278,1.8297332299257842,1166410,120
12279,1.8296520052041012,1166505,120
12280,1.8293128925001123,1166600,120
12281,1.8298562682778476,1166695,120
12282,1.8292840802727968,1166790,120
12283,1.8298888026591527,1166885,120
12284,1.829771303937002,1166980,120
12285,1.8299629785928093,1167075,120
12286,1.8292436010816044,1167170,120
12287,1.8297972722854736,1167265,120
12288,1.8292151303250592,1167360,120
12289,1.8300290829626089,1167455,120
12290,1.829627637070963,1167550,120
12291,1.8302924766648467,1167645,120
12292,1.8299764555916469,1167740,120
12293,1.8297193591210952,1167835,120
12294,1.8299603262576871,1167930,120
12295,1.8294734198684497,1168025,120
12296,1.8289172957110398,1168120,120
12297,1.8292149427625601,1168215,120
12298,1.8303283868298115,1168310,120
12299,1.83019502818649,1168405,120
12300,1.8297159432908039,1168500,120
12301,1.8309448993615407,1168595,120
12302,1.8299612372110188,1168690,120
12303,1.8297531983220643,1168785,120
12304,1.8301446231390337,1168880,120
12305,1.8303343503020986,1168975,120
12306,1.82949487678963,1169070,120
12307,1.8301462409070213,1169165,120
12308,1.8298772302545347,1169260,120
12309,1.8291438932213619,1169355,120
12310,1.8295138529329902,1169450,120
12311,1.8295571001224429,1169545,120
12312,1.8300657483358775,1169640,120
12313,1.8311856139934852,1169735,120
12314,1.8310872387178083,1169830,120
12315,1.8311720388961963,1169925,120
12316,1.8310773336704189,1170020,120
12317,1.8318083012491913,1170115,120
12318,1.8318995855085369,1170210,120
12319,1.8316291220400296,1170305,120
12320,1.8313141504905925,1170400,120
12321,1.8314818850791692,1170495,120
12322,1.831643327631308,1170590,120
12323,1.83356713228247,1170685,120
12324,1.8334105338635163,1170780,120
12325,1.83383852149991,1170875,120
12326,1.83508548319072,1170970,120
12327,1.8344716249536575,1171065,120
12328,1.8348550258418859,1171160,120
12329,1.8346232968797105,1171255,120
12330,1.8350407568252018,1171350,120
12331,1.834545822975149,1171445,120
12332,1.8361953665806197,1171540,120
12333,1.8365627474863035,1171635,120
12334,1.8364427914555408,1171730,120
12335,1.8361536929633795,1171825,120
12336,1.8364709378905346,1171920,120
12337,1.8361611123419954,1172015,120
12338,1.836168234647098,1172110,120
12339,1.8366422569816827,1172205,120
12340,1.8369196376909869,1172300,120
12341,1.8366716952808788,1172395,120
12342,1.8362496734589373,1172490,120
12343,1.8362382996665663,1172585,120
12344,1.8355732249409571,1172680,120
12345,1.8357431651791951,1172775,120
12346,1.8359496780425313,1172870,120
12347,1.8359627474412052,1172965,120
12348,1.8364290164906929,1173060,120
12349,1.835979917166753,1173155,120
12350,1.8355495074587767,1173250,120
12351,1.8369367855766248,1173345,120
12352,1.8368004735182217,1173440,120
12353,1.8372398722912717,1173535,120
12354,1.8365714438938672,1173630,120
12355,1.8363865907267023,1173725,120
12356,1.8358781506042208,1173820,120
12357,1.8362900089154037,1173915,120
12358,1.8367372995479376,1174010,120
12359,1.836369250035196,1174105,120
12360,1.8360561347088269,1174200,120
12361,1.8360542897579102,1174295,120
12362,1.8358237390501186,1174390,120
12363,1.8348292463933908,1174485,120
12364,1.8346526908305818,1174580,120
12365,1.8347675188571264,1174675,120
12366,1.8344686115782562,1174770,120
12367,1.8341449408856711,1174865,120
12368,1.8332534949919468,1174960,120
12369,1.8335043039272703,1175055,120
12370,1.8333847232182836,1175150,120
12371,1.8342333541072995,1175245,120
12372,1.8345977361237735,1175340,120
12373,1.8353203569361796,1175435,120
12374,1.8342891768608562,1175530,120
12375,1.8344882898929777,1175625,120
12376,1.8338744349296556,1175720,120
12377,1.8351451421173508,1175815,120
12378,1.8341150221597318,1175910,120
12379,1.8341494012925867,1176005,120
12380,1.8343670057964387,1176100,120
12381,1.8341507534733268,1176195,120
12382,1.8342057723158238,1176290,120
12383,1.834533179183133,1176385,120
12384,1.8341931106768616,1176480,120
12385,1.8337394542056757,1176575,120
12386,1.8338141973612294,1176670,120
12387,1.8336062475135957,1176765,120
12388,1.8339900645938332,1176860,120
12389,1.8347964070558269,1176955,120
12390,1.8341976237370436,1177050,120
12391,1.834087134795928,1177145,120
12392,1.8340154468608687,1177240,120
12393,1.8339491020849445,1177335,120
12394,1.8334001660161612,1177430,120
12395,1.8329886149973835,1177525,120
12396,1.8329726438882403,1177620,120
12397,1.8324720305266873,1177715,120
12398,1.8329052539934865,1177810,120
12399,1.8323258108762634,1177905,120
12400,1.8319496435716702,1178000,120
12401,1.8314730375297192,1178095,120
12402,1.8316562967396406,1178190,120
12403,1.8314894559875701,1178285,120
12404,1.8303388654009825,1178380,120
12405,1.829585289366384,1178475,120
12406,1.8293916951291063,1178570,120
12407,1.8285836268824298,1178665,120
12408,1.8281559426199563,1178760,120
12409,1.8276380585208045,1178855,120
12410,1.8277555255351674,1178950,120
12411,1.8281109476635302,1179045,120
12412,1.8272041311191833,1179140,120
12413,1.8267454049453884,1179235,120
12414,1.8266401098865541,1179330,120
12415,1.8281384000359704,1179425,120
12416,1.8281770064334475,1179520,120
12417,1.828377035443107,1179615,120
12418,1.8287357174700507,1179710,120
12419,1.8285869646354391,1179805,120
12420,1.8286024135249277,1179900,120
12421,1.8282983832605435,1179995,120
12422,1.8279192623146967,1180090,120
12423,1.8274610319486373,1180185,120
12424,1.8267406194281595,1180280,120
12425,1.8265098299527784,1180375,120
12426,1.8256980289467017,1180470,120
12427,1.8265840316002644,1180565,120
12428,1.8263618503967869,1180660,120
12429,1.8264544066917037,1180755,120
12430,1.8263927233804802,1180850,120
12431,1.8259794578796884,1180945,120
12432,1.8250263254574361,1181040,120
12433,1.8253923595456247,1181135,120
12434,1.8258973900787459,1181230,120
12435,1.8262878060272976,1181325,120
12436,1.8257796020767068,1181420,120
12437,1.8271846013658342,1181515,120
12438,1.8296267078795243,1181610,120
12439,1.8291037178792291,1181705,120
12440,1.8297327809799608,1181800,120
12441,1.8308930822255061,1181895,120
12442,1.8313709879422664,1181990,120
12443,1.8314443322509757,1182085,120
12444,1.8317153072788894,1182180,120
12445,1.8313677255533698,1182275,120
12446,1.8309423040053685,1182370,120
12447,1.8308526152788578,1182465,120
12448,1.8306556836212289,1182560,120
12449,1.8296192485234712,1182655,120
12450,1.8303511044717913,1182750,120
12451,1.8308416606070379,1182845,120
12452,1.8308192692044509,1182940,120
12453,1.830778526929171,1183035,120
12454,1.8304476435653922,1183130,120
12455,1.8297335352357604,1183225,120
12456,1.8299397942537818,1183320,120
12457,1.830105197238074,1183415,120
12458,1.8297525609879115,1183510,120
12459,1.829570344816027,1183605,120
12460,1.8295092541198477,1183700,120
12461,1.8297790670246117,1183795,120
12462,1.8296717698278628,1183890,120
12463,1.8296487652950066,1183985,120
12464,1.8310078984384153,1184080,120
12465,1.8308538887695378,1184175,120
12466,1.8309554174954221,1184270,120
12467,1.8311691924544014,1184365,120
12468,1.8306079512205895,1184460,120
12469,1.8300172120333169,1184555,120
12470,1.8307325519830571,1184650,120
12471,1.8314602378943596,1184745,120
12472,1.8309886786985574,1184840,120
12473,1.8304061533554934,1184935,120
12474,1.8297178079443064,1185030,120
12475,1.8310222430572289,1185125,120
12476,1.8311393444845065,1185220,120
12477,1.8301821861172367,1185315,120
12478,1.8290343123114083,1185410,120
12479,1.8296238882844129,1185505,120
12480,1.8293432158275507,1185600,120
12481,1.8297828089657255,1185695,120
12482,1.8306410456617819,1185790,120
12483,1.830383068134374,1185885,120
12484,1.8298124309611021,1185980,120
12485,1.8305381801075575,1186075,120
12486,1.8305834690429656,1186170,120
12487,1.8304620829773142,1186265,120
12488,1.830310403609104,1186360,120
12489,1.8300965009503947,1186455,120
12490,1.8297324753428343,1186550,120
12491,1.8292473944119148,1186645,120
12492,1.83000989740756,1186740,120
12493,1.8293135081866823,1186835,120
12494,1.830356141543511,1186930,120
12495,1.8306732102612957,1187025,120
12496,1.8301359740197751,1187120,120
12497,1.829768853238021,1187215,120
12498,1.8302150574334952,1187310,120
12499,1.8302777689270562,1187405,120
12500,1.8297511509475635,1187500,120
12501,1.8294180543081453,1187595,120
12502,1.8295195757809024,1187690,120
12503,1.82930463552467,1187785,120
12504,1.829563112191213,1187880,120
12505,1.8296311577682314,1187975,120
12506,1.8305137212700346,1188070,120
12507,1.8309383124900118,1188165,120
12508,1.8307040028994181,1188260,120
12509,1.8305832871513581,1188355,120
12510,1.8309225412678289,1188450,120
12511,1.8315173188505793,1188545,120
12512,1.8314105773807823,1188640,120
12513,1.8316838191688025,1188735,120
12514,1.8316984402841427,1188830,120
12515,1.8323267234147931,1188925,120
12516,1.8319407569427466,1189020,120
12517,1.8325087987054467,1189115,120
12518,1.8326787727561233,1189210,120
12519,1.8334729459147587,1189305,120
12520,1.8331356223573303,1189400,120
12521,1.8330555957436281,1189495,120
12522,1.8337330570509709,1189590,120
12523,1.8326503892867434,1189685,120
12524,1.8332238079776528,1189780,120
12525,1.8339674311833254,1189875,120
12526,1.834483533302794,1189970,120
12527,1.8345143945183344,1190065,120
12528,1.8352735257098698,1190160,120
12529,1.8350255081241265,1190255,120
12530,1.8351783736411014,1190350,120
12531,1.8347682904305238,1190445,120
12532,1.8361234150486334,1190540,120
12533,1.8363958087256991,1190635,120
12534,1.8359608469552113,1190730,120
12535,1.8357417783848602,1190825,120
12536,1.8361750283248996,1190920,120
12537,1.8364810987804656,1191015,120
12538,1.8373175609032981,1191110,120
12539,1.837897931127626,1191205,120
12540,1.8380312898396927,1191300,120
12541,1.8379846420481545,1191395,120
12542,1.8374274104468937,1191490,120
12543,1.8373987294548635,1191585,120
12544,1.8365347002192529,1191680,120
12545,1.8373405289471896,1191775,120
12546,1.8370483313739028,1191870,120
12547,1.8369213204553216,1191965,120
12548,1.8362431455076711,1192060,120
12549,1.836234902575967,1192155,120
12550,1.8367117979206078,1192250,120
12551,1.8372290062478438,1192345,120
12552,1.8375505111697847,1192440,120
12553,1.8372146867429695,1192535,120
12554,1.8380873221903593,1192630,120
12555,1.8378134957410759,1192725,120
12556,1.8375886872276626,1192820,120
12557,1.8372892939827952,1192915,120
12558,1.837446739108177,1193010,120
12559,1.8381918517818105,1193105,120
12560,1.8375278129598203,1193200,120
12561,1.8376426042717944,1193295,120
12562,1.8382283821102732,1193390,120
12563,1.8381039921297033,1193485,120
12564,1.837444604361725,1193580,120
12565,1.8371877503068872,1193675,120
12566,1.8370723630389452,1193770,120
12567,1.8365141437230266,1193865,120
12568,1.8361032943732929,1193960,120
12569,1.8362031141621658,1194055,120
12570,1.8360037719514855,1194150,120
12571,1.8366615586755159,1194245,120
12572,1.8364315493433765,1194340,120
12573,1.8371827347502514,1194435,120
12574,1.8370601175413215,1194530,120
12575,1.8371755810084669,1194625,120
12576,1.8373482104911456,1194720,120
12577,1.8372741035751761,1194815,120
12578,1.8365351910399674,1194910,120
12579,1.836637647830232,1195005,120
12580,1.8366754863494577,1195100,120
12581,1.8369187231692543,1195195,120
12582,1.8370613714970327,1195290,120
12583,1.8372640539430161,1195385,120
12584,1.8368892986625438,1195480,120
12585,1.8373463975255266,1195575,120
12586,1.8382454839961107,1195670,120
12587,1.8374570722763806,1195765,120
12588,1.837524721652998,1195860,120
12589,1.8374048689448146,1195955,120
12590,1.8382819606898193,1196050,120
12591,1.8383538370493804,1196145,120
12592,1.8378114268129622,1196240,120
12593,1.8377935467303985,1196335,120
12594,1.8374720408383904,1196430,120
12595,1.8373619217801271,1196525,120
12596,1.8382467284944481,1196620,120
12597,1.8395551157079046,1196715,120
12598,1.8401234049228201,1196810,120
12599,1.8407865764219156,1196905,120
12600,1.841636070719225,1197000,120
12601,1.8418680702862895,1197095,120
12602,1.8415654671674868,1197190,120
12603,1.8421223441079033,1197285,120
12604,1.8420173630038357,1197380,120
12605,1.8419843421001996,1197475,120
12606,1.842377138224204,1197570,120
12607,1.8417302509903568,1197665,120
12608,1.8422531842401701,1197760,120
12609,1.8440475939179382,1197855,120
12610,1.8439273943957313,1197950,120
12611,1.8436682037200847,1198045,120
12612,1.8447390903976135,1198140,120
12613,1.8446043855540046,1198235,120
12614,1.8442346064457813,1198330,120
12615,1.8444890467512041,1198425,120
12616,1.8441573490686747,1198520,120
12617,1.8444239718752045,1198615,120
12618,1.8457618308554355,1198710,120
12619,1.845836014082066,1198805,120
12620,1.8461400444499769,1198900,120
12621,1.8463701179323921,1198995,120
12622,1.84618167354097,1199090,120
12623,1.8459638390484256,1199185,120
12624,1.8469276787551201,1199280,120
12625,1.8461590919999455,1199375,120
12626,1.8470435000122223,1199470,120
12627,1.8472275719206825,1199565,120
12628,1.847762630399068,1199660,120
12629,1.8479301841245193,1199755,120
12630,1.847127993932717,1199850,120
12631,1.8465160701497056,1199945,120
12632,1.8462135377374831,1200040,120
12633,1.8467462978476525,1200135,120
12634,1.846365334027507,1200230,120
12635,1.8459638655909172,1200325,120
12636,1.8456769850683741,1200420,120
12637,1.8451993439891827,1200515,120
12638,1.8447830418822806,1200610,120
12639,1.8453651882024944,1200705,120
12640,1.8454578265710631,1200800,120
12641,1.8455941868105823,1200895,120
12642,1.8450140017259427,1200990,120
12643,1.8458931376009284,1201085,120
12644,1.8460346569377717,1201180,120
12645,1.8460602348016117,1201275,120
12646,1.8455001991661291,1201370,120
12647,1.8453673155686985,1201465,120
12648,1.8448934914066382,1201560,120
12649,1.8446942109831166,1201655,120
12650,1.8448603998167996,1201750,120
12651,1.8448643284111776,1201845,120
12652,1.8451444428294956,1201940,120
12653,1.8447771504096975,1202035,120
12654,1.8449143636106267,1202130,120
12655,1.8445240542772836,1202225,120
12656,1.8437507511793212,1202320,120
12657,1.843301976785825,1202415,120
12658,1.8437635992657517,1202510,120
12659,1.8435863926962615,1202605,120
12660,1.8428547747997956,1202700,120
12661,1.8428848806149305,1202795,120
12662,1.8426953017877847,1202890,120
12663,1.8421933678530036,1202985,120
12664,1.8427364118998393,1203080,120
12665,1.842638041760325,1203175,120
12666,1.8433007910555739,1203270,120
12667,1.8430129893633691,1203365,120
12668,1.8429873173002134,1203460,120
12669,1.8433115561905256,1203555,120
12670,1.8455690172967363,1203650,120
12671,1.8454621833323037,1203745,120
12672,1.8461632071003169,1203840,120
12673,1.8465994664624119,1203935,120
12674,1.8468873555172087,1204030,120
12675,1.8461348821356045,1204125,120
12676,1.8458722522735782,1204220,120
12677,1.8456785649529135,1204315,120
12678,1.8462336762717402,1204410,120
12679,1.8457926254115893,1204505,120
12680,1.8451004455273046,1204600,120
12681,1.8452222723886027,1204695,120
12682,1.8449526467928399,1204790,120
12683,1.8455147098838198,1204885,120
12684,1.8452204791692288,1204980,120
12685,1.8458050535374468,1205075,120
12686,1.8449901871638095,1205170,120
12687,1.8449304132312698,1205265,120
12688,1.8441786517448295,1205360,120
12689,1.8444560321958132,1205455,120
12690,1.8446774617771555,1205550,120
12691,1.8450611396835146,1205645,120
12692,1.8463283669354165,1205740,120
12693,1.8472393951711668,1205835,120
12694,1.8467646709152044,1205930,120
12695,1.8466892254604141,1206025,120
12696,1.8467879793141582,1206120,120
12697,1.8483265374391638,1206215,120
12698,1.8479891939381885,1206310,120
12699,1.8485954799955511,1206405,120
12700,1.84836498952177,1206500,120
12701,1.8477047949367376,1206595,120
12702,1.8474530754910794,1206690,120
12703,1.8475936606976173,1206785,120
12704,1.8479994884041955,1206880,120
12705,1.8475568312472701,1206975,120
12706,1.8470209930758965,1207070,120
12707,1.8465964383433937,1207165,120
12708,1.847299622320836,1207260,120
12709,1.8470454142497617,1207355,120
12710,1.8474150954948521,1207450,120
12711,1.84788310014192,1207545,120
12712,1.8486943936934861,1207640,120
12713,1.8485127228147602,1207735,120
12714,1.8482484682036557,1207830,120
12715,1.8485784397176628,1207925,120
12716,1.8490460967401496,1208020,120
12717,1.849491502216724,1208115,120
12718,1.8490799960306459,1208210,120
12719,1.849351958896351,1208305,120
12720,1.8497187337907313,1208400,120
12721,1.8497990751915665,1208495,120
12722,1.8499416721275665,1208590,120
12723,1.8493867771605736,1208685,120
12724,1.8493508089177053,1208780,120
12725,1.8489753605784802,1208875,120
12726,1.8497644118426146,1208970,120
12727,1.8502407338014057,1209065,120
12728,1.8512115463573886,1209160,120
12729,1.8522072368749976,1209255,120
12730,1.8519897791025408,1209350,120
12731,1.8524685010713928,1209445,120
12732,1.8526086533357888,1209540,120
12733,1.8524988308084593,1209635,120
12734,1.8523423694151451,1209730,120
12735,1.8532677676961136,1209825,120
12736,1.8537130509763455,1209920,120
12737,1.8540794868820405,1210015,120
12738,1.8539060687517908,1210110,120
12739,1.8548116735140663,1210205,120
12740,1.8553884821866136,1210300,120
12741,1.8550949352813155,1210395,120
12742,1.8554662282953904,1210490,120
12743,1.8553833427640396,1210585,120
12744,1.8555047423837512,1210680,120
12745,1.8555590789885124,1210775,120
12746,1.8555410758847819,1210870,120
12747,1.8562928105466479,1210965,120
12748,1.8565659002965342,1211060,120
12749,1.8563031161140771,1211155,120
12750,1.8560059703477814,1211250,120
12751,1.8555281487797382,1211345,120
12752,1.8555045785107969,1211440,120
12753,1.8558697156586246,1211535,120
12754,1.8556382846568864,1211630,120
12755,1.8554644609260131,1211725,120
12756,1.8554517444584975,1211820,120
12757,1.8551322229141358,1211915,120
12758,1.8547189118603624,1212010,120
12759,1.8545230508417379,1212105,120
12760,1.8542756350562581,1212200,120
12761,1.8547942325191915,1212295,120
12762,1.8549947503646844,1212390,120
12763,1.855597496323512,1212485,120
12764,1.8552441316372845,1212580,120
12765,1.8559846351891864,1212675,120
12766,1.8568264278776381,1212770,120
12767,1.8571947094067247,1212865,120
12768,1.8570462568660493,1212960,120
12769,1.8570114784220313,1213055,120
12770,1.8555882532676267,1213150,120
12771,1.8570438869167665,1213245,120
12772,1.8576387620648953,1213340,120
12773,1.8581434458555619,1213435,120
12774,1.8580124281470802,1213530,120
12775,1.8576471944893638,1213625,120
12776,1.8577502157550383,1213720,120
12777,1.8568240142066677,1213815,120
12778,1.8558575562421693,1213910,120
12779,1.856391253786823,1214005,120
12780,1.8569668629424672,1214100,120
12781,1.8575539704945676,1214195,120
12782,1.8571205912301334,1214290,120
12783,1.8580131189563036,1214385,120
12784,1.8577733573056108,1214480,120
12785,1.857518052208208,1214575,120
12786,1.8572239250991711,1214670,120
12787,1.8568241702723052,1214765,120
12788,1.8576075438168138,1214860,120
12789,1.8569482165576157,1214955,120
12790,1.8579984622576402,1215050,120
12791,1.8587075611054027,1215145,120
12792,1.8594439889199605,1215240,120
12793,1.8594346296011246,1215335,120
12794,1.8594748952295805,1215430,120
12795,1.8585943758449834,1215525,120
12796,1.8581326690539599,1215620,120
12797,1.8580002279867667,1215715,120
12798,1.8576863242866926,1215810,120
12799,1.8574687212674363,1215905,120
12800,1.8574728840618373,1216000,120
12801,1.856667363257932,1216095,120
12802,1.8557634911570782,1216190,120
12803,1.8558437321633807,1216285,120
12804,1.8560098225521575,1216380,120
12805,1.8551676342786834,1216475,120
12806,1.8544046942299128,1216570,120
12807,1.8539303792727713,1216665,120
12808,1.853851995640682,1216760,120
12809,1.854236397257637,1216855,120
12810,1.8544976234827353,1216950,120
12811,1.8549617092475426,1217045,120
12812,1.8550614471739979,1217140,120
12813,1.8548097275075424,1217235,120
12814,1.854618031085816,1217330,120
12815,1.8549311666909096,1217425,120
12816,1.8557408876876098,1217520,120
12817,1.8552637117925788,1217615,120
12818,1.85623130035687,1217710,120
12819,1.8564559453181602,1217805,120
12820,1.8567810814946604,1217900,120
12821,1.8567880690050236,1217995,120
12822,1.8578884253003562,1218090,120
12823,1.8580267742115346,1218185,120
12824,1.8587853056536754,1218280,120
12825,1.8590999575579052,1218375,120
12826,1.8587080331268062,1218470,120
12827,1.8596776351685056,1218565,120
12828,1.8591150886810202,1218660,120
12829,1.8592947828621056,1218755,120
12830,1.8587364970172839,1218850,120
12831,1.8588735773226408,1218945,120
12832,1.8589072652605492,1219040,120
12833,1.8586499728786299,1219135,120
12834,1.8584492104678971,1219230,120
12835,1.8583583348413426,1219325,120
12836,1.8594290597555867,1219420,120
12837,1.8599396275885525,1219515,120
12838,1.8592142245281102,1219610,120
12839,1.8586289813943053,1219705,120
12840,1.8588344297053594,1219800,120
12841,1.8581468886206847,1219895,120
12842,1.8584181885140831,1219990,120
12843,1.8588153443922719,1220085,120
12844,1.8594688827188637,1220180,120
12845,1.8600895163354394,1220275,120
12846,1.8604542128424189,1220370,120
12847,1.8602248546718636,1220465,120
12848,1.8598580461707686,1220560,120
12849,1.8590049758377964,1220655,120
12850,1.8591069712788095,1220750,120
12851,1.8598377649821787,1220845,120
12852,1.8596697576512138,1220940,120
12853,1.8597536535786736,1221035,120
12854,1.8595545605075094,1221130,120
12855,1.8601995356829093,1221225,120
12856,1.8603684314146649,1221320,120
12857,1.8606729297651436,1221415,120
12858,1.8611788241861265,1221510,120
12859,1.8611814942540221,1221605,120
12860,1.8601971363858174,1221700,120
12861,1.8603761163784693,1221795,120
12862,1.8600833918140316,1221890,120
12863,1.8595101887061856,1221985,120
12864,1.8587985164645646,1222080,120
12865,1.8584460453192679,1222175,120
12866,1.8593020803397384,1222270,120
12867,1.8588720894862067,1222365,120
12868,1.8584403353067043,1222460,120
12869,1.8585315042760631,1222555,120
12870,1.8594364119549962,1222650,120
12871,1.859514278929544,1222745,120
12872,1.8601786458478973,1222840,120
12873,1.8601297499314873,1222935,120
12874,1.8602443279511223,1223030,120
12875,1.8601524846878197,1223125,120
12876,1.8608212102457686,1223220,120
12877,1.8617469613887241,1223315,120
12878,1.8603981372178571,1223410,120
12879,1.8597201093882896,1223505,120
12880,1.8600523015649073,1223600,120
12881,1.8597914802791486,1223695,120
12882,1.8595792205711508,1223790,120
12883,1.8610242505934877,1223885,120
12884,1.8617231393285465,1223980,120
12885,1.8615974058422973,1224075,120
12886,1.8623270761735531,1224170,120
12887,1.8624664306067618,1224265,120
12888,1.8643497851577122,1224360,120
12889,1.8641520936419638,1224455,120
12890,1.8646556995734549,1224550,120
12891,1.8643301697950434,1224645,120
12892,1.8642642251872543,1224740,120
12893,1.8642518353380642,1224835,120
12894,1.8649336439016635,1224930,120
12895,1.8646700186343996,1225025,120
12896,1.8640106415839266,1225120,120
12897,1.8641278094087002,1225215,120
12898,1.8639019336699838,1225310,120
12899,1.8649360395706549,1225405,120
12900,1.8658951657924621,1225500,120
12901,1.8669466118731766,1225595,120
12902,1.8665346048767455,1225690,120
12903,1.8669292183855892,1225785,120
12904,1.8677449427569801,1225880,120
12905,1.867850548143706,1225975,120
12906,1.8684050145102262,1226070,120
12907,1.8677824176607054,1226165,120
12908,1.8674761619919178,1226260,120
12909,1.8679092300943303,1226355,120
12910,1.8676557263247078,1226450,120
12911,1.8681910833795163,1226545,120
12912,1.8676909264942361,1226640,120
12913,1.867253683870179,1226735,120
12914,1.8676356674647991,1226830,120
12915,1.8670550903172232,1226925,120
12916,1.8668471100868385,1227020,120
12917,1.8673130783521592,1227115,120
12918,1.8670327271838603,1227210,120
12919,1.8669896616011148,1227305,120
12920,1.8681404102111947,1227400,120
12921,1.8674968523490347,1227495,120
12922,1.8674837577190411,1227590,120
12923,1.8671924928452754,1227685,120
12924,1.8674033045339302,1227780,120
12925,1.8677308852842862,1227875,120
12926,1.8672392227589127,1227970,120
12927,1.8673796974362791,1228065,120
12928,1.8672966943044842,1228160,120
12929,1.8675381992629223,1228255,120
12930,1.8669847515229865,1228350,120
12931,1.8662775211494715,1228445,120
12932,1.8656807868833603,1228540,120
12933,1.8661072682251758,1228635,120
12934,1.8671307564174933,1228730,120
12935,1.8670384241495532,1228825,120
12936,1.8683034090265651,1228920,120
12937,1.8683040871356633,1229015,120
12938,1.8691611323047315,1229110,120
12939,1.8688038599002599,1229205,120
12940,1.8690205847105017,1229300,120
12941,1.8686749534999876,1229395,120
12942,1.8692838036719717,1229490,120
12943,1.8692086758497211,1229585,120
12944,1.8688008658029756,1229680,120
12945,1.8685495065913273,1229775,120
12946,1.8692324541159677,1229870,120
12947,1.8694328049986342,1229965,120
12948,1.869299645102964,1230060,120
12949,1.8692304684120085,1230155,120
12950,1.869338642334466,1230250,120
12951,1.8706377925145579,1230345,120
12952,1.8706217416054651,1230440,120
12953,1.8711401459508366,1230535,120
12954,1.870943742764084,1230630,120
12955,1.8708913633839563,1230725,120
12956,1.8712440700794817,1230820,120
12957,1.87289523279212,1230915,120
12958,1.8725405940676529,1231010,120
12959,1.8721290343716301,1231105,120
12960,1.8726814109575811,1231200,120
12961,1.8728933103123961,1231295,120
12962,1.8725208677038903,1231390,120
12963,1.8725019682869559,1231485,120
12964,1.8722089035627649,1231580,120
12965,1.8714260376999401,1231675,120
12966,1.8728650744710054,1231770,120
12967,1.8719012279148397,1231865,120
12968,1.8715222890758054,1231960,120
12969,1.8709530561913386,1232055,120
12970,1.8710362060526613,1232150,120
12971,1.8706260316816958,1232245,120
12972,1.8714054704854872,1232340,120
12973,1.8706457620595929,1232435,120
12974,1.8703248294331962,1232530,120
12975,1.8700444874482156,1232625,120
12976,1.8699204145023487,1232720,120
12977,1.8713822094930515,1232815,120
12978,1.870764715955118,1232910,120
12979,1.8717388694395301,1233005,120
12980,1.8719588314741995,1233100,120
12981,1.871328238484639,1233195,120
12982,1.870179693650766,1233290,120
12983,1.870415707011323,1233385,120
12984,1.8710490605760823,1233480,120
12985,1.8707274255786142,1233575,120
12986,1.870214725362104,1233670,120
12987,1.8708479142602268,1233765,120
12988,1.8709849240184626,1233860,120
12989,1.8702182511484129,1233955,120
12990,1.8702341790564394,1234050,120
12991,1.8704157035319147,1234145,120
12992,1.8705908051109241,1234240,120
12993,1.8711489585809076,1234335,120
12994,1.8711327015433714,1234430,120
12995,1.8706832811737248,1234525,120
12996,1.8710683898316329,1234620,120
12997,1.8718838297141978,1234715,120
12998,1.8710504305271276,1234810,120
12999,1.872566732980655,1234905,120
13000,1.8727389633763982,1235000,120
13001,1.8722563267929959,1235095,120
13002,1.8718833067314558,1235190,120
13003,1.8722961996402516,1235285,120
13004,1.8718258334512998,1235380,120
13005,1.8721427329395282,1235475,120
13006,1.871532288596035,1235570,120
13007,1.87233330298837,1235665,120
13008,1.8715927790357261,1235760,120
13009,1.8725628484468628,1235855,120
13010,1.8719535847863726,1235950,120
13011,1.8716210262106046,1236045,120
13012,1.8722001629206257,1236140,120
13013,1.8719453272052062,1236235,120
13014,1.8726776424817646,1236330,120
13015,1.8727754085969055,1236425,120
13016,1.8724617361051414,1236520,120
13017,1.8726944112590356,1236615,120
13018,1.8724208740276749,1236710,120
13019,1.8722552759919937,1236805,120
13020,1.8728191897779434,1236900,120
13021,1.8727673422188318,1236995,120
13022,1.8731205966446443,1237090,120
13023,1.8728693105279381,1237185,120
13024,1.8722651709606641,1237280,120
13025,1.8735772088421145,1237375,120
13026,1.8733186190943292,1237470,120
13027,1.8727893273041121,1237565,120
13028,1.8727325510598778,1237660,120
13029,1.8720619696845227,1237755,120
13030,1.8719312702596622,1237850,120
13031,1.872142401146099,1237945,120
13032,1.8725749161501759,1238040,120
13033,1.8729046621892385,1238135,120
13034,1.8726776476001972,1238230,120
13035,1.8721577326678913,1238325,120
13036,1.8729319241812215,1238420,120
13037,1.8728820695694486,1238515,120
13038,1.8724844636507965,1238610,120
13039,1.8723274858573209,1238705,120
13040,1.8730445877515653,1238800,120
13041,1.8733709451394196,1238895,120
13042,1.873278991240551,1238990,120
13043,1.8729212839551244,1239085,120
13044,1.8728829115641759,1239180,120
13045,1.8735520488605311,1239275,120
13046,1.8735849232101582,1239370,120
13047,1.8731770274677988,1239465,120
13048,1.8731643492013854,1239560,120
13049,1.8725457085577581,1239655,120
13050,1.8734839404053756,1239750,120
13051,1.8731229687521569,1239845,120
13052,1.8727067193383424,1239940,120
13053,1.873390963931151,1240035,120
13054,1.8735544433527209,1240130,120
13055,1.8737419304170997,1240225,120
13056,1.8742045184060339,1240320,120
13057,1.8750930492887963,1240415,120
13058,1.875199963882231,1240510,120
13059,1.8760347542242906,1240605,120
13060,1.8762475589533101,1240700,120
13061,1.8761014659684228,1240795,120
13062,1.8767004842700301,1240890,120
13063,1.8760686487341034,1240985,120
13064,1.8764901930879967,1241080,120
13065,1.8760285166307222,1241175,120
13066,1.8756776018691097,1241270,120
13067,1.8754292188164121,1241365,120
13068,1.8750619659182903,1241460,120
13069,1.8754257251749162,1241555,120
13070,1.875250851646366,1241650,120
13071,1.8748674184978613,1241745,120
13072,1.8744709379115343,1241840,120
13073,1.8747327793992803,1241935,120
13074,1.8747272502316301,1242030,120
13075,1.8736962003498396,1242125,120
13076,1.8740816626926375,1242220,120
13077,1.8735062939979314,1242315,120
13078,1.8742908966516214,1242410,120
13079,1.8745538085303337,1242505,120
13080,1.8752294684003321,1242600,120
13081,1.8751453502600639,1242695,120
13082,1.8751687752415775,1242790,120
13083,1.8742813859082705,1242885,120
13084,1.8740082227081811,1242980,120
13085,1.8762393475372083,1243075,120
13086,1.8760282499061074,1243170,120
13087,1.8750900417103549,1243265,120
13088,1.874611014391693,1243360,120
13089,1.8742316940650396,1243455,120
13090,1.8741852210055416,1243550,120
13091,1.8744974062061162,1243645,120
13092,1.8739005384799727,1243740,120
13093,1.8739608420813298,1243835,120
13094,1.8743214732653923,1243930,120
13095,1.8749564361399027,1244025,120
13096,1.8747292038801837,1244120,120
13097,1.8756261813973452,1244215,120
13098,1.8748528749425601,1244310,120
13099,1.874327066604037,1244405,120
13100,1.8741505049211129,1244500,120
13101,1.8738513681988096,1244595,120
13102,1.8748899513963939,1244690,120
13103,1.8748156542727625,1244785,120
13104,1.874960204016469,1244880,120
13105,1.8750072273683189,1244975,120
13106,1.8749462658295883,1245070,120
13107,1.8742907868722638,1245165,120
13108,1.8738174380762125,1245260,120
13109,1.87355767782702,1245355,120
13110,1.8740705331805707,1245450,120
13111,1.874406506975629,1245545,120
13112,1.8740835885440754,1245640,120
13113,1.8746577227692056,1245735,120
13114,1.8746023509790897,1245830,120
13115,1.8756680412859064,1245925,120
13116,1.8751309840246686,1246020,120
13117,1.8754281414152909,1246115,120
13118,1.8752796138859906,1246210,120
13119,1.8760666410183653,1246305,120
13120,1.8760746199435672,1246400,120
13121,1.8763191899818101,1246495,120
13122,1.8758816507250691,1246590,120
13123,1.8755748356487616,1246685,120
13124,1.8759078853474991,1246780,120
13125,1.8767759873799954,1246875,120
13126,1.8761253963226996,1246970,120
13127,1.8762377562983501,1247065,120
13128,1.8766172820473899,1247160,120
13129,1.8764283887572184,1247255,120
13130,1.875632926253793,1247350,120
13131,1.8750659415442852,1247445,120
13132,1.8751533448500139,1247540,120
13133,1.8749504916031006,1247635,120
13134,1.874530288850186,1247730,120
13135,1.8744343777954262,1247825,120
13136,1.87375078117334,1247920,120
13137,1.8747829789890513,1248015,120
13138,1.8758264888102061,1248110,120
13139,1.8757703640039054,1248205,120
13140,1.8755182561616894,1248300,120
13141,1.875525051781296,1248395,120
13142,1.8765154915456945,1248490,120
13143,1.8762271575859444,1248585,120
13144,1.8774339354208311,1248680,120
13145,1.8768208881369164,1248775,120
13146,1.8766649778223043,1248870,120
13147,1.8766786024388651,1248965,120
13148,1.877779015407953,1249060,120
13149,1.8781453061293489,1249155,120
13150,1.8779264883816598,1249250,120
13151,1.8779244597091254,1249345,120
13152,1.8785114031560926,1249440,120
13153,1.8797264099957391,1249535,120
13154,1.8789526544910162,1249630,120
13155,1.8786034593072618,1249725,120
13156,1.8782746161811124,1249820,120
13157,1.87773148425468,1249915,120
13158,1.8779404045957244,1250010,120
13159,1.8775645955276372,1250105,120
13160,1.8778858732286166,1250200,120
13161,1.8784695793589761,1250295,120
13162,1.8780047078652673,1250390,120
13163,1.8790491267475726,1250485,120
13164,1.8789384002733269,1250580,120
13165,1.8789741686980099,1250675,120
13166,1.8798839179034879,1250770,120
13167,1.8796351824725486,1250865,120
13168,1.8799181097703177,1250960,120
13169,1.8803323532996534,1251055,120
13170,1.8805690942615954,1251150,120
13171,1.8799585083936488,1251245,120
13172,1.8791864362019621,1251340,120
13173,1.8796649506074554,1251435,120
13174,1.8799533654524496,1251530,120
13175,1.8797840428674997,1251625,120
13176,1.8806101243040341,1251720,120
13177,1.8800978906711654,1251815,120
13178,1.879971989593056,1251910,120
13179,1.8801888416592871,1252005,120
13180,1.8808894344136216,1252100,120
13181,1.8812721032903046,1252195,120
13182,1.8808368675859952,1252290,120
13183,1.8817566495770086,1252385,120
13184,1.8822323876138671,1252480,120
13185,1.8833286147168125,1252575,120
13186,1.8833964118162374,1252670,120
13187,1.8826938989007262,1252765,120
13188,1.8820646162637891,1252860,120
13189,1.8823961590862315,1252955,120
13190,1.8828609764712554,1253050,120
13191,1.8825780794212101,1253145,120
13192,1.882483479163549,1253240,120
13193,1.8818028878828938,1253335,120
13194,1.8823792427413806,1253430,120
13195,1.8848872335459737,1253525,120
13196,1.8851974810553063,1253620,120
13197,1.8857903805265761,1253715,120
13198,1.885529490081284,1253810,120
13199,1.8858893180199803,1253905,120
13200,1.8854681012338521,1254000,120
13201,1.8860407050877241,1254095,120
13202,1.8856823544281265,1254190,120
13203,1.8855231250856823,1254285,120
13204,1.8859372368852079,1254380,120
13205,1.8867010548821603,1254475,120
13206,1.8876238728716737,1254570,120
13207,1.8881747553829584,1254665,120
13208,1.8877617176737613,1254760,120
13209,1.8879953306913444,1254855,120
13210,1.8878310389818858,1254950,120
13211,1.8887102634797108,1255045,120
13212,1.8885643204912799,1255140,120
13213,1.8882873583734683,1255235,120
13214,1.889864368318912,1255330,120
13215,1.890092604035571,1255425,120
13216,1.8901507077113802,1255520,120
13217,1.8899363816723955,1255615,120
13218,1.8897935635993863,1255710,120
13219,1.8890258642049513,1255805,120
13220,1.889142114009406,1255900,120
13221,1.8885775577386874,1255995,120
13222,1.8885764357159529,1256090,120
13223,1.890503679048529,1256185,120
13224,1.8902945382020369,1256280,120
13225,1.8908047062277453,1256375,120
13226,1.8908921353806165,1256470,120
13227,1.8903435044167007,1256565,120
13228,1.89041973387691,1256660,120
13229,1.8906789033379872,1256755,120
13230,1.8901433347879582,1256850,120
13231,1.8903009460726523,1256945,120
13232,1.8904252820803447,1257040,120
13233,1.8906543989817044,1257135,120
13234,1.890187904318001,1257230,120
13235,1.890240944385148,1257325,120
13236,1.8908197775579361,1257420,120
13237,1.890781846291854,1257515,120
13238,1.8926832762434245,1257610,120
13239,1.8920643017245864,1257705,120
13240,1.8939295604633029,1257800,120
13241,1.8934185602359026,1257895,120
13242,1.8935063519413926,1257990,120
13243,1.8938597733625722,1258085,120
13244,1.8940872553482364,1258180,120
13245,1.8940006848994537,1258275,120
13246,1.8935398804580761,1258370,120
13247,1.8934336591451499,1258465,120
13248,1.8939458422398168,1258560,120
13249,1.893437143489912,1258655,120
13250,1.8932834121846689,1258750,120
13251,1.8929077381063779,1258845,120
13252,1.8925947494726161,1258940,120
13253,1.8928539160560109,1259035,120
13254,1.8924619460290291,1259130,120
13255,1.8919094112656336,1259225,120
13256,1.8923232391520279,1259320,120
13257,1.892890574405734,1259415,120
13258,1.8932131754904371,1259510,120
13259,1.8925444970226182,1259605,120
13260,1.8920336101973316,1259700,120
13261,1.8921911374330138,1259795,120
13262,1.8923484445324266,1259890,120
13263,1.8925858624924958,1259985,120
13264,1.8918906479680559,1260080,120
13265,1.892243948955189,1260175,120
13266,1.8935300281610052,1260270,120
13267,1.8940245876072914,1260365,120
13268,1.8937203893906696,1260460,120
13269,1.8947716752950483,1260555,120
13270,1.8942545064437726,1260650,120
13271,1.8951666838172805,1260745,120
13272,1.8950804688771712,1260840,120
13273,1.8951863657693573,1260935,120
13274,1.8945478870617982,1261030,120
13275,1.8954027228599895,1261125,120
13276,1.895937129818529,1261220,120
13277,1.8960334136622925,1261315,120
13278,1.8963704036779305,1261410,120
13279,1.8955006124238309,1261505,120
13280,1.8945936920805717,1261600,120
13281,1.8945310030794362,1261695,120
13282,1.8949162671218047,1261790,120
13283,1.8962522679422396,1261885,120
13284,1.8965504982718848,1261980,120
13285,1.8970823397603747,1262075,120
13286,1.896818214725803,1262170,120
13287,1.8970630559603738,1262265,120
13288,1.8969076055982323,1262360,120
13289,1.8967528792281747,1262455,120
13290,1.8973282948110268,1262550,120
13291,1.897168335656704,1262645,120
13292,1.8968385246714565,1262740,120
13293,1.8962885896635622,1262835,120
13294,1.8969639170526205,1262930,120
13295,1.8967455440420242,1263025,120
13296,1.8961081838966627,1263120,120
13297,1.8960550708035726,1263215,120
13298,1.8954570666145714,1263310,120
13299,1.8950395651342964,1263405,120
13300,1.8961834992618396,1263500,120
13301,1.8967809469050525,1263595,120
13302,1.8974444600437887,1263690,120
13303,1.8976952663681046,1263785,120
13304,1.8979010580377653,1263880,120
13305,1.8989117858728388,1263975,120
13306,1.8987375118200074,1264070,120
13307,1.8993910628498842,1264165,120
13308,1.8989840246095395,1264260,120
13309,1.8990503937268119,1264355,120
13310,1.8988290154495939,1264450,120
13311,1.8980741945900375,1264545,120
13312,1.8978766128589581,1264640,120
13313,1.8977069798753032,1264735,120
13314,1.8974066919976953,1264830,120
13315,1.8988640816355828,1264925,120
13316,1.8987955444996119,1265020,120
13317,1.8982067937393068,1265115,120
13318,1.8983130797456289,1265210,120
13319,1.8980861936327573,1265305,120
13320,1.8973821619530855,1265400,120
13321,1.8971893673513918,1265495,120
13322,1.8976149397158419,1265590,120
13323,1.8970911819492058,1265685,120
13324,1.897520385626237,1265780,120
13325,1.8987898488578294,1265875,120
13326,1.8992138867096995,1265970,120
13327,1.8991409010674094,1266065,120
13328,1.8982920520394471,1266160,120
13329,1.8981321232211752,1266255,120
13330,1.8982075052613832,1266350,120
13331,1.8988320178556564,1266445,120
13332,1.8980194808324202,1266540,120
13333,1.8989322606321992,1266635,120
13334,1.8991943620732654,1266730,120
13335,1.8984067897405088,1266825,120
13336,1.898642813149291,1266920,120
13337,1.8986122751448691,1267015,120
13338,1.898286495664782,1267110,120
13339,1.898118729058492,1267205,120
13340,1.8980357704598254,1267300,120
13341,1.8982723954071823,1267395,120
13342,1.8979343192176403,1267490,120
13343,1.8972392181616831,1267585,120
13344,1.8971469898268913,1267680,120
13345,1.897263261019837,1267775,120
13346,1.8973200791523257,1267870,120
13347,1.8971872440126487,1267965,120
13348,1.8981917762044409,1268060,120
13349,1.8986215509946365,1268155,120
13350,1.8978063683764208,1268250,120
13351,1.8978425984624718,1268345,120
13352,1.897696973632663,1268440,120
13353,1.8979292710837981,1268535,120
13354,1.8980559039221758,1268630,120
13355,1.8968609304298236,1268725,120
13356,1.8960022879194258,1268820,120
13357,1.8959776360689273,1268915,120
13358,1.8953579801875864,1269010,120
13359,1.8958832394838858,1269105,120
13360,1.8954740203989151,1269200,120
13361,1.8953293861130549,1269295,120
13362,1.8950323026740827,1269390,120
13363,1.8951627156373196,1269485,120
13364,1.8959443288119182,1269580,120
13365,1.8962797980403323,1269675,120
13366,1.8963090395812727,1269770,120
13367,1.8954411907253383,1269865,120
13368,1.8958590193997256,1269960,120
13369,1.8955883790034653,1270055,120
13370,1.8956081395664859,1270150,120
13371,1.8973352857500099,1270245,120
13372,1.8972587074960976,1270340,120
13373,1.8967698326997142,1270435,120
13374,1.8972099764937294,1270530,120
13375,1.897241192153494,1270625,120
13376,1.8974328963662996,1270720,120
13377,1.8964839035951484,1270815,120
13378,1.8967129898011725,1270910,120
13379,1.8962024771220485,1271005,120
13380,1.896507831863752,1271100,120
13381,1.8962275340577877,1271195,120
13382,1.8969153081250532,1271290,120
13383,1.8964888624095499,1271385,120
13384,1.8953368979200522,1271480,120
13385,1.8949146417321074,1271575,120
13386,1.8943507943972124,1271670,120
13387,1.8942395665395131,1271765,120
13388,1.8934847716855656,1271860,120
13389,1.8946595979459717,1271955,120
13390,1.8935203746874474,1272050,120
13391,1.8937287318708902,1272145,120
13392,1.8945200036724472,1272240,120
13393,1.8937035134286524,1272335,120
13394,1.8933726832006892,1272430,120
13395,1.8936478930156813,1272525,120
13396,1.8936123683713575,1272620,120
13397,1.8942416476903225,1272715,120
13398,1.8941978224586744,1272810,120
13399,1.8937722334915246,1272905,120
13400,1.8944195149768641,1273000,120
13401,1.894587565765528,1273095,120
13402,1.8955005598702028,1273190,120
13403,1.8954655081054916,1273285,120
13404,1.8955778905775635,1273380,120
13405,1.896191638521604,1273475,120
13406,1.8955367821955849,1273570,120
13407,1.8969581354327854,1273665,120
13408,1.8971937131057037,1273760,120
13409,1.897475102916695,1273855,120
13410,1.8976475855728423,1273950,120
13411,1.8981872896156127,1274045,120
13412,1.8977349295608268,1274140,120
13413,1.8969052043479435,1274235,120
13414,1.8968615039606378,1274330,120
13415,1.8974291504043206,1274425,120
13416,1.8975635816475549,1274520,120
13417,1.8984561019307356,1274615,120
13418,1.8984719648175619,1274710,120
13419,1.898717206305927,1274805,120
13420,1.8986154380893707,1274900,120
13421,1.8992159021974993,1274995,120
13422,1.8991468545262609,1275090,120
13423,1.900423933419455,1275185,120
13424,1.9001658102338119,1275280,120
13425,1.9012615695445039,1275375,120
13426,1.9004813770760591,1275470,120
13427,1.9015474165675055,1275565,120
13428,1.9014607451541656,1275660,120
13429,1.9011507876847118,1275755,120
13430,1.9005497555034869,1275850,120
13431,1.9008971033212569,1275945,120
13432,1.9009868095951801,1276040,120
13433,1.900717050158772,1276135,120
13434,1.8999276275356416,1276230,120
13435,1.9008429093190427,1276325,120
13436,1.9014928262545838,1276420,120
13437,1.9020731106269437,1276515,120
13438,1.9020384291950454,1276610,120
13439,1.9016675766447377,1276705,120
13440,1.9017673498432142,1276800,120
13441,1.9011222325375956,1276895,120
13442,1.902400857796779,1276990,120
13443,1.9014729966161228,1277085,120
13444,1.9025199090693614,1277180,120
13445,1.9022728218297584,1277275,120
13446,1.9028364516174692,1277370,120
13447,1.9027076800745937,1277465,120
13448,1.9037422890840059,1277560,120
13449,1.9031318791239724,1277655,120
13450,1.9030371000076305,1277750,120
13451,1.9027658113762747,1277845,120
13452,1.9025518484201098,1277940,120
13453,1.9023069134922264,1278035,120
13454,1.9022763294442047,1278130,120
13455,1.9023202753822244,1278225,120
13456,1.9035830860012926,1278320,120
13457,1.9036308988839583,1278415,120
13458,1.9029127303909517,1278510,120
13459,1.9037800051243607,1278605,120
13460,1.9042605506131705,1278700,120
13461,1.9050339228033184,1278795,120
13462,1.9050031504279141,1278890,120
13463,1.9051005716555014,1278985,120
13464,1.9060686450444704,1279080,120
13465,1.9054402375196802,1279175,120
13466,1.9043982625418185,1279270,120
13467,1.9040764525703247,1279365,120
13468,1.9038486254063585,1279460,120
13469,1.9042706961090425,1279555,120
13470,1.904037676386749,1279650,120
13471,1.904879189239397,1279745,120
13472,1.903953668277264,1279840,120
13473,1.9034750294382627,1279935,120
13474,1.9035426295555904,1280030,120
13475,1.9032920332717875,1280125,120
13476,1.904716304939662,1280220,120
13477,1.9046167646493042,1280315,120
13478,1.9048428990265189,1280410,120
13479,1.9046035846868108,1280505,120
13480,1.9038631658835674,1280600,120
13481,1.9040225206073935,1280695,120
13482,1.9043602467655252,1280790,120
13483,1.9037467733810056,1280885,120
13484,1.9037659676089187,1280980,120
13485,1.9030160645866621,1281075,120
13486,1.902767222702382,1281170,120
13487,1.9041467879989145,1281265,120
13488,1.9043368211632572,1281360,120
13489,1.9037867166598414,1281455,120
13490,1.9037038957115164,1281550,120
13491,1.903597413000524,1281645,120
13492,1.9031736113027358,1281740,120
13493,1.9026254151575512,1281835,120
13494,1.9023625680270473,1281930,120
13495,1.9023000476465097,1282025,120
13496,1.9029782271268492,1282120,120
13497,1.9038564861104705,1282215,120
13498,1.9037080221188469,1282310,120
13499,1.9041397573738315,1282405,120
13500,1.9044196219916094,1282500,120
13501,1.9039986238620683,1282595,120
13502,1.9038292939550003,1282690,120
13503,1.9047279708554501,1282785,120
13504,1.9042514532083692,1282880,120
13505,1.9036401566371981,1282975,120
13506,1.9030092225877582,1283070,120
13507,1.9021746093085796,1283165,120
13508,1.9030016211390299,1283260,120
13509,1.902653465902715,1283355,120
13510,1.9028324216361578,1283450,120
13511,1.903684687541193,1283545,120
13512,1.9039747214139018,1283640,120
13513,1.9039862127670164,1283735,120
13514,1.9042440759922277,1283830,120
13515,1.9037970157597113,1283925,120
13516,1.902995729324902,1284020,120
13517,1.9025438071177614,1284115,120
13518,1.9027026298260314,1284210,120
13519,1.9028731649563677,1284305,120
13520,1.9018771903737828,1284400,120
13521,1.9015736460518298,1284495,120
13522,1.9015028888088539,1284590,120
13523,1.9008337422628538,1284685,120
13524,1.9011794566047016,1284780,120
13525,1.9017573327857074,1284875,120
13526,1.9011598401354717,1284970,120
13527,1.9012057111384859,1285065,120
13528,1.9009190856723848,1285160,120
13529,1.9007877528650108,1285255,120
13530,1.9003319997159127,1285350,120
13531,1.8999971296506268,1285445,120
13532,1.8996628776522166,1285540,120
13533,1.9002334738407727,1285635,120
13534,1.8997068454499737,1285730,120
13535,1.899273477893398,1285825,120
13536,1.8988832512433242,1285920,120
13537,1.8986257100747019,1286015,120
13538,1.8979236847003682,1286110,120
13539,1.8980329639714777,1286205,120
13540,1.8977389908327265,1286300,120
13541,1.8993613211128746,1286395,120
13542,1.8988422183661293,1286490,120
13543,1.8983699520388841,1286585,120
13544,1.8984512209894053,1286680,120
13545,1.900162758710596,1286775,120
13546,1.900725518213678,1286870,120
13547,1.9013225572827179,1286965,120
13548,1.9021481177470034,1287060,120
13549,1.9026247331211659,1287155,120
13550,1.9023554314022866,1287250,120
13551,1.9019771012734097,1287345,120
13552,1.9014352348312302,1287440,120
13553,1.9026194802481757,1287535,120
13554,1.9016795934238544,1287630,120
13555,1.9007243114384278,1287725,120
13556,1.9009294410946176,1287820,120
13557,1.9008002893011131,1287915,120
13558,1.8997511039713209,1288010,120
13559,1.8985397944278701,1288105,120
13560,1.8998737241176999,1288200,120
13561,1.9000207699027103,1288295,120
13562,1.9004349664655722,1288390,120
13563,1.900478417393072,1288485,120
13564,1.9008255502734588,1288580,120
13565,1.901372472755847,1288675,120
13566,1.9015326168409181,1288770,120
13567,1.9016586441948198,1288865,120
13568,1.9024553765517482,1288960,120
13569,1.9037018690990313,1289055,120
13570,1.9044302436249523,1289150,120
13571,1.9041789934607831,1289245,120
13572,1.9052320722301732,1289340,120
13573,1.9047867371912321,1289435,120
13574,1.9048638540488079,1289530,120
13575,1.9048103034761978,1289625,120
13576,1.9046748643788591,1289720,120
13577,1.9044885131307452,1289815,120
13578,1.9045710366957844,1289910,120
13579,1.9046067284188291,1290005,120
13580,1.9047419410957598,1290100,120
13581,1.9045687965334703,1290195,120
13582,1.904311634500468,1290290,120
13583,1.9051436011694298,1290385,120
13584,1.9055210801749303,1290480,120
13585,1.9050674999237569,1290575,120
13586,1.9054051153161351,1290670,120
13587,1.905055156884516,1290765,120
13588,1.9050891783520307,1290860,120
13589,1.9052901986011246,1290955,120
13590,1.9071164787468162,1291050,120
13591,1.907641428989751,1291145,120
13592,1.9080371812745196,1291240,120
13593,1.9074084177603374,1291335,120
13594,1.9074316644743825,1291430,120
13595,1.9080317019334914,1291525,120
13596,1.9088548663822966,1291620,120
13597,1.9093614912151147,1291715,120
13598,1.9096953661517786,1291810,120
13599,1.9102282784715345,1291905,120
13600,1.9100365285637506,1292000,120
13601,1.9107808026925293,1292095,120
13602,1.9103277570975972,1292190,120
13603,1.9093662356100622,1292285,120
13604,1.9093008417995843,1292380,120
13605,1.9084553284110144,1292475,120
13606,1.9082690057355542,1292570,120
13607,1.9080613924503531,1292665,120
13608,1.9075949825551108,1292760,120
13609,1.9070149329614332,1292855,120
13610,1.9071342282850803,1292950,120
13611,1.9079030340210443,1293045,120
13612,1.9076038018920154,1293140,120
13613,1.9083879640494632,1293235,120
13614,1.9086680609114659,1293330,120
13615,1.9092548220862171,1293425,120
13616,1.9087150206093733,1293520,120
13617,1.9084464036997104,1293615,120
13618,1.9075765113627181,1293710,120
13619,1.9072901908665585,1293805,120
13620,1.9063659636961841,1293900,120
13621,1.9071528850736048,1293995,120
13622,1.9063905081148802,1294090,120
13623,1.9061560846421397,1294185,120
13624,1.9067076496224231,1294280,120
13625,1.9064930953135164,1294375,120
13626,1.9065740437221916,1294470,120
13627,1.9059780579662706,1294565,120
13628,1.9063776802754138,1294660,120
13629,1.9065128202279384,1294755,120
13630,1.9064807670859483,1294850,120
13631,1.9072087696890347,1294945,120
13632,1.9072102396977524,1295040,120
13633,1.9065123413711575,1295135,120
13634,1.9065228969599299,1295230,120
13635,1.906890178503418,1295325,120
13636,1.9078847694095598,1295420,120
13637,1.9087461900522131,1295515,120
13638,1.9086777328944273,1295610,120
13639,1.9099756385177575,1295705,120
13640,1.9098182715328982,1295800,120
13641,1.9099039661745656,1295895,120
13642,1.9095773932787987,1295990,120
13643,1.9113922740957336,1296085,120
13644,1.9113483014391845,1296180,120
13645,1.9113297769550295,1296275,120
13646,1.9106092622110054,1296370,120
13647,1.910771199281645,1296465,120
13648,1.910668771014749,1296560,120
13649,1.910532399629874,1296655,120
13650,1.9111560259560947,1296750,120
13651,1.9101002928377819,1296845,120
13652,1.909721072607045,1296940,120
13653,1.9098102570949018,1297035,120
13654,1.9097777294154956,1297130,120
13655,1.9090825491646859,1297225,120
13656,1.9100551370768497,1297320,120
13657,1.909703722995044,1297415,120
13658,1.9095039630932691,1297510,120
13659,1.9093864156037612,1297605,120
13660,1.9085537348671842,1297700,120
13661,1.9083384162471497,1297795,120
13662,1.9087726029974608,1297890,120
13663,1.9088677359402351,1297985,120
13664,1.9085586135818884,1298080,120
13665,1.9081644769380879,1298175,120
13666,1.9081664297079222,1298270,120
13667,1.9082971707847762,1298365,120
13668,1.9081718379413362,1298460,120
13669,1.9093795293184233,1298555,120
13670,1.9097414174599707,1298650,120
13671,1.9101794275462636,1298745,120
13672,1.9099438821376826,1298840,120
13673,1.9096969651372313,1298935,120
13674,1.9089204834604119,1299030,120
13675,1.9098999950611468,1299125,120
13676,1.9106744874974702,1299220,120
13677,1.9107433334327382,1299315,120
13678,1.9106111076282122,1299410,120
13679,1.9104889231075433,1299505,120
13680,1.9107699631799613,1299600,120
13681,1.9108394716748087,1299695,120
13682,1.9103858806135556,1299790,120
13683,1.9109380428578597,1299885,120
13684,1.9101948748571229,1299980,120
13685,1.9104916880076381,1300075,120
13686,1.9100643027435602,1300170,120
13687,1.9093009407117287,1300265,120
13688,1.9091501159185127,1300360,120
13689,1.9088568231473202,1300455,120
13690,1.9084035535690895,1300550,120
13691,1.9087222093708753,1300645,120
13692,1.9083882681367588,1300740,120
13693,1.9077119817454307,1300835,120
13694,1.9075940941010392,1300930,120
13695,1.9082126977459262,1301025,120
13696,1.9085590089696818,1301120,120
13697,1.9084424762046113,1301215,120
13698,1.9079271529762871,1301310,120
13699,1.9077754377516614,1301405,120
13700,1.9075372067735055,1301500,120
13701,1.9079162442576447,1301595,120
13702,1.9084763254785251,1301690,120
13703,1.9074391331145264,1301785,120
13704,1.90691855272516,1301880,120
13705,1.9076565330633504,1301975,120
13706,1.907699899583527,1302070,120
13707,1.9068395558176681,1302165,120
13708,1.9075237457114582,1302260,120
13709,1.9074186206832857,1302355,120
13710,1.9071637222203277,1302450,120
13711,1.9075776389607575,1302545,120
13712,1.9079983165616325,1302640,120
13713,1.9078070878142737,1302735,120
13714,1.9079687737199791,1302830,120
13715,1.9071201646150351,1302925,120
13716,1.9074383082650324,1303020,120
13717,1.9074440981308662,1303115,120
13718,1.9074325764186801,1303210,120
13719,1.9075213050836219,1303305,120
13720,1.9081243740559828,1303400,120
13721,1.9080339069608725,1303495,120
13722,1.9075768059327045,1303590,120
13723,1.9078063626342208,1303685,120
13724,1.9066576559045958,1303780,120
13725,1.9071479707478813,1303875,120
13726,1.9083527856476377,1303970,120
13727,1.9079427188553606,1304065,120
13728,1.9085701943992492,1304160,120
13729,1.9080506353493216,1304255,120
13730,1.9078764749221604,1304350,120
13731,1.9078374017000739,1304445,120
13732,1.9087783720197771,1304540,120
13733,1.9077259836964708,1304635,120
13734,1.9072882351493061,1304730,120
13735,1.907546657658447,1304825,120
13736,1.906824909472389,1304920,120
13737,1.9067368553652952,1305015,120
13738,1.9067049189914369,1305110,120
13739,1.9066039827474468,1305205,120
13740,1.9064933510185047,1305300,120
13741,1.9068569398000275,1305395,120
13742,1.9068710601399421,1305490,120
13743,1.9077159501623573,1305585,120
13744,1.9076709073032112,1305680,120
13745,1.9071924295781686,1305775,120
13746,1.9068495543500565,1305870,120
13747,1.9067618640052442,1305965,120
13748,1.9084918115599496,1306060,120
13749,1.9094308435363452,1306155,120
13750,1.9094508199851503,1306250,120
13751,1.9088654043115607,1306345,120
13752,1.908549183702591,1306440,120
13753,1.9086280777738152,1306535,120
13754,1.9087995976315077,1306630,120
13755,1.908633990986214,1306725,120
13756,1.9084553272365465,1306820,120
13757,1.9084579335426906,1306915,120
13758,1.9075508347310284,1307010,120
13759,1.9080882933008243,1307105,120
13760,1.9077992703862525,1307200,120
13761,1.9075634978397249,1307295,120
13762,1.9079706912325514,1307390,120
13763,1.9085344270637301,1307485,120
13764,1.9090551105319955,1307580,120
13765,1.908657757906205,1307675,120
13766,1.9086932590216408,1307770,120
13767,1.9086961231834181,1307865,120
13768,1.9086299848829669,1307960,120
13769,1.9095875108799927,1308055,120
13770,1.9100221904466048,1308150,120
13771,1.9094092638836906,1308245,120
13772,1.9086697032423998,1308340,120
13773,1.9089365850699209,1308435,120
13774,1.9078514777827538,1308530,120
13775,1.9084723397872851,1308625,120
13776,1.9084024294897182,1308720,120
13777,1.9078411465334422,1308815,120
13778,1.9082782985765494,1308910,120
13779,1.9082550496010706,1309005,120
13780,1.9083954955583513,1309100,120
13781,1.9093386595368851,1309195,120
13782,1.9090821001378622,1309290,120
13783,1.9084109678045671,1309385,120
13784,1.9081483386556102,1309480,120
13785,1.908648013106945,1309575,120
13786,1.9091395778421578,1309670,120
13787,1.9091459606846395,1309765,120
13788,1.9096898120554537,1309860,120
13789,1.9100250347600578,1309955,120
13790,1.9101539561083032,1310050,120
13791,1.9094746973296646,1310145,120
13792,1.9096378774552141,1310240,120
13793,1.9094297112307994,1310335,120
13794,1.9095268202914051,1310430,120
13795,1.9089463846788826,1310525,120
13796,1.9091372979097019,1310620,120
13797,1.9091822438763242,1310715,120
13798,1.9093959079475664,1310810,120
13799,1.9088616368381524,1310905,120
13800,1.9093167188608948,1311000,120
13801,1.9093693730228289,1311095,120
13802,1.9097309299423257,1311190,120
13803,1.9102345030283785,1311285,120
13804,1.9102265546180777,1311380,120
13805,1.9100118531521653,1311475,120
13806,1.9091254752842985,1311570,120
13807,1.9098327002838049,1311665,120
13808,1.9101670917501858,1311760,120
13809,1.9104980150120787,1311855,120
13810,1.9103399732231472,1311950,120
13811,1.9100763974594941,1312045,120
13812,1.9103047526096226,1312140,120
13813,1.9100233115281919,1312235,120
13814,1.9094930968873485,1312330,120
13815,1.9106734035782349,1312425,120
13816,1.9113289720971787,1312520,120
13817,1.911824481133122,1312615,120
13818,1.9121482637355158,1312710,120
13819,1.9112477776402992,1312805,120
13820,1.9114420030371082,1312900,120
13821,1.9122569020758524,1312995,120
13822,1.9120236502168497,1313090,120
13823,1.9123127132986548,1313185,120
13824,1.9119093992630432,1313280,120
13825,1.9122937785852647,1313375,120
13826,1.9121397408991301,1313470,120
13827,1.9124292096104718,1313565,120
13828,1.9127416768741516,1313660,120
13829,1.9124720906715982,1313755,120
13830,1.9121271347622479,1313850,120
13831,1.9122147675387442,1313945,120
13832,1.9117310635264866,1314040,120
13833,1.9118026610706289,1314135,120
13834,1.91264661254965,1314230,120
13835,1.9126452485819585,1314325,120
13836,1.9125770614781961,1314420,120
13837,1.9121400897844325,1314515,120
13838,1.9120823304479526,1314610,120
13839,1.912329933980482,1314705,120
13840,1.9114393910192204,1314800,120
13841,1.912090752412541,1314895,120
13842,1.9129893663424848,1314990,120
13843,1.9129479487846233,1315085,120
13844,1.9124652047767789,1315180,120
13845,1.9129566215247924,1315275,120
13846,1.9129823144356273,1315370,120
13847,1.9129651494046567,1315465,120
13848,1.9132883258197284,1315560,120
13849,1.9142479239737185,1315655,120
13850,1.9144806623843778,1315750,120
13851,1.9152925350535317,1315845,120
13852,1.9151720735109943,1315940,120
13853,1.9148042895374988,1316035,120
13854,1.914622904436807,1316130,120
13855,1.9143849146278975,1316225,120
13856,1.9146502199335775,1316320,120
13857,1.9153114020931974,1316415,120
13858,1.9149746759089856,1316510,120
13859,1.9157764925573912,1316605,120
13860,1.9163688765229447,1316700,120
13861,1.9178554533056769,1316795,120
13862,1.9178384487980789,1316890,120
13863,1.9175492949754684,1316985,120
13864,1.9178078903665077,1317080,120
13865,1.9174613805079075,1317175,120
13866,1.9170961472670232,1317270,120
13867,1.9174104403574683,1317365,120
13868,1.9176010982400491,1317460,120
13869,1.9173230129449508,1317555,120
13870,1.9171666798267941,1317650,120
13871,1.9165221271770756,1317745,120
13872,1.9164107884665398,1317840,120
13873,1.9170345887390665,1317935,120
13874,1.9174057307054504,1318030,120
13875,1.9173147429105795,1318125,120
13876,1.9172977821032344,1318220,120
13877,1.9167824837582952,1318315,120
13878,1.9172094795252463,1318410,120
13879,1.917856465574421,1318505,120
13880,1.917728858256829,1318600,120
13881,1.9171354008712267,1318695,120
13882,1.9166267820493474,1318790,120
13883,1.9173020316177889,1318885,120
13884,1.9176353960265944,1318980,120
13885,1.9184522218386906,1319075,120
13886,1.9183546823477491,1319170,120
13887,1.9185343755598983,1319265,120
13888,1.9192117023303792,1319360,120
13889,1.9187335589927936,1319455,120
13890,1.9181935864011381,1319550,120
13891,1.9183067544147563,1319645,120
13892,1.9184698251072745,1319740,120
13893,1.9179729335271025,1319835,120
13894,1.9179017190061236,1319930,120
13895,1.917592409983085,1320025,120
13896,1.917648189839019,1320120,120
13897,1.9182565410453121,1320215,120
13898,1.9173688950781826,1320310,120
13899,1.9180339711118306,1320405,120
13900,1.918611130600574,1320500,120
13901,1.9185634451399085,1320595,120
13902,1.9185029488019882,1320690,120
13903,1.9179926696847855,1320785,120
13904,1.9177884352867314,1320880,120
13905,1.9173460085976575,1320975,120
13906,1.9172695723110946,1321070,120
13907,1.9166926810768772,1321165,120
13908,1.9166980332172363,1321260,120
13909,1.9170858780883619,1321355,120
13910,1.9170166012416106,1321450,120
13911,1.9166736553752646,1321545,120
13912,1.9163276222756622,1321640,120
13913,1.9165867624128425,1321735,120
13914,1.9167179900334987,1321830,120
13915,1.9165214193936444,1321925,120
13916,1.9165682961580857,1322020,120
13917,1.9181063021703169,1322115,120
13918,1.9178784436715062,1322210,120
13919,1.9177989529775701,1322305,120
13920,1.9176704732254748,1322400,120
13921,1.917942600249736,1322495,120
13922,1.9169835157644102,1322590,120
13923,1.9165591536014288,1322685,120
13924,1.9151665290618884,1322780,120
13925,1.914855817422173,1322875,120
13926,1.9148143230978172,1322970,120
13927,1.9147043327585318,1323065,120
13928,1.9147023682794775,1323160,120
13929,1.9143574871853699,1323255,120
13930,1.9160219102025495,1323350,120
13931,1.9162817638147971,1323445,120
13932,1.9159853441959735,1323540,120
13933,1.9158086186483922,1323635,120
13934,1.9152968898357321,1323730,120
13935,1.9145514469231333,1323825,120
13936,1.9150139579571541,1323920,120
13937,1.917009580826508,1324015,120
13938,1.9162797357053292,1324110,120
13939,1.9150858891992053,1324205,120
13940,1.9154478967443482,1324300,120
13941,1.9153732351306612,1324395,120
13942,1.9154662174160579,1324490,120
13943,1.9156851193879463,1324585,120
13944,1.9160464957395549,1324680,120
13945,1.9156835046032725,1324775,120
13946,1.9163331854940864,1324870,120
13947,1.9159146795134601,1324965,120
13948,1.915018959737911,1325060,120
13949,1.9144241842693008,1325155,120
13950,1.9142844532640204,1325250,120
13951,1.9136469367355338,1325345,120
13952,1.9144030272377586,1325440,120
13953,1.915643538508246,1325535,120
13954,1.91567189623621,1325630,120
13955,1.9152891943675956,1325725,120
13956,1.914880781497196,1325820,120
13957,1.9141868696707081,1325915,120
13958,1.9144230186165883,1326010,120
13959,1.9139863351058672,1326105,120
13960,1.9140217692661983,1326200,120
13961,1.9135880664424618,1326295,120
13962,1.9134533013198978,1326390,120
13963,1.9134042378531471,1326485,120
13964,1.9123118870363456,1326580,120
13965,1.9122523158714535,1326675,120
13966,1.9121448487434149,1326770,120
13967,1.9138989810342601,1326865,120
13968,1.9139013310490816,1326960,120
13969,1.9135216465644889,1327055,120
13970,1.9134501429708173,1327150,120
13971,1.9139016636867665,1327245,120
13972,1.913923387753321,1327340,120
13973,1.9137283370845457,1327435,120
13974,1.9140995133151493,1327530,120
13975,1.9145786176669877,1327625,120
13976,1.9154054804887584,1327720,120
13977,1.915780844288671,1327815,120
13978,1.9151795119653949,1327910,120
13979,1.9148935046417155,1328005,120
13980,1.9149714861786844,1328100,120
13981,1.914794216491543,1328195,120
13982,1.9140341860384182,1328290,120
13983,1.9142444883756375,1328385,120
13984,1.9152757252738324,1328480,120
13985,1.9155978061353778,1328575,120
13986,1.914803423469267,1328670,120
13987,1.915444091064002,1328765,120
13988,1.9163268546789025,1328860,120
13989,1.9155653156495349,1328955,120
13990,1.9152618218618009,1329050,120
13991,1.9157732292801806,1329145,120
13992,1.9154445479139337,1329240,120
13993,1.9159825238612394,1329335,120
13994,1.9159374328819825,1329430,120
13995,1.916764725851599,1329525,120
13996,1.9162726683304034,1329620,120
13997,1.9165358929340377,1329715,120
13998,1.9164924952281377,1329810,120
13999,1.9167189850018989,1329905,120
14000,1.9163536046163292,1330000,120
14001,1.9174328641677114,1330095,120
14002,1.9169878094482498,1330190,120
14003,1.9178371261142992,1330285,120
14004,1.9180434316068744,1330380,120
14005,1.9180975109095875,1330475,120
14006,1.9180923536629297,1330570,120
14007,1.9182122212699553,1330665,120
14008,1.9179664637637523,1330760,120
14009,1.9176059370949723,1330855,120
14010,1.9173702605091187,1330950,120
14011,1.9184264575839072,1331045,120
14012,1.91736091156761,1331140,120
14013,1.9178834562248608,1331235,120
14014,1.9174181441002673,1331330,120
14015,1.9167634837052321,1331425,120
14016,1.9160635774567769,1331520,120
14017,1.9161313180898092,1331615,120
14018,1.9166042714087603,1331710,120
14019,1.9164381889425111,1331805,120
14020,1.9164435109942084,1331900,120
14021,1.9170885966563465,1331995,120
14022,1.9165190358928463,1332090,120
14023,1.91670453323316,1332185,120
14024,1.9163664299626502,1332280,120
14025,1.9158900417009999,1332375,120
14026,1.9158104968139817,1332470,120
14027,1.9156028143620705,1332565,120
14028,1.9152389505392626,1332660,120
14029,1.9152434128340659,1332755,120
14030,1.9153955344223543,1332850,120
14031,1.914610833498515,1332945,120
14032,1.9142540294937227,1333040,120
14033,1.9161040914684406,1333135,120
14034,1.9175608998624853,1333230,120
14035,1.9175937048717784,1333325,120
14036,1.917598355883334,1333420,120
14037,1.9178688569184432,1333515,120
14038,1.9176236063736036,1333610,120
14039,1.9172819550868017,1333705,120
14040,1.9178838742697863,1333800,120
14041,1.9179615328544126,1333895,120
14042,1.9183527318737064,1333990,120
14043,1.9181122498609411,1334085,120
14044,1.9177791417961934,1334180,120
14045,1.9183305550539866,1334275,120
14046,1.9178866673059713,1334370,120
14047,1.9174511089048631,1334465,120
14048,1.9174438062978665,1334560,120
14049,1.9175929859494976,1334655,120
14050,1.9185596831334879,1334750,120
14051,1.9182914914163851,1334845,120
14052,1.917679441871442,1334940,120
14053,1.9173408125681872,1335035,120
14054,1.9177514386887957,1335130,120
14055,1.9177798169907474,1335225,120
14056,1.917846594011684,1335320,120
14057,1.9178993018634549,1335415,120
14058,1.9187029082964713,1335510,120
14059,1.9194817132145316,1335605,120
14060,1.9194604117214564,1335700,120
14061,1.9213729941054762,1335795,120
14062,1.9218959059819456,1335890,120
14063,1.9211415114967381,1335985,120
14064,1.9208662976765862,1336080,120
14065,1.9205183545386646,1336175,120
14066,1.9210302133706285,1336270,120
14067,1.92228685547651,1336365,120
14068,1.9214894886323959,1336460,120
14069,1.9213930324023634,1336555,120
14070,1.9207946778373888,1336650,120
14071,1.9207484932270993,1336745,120
14072,1.9205835882147289,1336840,120
14073,1.9205242169051344,1336935,120
14074,1.9201986381808105,1337030,120
14075,1.92062171888815,1337125,120
14076,1.9213507650532047,1337220,120
14077,1.9219186551436338,1337315,120
14078,1.9219277216901602,1337410,120
14079,1.9225284176033171,1337505,120
14080,1.9229577675052565,1337600,120
14081,1.9231478403791884,1337695,120
14082,1.9239391683356066,1337790,120
14083,1.9241880976843089,1337885,120
14084,1.9239850024032843,1337980,120
14085,1.9241793103130986,1338075,120
14086,1.9246828713162882,1338170,120
14087,1.9246845043080369,1338265,120
14088,1.9249678638498113,1338360,120
14089,1.9251973959409598,1338455,120
14090,1.9246206215468051,1338550,120
14091,1.9246840192391066,1338645,120
14092,1.9250996288032232,1338740,120
14093,1.9253816112475486,1338835,120
14094,1.9254028599510973,1338930,120
14095,1.9250284919270135,1339025,120
14096,1.9251333820036931,1339120,120
14097,1.9247344301039087,1339215,120
14098,1.9268071478124376,1339310,120
14099,1.9265854944914989,1339405,120
14100,1.926038519674202,1339500,120
14101,1.9262773901918766,1339595,120
14102,1.9264531002217129,1339690,120
14103,1.9264100790408292,1339785,120
14104,1.9276223663634939,1339880,120
14105,1.9277395215561046,1339975,120
14106,1.9273178911377604,1340070,120
14107,1.9272960979142948,1340165,120
14108,1.9272479066638371,1340260,120
14109,1.9273714094612988,1340355,120
14110,1.9277548810888268,1340450,120
14111,1.9269522504901402,1340545,120
14112,1.9257345492832065,1340640,120
14113,1.9252254250023744,1340735,120
14114,1.9257044024379484,1340830,120
14115,1.9255139450764491,1340925,120
14116,1.925821778032702,1341020,120
14117,1.9259146329367778,1341115,120
14118,1.9253994381703581,1341210,120
14119,1.9247911139234675,1341305,120
14120,1.9236870782543265,1341400,120
14121,1.9247029338653538,1341495,120
14122,1.9243413829445724,1341590,120
14123,1.9236571685044486,1341685,120
14124,1.9235841573064059,1341780,120
14125,1.9234041863607758,1341875,120
14126,1.9247995883442994,1341970,120
14127,1.9247647783554358,1342065,120
14128,1.9251068691853865,1342160,120
14129,1.924744963024887,1342255,120
14130,1.9247208569501744,1342350,120
14131,1.9241188963680242,1342445,120
14132,1.923235797176313,1342540,120
14133,1.9239799971712261,1342635,120
14134,1.9235324384755419,1342730,120
14135,1.923371597386748,1342825,120
14136,1.92352570452064,1342920,120
14137,1.9240362042018602,1343015,120
14138,1.9246072098657914,1343110,120
14139,1.9252838563691763,1343205,120
14140,1.9247906759727915,1343300,120
14141,1.9239321142351609,1343395,120
14142,1.9246547454113967,1343490,120
14143,1.9240681795632593,1343585,120
14144,1.9234852371968836,1343680,120
14145,1.9237151734432085,1343775,120
14146,1.9225807518764826,1343870,120
14147,1.9225030407488521,1343965,120
14148,1.922654178370073,1344060,120
14149,1.9223852225411517,1344155,120
14150,1.9225393192928908,1344250,120
14151,1.9220418704891249,1344345,120
14152,1.922328698783754,1344440,120
14153,1.9233208513838391,1344535,120
14154,1.9230395442225972,1344630,120
14155,1.9240341229693727,1344725,120
14156,1.9228074743634598,1344820,120
14157,1.9231523622983067,1344915,120
14158,1.9236574781711846,1345010,120
14159,1.9230271745553533,1345105,120
14160,1.9231176667160941,1345200,120
14161,1.9234706820566814,1345295,120
14162,1.9242823002035085,1345390,120
14163,1.9234796783694608,1345485,120
14164,1.9232311683933914,1345580,120
14165,1.9235136911789701,1345675,120
14166,1.9233889790906227,1345770,120
14167,1.9229496779423023,1345865,120
14168,1.922292659332081,1345960,120
14169,1.9214287887504229,1346055,120
14170,1.9218229261856665,1346150,120
14171,1.9213410486829174,1346245,120
14172,1.9221156328567133,1346340,120
14173,1.922478737903226,1346435,120
14174,1.9220108614740445,1346530,120
14175,1.9221234065835837,1346625,120
14176,1.9236533709629744,1346720,120
14177,1.9235601818742925,1346815,120
14178,1.9235137502771524,1346910,120
14179,1.9234594742062479,1347005,120
14180,1.9242500236948936,1347100,120
14181,1.9238346650835496,1347195,120
14182,1.9250393991380714,1347290,120
14183,1.9242495681591794,1347385,120
14184,1.9246259021890866,1347480,120
14185,1.9246767758854024,1347575,120
14186,1.9242653231671494,1347670,120
14187,1.9237723343199931,1347765,120
14188,1.9236093547822806,1347860,120
14189,1.9247917337280751,1347955,120
14190,1.9257158244880259,1348050,120
14191,1.9261048656234725,1348145,120
14192,1.9259891341359809,1348240,120
14193,1.9262836141279001,1348335,120
14194,1.9260494799124048,1348430,120
14195,1.9254737117869494,1348525,120
14196,1.9256006992468027,1348620,120
14197,1.9253854740197163,1348715,120
14198,1.9261086698278973,1348810,120
14199,1.9258950818000544,1348905,120
14200,1.9249720642961665,1349000,120
14201,1.9251067857628981,1349095,120
14202,1.9248859444025475,1349190,120
14203,1.9249797275985543,1349285,120
14204,1.9257373175468331,1349380,120
14205,1.9254250153229751,1349475,120
14206,1.9243750407071216,1349570,120
14207,1.9247816926733605,1349665,120
14208,1.9244634540940466,1349760,120
14209,1.9244807066360028,1349855,120
14210,1.9246975512944258,1349950,120
14211,1.9242319615353833,1350045,120
14212,1.92319967037918,1350140,120
14213,1.9230468139681967,1350235,120
14214,1.9227902337933676,1350330,120
14215,1.9226891085126503,1350425,120
14216,1.9221126669317765,1350520,120
14217,1.9215066678965289,1350615,120
14218,1.9205926438436585,1350710,120
14219,1.9209304209634412,1350805,120
14220,1.9213902981342486,1350900,120
14221,1.921706555324743,1350995,120
14222,1.9224145946935229,1351090,120
14223,1.9221831056135974,1351185,120
14224,1.9223318711796618,1351280,120
14225,1.9223187500167613,1351375,120
14226,1.9219112767293551,1351470,120
14227,1.9219539946929531,1351565,120
14228,1.9227200658756951,1351660,120
14229,1.922597854547121,1351755,120
14230,1.9230314043625176,1351850,120
14231,1.9234637600265658,1351945,120
14232,1.923444737082612,1352040,120
14233,1.9235565628938534,1352135,120
14234,1.9237120750950991,1352230,120
14235,1.923776348426735,1352325,120
14236,1.9237996078985091,1352420,120
14237,1.9228941619349267,1352515,120
14238,1.9237771305709603,1352610,120
14239,1.9234185654549107,1352705,120
14240,1.9251980638553514,1352800,120
14241,1.9251777523602476,1352895,120
14242,1.9251557075315626,1352990,120
14243,1.9256363975845388,1353085,120
14244,1.9259776231045176,1353180,120
14245,1.9259493613134557,1353275,120
14246,1.9255050208326108,1353370,120
14247,1.9251224617193241,1353465,120
14248,1.9245646037921313,1353560,120
14249,1.925002568327282,1353655,120
14250,1.925932165425212,1353750,120
14251,1.9260045488311499,1353845,120
14252,1.9277793609288882,1353940,120
14253,1.9270786191616112,1354035,120
14254,1.9281027883515396,1354130,120
14255,1.9272259836429029,1354225,120
14256,1.9277923489753517,1354320,120
14257,1.9290080770687983,1354415,120
14258,1.9293078439332993,1354510,120
14259,1.929179052181248,1354605,120
14260,1.9285200560980336,1354700,120
14261,1.9290439543547511,1354795,120
14262,1.9284420117034222,1354890,120
14263,1.9283337272173893,1354985,120
14264,1.9287510009230744,1355080,120
14265,1.9279405282671214,1355175,120
14266,1.9278639897002885,1355270,120
14267,1.9278566385603371,1355365,120
14268,1.927291761475052,1355460,120
14269,1.9270947210943763,1355555,120
14270,1.9274156631337616,1355650,120
14271,1.9268809564241973,1355745,120
14272,1.9277660072951819,1355840,120
14273,1.9269228711012505,1355935,120
14274,1.9267094438650147,1356030,120
14275,1.9270531120758643,1356125,120
14276,1.9260668007216157,1356220,120
14277,1.9269599518725244,1356315,120
14278,1.9266722367217062,1356410,120
14279,1.927387282474611,1356505,120
14280,1.9262777657901438,1356600,120
14281,1.926678513129559,1356695,120
14282,1.9260644696047031,1356790,120
14283,1.9259438862398897,1356885,120
14284,1.9257165400305654,1356980,120
14285,1.9267883276501216,1357075,120
14286,1.926951629766223,1357170,120
14287,1.9269865315713803,1357265,120
14288,1.9270212766595238,1357360,120
14289,1.926607112566493,1357455,120
14290,1.9268102461217882,1357550,120
14291,1.9264571742892131,1357645,120
14292,1.9277648116235162,1357740,120
14293,1.9275047736482736,1357835,120
14294,1.9269509183173223,1357930,120
14295,1.9263331112328144,1358025,120
14296,1.9259382161915848,1358120,120
14297,1.9257619809371243,1358215,120
14298,1.9248883442869082,1358310,120
14299,1.9256288309424254,1358405,120
14300,1.9254868124529554,1358500,120
14301,1.9255304574702583,1358595,120
14302,1.9258601660151815,1358690,120
14303,1.9258271072923847,1358785,120
14304,1.9273455902196373,1358880,120
14305,1.9273610093969731,1358975,120
14306,1.926863125633095,1359070,120
14307,1.9261662877164323,1359165,120
14308,1.9266845002463342,1359260,120
14309,1.9263499532496948,1359355,120
14310,1.9266143103826769,1359450,120
14311,1.9268715698942807,1359545,120
14312,1.9270880533091794,1359640,120
14313,1.9272604040332462,1359735,120
14314,1.9277687492378035,1359830,120
14315,1.9274951190433438,1359925,120
14316,1.9280364442180791,1360020,120
14317,1.9279425125381586,1360115,120
14318,1.927435041036375,1360210,120
14319,1.9273664611418628,1360305,120
14320,1.9270685320155472,1360400,120
14321,1.9265312651280482,1360495,120
14322,1.9256901403241751,1360590,120
14323,1.9282712196866405,1360685,120
14324,1.9282275978707133,1360780,120
14325,1.9289944868662032,1360875,120
14326,1.9290728545297327,1360970,120
14327,1.9288890066278002,1361065,120
14328,1.9297324469494719,1361160,120
14329,1.9299854889753922,1361255,120
14330,1.9308621998438698,1361350,120
14331,1.93020980716202,1361445,120
14332,1.9299877122725384,1361540,120
14333,1.9295989806035869,1361635,120
14334,1.9290272765659606,1361730,120
14335,1.9292943689853095,1361825,120
14336,1.9287027919000281,1361920,120
14337,1.9297241720061831,1362015,120
14338,1.9301454630537438,1362110,120
14339,1.9296444021944028,1362205,120
14340,1.9299703894063427,1362300,120
14341,1.930435589478525,1362395,120
14342,1.9306049963447687,1362490,120
14343,1.9313464963574432,1362585,120
14344,1.9311707579233355,1362680,120
14345,1.9308683454636888,1362775,120
14346,1.9304042450174128,1362870,120
14347,1.9293844982841239,1362965,120
14348,1.9289812829781794,1363060,120
14349,1.9288266356563215,1363155,120
14350,1.928715959161178,1363250,120
14351,1.9280860775394333,1363345,120
14352,1.9279230853670515,1363440,120
14353,1.927685210297829,1363535,120
14354,1.9270469597777573,1363630,120
14355,1.9261385810276159,1363725,120
14356,1.925431594218187,1363820,120
14357,1.9248817884961631,1363915,120
14358,1.9254717066778009,1364010,120
14359,1.925788182455112,1364105,120
14360,1.9265825259201488,1364200,120
14361,1.9253844273270082,1364295,120
14362,1.9255000523402452,1364390,120
14363,1.9258798476249539,1364485,120
14364,1.9260369036820133,1364580,120
14365,1.926152379886451,1364675,120
14366,1.9260329078364391,1364770,120
14367,1.9257057637137949,1364865,120
14368,1.926411362201395,1364960,120
14369,1.9268052133321707,1365055,120
14370,1.9265043567536846,1365150,120
14371,1.9260663425002547,1365245,120
14372,1.9255202417446842,1365340,120
14373,1.9249491546228612,1365435,120
14374,1.9253633191454977,1365530,120
14375,1.9259425519620184,1365625,120
14376,1.9263456015952005,1365720,120
14377,1.9267283807222395,1365815,120
14378,1.926349236168255,1365910,120
14379,1.9259054892822396,1366005,120
14380,1.9256312102475199,1366100,120
14381,1.9266832685174418,1366195,120
14382,1.9263731448258468,1366290,120
14383,1.9256978836427447,1366385,120
14384,1.925857360069231,1366480,120
14385,1.9260945276807822,1366575,120
14386,1.9259079553149692,1366670,120
14387,1.925284200159926,1366765,120
14388,1.9255516359298068,1366860,120
14389,1.9257523766384488,1366955,120
14390,1.9267581805033611,1367050,120
14391,1.926668281437018,1367145,120
14392,1.9260262196182052,1367240,120
14393,1.925969991202291,1367335,120
14394,1.9266346489030648,1367430,120
14395,1.9269357705811103,1367525,120
14396,1.9263399891715083,1367620,120
14397,1.925831377666066,1367715,120
14398,1.9252199831106571,1367810,120
14399,1.926154439121706,1367905,120
14400,1.926781012819976,1368000,120
14401,1.9263614189547031,1368095,120
14402,1.9263435086008234,1368190,120
14403,1.9266066315854988,1368285,120
14404,1.926845914795694,1368380,120
14405,1.9274588375863659,1368475,120
14406,1.9272563960650813,1368570,120
14407,1.9265374995329694,1368665,120
14408,1.9260496655286954,1368760,120
14409,1.9260027947515397,1368855,120
14410,1.926708945563161,1368950,120
14411,1.9274393651153914,1369045,120
14412,1.9272806870841552,1369140,120
14413,1.9279924377880613,1369235,120
14414,1.9286133778828691,1369330,120
14415,1.9282899572625292,1369425,120
14416,1.9282033075981524,1369520,120
14417,1.9280831239292706,1369615,120
14418,1.9275212267967239,1369710,120
14419,1.9277928707966283,1369805,120
14420,1.9280216168482418,1369900,120
14421,1.9287504662225985,1369995,120
14422,1.9281603091401136,1370090,120
14423,1.9281329734392401,1370185,120
14424,1.9291879681553601,1370280,120
14425,1.9280269418378451,1370375,120
14426,1.9273754609644769,1370470,120
14427,1.9272807671285921,1370565,120
14428,1.9277501824088024,1370660,120
14429,1.9288731570239848,1370755,120
14430,1.9289784839886059,1370850,120
14431,1.9286503443787852,1370945,120
14432,1.9279637924546333,1371040,120
14433,1.928142839690435,1371135,120
14434,1.9274980624031317,1371230,120
14435,1.9285202847037082,1371325,120
14436,1.9289343883377166,1371420,120
14437,1.9292302244154378,1371515,120
14438,1.9285241485336224,1371610,120
14439,1.9283323171874291,1371705,120
14440,1.9279462986927856,1371800,120
14441,1.9286425666655298,1371895,120
14442,1.9284078666496718,1371990,120
14443,1.9280836283378211,1372085,120
14444,1.9283038141177733,1372180,120
14445,1.9273874656917276,1372275,120
14446,1.9279496519133117,1372370,120
14447,1.9285213163102517,1372465,120
14448,1.9284990952390824,1372560,120
14449,1.9284475378176074,1372655,120
14450,1.9285047144786678,1372750,120
14451,1.9286731622830469,1372845,120
14452,1.9285981222779229,1372940,120
14453,1.9282997311488002,1373035,120
14454,1.9284593066078313,1373130,120
14455,1.9280814851445816,1373225,120
14456,1.9285130972981583,1373320,120
14457,1.9280143041962052,1373415,120
14458,1.9274029247047464,1373510,120
14459,1.9273578055893228,1373605,120
14460,1.9262201247875719,1373700,120
14461,1.9270059707751785,1373795,120
14462,1.9265405944745826,1373890,120
14463,1.9268638183881088,1373985,120
14464,1.9276925130188622,1374080,120
14465,1.9284779656122737,1374175,120
14466,1.9290234155724111,1374270,120
14467,1.9290250192256884,1374365,120
14468,1.9292210752605408,1374460,120
14469,1.9291134539714199,1374555,120
14470,1.9287904681948345,1374650,120
14471,1.9292479195140753,1374745,120
14472,1.9289531842727503,1374840,120
14473,1.9281536290665975,1374935,120
14474,1.9285383352526593,1375030,120
14475,1.9280159102887349,1375125,120
14476,1.9276370897012587,1375220,120
14477,1.9281757096878718,1375315,120
14478,1.9276942943213797,1375410,120
14479,1.9276895845861344,1375505,120
14480,1.9274450150206217,1375600,120
14481,1.9271895005951736,1375695,120
14482,1.9267181027722811,1375790,120
14483,1.9265192631416679,1375885,120
14484,1.9271216877257236,1375980,120
14485,1.9267645892184773,1376075,120
14486,1.9266444212106528,1376170,120
14487,1.9265650825332283,1376265,120
14488,1.9261289705919251,1376360,120
14489,1.9255913572885279,1376455,120
14490,1.9249142039218863,1376550,120
14491,1.9269144859587817,1376645,120
14492,1.9266508253783756,1376740,120
14493,1.9270251143203505,1376835,120
14494,1.9260284722546852,1376930,120
14495,1.9265360139592875,1377025,120
14496,1.9267493318339433,1377120,120
14497,1.9263652641768403,1377215,120
14498,1.9271398542264453,1377310,120
14499,1.9275725701384359,1377405,120
14500,1.9273522946831931,1377500,120
14501,1.9271315172630106,1377595,120
14502,1.927254671921655,1377690,120
14503,1.9293151078697028,1377785,120
14504,1.9298907201931996,1377880,120
14505,1.9302868709313017,1377975,120
14506,1.9303259060288531,1378070,120
14507,1.929870203557799,1378165,120
14508,1.9295129524398353,1378260,120
14509,1.9293795182976659,1378355,120
14510,1.9287086694975009,1378450,120
14511,1.928372830981653,1378545,120
14512,1.9289758716015164,1378640,120
14513,1.9302250792864613,1378735,120
14514,1.9318270204319943,1378830,120
14515,1.9319208401798127,1378925,120
14516,1.9313383607311942,1379020,120
14517,1.9308860516145121,1379115,120
14518,1.9306921985692413,1379210,120
14519,1.9303449269333786,1379305,120
14520,1.9309104858952664,1379400,120
14521,1.9317229409568404,1379495,120
14522,1.9308270452410399,1379590,120
14523,1.9312874336675403,1379685,120
14524,1.9306964732570688,1379780,120
14525,1.9320146331431585,1379875,120
14526,1.9320437648246929,1379970,120
14527,1.9336287496288616,1380065,120
14528,1.9352422170830625,1380160,120
14529,1.9349293638342966,1380255,120
14530,1.9347026674015722,1380350,120
14531,1.9345302700141336,1380445,120
14532,1.9347419151445793,1380540,120
14533,1.9349293324584711,1380635,120
14534,1.9342438584918422,1380730,120
14535,1.9346606284804007,1380825,120
14536,1.9341632933469937,1380920,120
14537,1.9336616808404516,1381015,120
14538,1.9330295777284845,1381110,120
14539,1.9323207446897175,1381205,120
14540,1.9325021871389645,1381300,120
14541,1.932199740424861,1381395,120
14542,1.932101796242446,1381490,120
14543,1.9317086996420478,1381585,120
14544,1.9332417412393423,1381680,120
14545,1.9325515320845903,1381775,120
14546,1.9322332416774881,1381870,120
14547,1.9317033377520354,1381965,120
14548,1.9323436356267203,1382060,120
14549,1.9334058122696371,1382155,120
14550,1.9333488277663287,1382250,120
14551,1.9327724399900192,1382345,120
14552,1.9328595876426251,1382440,120
14553,1.9331141222553581,1382535,120
14554,1.9330115604492057,1382630,120
14555,1.9331154945990117,1382725,120
14556,1.9328314284996266,1382820,120
14557,1.9321740759374231,1382915,120
14558,1.9331090868065652,1383010,120
14559,1.9334401880555281,1383105,120
14560,1.9325304652442299,1383200,120
14561,1.9322946417159947,1383295,120
14562,1.9323765340541299,1383390,120
14563,1.9330130569810022,1383485,120
14564,1.9327848021692342,1383580,120
14565,1.9318517861894653,1383675,120
14566,1.9314564875224591,1383770,120
14567,1.9324926015730344,1383865,120
14568,1.932428871575625,1383960,120
14569,1.9328465596105646,1384055,120
14570,1.9327007509367082,1384150,120
14571,1.9323994805048279,1384245,120
14572,1.9320952029924419,1384340,120
14573,1.9338240523310859,1384435,120
14574,1.9354016442490982,1384530,120
14575,1.9350415174106346,1384625,120
14576,1.9349267172169731,1384720,120
14577,1.934568277782247,1384815,120
14578,1.9346698057382499,1384910,120
14579,1.9340341006653539,1385005,120
14580,1.934954538777548,1385100,120
14581,1.9352137911864133,1385195,120
14582,1.9359474766377207,1385290,120
14583,1.9357900357657558,1385385,120
14584,1.9372446210009575,1385480,120
14585,1.9367347703361499,1385575,120
14586,1.9366123519664782,1385670,120
14587,1.9370382677071734,1385765,120
14588,1.9378535249554498,1385860,120
14589,1.9384884093236603,1385955,120
14590,1.9384260778605038,1386050,120
14591,1.9385290846122982,1386145,120
14592,1.9382784381875247,1386240,120
14593,1.9376008118716475,1386335,120
14594,1.939067377741438,1386430,120
14595,1.9386923514829377,1386525,120
14596,1.9380091103197228,1386620,120
14597,1.9370368156653643,1386715,120
14598,1.9369504549612377,1386810,120
14599,1.9374015375237568,1386905,120
14600,1.9379186242011641,1387000,120
14601,1.939180366473563,1387095,120
14602,1.9393216088665404,1387190,120
14603,1.9402378379017193,1387285,120
14604,1.9402567752840156,1387380,120
14605,1.9403274630703309,1387475,120
14606,1.940638230513648,1387570,120
14607,1.9399924096573748,1387665,120
14608,1.9398671010020494,1387760,120
14609,1.9397721710873261,1387855,120
14610,1.9396193237794292,1387950,120
14611,1.9407171035642055,1388045,120
14612,1.9414564847661013,1388140,120
14613,1.9411191269000245,1388235,120
14614,1.9409582088002135,1388330,120
14615,1.9414972021611105,1388425,120
14616,1.9413092795099025,1388520,120
14617,1.9411839724181015,1388615,120
14618,1.9416892790873439,1388710,120
14619,1.94173696689714,1388805,120
14620,1.9415448935321669,1388900,120
14621,1.9411175221353121,1388995,120
14622,1.9412814834003593,1389090,120
14623,1.941183588206937,1389185,120
14624,1.9424804219425533,1389280,120
14625,1.9429951652297901,1389375,120
14626,1.9430442184799539,1389470,120
14627,1.9431193632400765,1389565,120
14628,1.9431551294452876,1389660,120
14629,1.9435066154966805,1389755,120
14630,1.9428973436891557,1389850,120
14631,1.942670892094543,1389945,120
14632,1.9420430433772544,1390040,120
14633,1.9420119950367885,1390135,120
14634,1.9418121324560771,1390230,120
14635,1.941903691486768,1390325,120
14636,1.9417035230735129,1390420,120
14637,1.9424716467347858,1390515,120
14638,1.9425479544475468,1390610,120
14639,1.9429923895074097,1390705,120
14640,1.943318389378629,1390800,120
14641,1.943022639703085,1390895,120
14642,1.9440652997734111,1390990,120
14643,1.9451536005075796,1391085,120
14644,1.9451457390714795,1391180,120
14645,1.9451116101978179,1391275,120
14646,1.9445159704148829,1391370,120
14647,1.9446753295089256,1391465,120
14648,1.9441137696683461,1391560,120
14649,1.9436467352043858,1391655,120
14650,1.9432110654678061,1391750,120
14651,1.9434699006149829,1391845,120
14652,1.9434921925515352,1391940,120
14653,1.9434129695935649,1392035,120
14654,1.9436488642195286,1392130,120
14655,1.9431012921436768,1392225,120
14656,1.943499947600396,1392320,120
14657,1.9428712092580829,1392415,120
14658,1.943304001128584,1392510,120
14659,1.9430145221053226,1392605,120
14660,1.9425090063836421,1392700,120
14661,1.9420591372699854,1392795,120
14662,1.9417557706869855,1392890,120
14663,1.941891474633739,1392985,120
14664,1.9420787858094022,1393080,120
14665,1.9420755337984681,1393175,120
14666,1.9415449046659754,1393270,120
14667,1.9407688994529608,1393365,120
14668,1.9398138164635139,1393460,120
14669,1.9391986668933889,1393555,120
14670,1.9391281838088334,1393650,120
14671,1.939121894426628,1393745,120
14672,1.93862991605168,1393840,120
14673,1.9384588660323916,1393935,120
14674,1.9385895717358337,1394030,120
14675,1.9384584802015961,1394125,120
14676,1.9380687842768205,1394220,120
14677,1.9372498708423438,1394315,120
14678,1.9369548670012773,1394410,120
14679,1.936631376104881,1394505,120
14680,1.9361719406907802,1394600,120
14681,1.93637452841359,1394695,120
14682,1.9369190379555599,1394790,120
14683,1.9377372810328479,1394885,120
14684,1.937807169114971,1394980,120
14685,1.9375527543935365,1395075,120
14686,1.9377588768381042,1395170,120
14687,1.9388408213625372,1395265,120
14688,1.9388313077866459,1395360,120
14689,1.9384532395100751,1395455,120
14690,1.9383315440491498,1395550,120
14691,1.9378699784565627,1395645,120
14692,1.9380001429067539,1395740,120
14693,1.9382091277754927,1395835,120
14694,1.9378125672239805,1395930,120
14695,1.9376005904813505,1396025,120
14696,1.938111591113032,1396120,120
14697,1.9385355206434562,1396215,120
14698,1.9389861198835601,1396310,120
14699,1.9386969888173766,1396405,120
14700,1.9378766625845703,1396500,120
14701,1.9381589305115168,1396595,120
14702,1.9388212242055314,1396690,120
14703,1.938154738402234,1396785,120
14704,1.9385733682928701,1396880,120
14705,1.9381903693083047,1396975,120
14706,1.9397876855444915,1397070,120
14707,1.941191380328245,1397165,120
14708,1.9412029999334284,1397260,120
14709,1.9411723706825053,1397355,120
14710,1.9410971215359349,1397450,120
14711,1.9404783905341123,1397545,120
14712,1.9407162952143833,1397640,120
14713,1.941170858327796,1397735,120
14714,1.9408939825962419,1397830,120
14715,1.9424129752453414,1397925,120
14716,1.9430027979523017,1398020,120
14717,1.9438733452169614,1398115,120
14718,1.944045827640595,1398210,120
14719,1.9444783816570885,1398305,120
14720,1.9449494373791911,1398400,120
14721,1.9447330397296718,1398495,120
14722,1.9445932445319818,1398590,120
14723,1.9452280498313916,1398685,120
14724,1.9452554512116345,1398780,120
14725,1.9455151756034454,1398875,120
14726,1.9454923667598736,1398970,120
14727,1.945020497225777,1399065,120
14728,1.9446195908305288,1399160,120
14729,1.9448857553856504,1399255,120
14730,1.9454716120776281,1399350,120
14731,1.9450506785247912,1399445,120
14732,1.9452129361935946,1399540,120
14733,1.9441614369603175,1399635,120
14734,1.9439214502604933,1399730,120
14735,1.9438272114166906,1399825,120
14736,1.9439610485646892,1399920,120
14737,1.9435633037869786,1400015,120
14738,1.9428538281131558,1400110,120
14739,1.9430746967189729,1400205,120
14740,1.9432684602698951,1400300,120
14741,1.9432662109540741,1400395,120
14742,1.94335442989504,1400490,120
14743,1.9438125466683569,1400585,120
14744,1.9449517676084791,1400680,120
14745,1.9443049433154995,1400775,120
14746,1.9442723496128937,1400870,120
14747,1.9447477539307985,1400965,120
14748,1.9453654580063926,1401060,120
14749,1.945271411938253,1401155,120
14750,1.9453390838454787,1401250,120
14751,1.9454083678732144,1401345,120
14752,1.9449267746245464,1401440,120
14753,1.9450781574336149,1401535,120
14754,1.9459332036392343,1401630,120
14755,1.9461369793153438,1401725,120
14756,1.9459888632020863,1401820,120
14757,1.9459911556454932,1401915,120
14758,1.9465795837302362,1402010,120
14759,1.9461415542881322,1402105,120
14760,1.9468175821471498,1402200,120
14761,1.9477458437257837,1402295,120
14762,1.9475976211121437,1402390,120
14763,1.9477438831631821,1402485,120
14764,1.9479768508628486,1402580,120
14765,1.9473562265224438,1402675,120
14766,1.9472070329666964,1402770,120
14767,1.9483690831895704,1402865,120
14768,1.9473048263987387,1402960,120
14769,1.9482417892782389,1403055,120
14770,1.9474879686384776,1403150,120
14771,1.9464488061027025,1403245,120
14772,1.9461095788537823,1403340,120
14773,1.9453990181983016,1403435,120
14774,1.9451536964646827,1403530,120
14775,1.9451031062969837,1403625,120
14776,1.9444448247362722,1403720,120
14777,1.9447705099436328,1403815,120
14778,1.9450517579384463,1403910,120
14779,1.9449803966828829,1404005,120
14780,1.9446775064237889,1404100,120
14781,1.945939425585786,1404195,120
14782,1.9448954999290957,1404290,120
14783,1.944831588610517,1404385,120
14784,1.9440785617979655,1404480,120
14785,1.9436007185261277,1404575,120
14786,1.9438125512869768,1404670,120
14787,1.9432588033771803,1404765,120
14788,1.9422574700467585,1404860,120
14789,1.9420682769714943,1404955,120
14790,1.9421119732888723,1405050,120
14791,1.9417766730289332,1405145,120
14792,1.9419384203408012,1405240,120
14793,1.9413453797649602,1405335,120
14794,1.9414701134056018,1405430,120
14795,1.940862374576328,1405525,120
14796,1.9407053384667199,1405620,120
14797,1.9405573099256566,1405715,120
14798,1.9411290494179616,1405810,120
14799,1.941310620590539,1405905,120
14800,1.9415116441569458,1406000,120
14801,1.9410691722268354,1406095,120
14802,1.9409019955694804,1406190,120
14803,1.939730108845128,1406285,120
14804,1.9398899224476178,1406380,120
14805,1.939227431749418,1406475,120
14806,1.9389079673729377,1406570,120
14807,1.939195427630378,1406665,120
14808,1.9390835801469775,1406760,120
14809,1.9389954170450248,1406855,120
14810,1.9385835315983475,1406950,120
14811,1.9385174140805781,1407045,120
14812,1.9383509464818347,1407140,120
14813,1.9375763683181215,1407235,120
14814,1.9382260257747046,1407330,120
14815,1.9380924706488816,1407425,120
14816,1.9386063573673196,1407520,120
14817,1.9389594365345797,1407615,120
14818,1.9387884461189182,1407710,120
14819,1.9396358654300148,1407805,120
14820,1.939121185953484,1407900,120
14821,1.9390490097475279,1407995,120
14822,1.9389061829500669,1408090,120
14823,1.9391937416750482,1408185,120
14824,1.9385746813260689,1408280,120
14825,1.9384748578894968,1408375,120
14826,1.9379497072833578,1408470,120
14827,1.9392879561204035,1408565,120
14828,1.9395289680190946,1408660,120
14829,1.9393283033326587,1408755,120
14830,1.9389958517643755,1408850,120
14831,1.9388896759840448,1408945,120
14832,1.9388779293474212,1409040,120
14833,1.9396781464963819,1409135,120
14834,1.9391601623549606,1409230,120
14835,1.9398497668029739,1409325,120
14836,1.9395139010528304,1409420,120
14837,1.9396298295880579,1409515,120
14838,1.9405955949914353,1409610,120
14839,1.9407843908507876,1409705,120
14840,1.9399894074846529,1409800,120
14841,1.9404496551402728,1409895,120
14842,1.9402415905622659,1409990,120
14843,1.9401152629304184,1410085,120
14844,1.9406755349642484,1410180,120
14845,1.9406831514520364,1410275,120
14846,1.94062468791168,1410370,120
14847,1.9406879771885481,1410465,120
14848,1.9410056307917318,1410560,120
14849,1.9411742189128693,1410655,120
14850,1.9401202059260478,1410750,120
14851,1.9398249292744856,1410845,120
14852,1.9398134648845191,1410940,120
14853,1.9397308386973062,1411035,120
14854,1.9401587101717845,1411130,120
14855,1.9402339886224544,1411225,120
14856,1.9395884568386461,1411320,120
14857,1.9396728642828791,1411415,120
14858,1.9397064074495642,1411510,120
14859,1.9389806510716632,1411605,120
14860,1.9390194286172675,1411700,120
14861,1.939926166071023,1411795,120
14862,1.9408341454229063,1411890,120
14863,1.94244645094792,1411985,120
14864,1.9434487314337741,1412080,120
14865,1.9444687084806063,1412175,120
14866,1.9457637662385323,1412270,120
14867,1.9460899957919142,1412365,120
14868,1.9461170910071568,1412460,120
14869,1.9455950469347063,1412555,120
14870,1.9455081686153068,1412650,120
14871,1.9459860542609086,1412745,120
14872,1.945593169540577,1412840,120
14873,1.9468525853040921,1412935,120
14874,1.9477743497976334,1413030,120
14875,1.9484443579818653,1413125,120
14876,1.9486155579356577,1413220,120
14877,1.9481626267495435,1413315,120
14878,1.9478187917631116,1413410,120
14879,1.9475664488367654,1413505,120
14880,1.9479673815670326,1413600,120
14881,1.9477112790494733,1413695,120
14882,1.9487509314429472,1413790,120
14883,1.9487547256614337,1413885,120
14884,1.9490153329980542,1413980,120
14885,1.949998296370224,1414075,120
14886,1.949162530753352,1414170,120
14887,1.948413802472033,1414265,120
14888,1.9484673518208211,1414360,120
14889,1.948848703609519,1414455,120
14890,1.9497783632077255,1414550,120
14891,1.9498681995036364,1414645,120
14892,1.9495576044241119,1414740,120
14893,1.9494033363704188,1414835,120
14894,1.9496938512071571,1414930,120
14895,1.951009982049497,1415025,120
14896,1.9510097204279735,1415120,120
14897,1.9501780940782933,1415215,120
14898,1.9515486670109263,1415310,120
14899,1.9507226398306039,1415405,120
14900,1.9507568920072962,1415500,120
14901,1.9505239587163654,1415595,120
14902,1.9508587493510583,1415690,120
14903,1.9510963656742042,1415785,120
14904,1.9515386519111069,1415880,120
14905,1.9519346679426257,1415975,120
14906,1.9532649748912061,1416070,120
14907,1.952869638453379,1416165,120
14908,1.9522150634288808,1416260,120
14909,1.952577445973587,1416355,120
14910,1.9526649074655338,1416450,120
14911,1.9520814600752647,1416545,120
14912,1.9522111999402367,1416640,120
14913,1.9520446681610462,1416735,120
14914,1.9517180586694061,1416830,120
14915,1.9516276917113402,1416925,120
14916,1.9510176557967598,1417020,120
14917,1.9500712689011819,1417115,120
14918,1.9501637095847402,1417210,120
14919,1.9498570298267541,1417305,120
14920,1.9502380438807281,1417400,120
14921,1.9500374564136393,1417495,120
14922,1.9501504430717358,1417590,120
14923,1.9500455569067532,1417685,120
14924,1.950415054677257,1417780,120
14925,1.9509085963853789,1417875,120
14926,1.9501090476630327,1417970,120
14927,1.9500972709088851,1418065,120
14928,1.9499848443907775,1418160,120
14929,1.9506956256550141,1418255,120
14930,1.9503309199387047,1418350,120
14931,1.9503838569523713,1418445,120
14932,1.9508191414784273,1418540,120
14933,1.9506396344751491,1418635,120
14934,1.9510118942481223,1418730,120
14935,1.9506795450507446,1418825,120
14936,1.9497792266407563,1418920,120
14937,1.9493207650252056,1419015,120
14938,1.9490161369792169,1419110,120
14939,1.9495651752269298,1419205,120
14940,1.9499312951128904,1419300,120
14941,1.9493737746950774,1419395,120
14942,1.9495890665278874,1419490,120
14943,1.9502019107951916,1419585,120
14944,1.949894158654029,1419680,120
14945,1.9495016243553189,1419775,120
14946,1.9500468365245964,1419870,120
14947,1.9489791592253713,1419965,120
14948,1.9490408111294222,1420060,120
14949,1.9482908977329818,1420155,120
14950,1.9477732050951901,1420250,120
14951,1.9468874962631264,1420345,120
14952,1.9466718709651345,1420440,120
14953,1.9468263970308666,1420535,120
14954,1.9464883178104031,1420630,120
14955,1.9465249083688447,1420725,120
14956,1.9471050272769534,1420820,120
14957,1.9481746346727058,1420915,120
14958,1.9477229417163848,1421010,120
14959,1.9491981996812724,1421105,120
14960,1.950238014646221,1421200,120
14961,1.9501873581842661,1421295,120
14962,1.9507755678137066,1421390,120
14963,1.9510063769785797,1421485,120
14964,1.9512093538768198,1421580,120
14965,1.9515241694214218,1421675,120
14966,1.9520911587035006,1421770,120
14967,1.9517600069976184,1421865,120
14968,1.9518277004330964,1421960,120
14969,1.9517550676194158,1422055,120
14970,1.9518617978056347,1422150,120
14971,1.9520587391248194,1422245,120
14972,1.9520920897446454,1422340,120
14973,1.9527076408003767,1422435,120
14974,1.9535540931562836,1422530,120
14975,1.9528928829121328,1422625,120
14976,1.9535653760221943,1422720,120
14977,1.9533864119788431,1422815,120
14978,1.9533686949820912,1422910,120
14979,1.9531731148506712,1423005,120
14980,1.9526684967393826,1423100,120
14981,1.9521033980605802,1423195,120
14982,1.9521847159626839,1423290,120
14983,1.951952069365529,1423385,120
14984,1.9522316480281021,1423480,120
14985,1.9522444289476735,1423575,120
14986,1.9520305643193492,1423670,120
14987,1.9518210356562258,1423765,120
14988,1.9518053686613073,1423860,120
14989,1.9523828873777866,1423955,120
14990,1.9517260094577802,1424050,120
14991,1.9511875425734921,1424145,120
14992,1.9510768351266976,1424240,120
14993,1.9521366691829216,1424335,120
14994,1.9516335383236485,1424430,120
14995,1.9509903844458354,1424525,120
14996,1.9508769098785264,1424620,120
14997,1.9510505602332697,1424715,120
14998,1.9506333511041569,1424810,120
14999,1.950345471407803,1424905,120
15000,1.9503367058695542,1425000,120
15001,1.9524634833268404,1425095,120
15002,1.9529288539968259,1425190,120
15003,1.9519824718881829,1425285,120
15004,1.9514657947715972,1425380,120
15005,1.9509585164480674,1425475,120
15006,1.9509286286137515,1425570,120
15007,1.9504641654838473,1425665,120
15008,1.9498213634068147,1425760,120
15009,1.9494690922247482,1425855,120
15010,1.9495875316496278,1425950,120
15011,1.9498791248541703,1426045,120
15012,1.9506599230994452,1426140,120
15013,1.9508572125326136,1426235,120
15014,1.9500419102552606,1426330,120
15015,1.9504530988094284,1426425,120
15016,1.9507641963161593,1426520,120
15017,1.9507287368673323,1426615,120
15018,1.9508157051335864,1426710,120
15019,1.9502612457802426,1426805,120
15020,1.9501875808602729,1426900,120
15021,1.9505730205364218,1426995,120
15022,1.9506911126482838,1427090,120
15023,1.9508062014256604,1427185,120
15024,1.951611000346227,1427280,120
15025,1.9517258364185599,1427375,120
15026,1.9545386765951842,1427470,120
15027,1.9540389426307379,1427565,120
15028,1.9544345366782396,1427660,120
15029,1.9540361352197908,1427755,120
15030,1.9527044757574548,1427850,120
15031,1.9543152177287118,1427945,120
15032,1.9554999880547763,1428040,120
15033,1.9550502067531574,1428135,120
15034,1.9554628754472525,1428230,120
15035,1.9553991057130324,1428325,120
15036,1.9547489757508381,1428420,120
15037,1.9549603735215928,1428515,120
15038,1.9552631018358249,1428610,120
15039,1.955961699994204,1428705,120
15040,1.9570651161045149,1428800,120
15041,1.9576321179226641,1428895,120
15042,1.9576379250220524,1428990,120
15043,1.9578016587992459,1429085,120
15044,1.9574459415246828,1429180,120
15045,1.9587392478980863,1429275,120
15046,1.9580563387042715,1429370,120
15047,1.9584003870924676,1429465,120
15048,1.9575259056866399,1429560,120
15049,1.9571993365534648,1429655,120
15050,1.9571086737141279,1429750,120
15051,1.9565511872104822,1429845,120
15052,1.9568765242288844,1429940,120
15053,1.9578854456557733,1430035,120
15054,1.9587813924469963,1430130,120
15055,1.9586025780541378,1430225,120
15056,1.9582341265270053,1430320,120
15057,1.9580180479117559,1430415,120
15058,1.9575511351566648,1430510,120
15059,1.9600270663077315,1430605,120
15060,1.9603566710890803,1430700,120
15061,1.9603040897155299,1430795,120
15062,1.9611221535280898,1430890,120
15063,1.9616840580746631,1430985,120
15064,1.9610938194110705,1431080,120
15065,1.9620778897596118,1431175,120
15066,1.9622899488726147,1431270,120
15067,1.9613140243417875,1431365,120
15068,1.960750301820281,1431460,120
15069,1.9598992528600181,1431555,120
15070,1.9595133792708306,1431650,120
15071,1.9593165555966161,1431745,120
15072,1.959084347904744,1431840,120
15073,1.9579214507438663,1431935,120
15074,1.9579068515870515,1432030,120
15075,1.9581740998699018,1432125,120
15076,1.9604005928313075,1432220,120
15077,1.9611792643840487,1432315,120
15078,1.96177589863034,1432410,120
15079,1.9613997149942508,1432505,120
15080,1.9617073318685141,1432600,120
15081,1.9615084228253121,1432695,120
15082,1.9616651354574592,1432790,120
15083,1.961611186094369,1432885,120
15084,1.961681064389611,1432980,120
15085,1.9608801069956359,1433075,120
15086,1.9610635715693789,1433170,120
15087,1.9611927894970962,1433265,120
15088,1.9609911490980032,1433360,120
15089,1.9621647638726698,1433455,120
15090,1.9621181477073468,1433550,120
15091,1.9625521863578532,1433645,120
15092,1.9627618855283193,1433740,120
15093,1.9630761797837437,1433835,120
15094,1.9621449471955514,1433930,120
15095,1.9615344261608365,1434025,120
15096,1.9612702534174864,1434120,120
15097,1.9609836686196056,1434215,120
15098,1.960734799904432,1434310,120
15099,1.9612509767697226,1434405,120
15100,1.9608054310840382,1434500,120
15101,1.9611113220371588,1434595,120
15102,1.9609844033662716,1434690,120
15103,1.9609105636503945,1434785,120
15104,1.9601384539529705,1434880,120
15105,1.9617623608324732,1434975,120
15106,1.9616829029184386,1435070,120
15107,1.9612111598576669,1435165,120
15108,1.9610527171536278,1435260,120
15109,1.9613778044612804,1435355,120
15110,1.9623747621084087,1435450,120
15111,1.9623758470487278,1435545,120
15112,1.9627882930612595,1435640,120
15113,1.9632097585052686,1435735,120
15114,1.9641604830940949,1435830,120
15115,1.9640224254808345,1435925,120
15116,1.963482703113669,1436020,120
15117,1.9628678749268471,1436115,120
15118,1.9620584370508065,1436210,120
15119,1.9622015506959802,1436305,120
15120,1.962031569341635,1436400,120
15121,1.9621411985333301,1436495,120
15122,1.9621085725478726,1436590,120
15123,1.9622054105422866,1436685,120
15124,1.9625973339675473,1436780,120
15125,1.963407829795327,1436875,120
15126,1.9634312698156218,1436970,120
15127,1.9643142177280939,1437065,120
15128,1.9639270035792114,1437160,120
15129,1.963877392513367,1437255,120
15130,1.9636025174760403,1437350,120
15131,1.9644999684503495,1437445,120
15132,1.9646699291977217,1437540,120
15133,1.9651200731537506,1437635,120
15134,1.9646735234640458,1437730,120
15135,1.9651805224768553,1437825,120
15136,1.9647330291878278,1437920,120
15137,1.9643756752319104,1438015,120
15138,1.9652548113405872,1438110,120
15139,1.9658738644564493,1438205,120
15140,1.9670076849060907,1438300,120
15141,1.9672547648639425,1438395,120
15142,1.9667954294412024,1438490,120
15143,1.9656381874007138,1438585,120
15144,1.9656402121664946,1438680,120
15145,1.9656125353806864,1438775,120
15146,1.9651127803259261,1438870,120
15147,1.9647591634931587,1438965,120
15148,1.9668748308764989,1439060,120
15149,1.9658148396278403,1439155,120
15150,1.966878289031506,1439250,120
15151,1.967099975426613,1439345,120
15152,1.967374330675371,1439440,120
15153,1.9669629459743783,1439535,120
15154,1.9674733711590595,1439630,120
15155,1.9682144375189197,1439725,120
15156,1.9687629491709637,1439820,120
15157,1.9686618959601023,1439915,120
15158,1.9700573094135401,1440010,120
15159,1.9695052067826171,1440105,120
15160,1.9700679878792877,1440200,120
15161,1.9701265147851161,1440295,120
15162,1.9699925181294611,1440390,120
15163,1.9695311653443832,1440485,120
15164,1.970709647177624,1440580,120
15165,1.9707026095891516,1440675,120
15166,1.969838680339377,1440770,120
15167,1.9690491857975356,1440865,120
15168,1.9692167509734513,1440960,120
15169,1.969238541010885,1441055,120
15170,1.9694218143623385,1441150,120
15171,1.9703931143197511,1441245,120
15172,1.9691372248030328,1441340,120
15173,1.9685608065427325,1441435,120
15174,1.9689084093739397,1441530,120
15175,1.968380706829775,1441625,120
15176,1.9688109953665691,1441720,120
15177,1.9689362122786034,1441815,120
15178,1.9686602361327528,1441910,120
15179,1.9690979702080902,1442005,120
15180,1.9694112830932018,1442100,120
15181,1.9691555682016366,1442195,120
15182,1.9690197333214361,1442290,120
15183,1.9680747412283353,1442385,120
15184,1.9684357821632277,1442480,120
15185,1.9676093654533287,1442575,120
15186,1.9667677058622381,1442670,120
15187,1.9663441340868393,1442765,120
15188,1.9666102134505443,1442860,120
15189,1.9672843084416991,1442955,120
15190,1.9672742220857407,1443050,120
15191,1.9670026352396019,1443145,120
15192,1.9670649461354581,1443240,120
15193,1.9664569195637465,1443335,120
15194,1.9661625144372084,1443430,120
15195,1.9664836876549807,1443525,120
15196,1.9678073120353854,1443620,120
15197,1.9680961764088547,1443715,120
15198,1.9683730012635103,1443810,120
15199,1.968125855704955,1443905,120
15200,1.9689471088461517,1444000,120
15201,1.9686651874163548,1444095,120
15202,1.9685119213381224,1444190,120
15203,1.9689389164213376,1444285,120
15204,1.9697025943364337,1444380,120
15205,1.9690950660624922,1444475,120
15206,1.9690401023645077,1444570,120
15207,1.9686778437991623,1444665,120
15208,1.9714487449337954,1444760,120
15209,1.9706259497548988,1444855,120
15210,1.9706570106932029,1444950,120
15211,1.970896538455249,1445045,120
15212,1.9713289822260249,1445140,120
15213,1.9708165638021569,1445235,120
15214,1.970025313817497,1445330,120
15215,1.9701241635136273,1445425,120
15216,1.9709403915414567,1445520,120
15217,1.9714093986762249,1445615,120
15218,1.9715434669994727,1445710,120
15219,1.9704799390916987,1445805,120
15220,1.9704535089667685,1445900,120
15221,1.97042847786762,1445995,120
15222,1.9706767424747307,1446090,120
15223,1.9702126547380123,1446185,120
15224,1.9705386977412198,1446280,120
15225,1.9696334044289452,1446375,120
15226,1.9694947319459304,1446470,120
15227,1.9705128129640084,1446565,120
15228,1.9700769107734499,1446660,120
15229,1.9712511687127687,1446755,120
15230,1.9711845297014008,1446850,120
15231,1.9720196682034792,1446945,120
15232,1.9721381037378818,1447040,120
15233,1.9713990204948617,1447135,120
15234,1.9725919328069716,1447230,120
15235,1.9725118513681097,1447325,120
15236,1.9727864656254717,1447420,120
15237,1.9722944429002369,1447515,120
15238,1.9721457104895748,1447610,120
15239,1.9716912514762917,1447705,120
15240,1.9717941790597346,1447800,120
15241,1.971758066255725,1447895,120
15242,1.971464954677377,1447990,120
15243,1.9712161173640219,1448085,120
15244,1.9706996223052498,1448180,120
15245,1.9715125263264914,1448275,120
15246,1.971361501635349,1448370,120
15247,1.9709640655684215,1448465,120
15248,1.9710168739949774,1448560,120
15249,1.9711790655251193,1448655,120
15250,1.9723831122500748,1448750,120
15251,1.9722461777599238,1448845,120
15252,1.9720699669044139,1448940,120
15253,1.9725036203211885,1449035,120
15254,1.9718380950928387,1449130,120
15255,1.9718818922333061,1449225,120
15256,1.9737548640384304,1449320,120
15257,1.9733346885353189,1449415,120
15258,1.9725056837884243,1449510,120
15259,1.9725705714430219,1449605,120
15260,1.9721685861165572,1449700,120
15261,1.9714801772398116,1449795,120
15262,1.9705766597213465,1449890,120
15263,1.9707761887305115,1449985,120
15264,1.9710743505296788,1450080,120
15265,1.9709540139780404,1450175,120
15266,1.9706583882033288,1450270,120
15267,1.9700498285469337,1450365,120
15268,1.9694274439049728,1450460,120
15269,1.9700296498923529,1450555,120
15270,1.9700097952621245,1450650,120
15271,1.9691637498937109,1450745,120
15272,1.9697387986933199,1450840,120
15273,1.9694464959234492,1450935,120
15274,1.9701600841205074,1451030,120
15275,1.9707961222795525,1451125,120
15276,1.9713054332986846,1451220,120
15277,1.9727283651489271,1451315,120
15278,1.9728440179780056,1451410,120
15279,1.9726251663073517,1451505,120
15280,1.9717949202394154,1451600,120
15281,1.9723547785193418,1451695,120
15282,1.9723165055660588,1451790,120
15283,1.9715919427362942,1451885,120
15284,1.9714282941834569,1451980,120
15285,1.9718301213118832,1452075,120
15286,1.9714255999134245,1452170,120
15287,1.9714312422710611,1452265,120
15288,1.9721566646907376,1452360,120
15289,1.9729105001778144,1452455,120
15290,1.9729343177259733,1452550,120
15291,1.9729041054911656,1452645,120
15292,1.9726534437803123,1452740,120
15293,1.972546838832743,1452835,120
15294,1.9726701976340857,1452930,120
15295,1.9724090326711612,1453025,120
15296,1.972241181759077,1453120,120
15297,1.9718574870859682,1453215,120
15298,1.971658866137006,1453310,120
15299,1.97154246753409,1453405,120
15300,1.9713192339898495,1453500,120
15301,1.9709568767729411,1453595,120
15302,1.971483780005888,1453690,120
15303,1.9713595648627149,1453785,120
15304,1.9715107196903463,1453880,120
15305,1.9725889360085638,1453975,120
15306,1.9729735173886489,1454070,120
15307,1.9726198979781238,1454165,120
15308,1.9737996498769992,1454260,120
15309,1.9734912484375937,1454355,120
15310,1.9734695034166927,1454450,120
15311,1.9735394046803081,1454545,120
15312,1.9730753021742793,1454640,120
15313,1.97433863841438,1454735,120
15314,1.9742920009304998,1454830,120
15315,1.975012765858829,1454925,120
15316,1.9750463340672162,1455020,120
15317,1.9756327431598011,1455115,120
15318,1.9761316176262551,1455210,120
15319,1.9764281078368178,1455305,120
15320,1.9758904011305103,1455400,120
15321,1.976289216083766,1455495,120
15322,1.9775418425988125,1455590,120
15323,1.977484851184943,1455685,120
15324,1.9766807047042907,1455780,120
15325,1.9769503848677237,1455875,120
15326,1.9783604336446945,1455970,120
15327,1.9793787514914851,1456065,120
15328,1.9817252024142733,1456160,120
15329,1.9816618377837643,1456255,120
15330,1.9816171708917827,1456350,120
15331,1.9812394317728432,1456445,120
15332,1.9807180316507158,1456540,120
15333,1.9800304506426463,1456635,120
15334,1.9806399261519405,1456730,120
15335,1.9812055722319795,1456825,120
15336,1.9803147464247819,1456920,120
15337,1.9794427286068836,1457015,120
15338,1.9791088808357205,1457110,120
15339,1.9785780114950582,1457205,120
15340,1.9781400840654211,1457300,120
15341,1.9775538419263892,1457395,120
15342,1.9778643536992748,1457490,120
15343,1.9786324146076648,1457585,120
15344,1.978535950137944,1457680,120
15345,1.9789085076861381,1457775,120
15346,1.9795148887099525,1457870,120
15347,1.9800518588735401,1457965,120
15348,1.9792775597715166,1458060,120
15349,1.9796295495649872,1458155,120
15350,1.9796909115861716,1458250,120
15351,1.9805976852814837,1458345,120
15352,1.9806984609005849,1458440,120
15353,1.9806445549759062,1458535,120
15354,1.9812998297867679,1458630,120
15355,1.9815007723068196,1458725,120
15356,1.9809941789770444,1458820,120
15357,1.9811357283831419,1458915,120
15358,1.980547072350302,1459010,120
15359,1.9818137982614503,1459105,120
15360,1.9822223643142121,1459200,120
15361,1.9815569681810348,1459295,120
15362,1.9825972720322145,1459390,120
15363,1.9830419074747454,1459485,120
15364,1.9826585295659658,1459580,120
15365,1.9819456533193087,1459675,120
15366,1.9827427644815334,1459770,120
15367,1.9826875414984839,1459865,120
15368,1.9838711361396044,1459960,120
15369,1.9837822924480029,1460055,120
15370,1.9839710291032993,1460150,120
15371,1.9841768300727605,1460245,120
15372,1.9849599541760281,1460340,120
15373,1.9850456410376534,1460435,120
15374,1.9851055540122036,1460530,120
15375,1.9858447129627292,1460625,120
15376,1.9857867516147334,1460720,120
15377,1.985661959048826,1460815,120
15378,1.9852718526646338,1460910,120
15379,1.9850276693507911,1461005,120
15380,1.984619579647229,1461100,120
15381,1.9850480181952455,1461195,120
15382,1.9859048508019039,1461290,120
15383,1.9854168453845598,1461385,120
15384,1.9850730105740375,1461480,120
15385,1.9850262468687134,1461575,120
15386,1.9845548470123544,1461670,120
15387,1.9846977399732459,1461765,120
15388,1.9842926963175898,1461860,120
15389,1.9842082960629022,1461955,120
15390,1.9846916667389642,1462050,120
15391,1.9852962400246907,1462145,120
15392,1.9850634375608307,1462240,120
15393,1.984625367357618,1462335,120
15394,1.9851781210918691,1462430,120
15395,1.983907287878554,1462525,120
15396,1.9839412181779068,1462620,120
15397,1.9827589967798707,1462715,120
15398,1.9820075617816684,1462810,120
15399,1.9819571493169368,1462905,120
15400,1.9817183356828028,1463000,120
15401,1.9832534498308663,1463095,120
15402,1.9828027202273113,1463190,120
15403,1.9834797582341395,1463285,120
15404,1.984184368620814,1463380,120
15405,1.9850697254691356,1463475,120
15406,1.9860640657920707,1463570,120
15407,1.9855232307267152,1463665,120
15408,1.986360922250366,1463760,120
15409,1.9865786754689816,1463855,120
15410,1.986053251616497,1463950,120
15411,1.9869584351176448,1464045,120
15412,1.9872200377083431,1464140,120
15413,1.9871743843479359,1464235,120
15414,1.9866081214271727,1464330,120
15415,1.9869228984801348,1464425,120
15416,1.9866702553073445,1464520,120
15417,1.9874528255941863,1464615,120
15418,1.9877651235271319,1464710,120
15419,1.9889932430851449,1464805,120
15420,1.9893631416925448,1464900,120
15421,1.9889515396948585,1464995,120
15422,1.9892430877873606,1465090,120
15423,1.9893301525217282,1465185,120
15424,1.9905435725434091,1465280,120
15425,1.9906132613445431,1465375,120
15426,1.9910169080719948,1465470,120
15427,1.9910277263614367,1465565,120
15428,1.9905625993032343,1465660,120
15429,1.9905980611697329,1465755,120
15430,1.9916640133752177,1465850,120
15431,1.9918296307000862,1465945,120
15432,1.9925966221156937,1466040,120
15433,1.9931187591033059,1466135,120
15434,1.9933337343666686,1466230,120
15435,1.993051421133599,1466325,120
15436,1.9928988043862215,1466420,120
15437,1.9919322481049717,1466515,120
15438,1.9921042233409174,1466610,120
15439,1.991866233732938,1466705,120
15440,1.9911658979909652,1466800,120
15441,1.9909659268679105,1466895,120
15442,1.9905260111675072,1466990,120
15443,1.9913732923182459,1467085,120
15444,1.9912601447014211,1467180,120
15445,1.9912708205130523,1467275,120
15446,1.9908473392274544,1467370,120
15447,1.9913654066890967,1467465,120
15448,1.991386138963593,1467560,120
15449,1.9913823872029743,1467655,120
15450,1.9912928640690983,1467750,120
15451,1.9909120247206611,1467845,120
15452,1.9908721549942106,1467940,120
15453,1.9906072049296761,1468035,120
15454,1.9913023991256029,1468130,120
15455,1.9914664557575557,1468225,120
15456,1.9919487236808389,1468320,120
15457,1.9914729684472057,1468415,120
15458,1.9906391481425196,1468510,120
15459,1.9900509985754291,1468605,120
15460,1.9903378865110712,1468700,120
15461,1.9893546599596603,1468795,120
15462,1.988768573971551,1468890,120
15463,1.987876863794201,1468985,120
15464,1.9884612504608572,1469080,120
15465,1.9881333510010233,1469175,120
15466,1.9889158963860289,1469270,120
15467,1.9896267231072147,1469365,120
15468,1.9900997553017294,1469460,120
15469,1.9898626832524833,1469555,120
15470,1.9894278796115472,1469650,120
15471,1.9900512013030394,1469745,120
15472,1.9891771974624626,1469840,120
15473,1.9894282545800581,1469935,120
15474,1.9888698868928176,1470030,120
15475,1.9893977221159285,1470125,120
15476,1.9894370086914039,1470220,120
15477,1.9894154365836068,1470315,120
15478,1.989859800003174,1470410,120
15479,1.9897749718223185,1470505,120
15480,1.9898132931711952,1470600,120
15481,1.9899630343494832,1470695,120
15482,1.9903858214916084,1470790,120
15483,1.9907943022013821,1470885,120
15484,1.9907673910286863,1470980,120
15485,1.9905895672032867,1471075,120
15486,1.989908590875149,1471170,120
15487,1.9894404770623479,1471265,120
15488,1.9900464198120309,1471360,120
15489,1.9903939786235374,1471455,120
15490,1.9895599466729941,1471550,120
15491,1.99021956249374,1471645,120
15492,1.9896315895758803,1471740,120
15493,1.9892369386688185,1471835,120
15494,1.9894836199753594,1471930,120
15495,1.9895738092250022,1472025,120
15496,1.9901837083450893,1472120,120
15497,1.990142908606662,1472215,120
15498,1.992263832104779,1472310,120
15499,1.991778805343871,1472405,120
15500,1.9920418543534655,1472500,120
15501,1.9932112847749606,1472595,120
15502,1.9931096290865866,1472690,120
15503,1.9925936028466897,1472785,120
15504,1.9925630416582498,1472880,120
15505,1.992144185547545,1472975,120
15506,1.9927119034226208,1473070,120
15507,1.9919886783491967,1473165,120
15508,1.9928961176364182,1473260,120
15509,1.9919108415392022,1473355,120
15510,1.9922918888421544,1473450,120
15511,1.9925532420356524,1473545,120
15512,1.9931391433893373,1473640,120
15513,1.9933387122999455,1473735,120
15514,1.9933681924911479,1473830,120
15515,1.9938540519364913,1473925,120
15516,1.9942165812661639,1474020,120
15517,1.9945942687248295,1474115,120
15518,1.9945998262889395,1474210,120
15519,1.99436638248108,1474305,120
15520,1.9932718290537614,1474400,120
15521,1.9943574642976485,1474495,120
15522,1.9941238428330856,1474590,120
15523,1.9937496105248043,1474685,120
15524,1.993647833242068,1474780,120
15525,1.9936137332583139,1474875,120
15526,1.9928891325149152,1474970,120
15527,1.9929400314233245,1475065,120
15528,1.9915901971598355,1475160,120
15529,1.9910335646073294,1475255,120
15530,1.990793755033925,1475350,120
15531,1.9910012350445658,1475445,120
15532,1.9918813472082439,1475540,120
15533,1.9907446976222816,1475635,120
15534,1.9910146786434806,1475730,120
15535,1.9905715267773108,1475825,120
15536,1.9901378885830059,1475920,120
15537,1.9905927732703355,1476015,120
15538,1.990674456673257,1476110,120
15539,1.9900943145062961,1476205,120
15540,1.9907443463680299,1476300,120
15541,1.9911023307255524,1476395,120
15542,1.9907567256830778,1476490,120
15543,1.9904837673123885,1476585,120
15544,1.9901356056777944,1476680,120
15545,1.9899842643362866,1476775,120
15546,1.9903495321716802,1476870,120
15547,1.9902586025525624,1476965,120
15548,1.9901015017492205,1477060,120
15549,1.989402673818395,1477155,120
15550,1.9897743287737073,1477250,120
15551,1.9894874387716737,1477345,120
15552,1.9895215233365628,1477440,120
15553,1.9890791745141163,1477535,120
15554,1.9895038000627143,1477630,120
15555,1.9891009354789266,1477725,120
15556,1.9883120665594918,1477820,120
15557,1.9878380994562672,1477915,120
15558,1.9872663169870066,1478010,120
15559,1.9865979486975744,1478105,120
15560,1.9862352622559418,1478200,120
15561,1.98601352239161,1478295,120
15562,1.9859237300063042,1478390,120
15563,1.9849411815999813,1478485,120
15564,1.9845455680401107,1478580,120
15565,1.9847203185319251,1478675,120
15566,1.9840278144299577,1478770,120
15567,1.9845129138701014,1478865,120
15568,1.985049341471218,1478960,120
15569,1.9850665380366941,1479055,120
15570,1.9848996276026984,1479150,120
15571,1.9838741848348234,1479245,120
15572,1.9832267135420225,1479340,120
15573,1.9826143964639413,1479435,120
15574,1.9825965582764769,1479530,120
15575,1.9825626679551929,1479625,120
15576,1.9820893189994058,1479720,120
15577,1.9824179513761233,1479815,120
15578,1.9820650356034066,1479910,120
15579,1.9828182201028892,1480005,120
15580,1.9827617439855107,1480100,120
15581,1.9825169318930838,1480195,120
15582,1.9823523135406469,1480290,120
15583,1.9818852595098961,1480385,120
15584,1.9820951321720353,1480480,120
15585,1.9818651248174366,1480575,120
15586,1.9811686838595977,1480670,120
15587,1.9808129177582792,1480765,120
15588,1.9804958695133075,1480860,120
15589,1.9805206358845007,1480955,120
15590,1.9803704863818017,1481050,120
15591,1.9814385493186688,1481145,120
15592,1.9817372670412872,1481240,120
15593,1.9831602554859442,1481335,120
15594,1.9838444069143906,1481430,120
15595,1.9838833869826369,1481525,120
15596,1.9842157990273388,1481620,120
15597,1.9835611247309071,1481715,120
15598,1.9844024465055443,1481810,120
15599,1.9838019389497523,1481905,120
15600,1.9846976792880704,1482000,120
15601,1.9844467294280788,1482095,120
15602,1.9840791959890707,1482190,120
15603,1.9841250045927583,1482285,120
15604,1.9840523005267292,1482380,120
15605,1.9850752440691577,1482475,120
15606,1.9862183646763427,1482570,120
15607,1.9866852387080352,1482665,120
15608,1.9866312098689305,1482760,120
15609,1.9881577786997675,1482855,120
15610,1.9881826868406973,1482950,120
15611,1.9887588882511802,1483045,120
15612,1.9885601650779425,1483140,120
15613,1.9887638409030519,1483235,120
15614,1.9889000647906137,1483330,120
15615,1.9886430061273921,1483425,120
15616,1.9883413676490456,1483520,120
15617,1.9878189997798208,1483615,120
15618,1.9871000055127004,1483710,120
15619,1.9873982499889442,1483805,120
15620,1.9880273374780697,1483900,120
15621,1.9881648890425221,1483995,120
15622,1.9879939561285462,1484090,120
15623,1.9889594144756695,1484185,120
15624,1.9897260055449009,1484280,120
15625,1.9896098010438865,1484375,120
15626,1.9885614648446424,1484470,120
15627,1.9887867894339211,1484565,120
15628,1.9897439016219725,1484660,120
15629,1.9889849360881611,1484755,120
15630,1.9889068329876363,1484850,120
15631,1.9885041846013889,1484945,120
15632,1.9893330970903043,1485040,120
15633,1.9887995423938782,1485135,120
15634,1.9885603120620308,1485230,120
15635,1.9902862575554419,1485325,120
15636,1.9898588881264478,1485420,120
15637,1.9893883906596326,1485515,120
15638,1.9880546768684355,1485610,120
15639,1.9877140005900329,1485705,120
15640,1.987294383979769,1485800,120
15641,1.9876281758584955,1485895,120
15642,1.9878807614950944,1485990,120
15643,1.9880177479495895,1486085,120
15644,1.9876878685508019,1486180,120
15645,1.9882122162065001,1486275,120
15646,1.9885493868135726,1486370,120
15647,1.987945343000451,1486465,120
15648,1.9877524432084352,1486560,120
15649,1.9871152732587154,1486655,120
15650,1.9872620135413195,1486750,120
15651,1.9872914184905006,1486845,120
15652,1.9868720513013385,1486940,120
15653,1.9864515511997285,1487035,120
15654,1.986612962507007,1487130,120
15655,1.9863876000094243,1487225,120
15656,1.9871852062028852,1487320,120
15657,1.986341641562053,1487415,120
15658,1.9869466686627086,1487510,120
15659,1.9865526481390481,1487605,120
15660,1.9871174511812808,1487700,120
15661,1.9870513494242747,1487795,120
15662,1.987163992734021,1487890,120
15663,1.9868078285574446,1487985,120
15664,1.9865775466806002,1488080,120
15665,1.986644740028833,1488175,120
15666,1.9877975962387915,1488270,120
15667,1.9873873742263357,1488365,120
15668,1.9879104628945181,1488460,120
15669,1.9880757896682717,1488555,120
15670,1.9879226346714298,1488650,120
15671,1.9876936925363977,1488745,120
15672,1.9877366846026781,1488840,120
15673,1.9891053953602729,1488935,120
15674,1.988206306987234,1489030,120
15675,1.9879575611628955,1489125,120
15676,1.9878891135707939,1489220,120
15677,1.9876257217031179,1489315,120
15678,1.9879582405942604,1489410,120
15679,1.9889646141179216,1489505,120
15680,1.9897147403872799,1489600,120
15681,1.9894364016045836,1489695,120
15682,1.9892729591002358,1489790,120
15683,1.9879472180870357,1489885,120
15684,1.9876862922976459,1489980,120
15685,1.9872732734818892,1490075,120
15686,1.987237783353349,1490170,120
15687,1.9884945053664933,1490265,120
15688,1.9887790651004125,1490360,120
15689,1.9883919873997595,1490455,120
15690,1.9879158998676438,1490550,120
15691,1.9882270117321743,1490645,120
15692,1.9880699695597772,1490740,120
15693,1.9884295196924613,1490835,120
15694,1.988517503802095,1490930,120
15695,1.9881015635694288,1491025,120
15696,1.9873348488107505,1491120,120
15697,1.9869568238050832,1491215,120
15698,1.988372510506597,1491310,120
15699,1.9886629860119172,1491405,120
15700,1.9881899738011988,1491500,120
15701,1.9880448011379814,1491595,120
15702,1.9885967143029264,1491690,120
15703,1.9881155728950819,1491785,120
15704,1.9875191444482219,1491880,120
15705,1.9876071536998612,1491975,120
15706,1.987899912238515,1492070,120
15707,1.989588879613126,1492165,120
15708,1.9899205705704424,1492260,120
15709,1.9905166980352011,1492355,120
15710,1.9907488168776557,1492450,120
15711,1.9913684503117877,1492545,120
15712,1.9920709861491344,1492640,120
15713,1.9937547779936915,1492735,120
15714,1.996165470098177,1492830,120
15715,1.9969193325040295,1492925,120
15716,1.9969876311519206,1493020,120
15717,1.9970450620065903,1493115,120
15718,1.9969783709825137,1493210,120
15719,1.9968699025561469,1493305,120
15720,1.9969439328664995,1493400,120
15721,1.9959029767063827,1493495,120
15722,1.995276017033732,1493590,120
15723,1.9956831177186456,1493685,120
15724,1.9948908662915159,1493780,120
15725,1.9957833417010964,1493875,120
15726,1.9967994280859962,1493970,120
15727,1.9986901873548477,1494065,120
15728,1.9988809566987034,1494160,120
15729,1.9980586165012535,1494255,120
15730,1.9986093943484176,1494350,120
15731,1.9988755768147455,1494445,120
15732,1.998422565733831,1494540,120
15733,1.9984219328299324,1494635,120
15734,1.9986206710784415,1494730,120
15735,1.9978292315532593,1494825,120
15736,1.9981170285700978,1494920,120
15737,1.9975552696271028,1495015,120
15738,1.9974709008449494,1495110,120
15739,1.996540261336567,1495205,120
15740,1.9964919615439582,1495300,120
15741,1.9959988905028609,1495395,120
15742,1.9957824142900273,1495490,120
15743,1.9949308283760943,1495585,120
15744,1.9947857039599599,1495680,120
15745,1.9962039750707803,1495775,120
15746,1.9957880706582409,1495870,120
15747,1.9954751128629873,1495965,120
15748,1.9972409042622949,1496060,120
15749,1.9968066622826373,1496155,120
15750,1.9970343829482553,1496250,120
15751,1.9970439768430117,1496345,120
15752,1.9962338276084679,1496440,120
15753,1.9966475321238422,1496535,120
15754,1.9957933368960254,1496630,120
15755,1.9954494719612101,1496725,120
15756,1.995496314970906,1496820,120
15757,1.9959203611458995,1496915,120
15758,1.9953942509498408,1497010,120
15759,1.9967398327392656,1497105,120
15760,1.9976189396004538,1497200,120
15761,1.998292092967509,1497295,120
15762,1.9977128504681467,1497390,120
15763,1.9985730353844655,1497485,120
15764,1.9990341414196351,1497580,120
15765,1.9994740453334572,1497675,120
15766,1.9996122694735539,1497770,120
15767,1.9995385236978069,1497865,120
15768,1.9993562643287786,1497960,120
15769,2.0005588864297659,1498055,120
15770,1.9999624314976803,1498150,120
15771,1.9995844525533999,1498245,120
15772,1.9993263527731027,1498340,120
15773,1.9999324942723429,1498435,120
15774,1.999073631394259,1498530,120
15775,1.9983041533981594,1498625,120
15776,1.9990570108098804,1498720,120
15777,1.9987400010296998,1498815,120
15778,1.9983454217078171,1498910,120
15779,1.9972863572014457,1499005,120
15780,1.9967943042413951,1499100,120
15781,1.9964514095326544,1499195,120
15782,1.9968846890390359,1499290,120
15783,1.9966723989284434,1499385,120
15784,1.997575929904214,1499480,120
15785,1.9976841124166904,1499575,120
15786,1.9979405911564541,1499670,120
15787,1.9982223257653493,1499765,120
15788,1.9991575404386279,1499860,120
15789,1.9994379480105549,1499955,120
15790,1.9992908491709873,1500050,120
15791,1.9990230466422179,1500145,120
15792,1.9992156804015875,1500240,120
15793,1.9983748372556678,1500335,120
15794,1.999369682054849,1500430,120
15795,1.9983796341029139,1500525,120
15796,1.9980675487660993,1500620,120
15797,1.9982320498249073,1500715,120
15798,1.9986158689054032,1500810,120
15799,1.9975086005892022,1500905,120
15800,1.996909671410914,1501000,120
15801,1.996584275303064,1501095,120
15802,1.996572440501867,1501190,120
15803,1.9981487164765996,1501285,120
15804,1.9986481369788316,1501380,120
15805,1.9987240435189471,1501475,120
15806,1.9990402733549968,1501570,120
15807,1.9995113828005129,1501665,120
15808,2.0000646327193197,1501760,120
15809,1.9998628302643529,1501855,120
15810,1.9993409128300093,1501950,120
15811,1.9994818542406501,1502045,120
15812,1.9993281953926672,1502140,120
15813,1.9989880156913118,1502235,120
15814,1.9981937667476366,1502330,120
15815,1.9980637610326741,1502425,120
15816,1.99773695737243,1502520,120
15817,1.9973122999435646,1502615,120
15818,1.9983609740956498,1502710,120
15819,1.9977802306853758,1502805,120
15820,1.9981256777483167,1502900,120
15821,1.9973601251455702,1502995,120
15822,1.9975695226578205,1503090,120
15823,1.9972178212905776,1503185,120
15824,1.9971102896997748,1503280,120
15825,1.9965393252762842,1503375,120
15826,1.9962783482754021,1503470,120
15827,1.9968748733120649,1503565,120
15828,1.9969716650562983,1503660,120
15829,1.9967772270213677,1503755,120
15830,1.9964705088412147,1503850,120
15831,1.9971038297390964,1503945,120
15832,1.9970150705518921,1504040,120
15833,1.9970808296947729,1504135,120
15834,1.9979016489788914,1504230,120
15835,1.9975667811044087,1504325,120
15836,1.99686987760396,1504420,120
15837,1.9967738105882156,1504515,120
15838,1.9964135175027831,1504610,120
15839,1.996534017838113,1504705,120
15840,1.9964404001779219,1504800,120
15841,1.9975589334037684,1504895,120
15842,1.9987909707243172,1504990,120
15843,1.9987159546547242,1505085,120
15844,1.9982112231870488,1505180,120
15845,1.9984339551331669,1505275,120
15846,2.0007635844122182,1505370,120
15847,2.0005315482671762,1505465,120
15848,2.0017227588496165,1505560,120
15849,2.0019461611627438,1505655,120
15850,2.0018285188197935,1505750,120
15851,2.0012374219741429,1505845,120
15852,2.0008448653249391,1505940,120
15853,2.0014765496556182,1506035,120
15854,2.0024008319036981,1506130,120
15855,2.002946733354801,1506225,120
15856,2.0028049231467673,1506320,120
15857,2.0032259762367164,1506415,120
15858,2.0045091724157036,1506510,120
15859,2.00398796700531,1506605,120
15860,2.0047002037699326,1506700,120
15861,2.0045075095022682,1506795,120
15862,2.004241396705523,1506890,120
15863,2.0042102508099666,1506985,120
15864,2.0054775579576862,1507080,120
15865,2.0063901288566859,1507175,120
15866,2.0057794799970585,1507270,120
15867,2.0062311231412431,1507365,120
15868,2.0059795977861477,1507460,120
15869,2.006094334760689,1507555,120
15870,2.0056890611420246,1507650,120
15871,2.0063535275339475,1507745,120
15872,2.0056851655954357,1507840,120
15873,2.0067772414108749,1507935,120
15874,2.0063696166087222,1508030,120
15875,2.0064287368307889,1508125,120
15876,2.0058395695393632,1508220,120
15877,2.0055445898454067,1508315,120
15878,2.0051695200047908,1508410,120
15879,2.0045651768303747,1508505,120
15880,2.0045380455329873,1508600,120
15881,2.0042573009715601,1508695,120
15882,2.0049337516643591,1508790,120
15883,2.0052390156251398,1508885,120
15884,2.0049567844920606,1508980,120
15885,2.0069388151655434,1509075,120
15886,2.0067413972414743,1509170,120
15887,2.0075823908013479,1509265,120
15888,2.0072108840835217,1509360,120
15889,2.0075806049193803,1509455,120
15890,2.0079311275849543,1509550,120
15891,2.0083427049900804,1509645,120
15892,2.0083201822420311,1509740,120
15893,2.009140523581233,1509835,120
15894,2.0094632983067346,1509930,120
15895,2.0102453411817574,1510025,120
15896,2.0103617782490399,1510120,120
15897,2.0098042633965161,1510215,120
15898,2.0097903572325855,1510310,120
15899,2.0099068166500582,1510405,120
15900,2.010155785096245,1510500,120
15901,2.0099797160512733,1510595,120
15902,2.0103422893261396,1510690,120
15903,2.0111313363289609,1510785,120
15904,2.0116272499244339,1510880,120
15905,2.0109894633234164,1510975,120
15906,2.0108045985345488,1511070,120
15907,2.0108811426356494,1511165,120
15908,2.0105298349632892,1511260,120
15909,2.0113422398704119,1511355,120
15910,2.0114950894422812,1511450,120
15911,2.0124190220110818,1511545,120
15912,2.013374723043964,1511640,120
15913,2.0136806921933927,1511735,120
15914,2.0137327495601296,1511830,120
15915,2.0135507390280587,1511925,120
15916,2.0134921227050344,1512020,120
15917,2.0135571660222871,1512115,120
15918,2.0134207348392463,1512210,120
15919,2.0138886611620279,1512305,120
15920,2.0136777811356898,1512400,120
15921,2.014555135805375,1512495,120
15922,2.0140555571612686,1512590,120
15923,2.0152396028472825,1512685,120
15924,2.0162560643258822,1512780,120
15925,2.0164057268946309,1512875,120
15926,2.0168508944699481,1512970,120
15927,2.0165881179723262,1513065,120
15928,2.0172695877789248,1513160,120
15929,2.0182727595862056,1513255,120
15930,2.0181757973354211,1513350,120
15931,2.0182028563972025,1513445,120
15932,2.0187325011622521,1513540,120
15933,2.018261776375565,1513635,120
15934,2.0181513009245382,1513730,120
15935,2.0176257264906896,1513825,120
15936,2.0173643923656579,1513920,120
15937,2.0170310697376213,1514015,120
15938,2.0174648743124464,1514110,120
15939,2.0166087423582293,1514205,120
15940,2.0167189634149221,1514300,120
15941,2.0171599749101934,1514395,120
15942,2.0169935456789059,1514490,120
15943,2.0164288061094418,1514585,120
15944,2.0169598081787132,1514680,120
15945,2.0182187254218884,1514775,120
15946,2.0187772500125982,1514870,120
15947,2.0188601176398002,1514965,120
15948,2.0189467433016159,1515060,120
15949,2.0187284478803891,1515155,120
15950,2.0189080727481081,1515250,120
15951,2.0187849778555855,1515345,120
15952,2.0191789693057434,1515440,120
15953,2.0184174193513353,1515535,120
15954,2.0187213493202356,1515630,120
15955,2.0183840253131273,1515725,120
15956,2.0175368745674196,1515820,120
15957,2.0174515781076359,1515915,120
15958,2.0166054973140164,1516010,120
15959,2.0161548131126814,1516105,120
15960,2.0162996478669188,1516200,120
15961,2.0163118603811832,1516295,120
15962,2.0165684975406988,1516390,120
15963,2.0157437400972982,1516485,120
15964,2.0160013864544641,1516580,120
15965,2.0151536226570816,1516675,120
15966,2.0159735065333191,1516770,120
15967,2.0159665983668558,1516865,120
15968,2.0156927729441985,1516960,120
15969,2.0154542603060102,1517055,120
15970,2.016560661307242,1517150,120
15971,2.0165687711278673,1517245,120
15972,2.0170247529767114,1517340,120
15973,2.0166070104909282,1517435,120
15974,2.0159516116963969,1517530,120
15975,2.0162185655577711,1517625,120
15976,2.0166971968714309,1517720,120
15977,2.0169026070127991,1517815,120
15978,2.0171505102427401,1517910,120
15979,2.0165563212125672,1518005,120
15980,2.0156813522137202,1518100,120
15981,2.0157667509967565,1518195,120
15982,2.0150264954028372,1518290,120
15983,2.0147506563215942,1518385,120
15984,2.0155526893804421,1518480,120
15985,2.0153839862096818,1518575,120
15986,2.0160655005451309,1518670,120
15987,2.0154017408429072,1518765,120
15988,2.0155402378993297,1518860,120
15989,2.0153028977347702,1518955,120
15990,2.0153624500607688,1519050,120
15991,2.0151618318547788,1519145,120
15992,2.0150551865566433,1519240,120
15993,2.0147663899964909,1519335,120
15994,2.0152765788335287,1519430,120
15995,2.0159689820497446,1519525,120
15996,2.0167443258100231,1519620,120
15997,2.016054782701477,1519715,120
15998,2.0170189654785133,1519810,120
15999,2.0165734569271456,1519905,120
16000,2.0167057689282593,1520000,120
16001,2.0171472330975435,1520095,120
16002,2.0179247603927015,1520190,120
16003,2.0171970680970093,1520285,120
16004,2.0169589874122931,1520380,120
16005,2.0164126142829466,1520475,120
16006,2.0173368046246134,1520570,120
16007,2.0175886880260534,1520665,120
16008,2.017174507718086,1520760,120
16009,2.0178572741581275,1520855,120
16010,2.018676027857095,1520950,120
16011,2.0178043560102208,1521045,120
16012,2.0170620917714861,1521140,120
16013,2.0168699780063108,1521235,120
16014,2.015833957257799,1521330,120
16015,2.0159293709816901,1521425,120
16016,2.014821839179664,1521520,120
16017,2.0149214572395162,1521615,120
16018,2.0143636352873613,1521710,120
16019,2.0152038781285002,1521805,120
16020,2.0154700234074636,1521900,120
16021,2.0155405973942799,1521995,120
16022,2.0148786482917136,1522090,120
16023,2.0161691640455435,1522185,120
16024,2.0161192964673758,1522280,120
16025,2.0156177137601534,1522375,120
16026,2.0158437056164527,1522470,120
16027,2.0154886467138065,1522565,120
16028,2.0147309801630411,1522660,120
16029,2.0140877064039331,1522755,120
16030,2.0138813959507593,1522850,120
16031,2.0148797216410763,1522945,120
16032,2.0144216757409814,1523040,120
16033,2.0137991272764784,1523135,120
16034,2.0151165887879676,1523230,120
16035,2.0153611782433631,1523325,120
16036,2.0159129927578388,1523420,120
16037,2.0150146949767751,1523515,120
16038,2.014991494616059,1523610,120
16039,2.0144923685805574,1523705,120
16040,2.0157772565362571,1523800,120
16041,2.0176670005103543,1523895,120
16042,2.0176271369504666,1523990,120
16043,2.017297790888275,1524085,120
16044,2.0174222211554587,1524180,120
16045,2.0188067598921866,1524275,120
16046,2.0191334432648889,1524370,120
16047,2.0194816217915892,1524465,120
16048,2.0201767377478279,1524560,120
16049,2.0197781304364595,1524655,120
16050,2.0193346490730568,1524750,120
16051,2.0196717491265033,1524845,120
16052,2.0207257285412528,1524940,120
16053,2.0213400222949374,1525035,120
16054,2.0218221327790795,1525130,120
16055,2.0211965914234837,1525225,120
16056,2.0218590505418552,1525320,120
16057,2.0224000488956251,1525415,120
16058,2.0221328810133459,1525510,120
16059,2.0219681992267526,1525605,120
16060,2.0217875352316645,1525700,120
16061,2.022120363695584,1525795,120
16062,2.0223032804100116,1525890,120
16063,2.0219324437241801,1525985,120
16064,2.0222391949979031,1526080,120
16065,2.021852219170635,1526175,120
16066,2.0231852502373844,1526270,120
16067,2.0237042046451217,1526365,120
16068,2.0244631644297377,1526460,120
16069,2.0247968774460099,1526555,120
16070,2.0239474565288611,1526650,120
16071,2.0237880773079606,1526745,120
16072,2.0242226822455431,1526840,120
16073,2.0239776959546947,1526935,120
16074,2.0236516869558252,1527030,120
16075,2.0234869024704807,1527125,120
16076,2.0230352088141532,1527220,120
16077,2.0234378663708674,1527315,120
16078,2.0233150298355933,1527410,120
16079,2.0224671856636101,1527505,120
16080,2.0225195273633756,1527600,120
16081,2.0236570526651088,1527695,120
16082,2.0240340048752468,1527790,120
16083,2.0238890423004836,1527885,120
16084,2.0231920022049188,1527980,120
16085,2.0225407842970551,1528075,120
16086,2.0219359518360034,1528170,120
16087,2.0212048602921193,1528265,120
16088,2.0206665209518757,1528360,120
16089,2.0205859010880625,1528455,120
16090,2.0211377281510634,1528550,120
16091,2.0205238651723465,1528645,120
16092,2.0207110448827947,1528740,120
16093,2.0210832497309297,1528835,120
16094,2.0207774691482823,1528930,120
16095,2.0201931636942927,1529025,120
16096,2.0203170795351038,1529120,120
16097,2.0209517926317462,1529215,120
16098,2.0217417357091598,1529310,120
16099,2.0220870032602702,1529405,120
16100,2.0237166877806372,1529500,120
16101,2.0241779946298069,1529595,120
16102,2.0239948279765856,1529690,120
16103,2.0242352182995744,1529785,120
16104,2.0242985703414864,1529880,120
16105,2.0251650595028607,1529975,120
16106,2.0251940134262649,1530070,120
16107,2.0250902408631561,1530165,120
16108,2.0248810878674419,1530260,120
16109,2.0251612190475399,1530355,120
16110,2.0248279611086062,1530450,120
16111,2.0256064088657881,1530545,120
16112,2.0253475208654708,1530640,120
16113,2.0258116045790406,1530735,120
16114,2.0253570917316317,1530830,120
16115,2.0248494903230636,1530925,120
16116,2.025351789819692,1531020,120
16117,2.0248790177739426,1531115,120
16118,2.0240739217485508,1531210,120
16119,2.0248175005388949,1531305,120
16120,2.0245914057737249,1531400,120
16121,2.024339534645677,1531495,120
16122,2.024318588067735,1531590,120
16123,2.0241674898756465,1531685,120
16124,2.0255169398098438,1531780,120
16125,2.0249492759024008,1531875,120
16126,2.0242362114551971,1531970,120
16127,2.0236868806808124,1532065,120
16128,2.0249132315959906,1532160,120
16129,2.0249075869060689,1532255,120
16130,2.0257814387195796,1532350,120
16131,2.0255299056361027,1532445,120
16132,2.0249368385628688,1532540,120
16133,2.0244941506589766,1532635,120
16134,2.0247338496816298,1532730,120
16135,2.0247366470039756,1532825,120
16136,2.0248810974288052,1532920,120
16137,2.0240460071291375,1533015,120
16138,2.0240496891054436,1533110,120
16139,2.0243928218773894,1533205,120
16140,2.0250879543294049,1533300,120
16141,2.0246121040911493,1533395,120
16142,2.0257022724682656,1533490,120
16143,2.0263911271933628,1533585,120
16144,2.0261188379975597,1533680,120
16145,2.0274051705793243,1533775,120
16146,2.0278521700548713,1533870,120
16147,2.0274135148636012,1533965,120
16148,2.0270539988222573,1534060,120
16149,2.0272072121275611,1534155,120
16150,2.0271353604918092,1534250,120
16151,2.02704613903125,1534345,120
16152,2.0270722637783467,1534440,120
16153,2.0276937155176853,1534535,120
16154,2.0280021086111946,1534630,120
16155,2.0274420239764614,1534725,120
16156,2.0297106017975612,1534820,120
16157,2.0296374725302435,1534915,120
16158,2.0291603835217993,1535010,120
16159,2.0289747952458912,1535105,120
16160,2.0284552918941201,1535200,120
16161,2.0289903879783444,1535295,120
16162,2.0287228414637357,1535390,120
16163,2.0279966158794616,1535485,120
16164,2.0272469222601934,1535580,120
16165,2.0273896858204057,1535675,120
16166,2.0275337647125911,1535770,120
16167,2.0271732107449414,1535865,120
16168,2.0285266583609656,1535960,120
16169,2.0286565909442449,1536055,120
16170,2.029328684116507,1536150,120
16171,2.0307682607095265,1536245,120
16172,2.0307200712631448,1536340,120
16173,2.0305017723702665,1536435,120
16174,2.0303534875631617,1536530,120
16175,2.0295392746204746,1536625,120
16176,2.0300627073264566,1536720,120
16177,2.0299963457445629,1536815,120
16178,2.0299488398603351,1536910,120
16179,2.0293472469135767,1537005,120
16180,2.0289718843634268,1537100,120
16181,2.029526690157001,1537195,120
16182,2.0297996925840232,1537290,120
16183,2.031222625389935,1537385,120
16184,2.0318985512995198,1537480,120
16185,2.0322029747397807,1537575,120
16186,2.0313873967795351,1537670,120
16187,2.0314320991237174,1537765,120
16188,2.0312159630362858,1537860,120
16189,2.0311680541076171,1537955,120
16190,2.0317083568556784,1538050,120
16191,2.0318637630324794,1538145,120
16192,2.0315645885076399,1538240,120
16193,2.0320008918782979,1538335,120
16194,2.0324279757618617,1538430,120
16195,2.0324662153043462,1538525,120
16196,2.0322419253074111,1538620,120
16197,2.03262016635599,1538715,120
16198,2.0340304831935403,1538810,120
16199,2.0335756535332887,1538905,120
16200,2.0341119510800545,1539000,120
16201,2.0355199984851948,1539095,120
16202,2.0349786016681457,1539190,120
16203,2.0358263494215771,1539285,120
16204,2.0357060368633357,1539380,120
16205,2.0349688959592207,1539475,120
16206,2.0345401717232359,1539570,120
16207,2.0345827870988944,1539665,120
16208,2.0345205104960331,1539760,120
16209,2.034744210059761,1539855,120
16210,2.035058227653348,1539950,120
16211,2.0346407841293979,1540045,120
16212,2.0344102036738452,1540140,120
16213,2.0339193610998025,1540235,120
16214,2.0349477582770756,1540330,120
16215,2.0352444298423644,1540425,120
16216,2.0356286368254035,1540520,120
16217,2.0357997483322436,1540615,120
16218,2.0367847739719247,1540710,120
16219,2.0372548385372204,1540805,120
16220,2.036962618464556,1540900,120
16221,2.036391883329828,1540995,120
16222,2.0368872709074237,1541090,120
16223,2.0369613010116168,1541185,120
16224,2.0375769564609629,1541280,120
16225,2.0378239514778556,1541375,120
16226,2.0382828482454629,1541470,120
16227,2.0375870101412703,1541565,120
16228,2.0383404086722092,1541660,120
16229,2.0376903824996773,1541755,120
16230,2.037261998128749,1541850,120
16231,2.0372864625990079,1541945,120
16232,2.038251905851673,1542040,120
16233,2.0393782141730514,1542135,120
16234,2.0399668404535154,1542230,120
16235,2.0395686217492885,1542325,120
16236,2.0386233466334787,1542420,120
16237,2.0385017438765756,1542515,120
16238,2.0389519383900523,1542610,120
16239,2.0395956104423858,1542705,120
16240,2.0396911725775899,1542800,120
16241,2.0392621885994595,1542895,120
16242,2.038682373291909,1542990,120
16243,2.0395918740622099,1543085,120
16244,2.0393913414958296,1543180,120
16245,2.0395310142873968,1543275,120
16246,2.0389928287620918,1543370,120
16247,2.039719694284118,1543465,120
16248,2.0391650637110685,1543560,120
16249,2.038012034800484,1543655,120
16250,2.0389500442414312,1543750,120
16251,2.038514971030378,1543845,120
16252,2.0387317493769714,1543940,120
16253,2.0395965430848637,1544035,120
16254,2.0393013651810454,1544130,120
16255,2.0387888675593882,1544225,120
16256,2.0382975552991778,1544320,120
16257,2.0391348976835375,1544415,120
16258,2.038902327174505,1544510,120
16259,2.0387354401859379,1544605,120
16260,2.0393053193215338,1544700,120
16261,2.0395591818068151,1544795,120
16262,2.0391093484043528,1544890,120
16263,2.0384117299375935,1544985,120
16264,2.0381000352748804,1545080,120
16265,2.038042627280225,1545175,120
16266,2.0388221456510442,1545270,120
16267,2.0384475470651986,1545365,120
16268,2.0379667525945182,1545460,120
16269,2.0389185859140619,1545555,120
16270,2.0396649914947269,1545650,120
16271,2.0399006959864137,1545745,120
16272,2.0392206275444793,1545840,120
16273,2.0397359961230004,1545935,120
16274,2.0400171460548733,1546030,120
16275,2.0392184364407888,1546125,120
16276,2.0393705948932648,1546220,120
16277,2.0403783128907946,1546315,120
16278,2.0402077955221918,1546410,120
16279,2.039789585680114,1546505,120
16280,2.0394843502536637,1546600,120
16281,2.0383560216391587,1546695,120
16282,2.0373447726468989,1546790,120
16283,2.0383402080174671,1546885,120
16284,2.03916381157965,1546980,120
16285,2.0401648412492523,1547075,120
16286,2.0400795673612357,1547170,120
16287,2.0409539941846733,1547265,120
16288,2.0413081135566222,1547360,120
16289,2.0421009001829691,1547455,120
16290,2.0418094716479529,1547550,120
16291,2.0412069720434842,1547645,120
16292,2.0410455798335461,1547740,120
16293,2.040557898765095,1547835,120
16294,2.0396061869109956,1547930,120
16295,2.0397386075723292,1548025,120
16296,2.0395543518331487,1548120,120
16297,2.0400004258298057,1548215,120
16298,2.0400301103629062,1548310,120
16299,2.0398817829180533,1548405,120
16300,2.0395383580430506,1548500,120
16301,2.0394836824691467,1548595,120
16302,2.0391196300574164,1548690,120
16303,2.0403922491075903,1548785,120
16304,2.0399693264867569,1548880,120
16305,2.0416646383846278,1548975,120
16306,2.0416434495857367,1549070,120
16307,2.0431022646946273,1549165,120
16308,2.0425866615622121,1549260,120
16309,2.0427760740123571,1549355,120
16310,2.0439846059447988,1549450,120
16311,2.0442337870280425,1549545,120
16312,2.0442650677454317,1549640,120
16313,2.0439633617946997,1549735,120
16314,2.0447724690317748,1549830,120
16315,2.0456834842808083,1549925,120
16316,2.0446859646967139,1550020,120
16317,2.0444489188353607,1550115,120
16318,2.0443121149187209,1550210,120
16319,2.0433564962314654,1550305,120
16320,2.0426371102348053,1550400,120
16321,2.0434820607916291,1550495,120
16322,2.0439077478880292,1550590,120
16323,2.0441305078210616,1550685,120
16324,2.0431906370951487,1550780,120
16325,2.0432774715579827,1550875,120
16326,2.0434225548925249,1550970,120
16327,2.0426978809290488,1551065,120
16328,2.043882440587093,1551160,120
16329,2.0446307545586064,1551255,120
16330,2.0442384554215183,1551350,120
16331,2.0449276646057801,1551445,120
16332,2.0451832860841752,1551540,120
16333,2.0466674748357776,1551635,120
16334,2.0470566047613343,1551730,120
16335,2.0474318844280215,1551825,120
16336,2.0471456728795498,1551920,120
16337,2.0477914588900248,1552015,120
16338,2.0473356860370635,1552110,120
16339,2.0468668832059915,1552205,120
16340,2.0465506913798754,1552300,120
16341,2.0476845527689376,1552395,120
16342,2.0482884552433309,1552490,120
16343,2.0479405775261377,1552585,120
16344,2.0480236688735842,1552680,120
16345,2.0479236119187156,1552775,120
16346,2.0473568436726572,1552870,120
16347,2.0478578637176819,1552965,120
16348,2.0474796176449535,1553060,120
16349,2.0474783482906087,1553155,120
16350,2.0480406614604498,1553250,120
16351,2.0480023937173093,1553345,120
16352,2.0485892445719567,1553440,120
16353,2.0502901756276186,1553535,120
16354,2.0507457232447353,1553630,120
16355,2.051303265920049,1553725,120
16356,2.0516194955528917,1553820,120
16357,2.0515981528477574,1553915,120
16358,2.0507653293892556,1554010,120
16359,2.0514070723567972,1554105,120
16360,2.0510423294444173,1554200,120
16361,2.0507061268256872,1554295,120
16362,2.0515325257788626,1554390,120
16363,2.0524050896146697,1554485,120
16364,2.0535174558376803,1554580,120
16365,2.0535719876616669,1554675,120
16366,2.0542655413769002,1554770,120
16367,2.0535742619094557,1554865,120
16368,2.0539023454402532,1554960,120
16369,2.0541027020726621,1555055,120
16370,2.0536183164517863,1555150,120
16371,2.0539295650931204,1555245,120
16372,2.0542660395729615,1555340,120
16373,2.0540134062994868,1555435,120
16374,2.0537484545591123,1555530,120
16375,2.0533273458169754,1555625,120
16376,2.0538809783986354,1555720,120
16377,2.0535190458602233,1555815,120
16378,2.0542527832594266,1555910,120
16379,2.0543749937954492,1556005,120
16380,2.0538648034004003,1556100,120
16381,2.0528531452885557,1556195,120
16382,2.0526778284939571,1556290,120
16383,2.0541718634028858,1556385,120
16384,2.0540915089981446,1556480,120
16385,2.0543359336664904,1556575,120
16386,2.0544593041664618,1556670,120
16387,2.0535009798994128,1556765,120
16388,2.0537796182949406,1556860,120
16389,2.0543596785547051,1556955,120
16390,2.0544547301596396,1557050,120
16391,2.0541380230006445,1557145,120
16392,2.0541080988878924,1557240,120
16393,2.0547365723200466,1557335,120
16394,2.0552765387350052,1557430,120
16395,2.0553483842164968,1557525,120
16396,2.0558871982246063,1557620,120
16397,2.0557415769851759,1557715,120
16398,2.0549593216933619,1557810,120
16399,2.0554897966360111,1557905,120
16400,2.0547062361007487,1558000,120
16401,2.0549765054670619,1558095,120
16402,2.0556432015903221,1558190,120
16403,2.0562441914627785,1558285,120
16404,2.0555475123202478,1558380,120
16405,2.0556475587568603,1558475,120
16406,2.0558983378507838,1558570,120
16407,2.0559424059725742,1558665,120
16408,2.0557959698855619,1558760,120
16409,2.0562834110958712,1558855,120
16410,2.055774401802871,1558950,120
16411,2.0550902588643436,1559045,120
16412,2.0555809957188367,1559140,120
16413,2.0555132978040378,1559235,120
16414,2.0556630628751629,1559330,120
16415,2.055648167334998,1559425,120
16416,2.0556186678905695,1559520,120
16417,2.0557132806064273,1559615,120
16418,2.0557155107592289,1559710,120
16419,2.0558395187346865,1559805,120
16420,2.0553145406349707,1559900,120
16421,2.0554715621254251,1559995,120
16422,2.0550305218985345,1560090,120
16423,2.0546353950608154,1560185,120
16424,2.0543520701640259,1560280,120
16425,2.053924730301032,1560375,120
16426,2.0546823788912723,1560470,120
16427,2.0550552432366938,1560565,120
16428,2.054146996261673,1560660,120
16429,2.0548697627255019,1560755,120
16430,2.0548706867211761,1560850,120
16431,2.0554029240288809,1560945,120
16432,2.0564758184160881,1561040,120
16433,2.0558703112007617,1561135,120
16434,2.0553498538362422,1561230,120
16435,2.0557664036453214,1561325,120
16436,2.0562529842486872,1561420,120
16437,2.0557373296260497,1561515,120
16438,2.055740494498469,1561610,120
16439,2.0558091176687698,1561705,120
16440,2.0564419307766655,1561800,120
16441,2.0558613788331885,1561895,120
16442,2.0553472603628609,1561990,120
16443,2.0552839099048255,1562085,120
16444,2.0553440101130458,1562180,120
16445,2.0542306453612253,1562275,120
16446,2.054102222817308,1562370,120
16447,2.0547868048868598,1562465,120
16448,2.0555439586731534,1562560,120
16449,2.0559391797735191,1562655,120
16450,2.0562153149497511,1562750,120
16451,2.056658535164738,1562845,120
16452,2.0568988685805003,1562940,120
16453,2.0576776163839616,1563035,120
16454,2.0566791166783625,1563130,120
16455,2.0565496841551973,1563225,120
16456,2.0564664452327648,1563320,120
16457,2.0562214987244811,1563415,120
16458,2.056746328660811,1563510,120
16459,2.0562072101907418,1563605,120
16460,2.0569947420687429,1563700,120
16461,2.056471677706043,1563795,120
16462,2.0567333676990507,1563890,120
16463,2.0567400341145698,1563985,120
16464,2.0571687128789509,1564080,120
16465,2.0574327555013721,1564175,120
16466,2.0570515654169084,1564270,120
16467,2.0572026045972835,1564365,120
16468,2.0565190308433294,1564460,120
16469,2.056566671871523,1564555,120
16470,2.0558178816089212,1564650,120
16471,2.0559100671494139,1564745,120
16472,2.0560816715209205,1564840,120
16473,2.0555118389827052,1564935,120
16474,2.0549159181212846,1565030,120
16475,2.0547022664955112,1565125,120
16476,2.0567336864140424,1565220,120
16477,2.0572108929855122,1565315,120
16478,2.0577013868619409,1565410,120
16479,2.0576319092490789,1565505,120
16480,2.0575187152387691,1565600,120
16481,2.0575876208474728,1565695,120
16482,2.0577570045986917,1565790,120
16483,2.0580951581881983,1565885,120
16484,2.0594078806524685,1565980,120
16485,2.0596764891630253,1566075,120
16486,2.0596946429346654,1566170,120
16487,2.0590921601020589,1566265,120
16488,2.0579849427926606,1566360,120
16489,2.0583053469775705,1566455,120
16490,2.058307026805692,1566550,120
16491,2.057526279326642,1566645,120
16492,2.0568885635879091,1566740,120
16493,2.056153356696826,1566835,120
16494,2.0563435161264545,1566930,120
16495,2.0564102770106052,1567025,120
16496,2.0565408460342933,1567120,120
16497,2.0568127776058045,1567215,120
16498,2.0571243376626649,1567310,120
16499,2.0561664109912159,1567405,120
16500,2.0559420205938288,1567500,120
16501,2.0556772730927997,1567595,120
16502,2.0559801839081762,1567690,120
16503,2.0562426061418257,1567785,120
16504,2.0569077801890296,1567880,120
16505,2.0561059376936317,1567975,120
16506,2.0562303328756526,1568070,120
16507,2.0563528148369561,1568165,120
16508,2.0558814576136379,1568260,120
16509,2.055974536985623,1568355,120
16510,2.0559075785720169,1568450,120
16511,2.0556557737254315,1568545,120
16512,2.0545226152828775,1568640,120
16513,2.0542028775697951,1568735,120
16514,2.0550544204586001,1568830,120
16515,2.0550217985023052,1568925,120
16516,2.0548312247462204,1569020,120
16517,2.0538973244081817,1569115,120
16518,2.055303862983838,1569210,120
16519,2.0555167343887897,1569305,120
16520,2.0565898740584658,1569400,120
16521,2.0565688322949986,1569495,120
16522,2.0559977509666107,1569590,120
16523,2.0555080601308928,1569685,120
16524,2.0545189976127274,1569780,120
16525,2.0541998072880503,1569875,120
16526,2.0542141866038515,1569970,120
16527,2.053602091069648,1570065,120
16528,2.0539523229697991,1570160,120
16529,2.0535100286828838,1570255,120
16530,2.0540695375244069,1570350,120
16531,2.0542385739293225,1570445,120
16532,2.0546389823352738,1570540,120
16533,2.0553123065408516,1570635,120
16534,2.0554082594207794,1570730,120
16535,2.0546855285951953,1570825,120
16536,2.0541301914325141,1570920,120
16537,2.0536370525762657,1571015,120
16538,2.0538191308728226,1571110,120
16539,2.0549059071606499,1571205,120
16540,2.0554117752867049,1571300,120
16541,2.0543733100598764,1571395,120
16542,2.0540240436789392,1571490,120
16543,2.0536987078114533,1571585,120
16544,2.053233458131329,1571680,120
16545,2.0529715752910023,1571775,120
16546,2.0529425440274633,1571870,120
16547,2.0538429644301504,1571965,120
16548,2.0541899169349485,1572060,120
16549,2.0541741398525373,1572155,120
16550,2.0542232386233894,1572250,120
16551,2.0548645874065565,1572345,120
16552,2.0548266886868882,1572440,120
16553,2.0544991259405108,1572535,120
16554,2.0536590405634474,1572630,120
16555,2.0550812575411253,1572725,120
16556,2.0550230470711957,1572820,120
16557,2.0544839087424616,1572915,120
16558,2.0546890232649067,1573010,120
16559,2.054231663899035,1573105,120
16560,2.0540291198533627,1573200,120
16561,2.0537288268930061,1573295,120
16562,2.0537388522254045,1573390,120
16563,2.0533978464206903,1573485,120
16564,2.0549076505980768,1573580,120
16565,2.0557306270607492,1573675,120
16566,2.0556324848185215,1573770,120
16567,2.0551405986805369,1573865,120
16568,2.0552050237031101,1573960,120
16569,2.0546038819472812,1574055,120
16570,2.05436495994535,1574150,120
16571,2.0546292634409853,1574245,120
16572,2.0543925438714714,1574340,120
16573,2.0541733015011268,1574435,120
16574,2.0537624683536513,1574530,120
16575,2.0531328691274116,1574625,120
16576,2.0529331541702427,1574720,120
16577,2.0532547054849437,1574815,120
16578,2.0530253959482239,1574910,120
16579,2.0535023219463295,1575005,120
16580,2.0538351960872578,1575100,120
16581,2.0536334540166989,1575195,120
16582,2.0536358457239525,1575290,120
16583,2.0532278830576098,1575385,120
16584,2.0533454401013742,1575480,120
16585,2.0523070386388866,1575575,120
16586,2.0517956853003492,1575670,120
16587,2.0522586581067195,1575765,120
16588,2.0517580457693083,1575860,120
16589,2.0517268956884656,1575955,120
16590,2.0520092300144017,1576050,120
16591,2.053428688606207,1576145,120
16592,2.0530162078104106,1576240,120
16593,2.0530697599675514,1576335,120
16594,2.0521354948678256,1576430,120
16595,2.051629925499252,1576525,120
16596,2.0510368880295982,1576620,120
16597,2.0515853381545552,1576715,120
16598,2.0514702543597063,1576810,120
16599,2.0519169309914083,1576905,120
16600,2.0519442153280245,1577000,120
16601,2.0526912565614861,1577095,120
16602,2.052537195214537,1577190,120
16603,2.0516645539213161,1577285,120
16604,2.0506745004988054,1577380,120
16605,2.0502383701315932,1577475,120
16606,2.0498392954679048,1577570,120
16607,2.0493162206811828,1577665,120
16608,2.0487258850843078,1577760,120
16609,2.0490553235995503,1577855,120
16610,2.0485086987156329,1577950,120
16611,2.0496147779820224,1578045,120
16612,2.0501326155858441,1578140,120
16613,2.0493589855156049,1578235,120
16614,2.0493137080123129,1578330,120
16615,2.0491050599045746,1578425,120
16616,2.0495952611967767,1578520,120
16617,2.049295262375757,1578615,120
16618,2.0490873679773216,1578710,120
16619,2.0490916833994297,1578805,120
16620,2.048254372148921,1578900,120
16621,2.0484558146010889,1578995,120
16622,2.0482016486186079,1579090,120
16623,2.0482516424677604,1579185,120
16624,2.0488614685713236,1579280,120
16625,2.0483109245619753,1579375,120
16626,2.0493207220343721,1579470,120
16627,2.0489665418250489,1579565,120
16628,2.048654428285916,1579660,120
16629,2.0484405979644098,1579755,120
16630,2.0479425983747004,1579850,120
16631,2.0486184563893075,1579945,120
16632,2.0488221172271825,1580040,120
16633,2.0485329905647798,1580135,120
16634,2.0496818057903137,1580230,120
16635,2.0505256643501468,1580325,120
16636,2.0507236516762957,1580420,120
16637,2.0510619139120005,1580515,120
16638,2.0515450041846295,1580610,120
16639,2.051074311599455,1580705,120
16640,2.0509764901045169,1580800,120
16641,2.0513864494007423,1580895,120
16642,2.0508330165475055,1580990,120
16643,2.051147831160328,1581085,120
16644,2.0518982370338583,1581180,120
16645,2.0528761742934036,1581275,120
16646,2.0529425239867485,1581370,120
16647,2.0526460689140498,1581465,120
16648,2.0520414238793538,1581560,120
16649,2.0528227061650486,1581655,120
16650,2.0523169942541402,1581750,120
16651,2.0520727918983317,1581845,120
16652,2.0518955361154863,1581940,120
16653,2.0522711385108776,1582035,120
16654,2.0531663164654086,1582130,120
16655,2.0531624961356738,1582225,120
16656,2.0524874001976601,1582320,120
16657,2.0520910492789408,1582415,120
16658,2.0519545325084252,1582510,120
16659,2.0518361431025633,1582605,120
16660,2.0521827736024805,1582700,120
16661,2.0525027553061879,1582795,120
16662,2.0528667093809196,1582890,120
16663,2.0533283988233308,1582985,120
16664,2.053207502605265,1583080,120
16665,2.0534416819314947,1583175,120
16666,2.0530865293797067,1583270,120
16667,2.0537145281157527,1583365,120
16668,2.0534592974123336,1583460,120
16669,2.0537212100127356,1583555,120
16670,2.0558262377017917,1583650,120
16671,2.0554107540185083,1583745,120
16672,2.0548115678909915,1583840,120
16673,2.0551251337197858,1583935,120
16674,2.054537771572706,1584030,120
16675,2.054175709590178,1584125,120
16676,2.0544127472222296,1584220,120
16677,2.0544663637053198,1584315,120
16678,2.0543919572711675,1584410,120
16679,2.0565720694384675,1584505,120
16680,2.0559902732065689,1584600,120
16681,2.0548730599224654,1584695,120
16682,2.0554993489880542,1584790,120
16683,2.0557209077078773,1584885,120
16684,2.0555066917958458,1584980,120
16685,2.0552623208546916,1585075,120
16686,2.0551292548502973,1585170,120
16687,2.0553066448643915,1585265,120
16688,2.0556544328823185,1585360,120
16689,2.055594315544278,1585455,120
16690,2.0569978424805964,1585550,120
16691,2.0569044140082515,1585645,120
16692,2.0562327505763425,1585740,120
16693,2.0575338450658669,1585835,120
16694,2.0571789145514856,1585930,120
16695,2.056945550742979,1586025,120
16696,2.0578344629286134,1586120,120
16697,2.0589649342065774,1586215,120
16698,2.0587190001451141,1586310,120
16699,2.0580168018612359,1586405,120
16700,2.0586683715810392,1586500,120
16701,2.0585822025864631,1586595,120
16702,2.0575069519488807,1586690,120
16703,2.0575749786871786,1586785,120
16704,2.058648821100169,1586880,120
16705,2.0582763806933624,1586975,120
16706,2.0577280391272077,1587070,120
16707,2.0571594850842079,1587165,120
16708,2.0573912317412555,1587260,120
16709,2.0577030078301735,1587355,120
16710,2.0567129669489512,1587450,120
16711,2.0565245272350237,1587545,120
16712,2.0564543375501412,1587640,120
16713,2.0568727417682457,1587735,120
16714,2.0566378412974848,1587830,120
16715,2.0564591458727586,1587925,120
16716,2.0563904744951498,1588020,120
16717,2.0569793926751907,1588115,120
16718,2.0574294454504654,1588210,120
16719,2.0566425532210411,1588305,120
16720,2.0558082110750839,1588400,120
16721,2.0558563866643191,1588495,120
16722,2.0553735530301016,1588590,120
16723,2.0556107563232873,1588685,120
16724,2.05669652211279,1588780,120
16725,2.0571926533925415,1588875,120
16726,2.0574825401382482,1588970,120
16727,2.0571251017808332,1589065,120
16728,2.0569710526004124,1589160,120
16729,2.0578375487620897,1589255,120
16730,2.0573989974464251,1589350,120
16731,2.0574643469239788,1589445,120
16732,2.0577006345691138,1589540,120
16733,2.0576587109553048,1589635,120
16734,2.0568976909944712,1589730,120
16735,2.056394150966987,1589825,120
16736,2.0564236967323204,1589920,120
16737,2.0556688524727811,1590015,120
16738,2.0549127676807095,1590110,120
16739,2.0556493334047761,1590205,120
16740,2.0557133275805883,1590300,120
16741,2.0551429758750737,1590395,120
16742,2.0560512113691236,1590490,120
16743,2.0556014152852251,1590585,120
16744,2.0549544859976785,1590680,120
16745,2.0554019037378262,1590775,120
16746,2.0558194463455823,1590870,120
16747,2.0553254610993146,1590965,120
16748,2.0547796772508939,1591060,120
16749,2.0543951448487916,1591155,120
16750,2.0537263346374921,1591250,120
16751,2.0530211139720809,1591345,120
16752,2.0530327040336558,1591440,120
16753,2.052979988060025,1591535,120
16754,2.0539387917073104,1591630,120
16755,2.0548308531835811,1591725,120
16756,2.0546997080235552,1591820,120
16757,2.0541984074705204,1591915,120
16758,2.0543570585458792,1592010,120
16759,2.0555780893922644,1592105,120
16760,2.0562056600122891,1592200,120
16761,2.0566707530039907,1592295,120
16762,2.0574044926842729,1592390,120
16763,2.0577717349161149,1592485,120
16764,2.0573948027574507,1592580,120
16765,2.0582033658942929,1592675,120
16766,2.0580488436161506,1592770,120
16767,2.0588192401187047,1592865,120
16768,2.0588838162848071,1592960,120
16769,2.0580382059965348,1593055,120
16770,2.0573772150378846,1593150,120
16771,2.0577242199382959,1593245,120
16772,2.0570147541909174,1593340,120
16773,2.0563523754390629,1593435,120
16774,2.0555090360099353,1593530,120
16775,2.0556100845955725,1593625,120
16776,2.0558161189803261,1593720,120
16777,2.0548268617620402,1593815,120
16778,2.0553427070091863,1593910,120
16779,2.0546721074297993,1594005,120
16780,2.053929398230276,1594100,120
16781,2.053506334594938,1594195,120
16782,2.0537124034064806,1594290,120
16783,2.0543790372343156,1594385,120
16784,2.0534678855065054,1594480,120
16785,2.0527396034676442,1594575,120
16786,2.0527342850402244,1594670,120
16787,2.0528171964518811,1594765,120
16788,2.0524756033410072,1594860,120
16789,2.0515635102432834,1594955,120
16790,2.0519889617033091,1595050,120
16791,2.0520034863410395,1595145,120
16792,2.0529767188427166,1595240,120
16793,2.0549017644321705,1595335,120
16794,2.0541395789798389,1595430,120
16795,2.0549831720876321,1595525,120
16796,2.0567798035222915,1595620,120
16797,2.0560202841870963,1595715,120
16798,2.0565719505687645,1595810,120
16799,2.0563895049245344,1595905,120
16800,2.0567096799526046,1596000,120
16801,2.0581204923431562,1596095,120
16802,2.05752923840656,1596190,120
16803,2.058207497983473,1596285,120
16804,2.0578086165443863,1596380,120
16805,2.0575944435875915,1596475,120
16806,2.0570421679393052,1596570,120
16807,2.0574548424299981,1596665,120
16808,2.0572649516762236,1596760,120
16809,2.0571822449782609,1596855,120
16810,2.0563438453522584,1596950,120
16811,2.0565910594021806,1597045,120
16812,2.0564130029961838,1597140,120
16813,2.0565759708848734,1597235,120
16814,2.0569427085770995,1597330,120
16815,2.0568886822150816,1597425,120
16816,2.0575956382210419,1597520,120
16817,2.0572467720380798,1597615,120
16818,2.0570404051793996,1597710,120
16819,2.0579301838477044,1597805,120
16820,2.0567881910649013,1597900,120
16821,2.0566228603944712,1597995,120
16822,2.0571767598163455,1598090,120
16823,2.0575627589508567,1598185,120
16824,2.0565919930860921,1598280,120
16825,2.0561821645821703,1598375,120
16826,2.0554150402561695,1598470,120
16827,2.0564407826849669,1598565,120
16828,2.0571237854010285,1598660,120
16829,2.0570387797117813,1598755,120
16830,2.0574187273665325,1598850,120
16831,2.0569122706240299,1598945,120
16832,2.0569702987999006,1599040,120
16833,2.0570862930132998,1599135,120
16834,2.0577033503689575,1599230,120
16835,2.0578669367474456,1599325,120
16836,2.0579505913427711,1599420,120
16837,2.0574471372653247,1599515,120
16838,2.057671606386319,1599610,120
16839,2.0575120928818156,1599705,120
16840,2.0562710080399764,1599800,120
16841,2.0571038896718465,1599895,120
16842,2.0565704447858102,1599990,120
16843,2.0565934374718737,1600085,120
16844,2.0559022307636878,1600180,120
16845,2.0558733945729784,1600275,120
16846,2.055494133020574,1600370,120
16847,2.0552925732182579,1600465,120
16848,2.0558872535010773,1600560,120
16849,2.0561889610550521,1600655,120
16850,2.0559332857921877,1600750,120
16851,2.0573223298022492,1600845,120
16852,2.0583985430331779,1600940,120
16853,2.0582772469091783,1601035,120
16854,2.0589820837877704,1601130,120
16855,2.0593868005591554,1601225,120
16856,2.0595939338927387,1601320,120
16857,2.0610367020014735,1601415,120
16858,2.0616803602429337,1601510,120
16859,2.0614948390630046,1601605,120
16860,2.0606289234089625,1601700,120
16861,2.0607277549403236,1601795,120
16862,2.060515733433931,1601890,120
16863,2.0606871210563407,1601985,120
16864,2.0603632599608326,1602080,120
16865,2.0601571439184232,1602175,120
16866,2.0604563544986303,1602270,120
16867,2.0600813451794813,1602365,120
16868,2.0613534515467222,1602460,120
16869,2.0629659967497851,1602555,120
16870,2.0634638438105815,1602650,120
16871,2.0630839758404855,1602745,120
16872,2.063991737419693,1602840,120
16873,2.0644660840611087,1602935,120
16874,2.064425003869689,1603030,120
16875,2.0658070632703307,1603125,120
16876,2.0660801135282774,1603220,120
16877,2.0658496736751384,1603315,120
16878,2.0660619661928568,1603410,120
16879,2.0662064917859384,1603505,120
16880,2.0656268313925752,1603600,120
16881,2.064793480653301,1603695,120
16882,2.0643119911350878,1603790,120
16883,2.0650773524869948,1603885,120
16884,2.0661879971784667,1603980,120
16885,2.0655607848326576,1604075,120
16886,2.0653400914394116,1604170,120
16887,2.0657350250944226,1604265,120
16888,2.0649460531322976,1604360,120
16889,2.0649335424251918,1604455,120
16890,2.0647087038740026,1604550,120
16891,2.0652700593636668,1604645,120
16892,2.0644039372852672,1604740,120
16893,2.0646592012413705,1604835,120
16894,2.0640683922581968,1604930,120
16895,2.063828933078891,1605025,120
16896,2.0634939983122904,1605120,120
16897,2.0636617156295474,1605215,120
16898,2.0631603693721923,1605310,120
16899,2.0632807024149558,1605405,120
16900,2.0639911917288312,1605500,120
16901,2.0650052743614675,1605595,120
16902,2.0658056938782221,1605690,120
16903,2.06495567220087,1605785,120
16904,2.0644339866245573,1605880,120
16905,2.0640249437073046,1605975,120
16906,2.0639412188859976,1606070,120
16907,2.0643150352507118,1606165,120
16908,2.0636556090466147,1606260,120
16909,2.0628835853169556,1606355,120
16910,2.0628866970337936,1606450,120
16911,2.062681458376129,1606545,120
16912,2.0633286752490898,1606640,120
16913,2.0640009384165792,1606735,120
16914,2.0649734387205689,1606830,120
16915,2.0640628689902072,1606925,120
16916,2.0642084642990639,1607020,120
16917,2.0643070941751058,1607115,120
16918,2.0652997066538967,1607210,120
16919,2.0652464426452459,1607305,120
16920,2.0653911968286018,1607400,120
16921,2.064910061596978,1607495,120
16922,2.0643374180208816,1607590,120
16923,2.0653795402347268,1607685,120
16924,2.0655949206180244,1607780,120
16925,2.0659399112462307,1607875,120
16926,2.0667828882923138,1607970,120
16927,2.0672687534182885,1608065,120
16928,2.0671333532583964,1608160,120
16929,2.0668946482263473,1608255,120
16930,2.0666218386879236,1608350,120
16931,2.0669869685247511,1608445,120
16932,2.0671186333188531,1608540,120
16933,2.0675680009430772,1608635,120
16934,2.0668162945397621,1608730,120
16935,2.065766413145949,1608825,120
16936,2.0666465585077272,1608920,120
16937,2.0668170425167012,1609015,120
16938,2.0667488683188737,1609110,120
16939,2.0668008013591361,1609205,120
16940,2.0670119386023531,1609300,120
16941,2.0676554613017371,1609395,120
16942,2.0674966634580088,1609490,120
16943,2.0675705158366835,1609585,120
16944,2.0671489414498301,1609680,120
16945,2.0667392556052189,1609775,120
16946,2.066905486768059,1609870,120
16947,2.0665271747425509,1609965,120
16948,2.0672498540671613,1610060,120
16949,2.0688965443979432,1610155,120
16950,2.0684598886418932,1610250,120
16951,2.0689195496913451,1610345,120
16952,2.0687716168824215,1610440,120
16953,2.0680595400054589,1610535,120
16954,2.0677741608367617,1610630,120
16955,2.068311436091931,1610725,120
16956,2.0682459345320221,1610820,120
16957,2.0679540676843522,1610915,120
16958,2.0677582312518963,1611010,120
16959,2.0678659645235102,1611105,120
16960,2.0680144154593023,1611200,120
16961,2.0675864290618322,1611295,120
16962,2.0671362406273182,1611390,120
16963,2.0676954899999833,1611485,120
16964,2.0680362355075474,1611580,120
16965,2.0670268094366238,1611675,120
16966,2.0679769592503039,1611770,120
16967,2.0669410064386451,1611865,120
16968,2.067415534993835,1611960,120
16969,2.067233906114343,1612055,120
16970,2.0676120396980124,1612150,120
16971,2.0668736436305766,1612245,120
16972,2.067327940809315,1612340,120
16973,2.0673832739677862,1612435,120
16974,2.0665762351123163,1612530,120
16975,2.0673055345866254,1612625,120
16976,2.0671843463811226,1612720,120
16977,2.0665005819622353,1612815,120
16978,2.0671870646870882,1612910,120
16979,2.0671664977576931,1613005,120
16980,2.0667177935482162,1613100,120
16981,2.0671632724889299,1613195,120
16982,2.0670962098701731,1613290,120
16983,2.0659687666122717,1613385,120
16984,2.0656807062178513,1613480,120
16985,2.0653736702289978,1613575,120
16986,2.0646673106641562,1613670,120
16987,2.0650936391199894,1613765,120
16988,2.0647232782293652,1613860,120
16989,2.0650860739095309,1613955,120
16990,2.0642494115102776,1614050,120
16991,2.0647407890919234,1614145,120
16992,2.0641965358717984,1614240,120
16993,2.0641557530107355,1614335,120
16994,2.0642762268609394,1614430,120
16995,2.064724400753291,1614525,120
16996,2.0659511232677499,1614620,120
16997,2.0666444451474586,1614715,120
16998,2.0681989837558947,1614810,120
16999,2.0685261192831188,1614905,120
17000,2.0687483286925876,1615000,120
17001,2.0681196772644412,1615095,120
17002,2.0678963737473972,1615190,120
17003,2.0682949382698594,1615285,120
17004,2.067856611380904,1615380,120
17005,2.0678600931289153,1615475,120
17006,2.0677365013235329,1615570,120
17007,2.0677505133360898,1615665,120
17008,2.0675166968386103,1615760,120
17009,2.0668839112101796,1615855,120
17010,2.0686012526580853,1615950,120
17011,2.0682385574786846,1616045,120
17012,2.0682433471176496,1616140,120
17013,2.0684814848320348,1616235,120
17014,2.0685655555068583,1616330,120
17015,2.0697841376760091,1616425,120
17016,2.0692678917876259,1616520,120
17017,2.069691168546028,1616615,120
17018,2.0695955685756595,1616710,120
17019,2.0701504452950639,1616805,120
17020,2.0695732216116096,1616900,120
17021,2.0708621863402237,1616995,120
17022,2.0708714188029629,1617090,120
17023,2.0699946839931744,1617185,120
17024,2.0694434413931204,1617280,120
17025,2.0697574246196595,1617375,120
17026,2.0693733982089819,1617470,120
17027,2.0687911734066464,1617565,120
17028,2.0688652323070968,1617660,120
17029,2.0696086328803998,1617755,120
17030,2.0696891674484039,1617850,120
17031,2.0704690442920879,1617945,120
17032,2.0696803673407862,1618040,120
17033,2.0716178964113294,1618135,120
17034,2.0732820793071727,1618230,120
17035,2.0736568044583494,1618325,120
17036,2.0740256182156664,1618420,120
17037,2.0733595729223788,1618515,120
17038,2.0728683728358206,1618610,120
17039,2.073688088107013,1618705,120
17040,2.0737574369260021,1618800,120
17041,2.0738142212942474,1618895,120
17042,2.0752913256774708,1618990,120
17043,2.0754952083453779,1619085,120
17044,2.0756429335070923,1619180,120
17045,2.0758811696644091,1619275,120
17046,2.0756287267460949,1619370,120
17047,2.0767380635961508,1619465,120
17048,2.0761911451390254,1619560,120
17049,2.0763731366145421,1619655,120
17050,2.0766066592759596,1619750,120
17051,2.0761058758763089,1619845,120
17052,2.0760224924287392,1619940,120
17053,2.0763704261368194,1620035,120
17054,2.0771714451124934,1620130,120
17055,2.0768821239094231,1620225,120
17056,2.0779013963158142,1620320,120
17057,2.0776100463039668,1620415,120
17058,2.0776909591549089,1620510,120
17059,2.0785262267243101,1620605,120
17060,2.0776406513010115,1620700,120
17061,2.0774590927097156,1620795,120
17062,2.0776633163497782,1620890,120
17063,2.0788156038876795,1620985,120
17064,2.0786289730194571,1621080,120
17065,2.0778616680736364,1621175,120
17066,2.0773045069333147,1621270,120
17067,2.0778641093734929,1621365,120
17068,2.0789641943142168,1621460,120
17069,2.0792629346581895,1621555,120
17070,2.0784434502200004,1621650,120
17071,2.0789351831521148,1621745,120
17072,2.078957334091994,1621840,120
17073,2.0789946688579457,1621935,120
17074,2.0788719622244476,1622030,120
17075,2.0800503103042605,1622125,120
17076,2.0804216758091671,1622220,120
17077,2.0796096719254864,1622315,120
17078,2.08044408195896,1622410,120
17079,2.0808435382980335,1622505,120
17080,2.0811471761265947,1622600,120
17081,2.08116277724677,1622695,120
17082,2.0812312718084045,1622790,120
17083,2.0822057475633389,1622885,120
17084,2.082377216126881,1622980,120
17085,2.0821114862105872,1623075,120
17086,2.0826352141695166,1623170,120
17087,2.0828476119467711,1623265,120
17088,2.0822439344269301,1623360,120
17089,2.0814823482631142,1623455,120
17090,2.0814985058303295,1623550,120
17091,2.0826778889989876,1623645,120
17092,2.08232751444891,1623740,120
17093,2.0825076672095539,1623835,120
17094,2.0827237513411783,1623930,120
17095,2.0831134359670949,1624025,120
17096,2.083396852074169,1624120,120
17097,2.0836054949840119,1624215,120
17098,2.0848244582088422,1624310,120
17099,2.0853260499558282,1624405,120
17100,2.0852617951785937,1624500,120
17101,2.0847256863473183,1624595,120
17102,2.0851274016831578,1624690,120
17103,2.085101218355025,1624785,120
17104,2.0859011381028645,1624880,120
17105,2.0860504064958252,1624975,120
17106,2.0859100248308358,1625070,120
17107,2.0847749679192229,1625165,120
17108,2.0844625202353555,1625260,120
17109,2.0843445450439155,1625355,120
17110,2.084574603772233,1625450,120
17111,2.084685659912052,1625545,120
17112,2.0850682235554499,1625640,120
17113,2.0858595534103035,1625735,120
17114,2.0855543114320545,1625830,120
17115,2.0850794892792801,1625925,120
17116,2.0852758062721883,1626020,120
17117,2.0850185928826908,1626115,120
17118,2.0852622517562591,1626210,120
17119,2.0846723952569874,1626305,120
17120,2.084034116567945,1626400,120
17121,2.0837570802534837,1626495,120
17122,2.0851425104363588,1626590,120
17123,2.083849870386822,1626685,120
17124,2.084071938723326,1626780,120
17125,2.0841825513706844,1626875,120
17126,2.0838098577276862,1626970,120
17127,2.0841817234970916,1627065,120
17128,2.0845754233102238,1627160,120
17129,2.0840620829740919,1627255,120
17130,2.0830514442008083,1627350,120
17131,2.083357750198247,1627445,120
17132,2.0824403274648637,1627540,120
17133,2.0828717039393716,1627635,120
17134,2.083121755911634,1627730,120
17135,2.0831757124133512,1627825,120
17136,2.0827944351424521,1627920,120
17137,2.0833620810763414,1628015,120
17138,2.0831852159449573,1628110,120
17139,2.082169420269909,1628205,120
17140,2.0826293981868389,1628300,120
17141,2.0834618428459946,1628395,120
17142,2.0846658588802423,1628490,120
17143,2.084619832573849,1628585,120
17144,2.0846859497272034,1628680,120
17145,2.0847600990955271,1628775,120
17146,2.0844277694222835,1628870,120
17147,2.0842140578232695,1628965,120
17148,2.084263462364202,1629060,120
17149,2.084279200970641,1629155,120
17150,2.0841023674347494,1629250,120
17151,2.0847071597559861,1629345,120
17152,2.0853848385604854,1629440,120
17153,2.0863542705804217,1629535,120
17154,2.0855950484266685,1629630,120
17155,2.0854071055964529,1629725,120
17156,2.0859372065847452,1629820,120
17157,2.0856791237612038,1629915,120
17158,2.0856636216492621,1630010,120
17159,2.0848278818769583,1630105,120
17160,2.0836907923731909,1630200,120
17161,2.0838952387683451,1630295,120
17162,2.0834340938029539,1630390,120
17163,2.0828571712807911,1630485,120
17164,2.0822700329852708,1630580,120
17165,2.0820362538567609,1630675,120
17166,2.0821893653654953,1630770,120
17167,2.0818268181040893,1630865,120
17168,2.0819500541672009,1630960,120
17169,2.0824785059285706,1631055,120
17170,2.0828288167191737,1631150,120
17171,2.0827188058310111,1631245,120
17172,2.0824991403098942,1631340,120
17173,2.0823353251819965,1631435,120
17174,2.0818465092260543,1631530,120
17175,2.082221024642223,1631625,120
17176,2.0816952409518104,1631720,120
17177,2.0810363854252341,1631815,120
17178,2.0808285791217336,1631910,120
17179,2.082234802516965,1632005,120
17180,2.0817251842979556,1632100,120
17181,2.0821059659664818,1632195,120
17182,2.081472300281952,1632290,120
17183,2.0822052499598263,1632385,120
17184,2.0815136839777795,1632480,120
17185,2.0812981441856353,1632575,120
17186,2.0814290444234427,1632670,120
17187,2.0823232334458508,1632765,120
17188,2.0826536155650857,1632860,120
17189,2.0821521389381616,1632955,120
17190,2.0824402548960208,1633050,120
17191,2.0830075676872672,1633145,120
17192,2.0822947481438314,1633240,120
17193,2.0819088770039009,1633335,120
17194,2.0817353411701824,1633430,120
17195,2.0806512707026052,1633525,120
17196,2.0810128401786074,1633620,120
17197,2.0807974565083973,1633715,120
17198,2.0798099152031355,1633810,120
17199,2.0810619103230383,1633905,120
17200,2.081162850870113,1634000,120
17201,2.0815786343743388,1634095,120
17202,2.081423286661594,1634190,120
17203,2.0818915705135663,1634285,120
17204,2.0822536567007179,1634380,120
17205,2.0831738575273113,1634475,120
17206,2.0834442091200605,1634570,120
17207,2.0839141954317886,1634665,120
17208,2.0835155614890013,1634760,120
17209,2.0836183133661588,1634855,120
17210,2.0862268865930313,1634950,120
17211,2.0870926514099044,1635045,120
17212,2.0866460942452605,1635140,120
17213,2.0864813800089372,1635235,120
17214,2.0872761569571603,1635330,120
17215,2.0873974987960651,1635425,120
17216,2.0874571694302837,1635520,120
17217,2.0882964868754375,1635615,120
17218,2.0882120889732283,1635710,120
17219,2.0878090806829519,1635805,120
17220,2.0873286289420805,1635900,120
17221,2.0879659752761697,1635995,120
17222,2.0880912697902758,1636090,120
17223,2.0887263786533157,1636185,120
17224,2.0896801156673299,1636280,120
17225,2.0899884081662252,1636375,120
17226,2.0918881517969701,1636470,120
17227,2.0911507526038702,1636565,120
17228,2.0909048632707403,1636660,120
17229,2.0900406567519392,1636755,120
17230,2.0916580646004137,1636850,120
17231,2.0918382182215085,1636945,120
17232,2.0917662014747602,1637040,120
17233,2.0926371851200614,1637135,120
17234,2.0923187884048078,1637230,120
17235,2.0933671755454233,1637325,120
17236,2.0937983863371334,1637420,120
17237,2.0936182455091554,1637515,120
17238,2.0947626172489544,1637610,120
17239,2.0934870339532221,1637705,120
17240,2.0934037337830711,1637800,120
17241,2.0941198311811631,1637895,120
17242,2.0953739124496087,1637990,120
17243,2.0955826186791571,1638085,120
17244,2.0959260684757735,1638180,120
17245,2.0964071959289412,1638275,120
17246,2.0968684199499328,1638370,120
17247,2.0965712737568256,1638465,120
17248,2.0961665701824743,1638560,120
17249,2.0953364469203626,1638655,120
17250,2.0957886266633809,1638750,120
17251,2.0955384935039438,1638845,120
17252,2.0954284849752698,1638940,120
17253,2.0952580043820754,1639035,120
17254,2.0944600316105877,1639130,120
17255,2.0946266073655866,1639225,120
17256,2.0946271210484877,1639320,120
17257,2.0942298572857014,1639415,120
17258,2.0941810234800928,1639510,120
17259,2.0958330957638429,1639605,120
17260,2.0953139710175286,1639700,120
17261,2.0951158023307963,1639795,120
17262,2.0954604878797372,1639890,120
17263,2.0952727654326249,1639985,120
17264,2.0946999202813128,1640080,120
17265,2.0941209881069609,1640175,120
17266,2.093983886654363,1640270,120
17267,2.093909102904977,1640365,120
17268,2.0938941804734981,1640460,120
17269,2.0943696915296455,1640555,120
17270,2.0941110863167136,1640650,120
17271,2.0938440569549353,1640745,120
17272,2.0933942940144692,1640840,120
17273,2.0936808301205354,1640935,120
17274,2.093528950099838,1641030,120
17275,2.0935594561324664,1641125,120
17276,2.0932692802679655,1641220,120
17277,2.0927263319307587,1641315,120
17278,2.0919658321556787,1641410,120
17279,2.0915048132643519,1641505,120
17280,2.0924810556699471,1641600,120
17281,2.0921530791042651,1641695,120
17282,2.0927843842028846,1641790,120
17283,2.0925780334541644,1641885,120
17284,2.0930833036855634,1641980,120
17285,2.0940097578992178,1642075,120
17286,2.0947333968539681,1642170,120
17287,2.094917295295426,1642265,120
17288,2.0961360155686233,1642360,120
17289,2.0961648749317288,1642455,120
17290,2.0957997368185097,1642550,120
17291,2.0950624589020346,1642645,120
17292,2.0953166442369824,1642740,120
17293,2.0953654834306619,1642835,120
17294,2.0948904433975941,1642930,120
17295,2.0950774895669735,1643025,120
17296,2.094767251855838,1643120,120
17297,2.0961873457232039,1643215,120
17298,2.095599539794009,1643310,120
17299,2.0948688682437995,1643405,120
17300,2.0944016451223426,1643500,120
17301,2.0946512443055458,1643595,120
17302,2.0951270668070525,1643690,120
17303,2.0940013498601142,1643785,120
17304,2.0947415806501901,1643880,120
17305,2.0942371506578117,1643975,120
17306,2.094169194572904,1644070,120
17307,2.0938224000654002,1644165,120
17308,2.0931830971672616,1644260,120
17309,2.0926295306859464,1644355,120
17310,2.0918155371205018,1644450,120
17311,2.0913729755165544,1644545,120
17312,2.0912702318154328,1644640,120
17313,2.0921648175432752,1644735,120
17314,2.0917749999505819,1644830,120
17315,2.0929542940552666,1644925,120
17316,2.0921690934455386,1645020,120
17317,2.0920014965434461,1645115,120
17318,2.0913456156394847,1645210,120
17319,2.091781938633936,1645305,120
17320,2.0916488904323831,1645400,120
17321,2.0914247687509735,1645495,120
17322,2.0907752669591879,1645590,120
17323,2.0906976059718949,1645685,120
17324,2.0911499711214483,1645780,120
17325,2.0912988180300389,1645875,120
17326,2.0911039656809192,1645970,120
17327,2.0900641846260362,1646065,120
17328,2.0903555053972047,1646160,120
17329,2.0912502338085894,1646255,120
17330,2.0910704271119163,1646350,120
17331,2.0919282408488451,1646445,120
17332,2.0908672016555925,1646540,120
17333,2.0915604691625815,1646635,120
17334,2.0930239042481968,1646730,120
17335,2.0926702161493895,1646825,120
17336,2.0938500545300647,1646920,120
17337,2.0934814652885705,1647015,120
17338,2.0944991550245193,1647110,120
17339,2.0939821434915844,1647205,120
17340,2.0938347258538514,1647300,120
17341,2.0926977258659427,1647395,120
17342,2.0916338415630826,1647490,120
17343,2.0913833093177328,1647585,120
17344,2.091951054571823,1647680,120
17345,2.0915953312132922,1647775,120
17346,2.0909131727593042,1647870,120
17347,2.0899398958792696,1647965,120
17348,2.0901474569297998,1648060,120
17349,2.0897645011477195,1648155,120
17350,2.0896284933259568,1648250,120
17351,2.0902543395473265,1648345,120
17352,2.0898325122741728,1648440,120
17353,2.0901553916102036,1648535,120
17354,2.090225713871035,1648630,120
17355,2.0893910079438176,1648725,120
17356,2.0887521502729336,1648820,120
17357,2.0877722233523692,1648915,120
17358,2.0896438695658555,1649010,120
17359,2.0894342918740341,1649105,120
17360,2.0899719957484524,1649200,120
17361,2.0902806409344237,1649295,120
17362,2.0910739399914013,1649390,120
17363,2.0913082514286327,1649485,120
17364,2.0910184189598731,1649580,120
17365,2.0908436256135943,1649675,120
17366,2.0900931927911812,1649770,120
17367,2.0903541901050553,1649865,120
17368,2.0896089317949569,1649960,120
17369,2.0891419796250901,1650055,120
17370,2.0898280246270957,1650150,120
17371,2.09022062348336,1650245,120
17372,2.0911245447016023,1650340,120
17373,2.0913347392071655,1650435,120
17374,2.0911088694758742,1650530,120
17375,2.0907792156040963,1650625,120
17376,2.0908814613441149,1650720,120
17377,2.0910655236775013,1650815,120
17378,2.0909461625165315,1650910,120
17379,2.0920008976989979,1651005,120
17380,2.0911775838693734,1651100,120
17381,2.0902159297702574,1651195,120
17382,2.0895525917657265,1651290,120
17383,2.0891933940008971,1651385,120
17384,2.0890510051747082,1651480,120
17385,2.088646964953508,1651575,120
17386,2.0881375992010067,1651670,120
17387,2.0883969001332616,1651765,120
17388,2.0885360373728483,1651860,120
17389,2.0884861620243313,1651955,120
17390,2.0883857582841623,1652050,120
17391,2.0880930369150104,1652145,120
17392,2.0880901636333169,1652240,120
17393,2.0885272200766085,1652335,120
17394,2.0876757386830991,1652430,120
17395,2.0874918914494822,1652525,120
17396,2.0868458426652761,1652620,120
17397,2.0859671935178752,1652715,120
17398,2.087379619508114,1652810,120
17399,2.0873226447165392,1652905,120
17400,2.0892182986737398,1653000,120
17401,2.0892729449449234,1653095,120
17402,2.0888478528946099,1653190,120
17403,2.0890532300766855,1653285,120
17404,2.0889731425859694,1653380,120
17405,2.090134687326652,1653475,120
17406,2.0896945336772874,1653570,120
17407,2.0893889503238214,1653665,120
17408,2.090135777439333,1653760,120
17409,2.0898742547829023,1653855,120
17410,2.0893644213412537,1653950,120
17411,2.0896268174113075,1654045,120
17412,2.0891244508080153,1654140,120
17413,2.0886344561319321,1654235,120
17414,2.0886930237579535,1654330,120
17415,2.0881382512295388,1654425,120
17416,2.0887346096577546,1654520,120
17417,2.088771372958226,1654615,120
17418,2.0884351663948215,1654710,120
17419,2.0875858703549275,1654805,120
17420,2.0887481823974845,1654900,120
17421,2.0888370559319149,1654995,120
17422,2.0885301650469703,1655090,120
17423,2.0894154888269911,1655185,120
17424,2.0884005625331121,1655280,120
17425,2.0888230870782634,1655375,120
17426,2.088404341859563,1655470,120
17427,2.0878311730862529,1655565,120
17428,2.0868265301400033,1655660,120
17429,2.0869274369533564,1655755,120
17430,2.0881961303928387,1655850,120
17431,2.0875227462127941,1655945,120
17432,2.0875060452247833,1656040,120
17433,2.0880603180293913,1656135,120
17434,2.0889142339046409,1656230,120
17435,2.0899678186245563,1656325,120
17436,2.0902732804427453,1656420,120
17437,2.0895982195781908,1656515,120
17438,2.0891521486189895,1656610,120
17439,2.0897440433565375,1656705,120
17440,2.0895716896597718,1656800,120
17441,2.0910349671510016,1656895,120
17442,2.0912635336560181,1656990,120
17443,2.0914730670666439,1657085,120
17444,2.091982380836614,1657180,120
17445,2.092566507272994,1657275,120
17446,2.0921388260300509,1657370,120
17447,2.0914794954152733,1657465,120
17448,2.0915936893748368,1657560,120
17449,2.0907532305792964,1657655,120
17450,2.0906884569121011,1657750,120
17451,2.0909607787876059,1657845,120
17452,2.0913777384290722,1657940,120
17453,2.0914299127803755,1658035,120
17454,2.0907282618508041,1658130,120
17455,2.0901272439403091,1658225,120
17456,2.0894063561698295,1658320,120
17457,2.0893259322755511,1658415,120
17458,2.088863112503041,1658510,120
17459,2.0889073724598757,1658605,120
17460,2.089879945110805,1658700,120
17461,2.0896335647941275,1658795,120
17462,2.0904125788300254,1658890,120
17463,2.0906343117833721,1658985,120
17464,2.0908515797981058,1659080,120
17465,2.0909178301978084,1659175,120
17466,2.0902570073186388,1659270,120
17467,2.0896810738291589,1659365,120
17468,2.089351206405329,1659460,120
17469,2.0895470912240373,1659555,120
17470,2.0891343058954783,1659650,120
17471,2.0892315280012737,1659745,120
17472,2.0895945216307195,1659840,120
17473,2.0904142336033562,1659935,120
17474,2.0906403918607661,1660030,120
17475,2.0912229469140642,1660125,120
17476,2.0918150568013942,1660220,120
17477,2.0918705628324248,1660315,120
17478,2.0912592203307745,1660410,120
17479,2.0904802127705202,1660505,120
17480,2.0905205174938506,1660600,120
17481,2.0902844649131445,1660695,120
17482,2.090342038758044,1660790,120
17483,2.0908683684082789,1660885,120
17484,2.0910179026281996,1660980,120
17485,2.0911779115620539,1661075,120
17486,2.0908025719735979,1661170,120
17487,2.0898039837770059,1661265,120
17488,2.0903095287262738,1661360,120
17489,2.0900625927938723,1661455,120
17490,2.0901834928270024,1661550,120
17491,2.0900419336063005,1661645,120
17492,2.0900230052574815,1661740,120
17493,2.0900870613026115,1661835,120
17494,2.0906111525927411,1661930,120
17495,2.0903552455644694,1662025,120
17496,2.0903310734712193,1662120,120
17497,2.0893569629210247,1662215,120
17498,2.0890749370923372,1662310,120
17499,2.0885537152935161,1662405,120
17500,2.0884017690952774,1662500,120
17501,2.0888457602189283,1662595,120
17502,2.0884800993908867,1662690,120
17503,2.0879216896315556,1662785,120
17504,2.0870109454423376,1662880,120
17505,2.0869666660578963,1662975,120
17506,2.0864891067325644,1663070,120
17507,2.0860629007445084,1663165,120
17508,2.0863009292349344,1663260,120
17509,2.0864337830372421,1663355,120
17510,2.0860215468453038,1663450,120
17511,2.0862561265512598,1663545,120
17512,2.0868914910760998,1663640,120
17513,2.0862571958765015,1663735,120
17514,2.0862873771028396,1663830,120
17515,2.0864607298824884,1663925,120
17516,2.0873484440967798,1664020,120
17517,2.0876144224117374,1664115,120
17518,2.0868585078906872,1664210,120
17519,2.0861277729957437,1664305,120
17520,2.0861051812936982,1664400,120
17521,2.0861810149716975,1664495,120
17522,2.085116498969473,1664590,120
17523,2.0844690875401057,1664685,120
17524,2.0848395688904482,1664780,120
17525,2.084102940188413,1664875,120
17526,2.084159863590517,1664970,120
17527,2.0840971219447257,1665065,120
17528,2.0846796330513784,1665160,120
17529,2.0857861397884956,1665255,120
17530,2.0856747182486695,1665350,120
17531,2.0852575890774072,1665445,120
17532,2.0851882341096535,1665540,120
17533,2.0855915170954122,1665635,120
17534,2.0852688742353833,1665730,120
17535,2.0854453788357747,1665825,120
17536,2.0862847868192209,1665920,120
17537,2.0850408164815146,1666015,120
17538,2.0858042481055121,1666110,120
17539,2.085563116218486,1666205,120
17540,2.0854750905288109,1666300,120
17541,2.0865500925074332,1666395,120
17542,2.086616329033085,1666490,120
17543,2.0880488674100057,1666585,120
17544,2.0885864484832712,1666680,120
17545,2.0881612851004325,1666775,120
17546,2.0885906163131653,1666870,120
17547,2.0882144388101143,1666965,120
17548,2.0878525155592564,1667060,120
17549,2.0871085285994058,1667155,120
17550,2.0862857093856451,1667250,120
17551,2.0861530756636304,1667345,120
17552,2.0856451161979055,1667440,120
17553,2.085136182981985,1667535,120
17554,2.0844951868843875,1667630,120
17555,2.0852591438343779,1667725,120
17556,2.0846007679212266,1667820,120
17557,2.0841220384615746,1667915,120
17558,2.0845437354018377,1668010,120
17559,2.084252661040594,1668105,120
17560,2.083884207956932,1668200,120
17561,2.0833928958129473,1668295,120
17562,2.0843650798132813,1668390,120
17563,2.0854945258205766,1668485,120
17564,2.0856532663847602,1668580,120
17565,2.0855615294297536,1668675,120
17566,2.0863782271823901,1668770,120
17567,2.0864172996180765,1668865,120
17568,2.0870023534393951,1668960,120
17569,2.0877628983714369,1669055,120
17570,2.0884405221471227,1669150,120
17571,2.0886514782646559,1669245,120
17572,2.0883675335830887,1669340,120
17573,2.0878505126962859,1669435,120
17574,2.0876645168118291,1669530,120
17575,2.0874406692468694,1669625,120
17576,2.087224393654926,1669720,120
17577,2.0877117926970934,1669815,120
17578,2.0875745574136526,1669910,120
17579,2.086333144925705,1670005,120
17580,2.0862222032168458,1670100,120
17581,2.0860479960872302,1670195,120
17582,2.0855657814485169,1670290,120
17583,2.0847880781707624,1670385,120
17584,2.0849219344323897,1670480,120
17585,2.0867526381775314,1670575,120
17586,2.0863125406956216,1670670,120
17587,2.0855700950486087,1670765,120
17588,2.085115923261549,1670860,120
17589,2.0846963445893172,1670955,120
17590,2.0839836820629714,1671050,120
17591,2.0845042813396657,1671145,120
17592,2.0838728189123614,1671240,120
17593,2.0837305236325356,1671335,120
17594,2.0832686375391707,1671430,120
17595,2.0840452075618119,1671525,120
17596,2.0833912401907617,1671620,120
17597,2.0833958355949203,1671715,120
17598,2.0832172427085864,1671810,120
17599,2.0828453153704065,1671905,120
17600,2.0824342380856935,1672000,120
17601,2.0818747992383431,1672095,120
17602,2.0817978437379976,1672190,120
17603,2.082251319966169,1672285,120
17604,2.0824233192438433,1672380,120
17605,2.0834333798568214,1672475,120
17606,2.0826025550986658,1672570,120
17607,2.0817840695638599,1672665,120
17608,2.0819586903256435,1672760,120
17609,2.0816180827416795,1672855,120
17610,2.0809632515365886,1672950,120
17611,2.0812511654955395,1673045,120
17612,2.0811569591256425,1673140,120
17613,2.0810971314457389,1673235,120
17614,2.0803710943421754,1673330,120
17615,2.081833392416867,1673425,120
17616,2.0823579066532765,1673520,120
17617,2.0822049138110796,1673615,120
17618,2.0824014870659644,1673710,120
17619,2.0825848295125633,1673805,120
17620,2.0822202510531063,1673900,120
17621,2.0826089694193075,1673995,120
17622,2.0829133110852571,1674090,120
17623,2.0824373266245613,1674185,120
17624,2.0817518934060661,1674280,120
17625,2.0813003790146523,1674375,120
17626,2.0810725078187327,1674470,120
17627,2.0812835711293998,1674565,120
17628,2.0811642919547029,1674660,120
17629,2.0816214145371763,1674755,120
17630,2.0816924995561803,1674850,120
17631,2.0808933455450442,1674945,120
17632,2.0802599753514524,1675040,120
17633,2.0796307967120069,1675135,120
17634,2.0791099596304141,1675230,120
17635,2.0778999752045477,1675325,120
17636,2.077484718888063,1675420,120
17637,2.0778040436198038,1675515,120
17638,2.0776892840419463,1675610,120
17639,2.07753073772319,1675705,120
17640,2.077364153594758,1675800,120
17641,2.0778861767539079,1675895,120
17642,2.0777089912053786,1675990,120
17643,2.0765853534150533,1676085,120
17644,2.0759062522472465,1676180,120
17645,2.0759091498568614,1676275,120
17646,2.0746679793649485,1676370,120
17647,2.0747817259159587,1676465,120
17648,2.0745629166714576,1676560,120
17649,2.0746261828553387,1676655,120
17650,2.0758064984199653,1676750,120
17651,2.0760773442443936,1676845,120
17652,2.0767311081106303,1676940,120
17653,2.0768838753409118,1677035,120
17654,2.0768665738433167,1677130,120
17655,2.0768225193126288,1677225,120
17656,2.0766257815901348,1677320,120
17657,2.0768782610245684,1677415,120
17658,2.075705916687332,1677510,120
17659,2.075721678897172,1677605,120
17660,2.0767679652290845,1677700,120
17661,2.0764545183021825,1677795,120
17662,2.0754414125040856,1677890,120
17663,2.0749897307994689,1677985,120
17664,2.0760604426668388,1678080,120
17665,2.0755828280109965,1678175,120
17666,2.0761010532185002,1678270,120
17667,2.0750258244190389,1678365,120
17668,2.0750362729036422,1678460,120
17669,2.0753444927886875,1678555,120
17670,2.0756047251171004,1678650,120
17671,2.0755272683953976,1678745,120
17672,2.0752990622324274,1678840,120
17673,2.0756828493988686,1678935,120
17674,2.075413282752308,1679030,120
17675,2.0748867990075763,1679125,120
17676,2.0740734614532754,1679220,120
17677,2.074723418622233,1679315,120
17678,2.0748996203056937,1679410,120
17679,2.0747708418512096,1679505,120
17680,2.0748705543591361,1679600,120
17681,2.0751542487518271,1679695,120
17682,2.0741263655477331,1679790,120
17683,2.0739279209784645,1679885,120
17684,2.0739887394668286,1679980,120
17685,2.0739508231727974,1680075,120
17686,2.0736446640919901,1680170,120
17687,2.0744015253202588,1680265,120
17688,2.0747991600666245,1680360,120
17689,2.0751888379597161,1680455,120
17690,2.076247098449187,1680550,120
17691,2.0775185524934998,1680645,120
17692,2.0772065882423401,1680740,120
17693,2.0766658415236003,1680835,120
17694,2.0757498320439578,1680930,120
17695,2.0759098318820008,1681025,120
17696,2.0756398801166398,1681120,120
17697,2.0754730269468138,1681215,120
17698,2.0754210115970282,1681310,120
17699,2.075746704909518,1681405,120
17700,2.0747737546941689,1681500,120
17701,2.0749822594973262,1681595,120
17702,2.0733321611571824,1681690,120
17703,2.0732628698980893,1681785,120
17704,2.0723869702986115,1681880,120
17705,2.0722841834081058,1681975,120
17706,2.0723894032259205,1682070,120
17707,2.0723507945883308,1682165,120
17708,2.0726583159382579,1682260,120
17709,2.071882431771046,1682355,120
17710,2.0727133403866955,1682450,120
17711,2.0721598343439287,1682545,120
17712,2.072269422554033,1682640,120
17713,2.0736530209873956,1682735,120
17714,2.0738353032733499,1682830,120
17715,2.0739047086259901,1682925,120
17716,2.073604027588416,1683020,120
17717,2.0738306723417859,1683115,120
17718,2.0745094509046305,1683210,120
17719,2.0740098016199009,1683305,120
17720,2.0748230967737604,1683400,120
17721,2.0743890870029444,1683495,120
17722,2.0735338963653835,1683590,120
17723,2.0746168888208425,1683685,120
17724,2.0745951845515505,1683780,120
17725,2.0743550380814679,1683875,120
17726,2.0740455340967507,1683970,120
17727,2.0742869407095874,1684065,120
17728,2.0754880482876428,1684160,120
17729,2.0763829676929144,1684255,120
17730,2.0763470200016112,1684350,120
17731,2.0753985980956076,1684445,120
17732,2.0746915653088061,1684540,120
17733,2.0743251404373435,1684635,120
17734,2.0745683125690668,1684730,120
17735,2.0745835536805153,1684825,120
17736,2.0749946096549143,1684920,120
17737,2.0752357143171962,1685015,120
17738,2.0757116927180315,1685110,120
17739,2.0758385890656874,1685205,120
17740,2.0767049970170901,1685300,120
17741,2.0758566066375455,1685395,120
17742,2.0757394987434781,1685490,120
17743,2.0759890276135149,1685585,120
17744,2.0756269619765138,1685680,120
17745,2.075386597524032,1685775,120
17746,2.0759270213150414,1685870,120
17747,2.0769785935284832,1685965,120
17748,2.0770535487157851,1686060,120
17749,2.0771041940903077,1686155,120
17750,2.0773654803647714,1686250,120
17751,2.0763756574373775,1686345,120
17752,2.0764960304119526,1686440,120
17753,2.0773467508761181,1686535,120
17754,2.0770586910792797,1686630,120
17755,2.0769246369264698,1686725,120
17756,2.0767599136146018,1686820,120
17757,2.0768514339100457,1686915,120
17758,2.0779369742434071,1687010,120
17759,2.0785105988001176,1687105,120
17760,2.0788559839943757,1687200,120
17761,2.079579397198708,1687295,120
17762,2.0795585962929941,1687390,120
17763,2.0799978732171387,1687485,120
17764,2.0798213155832816,1687580,120
17765,2.0791154523491455,1687675,120
17766,2.0796910208007642,1687770,120
17767,2.0787487268827545,1687865,120
17768,2.0791696492519525,1687960,120
17769,2.0793863919355546,1688055,120
17770,2.0793243920085382,1688150,120
17771,2.0796345551481683,1688245,120
17772,2.0793524786649762,1688340,120
17773,2.0800213029190453,1688435,120
17774,2.0795882702348338,1688530,120
17775,2.0799949903781676,1688625,120
17776,2.0799935081067678,1688720,120
17777,2.0798324115980722,1688815,120
17778,2.0793026737528226,1688910,120
17779,2.0794210748671396,1689005,120
17780,2.0788793429191834,1689100,120
17781,2.0782112493570266,1689195,120
17782,2.0787981751250935,1689290,120
17783,2.0793373754861459,1689385,120
17784,2.0805546502730161,1689480,120
17785,2.0813369651020355,1689575,120
17786,2.0817915642868514,1689670,120
17787,2.0815451463880041,1689765,120
17788,2.0818679947297523,1689860,120
17789,2.0815304272966011,1689955,120
17790,2.0820444802201252,1690050,120
17791,2.0826893405021347,1690145,120
17792,2.0833498840976858,1690240,120
17793,2.0832108259516326,1690335,120
17794,2.08337076074642,1690430,120
17795,2.0830899030625578,1690525,120
17796,2.0828826597227921,1690620,120
17797,2.0824059333423626,1690715,120
17798,2.0833576908795135,1690810,120
17799,2.0836582963063632,1690905,120
17800,2.0838871994585699,1691000,120
17801,2.084976578362546,1691095,120
17802,2.0856370438901002,1691190,120
17803,2.0848285047101749,1691285,120
17804,2.0845658181330013,1691380,120
17805,2.0848792835271563,1691475,120
17806,2.0845545899283855,1691570,120
17807,2.0847425431125441,1691665,120
17808,2.0854832553174445,1691760,120
17809,2.0847753194214462,1691855,120
17810,2.0844110933199822,1691950,120
17811,2.0841594739544851,1692045,120
17812,2.0842222664232546,1692140,120
17813,2.0845458205641947,1692235,120
17814,2.0850765977313506,1692330,120
17815,2.0848763486089559,1692425,120
17816,2.0845110951821337,1692520,120
17817,2.0855005426274582,1692615,120
17818,2.085354350947116,1692710,120
17819,2.085139082720052,1692805,120
17820,2.084835741963976,1692900,120
17821,2.0848265242382982,1692995,120
17822,2.0842667998926729,1693090,120
17823,2.0843292569713627,1693185,120
17824,2.0837728334123624,1693280,120
17825,2.0839044603803614,1693375,120
17826,2.0828477159935184,1693470,120
17827,2.0829902365320203,1693565,120
17828,2.0845101635862413,1693660,120
17829,2.084980254386132,1693755,120
17830,2.087703033031993,1693850,120
17831,2.0883528871021309,1693945,120
17832,2.0885371662068266,1694040,120
17833,2.0880146955955752,1694135,120
17834,2.0876441625776407,1694230,120
17835,2.0882506210877025,1694325,120
17836,2.087606423580616,1694420,120
17837,2.0879568711485854,1694515,120
17838,2.0876373129832171,1694610,120
17839,2.0879028394620756,1694705,120
17840,2.0866365362545616,1694800,120
17841,2.0864946284000601,1694895,120
17842,2.0868740317695518,1694990,120
17843,2.0861512465094818,1695085,120
17844,2.0864707649069687,1695180,120
17845,2.0870389435557342,1695275,120
17846,2.0869639041728503,1695370,120
17847,2.0864423976323185,1695465,120
17848,2.0860221752635448,1695560,120
17849,2.0851362783239376,1695655,120
17850,2.085292036317381,1695750,120
17851,2.0857979351338432,1695845,120
17852,2.0865042128289653,1695940,120
17853,2.0858101512982259,1696035,120
17854,2.0855050056784155,1696130,120
17855,2.0866348514795181,1696225,120
17856,2.0858629484228142,1696320,120
17857,2.0858616567812951,1696415,120
17858,2.0855138491995984,1696510,120
17859,2.0856329675717009,1696605,120
17860,2.0863159053400366,1696700,120
17861,2.0857526107545117,1696795,120
17862,2.0852428810503589,1696890,120
17863,2.0848666844220638,1696985,120
17864,2.0846239990314031,1697080,120
17865,2.0842954808771883,1697175,120
17866,2.0844417225211225,1697270,120
17867,2.0845219605777521,1697365,120
17868,2.0847841293277374,1697460,120
17869,2.0845034502304127,1697555,120
17870,2.0840881630354868,1697650,120
17871,2.0843192234651164,1697745,120
17872,2.0836983905639617,1697840,120
17873,2.0842563769207425,1697935,120
17874,2.0839184155795896,1698030,120
17875,2.0836069435872715,1698125,120
17876,2.0845928881761373,1698220,120
17877,2.0842456942932421,1698315,120
17878,2.0850319959453798,1698410,120
17879,2.0854659208213389,1698505,120
17880,2.0856418296330372,1698600,120
17881,2.0870015004678546,1698695,120
17882,2.0868218307018949,1698790,120
17883,2.0871422378957312,1698885,120
17884,2.0872305318208983,1698980,120
17885,2.0863996558483029,1699075,120
17886,2.0861628555051168,1699170,120
17887,2.0862527710291987,1699265,120
17888,2.0861481986545023,1699360,120
17889,2.0860124358103107,1699455,120
17890,2.0853046432821936,1699550,120
17891,2.084437708863522,1699645,120
17892,2.0844055525923801,1699740,120
17893,2.0838178709169091,1699835,120
17894,2.0837650123712335,1699930,120
17895,2.0837807176660128,1700025,120
17896,2.0844379794802639,1700120,120
17897,2.0842654403864178,1700215,120
17898,2.0849899819596436,1700310,120
17899,2.0845419058443251,1700405,120
17900,2.084934496062238,1700500,120
17901,2.0847408977640773,1700595,120
17902,2.0856326950411108,1700690,120
17903,2.0853140556100072,1700785,120
17904,2.0852984388334277,1700880,120
17905,2.0842140315234818,1700975,120
17906,2.0842259922010093,1701070,120
17907,2.0845089350845543,1701165,120
17908,2.0841229693061365,1701260,120
17909,2.0839193196047816,1701355,120
17910,2.085004954090687,1701450,120
17911,2.0851736091344262,1701545,120
17912,2.0857753283854827,1701640,120
17913,2.0852144346703345,1701735,120
17914,2.0846649426335766,1701830,120
17915,2.0853332272653877,1701925,120
17916,2.0845527934243058,1702020,120
17917,2.0852418075491719,1702115,120
17918,2.084813887584529,1702210,120
17919,2.0849431229690043,1702305,120
17920,2.0851150525730993,1702400,120
17921,2.0859286998025244,1702495,120
17922,2.0853767396441776,1702590,120
17923,2.0849151719523968,1702685,120
17924,2.0840863937307521,1702780,120
17925,2.0835243466174647,1702875,120
17926,2.0838094964219365,1702970,120
17927,2.0843028323325092,1703065,120
17928,2.0838047003941611,1703160,120
17929,2.0829935163370585,1703255,120
17930,2.0839743855439079,1703350,120
17931,2.083911869119885,1703445,120
17932,2.0846399289142603,1703540,120
17933,2.0833390370082054,1703635,120
17934,2.0830040056080206,1703730,120
17935,2.0834919258271394,1703825,120
17936,2.0834479470883882,1703920,120
17937,2.0826758156939964,1704015,120
17938,2.0845547335711831,1704110,120
17939,2.0839416293708179,1704205,120
17940,2.0844633216681414,1704300,120
17941,2.083637871488357,1704395,120
17942,2.0834192747870217,1704490,120
17943,2.0830619520075779,1704585,120
17944,2.0822916544290879,1704680,120
17945,2.0819066158260622,1704775,120
17946,2.0816513350583787,1704870,120
17947,2.0815640074955506,1704965,120
17948,2.0826316384025767,1705060,120
17949,2.082217973641304,1705155,120
17950,2.0824632822516915,1705250,120
17951,2.0819105158756104,1705345,120
17952,2.0816786164487375,1705440,120
17953,2.081924031246289,1705535,120
17954,2.0840366186035468,1705630,120
17955,2.0836563351266806,1705725,120
17956,2.0845351817120008,1705820,120
17957,2.0857921671378663,1705915,120
17958,2.0862106996226792,1706010,120
17959,2.0864516244235807,1706105,120
17960,2.086688746402082,1706200,120
17961,2.0873886765752565,1706295,120
17962,2.0870933013165134,1706390,120
17963,2.0864148985853674,1706485,120
17964,2.0876478537555938,1706580,120
17965,2.0878933527616552,1706675,120
17966,2.0874924383640834,1706770,120
17967,2.0883298768711529,1706865,120
17968,2.0874541576991912,1706960,120
17969,2.0888429652045697,1707055,120
17970,2.0896163256159954,1707150,120
17971,2.089593164456665,1707245,120
17972,2.0895206932623354,1707340,120
17973,2.0901965279324037,1707435,120
17974,2.0913408072109134,1707530,120
17975,2.0913085645622176,1707625,120
17976,2.0912607353428618,1707720,120
17977,2.0918526165111513,1707815,120
17978,2.0927579493535058,1707910,120
17979,2.0920950359843458,1708005,120
17980,2.0918658992710606,1708100,120
17981,2.0929146231291313,1708195,120
17982,2.0922047266132577,1708290,120
17983,2.0922595627522571,1708385,120
17984,2.0918117086354484,1708480,120
17985,2.0920710347134213,1708575,120
17986,2.092510279339693,1708670,120
17987,2.0916895478426878,1708765,120
17988,2.0918762481795978,1708860,120
17989,2.093034890811019,1708955,120
17990,2.0939693411632505,1709050,120
17991,2.093813756121969,1709145,120
17992,2.0946765985955307,1709240,120
17993,2.0938839784872045,1709335,120
17994,2.0942331070078128,1709430,120
17995,2.0946086054835038,1709525,120
17996,2.0938987326260849,1709620,120
17997,2.0940586990900902,1709715,120
17998,2.0936686608638402,1709810,120
17999,2.0942716523324707,1709905,120
18000,2.0944476685359525,1710000,120
18001,2.0950907624226742,1710095,120
18002,2.0957621388777503,1710190,120
18003,2.0963762724265447,1710285,120
18004,2.0959101022989763,1710380,120
18005,2.0963761695968013,1710475,120
18006,2.0964114803495817,1710570,120
18007,2.0965931039054873,1710665,120
18008,2.0969024724834546,1710760,120
18009,2.0980609870781168,1710855,120
18010,2.0975776855062556,1710950,120
18011,2.098546106551118,1711045,120
18012,2.0985055547799365,1711140,120
18013,2.0990719145037757,1711235,120
18014,2.0993462589276159,1711330,120
18015,2.0984564613717676,1711425,120
18016,2.0974322714404665,1711520,120
18017,2.0978242537635432,1711615,120
18018,2.0986617331395294,1711710,120
18019,2.0991567868722858,1711805,120
18020,2.0998423438657459,1711900,120
18021,2.1000787417731308,1711995,120
18022,2.0997885547420951,1712090,120
18023,2.0997018652003883,1712185,120
18024,2.0995070207678492,1712280,120
18025,2.099937669603464,1712375,120
18026,2.0998030793339435,1712470,120
18027,2.099576417752834,1712565,120
18028,2.0993964132608016,1712660,120
18029,2.1002014390512511,1712755,120
18030,2.0998179672317225,1712850,120
18031,2.099980340200907,1712945,120
18032,2.101252069383087,1713040,120
18033,2.1018669989253875,1713135,120
18034,2.1016982204426706,1713230,120
18035,2.1008584167161408,1713325,120
18036,2.1005165613355317,1713420,120
18037,2.0996114561040184,1713515,120
18038,2.100887951462084,1713610,120
18039,2.10218274665583,1713705,120
18040,2.1023172897188003,1713800,120
18041,2.1015083699567585,1713895,120
18042,2.1026134723408894,1713990,120
18043,2.1016335213032735,1714085,120
18044,2.1016218689584676,1714180,120
18045,2.1014826414685843,1714275,120
18046,2.1011530667619045,1714370,120
18047,2.1013234755502204,1714465,120
18048,2.1007865032689192,1714560,120
18049,2.1025230268145267,1714655,120
18050,2.1017495663027201,1714750,120
18051,2.1011259453683606,1714845,120
18052,2.101462013181576,1714940,120
18053,2.1006446952966766,1715035,120
18054,2.1007382456869617,1715130,120
18055,2.1001870383604215,1715225,120
18056,2.0996286834504949,1715320,120
18057,2.0991192992710954,1715415,120
18058,2.100761219684053,1715510,120
18059,2.1000142670911375,1715605,120
18060,2.1007101321276092,1715700,120
18061,2.1000560113673647,1715795,120
18062,2.1001739004124143,1715890,120
18063,2.1016805450407379,1715985,120
18064,2.1009171540988301,1716080,120
18065,2.0998028088427927,1716175,120
18066,2.0998486369414362,1716270,120
18067,2.099680405051648,1716365,120
18068,2.0996065688651715,1716460,120
18069,2.1000273547348614,1716555,120
18070,2.1004807889254939,1716650,120
18071,2.1008771780604047,1716745,120
18072,2.1009432536528729,1716840,120
18073,2.1006359698724384,1716935,120
18074,2.0999612066108484,1717030,120
18075,2.1011996900840733,1717125,120
18076,2.1008605307892032,1717220,120
18077,2.1008331828793514,1717315,120
18078,2.1005181181444863,1717410,120
18079,2.1006859959447715,1717505,120
18080,2.1001105195117473,1717600,120
18081,2.1010490203754371,1717695,120
18082,2.1015157252872627,1717790,120
18083,2.1015288407478829,1717885,120
18084,2.1011769646153473,1717980,120
18085,2.1010114813736864,1718075,120
18086,2.1013631317535904,1718170,120
18087,2.1011302652596937,1718265,120
18088,2.1008868424090461,1718360,120
18089,2.1007329927593563,1718455,120
18090,2.1008245873366889,1718550,120
18091,2.1011209399893098,1718645,120
18092,2.1010424166377519,1718740,120
18093,2.1012838825196258,1718835,120
18094,2.1010308911737328,1718930,120
18095,2.1011844961152311,1719025,120
18096,2.10058988617258,1719120,120
18097,2.1013530610197253,1719215,120
18098,2.100819010720572,1719310,120
18099,2.1009879341000279,1719405,120
18100,2.1008043451265674,1719500,120
18101,2.1014080400412047,1719595,120
18102,2.1021865539529219,1719690,120
18103,2.1031295496748155,1719785,120
18104,2.1038469148245054,1719880,120
18105,2.1040182624069335,1719975,120
18106,2.1036105688429929,1720070,120
18107,2.1046494819853163,1720165,120
18108,2.1041368648740235,1720260,120
18109,2.104392790049483,1720355,120
18110,2.1044274795228599,1720450,120
18111,2.1060696766243292,1720545,120
18112,2.107040066901265,1720640,120
18113,2.1073406885128438,1720735,120
18114,2.1071524062037144,1720830,120
18115,2.1069045437762894,1720925,120
18116,2.1066398502725137,1721020,120
18117,2.1069872616233751,1721115,120
18118,2.1081577197849199,1721210,120
18119,2.1072085798048965,1721305,120
18120,2.1077272940417684,1721400,120
18121,2.1076491585092283,1721495,120
18122,2.1068494109244669,1721590,120
18123,2.1062898019425593,1721685,120
18124,2.1073110270758635,1721780,120
18125,2.1072492775888634,1721875,120
18126,2.1060568247715441,1721970,120
18127,2.1060750304114326,1722065,120
18128,2.1074379512311441,1722160,120
18129,2.107262365612979,1722255,120
18130,2.1095627082302189,1722350,120
18131,2.109852012710451,1722445,120
18132,2.1092546978598308,1722540,120
18133,2.1101022875555224,1722635,120
18134,2.1108576109044463,1722730,120
18135,2.1122001979442047,1722825,120
18136,2.1131292282188547,1722920,120
18137,2.1134107230722736,1723015,120
18138,2.1139926083709164,1723110,120
18139,2.1145680522923529,1723205,120
18140,2.1145670191896095,1723300,120
18141,2.1139604352168488,1723395,120
18142,2.1149751326987083,1723490,120
18143,2.1151484901760806,1723585,120
18144,2.1147388373664353,1723680,120
18145,2.1141057128502649,1723775,120
18146,2.1141251517991027,1723870,120
18147,2.1128095590318381,1723965,120
18148,2.1117659695484661,1724060,120
18149,2.1114149632853714,1724155,120
18150,2.1122930511089484,1724250,120
18151,2.1115039374713502,1724345,120
18152,2.1111634032473345,1724440,120
18153,2.1108674116469559,1724535,120
18154,2.1105717182504402,1724630,120
18155,2.1111913383997645,1724725,120
18156,2.111874153058988,1724820,120
18157,2.1124845490298974,1724915,120
18158,2.1129752104703718,1725010,120
18159,2.1124087448693607,1725105,120
18160,2.1122394198956158,1725200,120
18161,2.1118768959903229,1725295,120
18162,2.1120530076997985,1725390,120
18163,2.1122001343434271,1725485,120
18164,2.1121835928063817,1725580,120
18165,2.1116219408808279,1725675,120
18166,2.1112522872705353,1725770,120
18167,2.1124135642667494,1725865,120
18168,2.1129149153832532,1725960,120
18169,2.1127450593675734,1726055,120
18170,2.1121793749174245,1726150,120
18171,2.1132773019442745,1726245,120
18172,2.1136408012390446,1726340,120
18173,2.1127849171856217,1726435,120
18174,2.1126026495210781,1726530,120
18175,2.1127000087672259,1726625,120
18176,2.1124304821343829,1726720,120
18177,2.1116303453278271,1726815,120
18178,2.1109882676808214,1726910,120
18179,2.1106780003441719,1727005,120
18180,2.1097162837808847,1727100,120
18181,2.1095767409290445,1727195,120
18182,2.1084859948498673,1727290,120
18183,2.1080549784094682,1727385,120
18184,2.108303537576254,1727480,120
18185,2.1082595623439979,1727575,120
18186,2.1082940977366658,1727670,120
18187,2.1081041096086888,1727765,120
18188,2.107592363353171,1727860,120
18189,2.1095710189346404,1727955,120
18190,2.1094180685120261,1728050,120
18191,2.1089635940387095,1728145,120
18192,2.1092239994065527,1728240,120
18193,2.1098007655917832,1728335,120
18194,2.1108550910327626,1728430,120
18195,2.1104203079159189,1728525,120
18196,2.1105661632548625,1728620,120
18197,2.110258089508898,1728715,120
18198,2.1103768519885566,1728810,120
18199,2.1110026149810763,1728905,120
18200,2.1108966147548229,1729000,120
18201,2.1113783553464924,1729095,120
18202,2.1104934657847276,1729190,120
18203,2.1110178404871451,1729285,120
18204,2.1109635201344634,1729380,120
18205,2.1110084694324578,1729475,120
18206,2.1107392618459859,1729570,120
18207,2.1105098711501911,1729665,120
18208,2.1112014461271182,1729760,120
18209,2.1104892251762974,1729855,120
18210,2.1105672286927573,1729950,120
18211,2.1115086425282787,1730045,120
18212,2.1112294930259363,1730140,120
18213,2.1108991816102383,1730235,120
18214,2.1105707475156219,1730330,120
18215,2.1108310440308209,1730425,120
18216,2.1120663012413576,1730520,120
18217,2.1115281143888809,1730615,120
18218,2.1115018433634369,1730710,120
18219,2.1112878404268338,1730805,120
18220,2.1107028897063982,1730900,120
18221,2.1106094708347931,1730995,120
18222,2.1102971029955055,1731090,120
18223,2.1117288310603906,1731185,120
18224,2.1108334843783605,1731280,120
18225,2.110660868776467,1731375,120
18226,2.1099631634933265,1731470,120
18227,2.1094306019466318,1731565,120
18228,2.1089063623707753,1731660,120
18229,2.108533040640713,1731755,120
18230,2.1089970430336131,1731850,120
18231,2.1085719195060242,1731945,120
18232,2.1102648469781426,1732040,120
18233,2.1095928609099874,1732135,120
18234,2.1093027177085997,1732230,120
18235,2.1088437433566547,1732325,120
18236,2.1082428163248492,1732420,120
18237,2.1085038983577573,1732515,120
18238,2.1096851782015222,1732610,120
18239,2.1094658332801108,1732705,120
18240,2.1095476425658437,1732800,120
18241,2.109429834691579,1732895,120
18242,2.1086127854913972,1732990,120
18243,2.1089296854681612,1733085,120
18244,2.1093767875796225,1733180,120
18245,2.110879309120901,1733275,120
18246,2.1103862258958985,1733370,120
18247,2.1100636674460205,1733465,120
18248,2.1096621884450046,1733560,120
18249,2.1093516856750094,1733655,120
18250,2.1095444632231573,1733750,120
18251,2.1104308489787331,1733845,120
18252,2.1112756088084592,1733940,120
18253,2.1108570623958336,1734035,120
18254,2.1115860680691951,1734130,120
18255,2.1112103615851434,1734225,120
18256,2.1117957774083016,1734320,120
18257,2.1116526923693009,1734415,120
18258,2.1123695154630484,1734510,120
18259,2.1129093153101568,1734605,120
18260,2.1121450548796279,1734700,120
18261,2.1125263769610538,1734795,120
18262,2.1126277908203055,1734890,120
18263,2.113333259539095,1734985,120
18264,2.1131619174396299,1735080,120
18265,2.1134384637875714,1735175,120
18266,2.1120684236066416,1735270,120
18267,2.1124723302825181,1735365,120
18268,2.112910953355613,1735460,120
18269,2.1125456871528159,1735555,120
18270,2.1119161522370384,1735650,120
18271,2.1116959059349072,1735745,120
18272,2.1112938638482808,1735840,120
18273,2.110964208091592,1735935,120
18274,2.1102534510939575,1736030,120
18275,2.110351045348926,1736125,120
18276,2.1100544409222692,1736220,120
18277,2.1095722739427143,1736315,120
18278,2.1092617480651858,1736410,120
18279,2.108562958368732,1736505,120
18280,2.108520363817135,1736600,120
18281,2.1080804171466263,1736695,120
18282,2.1084675476909989,1736790,120
18283,2.1085353512474434,1736885,120
18284,2.1088781644588575,1736980,120
18285,2.1098015674203983,1737075,120
18286,2.1094385979174173,1737170,120
18287,2.109445564728111,1737265,120
18288,2.1096533913293238,1737360,120
18289,2.1103092291097578,1737455,120
18290,2.1106151818633805,1737550,120
18291,2.1111733214922266,1737645,120
18292,2.1113312528705044,1737740,120
18293,2.1121330192681564,1737835,120
18294,2.1113551543324411,1737930,120
18295,2.1115629458507863,1738025,120
18296,2.1112534237156528,1738120,120
18297,2.1110178617866806,1738215,120
18298,2.1117357777656305,1738310,120
18299,2.1122645355119314,1738405,120
18300,2.1125669680051966,1738500,120
18301,2.1126446335577733,1738595,120
18302,2.1124524962667035,1738690,120
18303,2.1129424646611583,1738785,120
18304,2.1129105269192854,1738880,120
18305,2.1128835887214046,1738975,120
18306,2.1123184800247583,1739070,120
18307,2.112014255485771,1739165,120
18308,2.1119067390268933,1739260,120
18309,2.1111309849474567,1739355,120
18310,2.1121169181383768,1739450,120
18311,2.1119228516216002,1739545,120
18312,2.1120776138533066,1739640,120
18313,2.1139523995145297,1739735,120
18314,2.1134845158904052,1739830,120
18315,2.1134337976403721,1739925,120
18316,2.1138153649243314,1740020,120
18317,2.1128148695443763,1740115,120
18318,2.1139400614399486,1740210,120
18319,2.1141366993620361,1740305,120
18320,2.1129158955842193,1740400,120
18321,2.1128987788310929,1740495,120
18322,2.1125275372197527,1740590,120
18323,2.1119280235942353,1740685,120
18324,2.1117910515406506,1740780,120
18325,2.1118650121000999,1740875,120
18326,2.1110054661224766,1740970,120
18327,2.1126316535283469,1741065,120
18328,2.1133430464747431,1741160,120
18329,2.1125993942415979,1741255,120
18330,2.1138932756501201,1741350,120
18331,2.1142813459262007,1741445,120
18332,2.1143043796048508,1741540,120
18333,2.1133536356638754,1741635,120
18334,2.1133108982902122,1741730,120
18335,2.1128835278022078,1741825,120
18336,2.1141759968089926,1741920,120
18337,2.11401680799346,1742015,120
18338,2.1143962991233156,1742110,120
18339,2.1144886355193533,1742205,120
18340,2.1149761612324904,1742300,120
18341,2.1148633278785565,1742395,120
18342,2.1142536530695684,1742490,120
18343,2.1155129504952424,1742585,120
18344,2.1153921316707471,1742680,120
18345,2.1160663395138681,1742775,120
18346,2.1159743205167696,1742870,120
18347,2.1162210569362552,1742965,120
18348,2.1149285817732792,1743060,120
18349,2.1145959063943236,1743155,120
18350,2.1145407538186523,1743250,120
18351,2.1143251874713087,1743345,120
18352,2.1136762123981878,1743440,120
18353,2.1137720543721588,1743535,120
18354,2.1138853042458479,1743630,120
18355,2.1144345569420522,1743725,120
18356,2.1132816655323849,1743820,120
18357,2.1128684031057463,1743915,120
18358,2.1127936668855041,1744010,120
18359,2.1131952822943716,1744105,120
18360,2.1123649259276998,1744200,120
18361,2.1126313977809441,1744295,120
18362,2.1120825706469968,1744390,120
18363,2.1113355386439974,1744485,120
18364,2.1124994444227423,1744580,120
18365,2.112645161678758,1744675,120
18366,2.1123420454292892,1744770,120
18367,2.111794911831208,1744865,120
18368,2.112412608493949,1744960,120
18369,2.1123103466293993,1745055,120
18370,2.112966444751224,1745150,120
18371,2.1123163304237109,1745245,120
18372,2.1119620642270633,1745340,120
18373,2.1131326030966813,1745435,120
18374,2.112768648070745,1745530,120
18375,2.1123666792139404,1745625,120
18376,2.1131723911086659,1745720,120
18377,2.1136197687705667,1745815,120
18378,2.1127973019916033,1745910,120
18379,2.1131695079359085,1746005,120
18380,2.1135954356930968,1746100,120
18381,2.1137438316364325,1746195,120
18382,2.1127742542937225,1746290,120
18383,2.1133703109622499,1746385,120
18384,2.1134438924731684,1746480,120
18385,2.1144688745936735,1746575,120
18386,2.1144290336258136,1746670,120
18387,2.1137522275023426,1746765,120
18388,2.1125497646704265,1746860,120
18389,2.1131957213323043,1746955,120
18390,2.1137760935098115,1747050,120
18391,2.1133356952602846,1747145,120
18392,2.113430674673618,1747240,120
18393,2.1138500939358202,1747335,120
18394,2.1142701687301479,1747430,120
18395,2.1147688513662537,1747525,120
18396,2.1150471701645057,1747620,120
18397,2.1152771771230916,1747715,120
18398,2.1146913413046531,1747810,120
18399,2.1146756330718137,1747905,120
18400,2.1145284930276005,1748000,120
18401,2.1145451909008446,1748095,120
18402,2.1143023365253186,1748190,120
18403,2.1155873236984202,1748285,120
18404,2.1156204699257439,1748380,120
18405,2.115775516614451,1748475,120
18406,2.1162178245463563,1748570,120
18407,2.1157631859239494,1748665,120
18408,2.1154310697217515,1748760,120
18409,2.1154988105459616,1748855,120
18410,2.1148806059793039,1748950,120
18411,2.1141589856060183,1749045,120
18412,2.113597005361052,1749140,120
18413,2.1133581682371658,1749235,120
18414,2.1130306169561393,1749330,120
18415,2.1153285066364296,1749425,120
18416,2.1152685141576626,1749520,120
18417,2.1158087973257178,1749615,120
18418,2.115619064598298,1749710,120
18419,2.1150698230787888,1749805,120
18420,2.1145012338383657,1749900,120
18421,2.1143497589829949,1749995,120
18422,2.1143357757528203,1750090,120
18423,2.1161268686701118,1750185,120
18424,2.1160939563693932,1750280,120
18425,2.1164678876327625,1750375,120
18426,2.1164951449701004,1750470,120
18427,2.1160197396145448,1750565,120
18428,2.1156838873570534,1750660,120
18429,2.1156881259010425,1750755,120
18430,2.1159392266338815,1750850,120
18431,2.117740964627882,1750945,120
18432,2.1175069717637287,1751040,120
18433,2.1165173620541236,1751135,120
18434,2.116701105596372,1751230,120
18435,2.1166568515126252,1751325,120
18436,2.1172660668658656,1751420,120
18437,2.1174922838436951,1751515,120
18438,2.1169226691036114,1751610,120
18439,2.1162233444894083,1751705,120
18440,2.1167796548691697,1751800,120
18441,2.1178114531620782,1751895,120
18442,2.1166269121968573,1751990,120
18443,2.1165120624530416,1752085,120
18444,2.1159716123167809,1752180,120
18445,2.1167830722746079,1752275,120
18446,2.1172998921201467,1752370,120
18447,2.1184794699256515,1752465,120
18448,2.1179891843493568,1752560,120
18449,2.1181926360607886,1752655,120
18450,2.1167772453714462,1752750,120
18451,2.1173621443459902,1752845,120
18452,2.1169152110214005,1752940,120
18453,2.1161653740317994,1753035,120
18454,2.1147772904990196,1753130,120
18455,2.1153826095883872,1753225,120
18456,2.1154746010953893,1753320,120
18457,2.114948009622053,1753415,120
18458,2.1150864755257319,1753510,120
18459,2.1146639929441013,1753605,120
18460,2.1145853627282216,1753700,120
18461,2.1139193192200274,1753795,120
18462,2.11435975935815,1753890,120
18463,2.1136392315009553,1753985,120
18464,2.1132612689611747,1754080,120
18465,2.1136828661378293,1754175,120
18466,2.1154816534857863,1754270,120
18467,2.1160268351491709,1754365,120
18468,2.116353445108293,1754460,120
18469,2.1166503333510267,1754555,120
18470,2.1152008533473117,1754650,120
18471,2.1151664459678909,1754745,120
18472,2.1146796436876212,1754840,120
18473,2.1149831214260915,1754935,120
18474,2.1152529217024547,1755030,120
18475,2.1155363650876677,1755125,120
18476,2.1156305439830696,1755220,120
18477,2.1151072285906083,1755315,120
18478,2.114379058774372,1755410,120
18479,2.1147266067819537,1755505,120
18480,2.114485637272058,1755600,120
18481,2.115329748540312,1755695,120
18482,2.1160316431499102,1755790,120
18483,2.1151871656968031,1755885,120
18484,2.1151793451454863,1755980,120
18485,2.1147385544127832,1756075,120
18486,2.1139457658323533,1756170,120
18487,2.1144627334023554,1756265,120
18488,2.1140050379572299,1756360,120
18489,2.1148858246669722,1756455,120
18490,2.1151680804942354,1756550,120
18491,2.11495934897034,1756645,120
18492,2.1148873074027188,1756740,120
18493,2.1161847484323899,1756835,120
18494,2.1159935835443222,1756930,120
18495,2.1163002223193113,1757025,120
18496,2.1163896381333163,1757120,120
18497,2.1180837036921272,1757215,120
18498,2.1201588113881726,1757310,120
18499,2.1216478512399712,1757405,120
18500,2.1212394328661883,1757500,120
18501,2.1203968180700143,1757595,120
18502,2.1211630951293308,1757690,120
18503,2.1204077531512509,1757785,120
18504,2.1213936848567783,1757880,120
18505,2.1216606813575147,1757975,120
18506,2.1213986335835551,1758070,120
18507,2.1216708023004296,1758165,120
18508,2.1214456705152567,1758260,120
18509,2.1208943236615605,1758355,120
18510,2.1207334195883374,1758450,120
18511,2.1204692400034579,1758545,120
18512,2.1201318811321439,1758640,120
18513,2.1204427864974487,1758735,120
18514,2.1208407490130572,1758830,120
18515,2.1202332620823521,1758925,120
18516,2.1197944676212241,1759020,120
18517,2.1188704791301185,1759115,120
18518,2.1177090699644583,1759210,120
18519,2.117142539193694,1759305,120
18520,2.1169119200642386,1759400,120
18521,2.1174763327750936,1759495,120
18522,2.1173468177618586,1759590,120
18523,2.1186410534126909,1759685,120
18524,2.1189921694510172,1759780,120
18525,2.1187686675013002,1759875,120
18526,2.1190556505771228,1759970,120
18527,2.1188686653105111,1760065,120
18528,2.1185237085836324,1760160,120
18529,2.1189557954773424,1760255,120
18530,2.1183463729382885,1760350,120
18531,2.1198980273817236,1760445,120
18532,2.1195178685411067,1760540,120
18533,2.1192119100868534,1760635,120
18534,2.1186148684713255,1760730,120
18535,2.1190447203390166,1760825,120
18536,2.1183700206087996,1760920,120
18537,2.1181799067047176,1761015,120
18538,2.1182053796521729,1761110,120
18539,2.1191188804562504,1761205,120
18540,2.11903616589814,1761300,120
18541,2.1186119713017084,1761395,120
18542,2.1179916498361369,1761490,120
18543,2.1172026149341492,1761585,120
18544,2.117064405260173,1761680,120
18545,2.1169103126522399,1761775,120
18546,2.1162499571516324,1761870,120
18547,2.1159967050940627,1761965,120
18548,2.1154491103957542,1762060,120
18549,2.1145530484774899,1762155,120
18550,2.1145764688562942,1762250,120
18551,2.1149369485537646,1762345,120
18552,2.1148096171372144,1762440,120
18553,2.1146761436419244,1762535,120
18554,2.1147093098036582,1762630,120
18555,2.1160804693824531,1762725,120
18556,2.1157982980203776,1762820,120
18557,2.1152899715446636,1762915,120
18558,2.1155308108940165,1763010,120
18559,2.1159680981007871,1763105,120
18560,2.1159305594280524,1763200,120
18561,2.1147514630070523,1763295,120
18562,2.11483422315318,1763390,120
18563,2.1163449626984994,1763485,120
18564,2.1151331462747436,1763580,120
18565,2.1154102766232565,1763675,120
18566,2.114278797451338,1763770,120
18567,2.1151134162473744,1763865,120
18568,2.1163791263414833,1763960,120
18569,2.1154900271778017,1764055,120
18570,2.1150544902690309,1764150,120
18571,2.1155766945426167,1764245,120
18572,2.1149034464148895,1764340,120
18573,2.1147860681102491,1764435,120
18574,2.1141529563451456,1764530,120
18575,2.1133593757813025,1764625,120
18576,2.1132959744279098,1764720,120
18577,2.1129007117926064,1764815,120
18578,2.1134351335638195,1764910,120
18579,2.1129220523345111,1765005,120
18580,2.1121469286466144,1765100,120
18581,2.1121427136303672,1765195,120
18582,2.1113925198283794,1765290,120
18583,2.111650991704507,1765385,120
18584,2.1113946042219944,1765480,120
18585,2.1107328813253816,1765575,120
18586,2.1099210912270401,1765670,120
18587,2.1104462570618221,1765765,120
18588,2.1119667354656042,1765860,120
18589,2.1115004670900706,1765955,120
18590,2.1112827296098189,1766050,120
18591,2.1110259527217838,1766145,120
18592,2.1115419423389774,1766240,120
18593,2.1106797675643967,1766335,120
18594,2.1109222236568552,1766430,120
18595,2.10988744647246,1766525,120
18596,2.1093207935949554,1766620,120
18597,2.1090204089083877,1766715,120
18598,2.1093340825707867,1766810,120
18599,2.1090917336096116,1766905,120
18600,2.1083865691896753,1767000,120
18601,2.1076396865982785,1767095,120
18602,2.1078888779231502,1767190,120
18603,2.1077792762164074,1767285,120
18604,2.107562756175871,1767380,120
18605,2.1086483703238241,1767475,120
18606,2.1083428641507882,1767570,120
18607,2.1080383915263776,1767665,120
18608,2.1095036025179867,1767760,120
18609,2.1095858181218459,1767855,120
18610,2.1099899604691075,1767950,120
18611,2.1105664917063711,1768045,120
18612,2.1103531968353511,1768140,120
18613,2.1112022683384644,1768235,120
18614,2.1103429850013726,1768330,120
18615,2.1093579256639465,1768425,120
18616,2.1103798801411706,1768520,120
18617,2.1099023462862045,1768615,120
18618,2.1097790709885409,1768710,120
18619,2.1103125913774958,1768805,120
18620,2.110789715232988,1768900,120
18621,2.1104778159806092,1768995,120
18622,2.1100673236514247,1769090,120
18623,2.1113671588464413,1769185,120
18624,2.1130364665436554,1769280,120
18625,2.1146534064695168,1769375,120
18626,2.1150882362855654,1769470,120
18627,2.1151899298912333,1769565,120
18628,2.1157975903154225,1769660,120
18629,2.1169076231769637,1769755,120
18630,2.1164768379873533,1769850,120
18631,2.1158946473863489,1769945,120
18632,2.1157465670919939,1770040,120
18633,2.1155457716113415,1770135,120
18634,2.1151357172129104,1770230,120
18635,2.1149569098376819,1770325,120
18636,2.1149887069692785,1770420,120
18637,2.1145476636801184,1770515,120
18638,2.1143820065739436,1770610,120
18639,2.1148879543438177,1770705,120
18640,2.1139708377421642,1770800,120
18641,2.1132894022642783,1770895,120
18642,2.1136776739584318,1770990,120
18643,2.1148909836037428,1771085,120
18644,2.1145216574108194,1771180,120
18645,2.114211237116788,1771275,120
18646,2.1139313138445237,1771370,120
18647,2.1133965249338202,1771465,120
18648,2.112587362213147,1771560,120
18649,2.1122133026328642,1771655,120
18650,2.1116721352001626,1771750,120
18651,2.1111118667439981,1771845,120
18652,2.1102540855674037,1771940,120
18653,2.1111048077327901,1772035,120
18654,2.1110191420628324,1772130,120
18655,2.1125902490444721,1772225,120
18656,2.1137188002039231,1772320,120
18657,2.112796215786263,1772415,120
18658,2.1157605036617189,1772510,120
18659,2.1155168922412928,1772605,120
18660,2.1166761750805425,1772700,120
18661,2.1170290905858367,1772795,120
18662,2.1170686480303043,1772890,120
18663,2.1171789526550664,1772985,120
18664,2.1172596232823429,1773080,120
18665,2.1177214332155123,1773175,120
18666,2.117020013237056,1773270,120
18667,2.1164901358010457,1773365,120
18668,2.1166236532326472,1773460,120
18669,2.1177085762389432,1773555,120
18670,2.1174611268127403,1773650,120
18671,2.1167861204039786,1773745,120
18672,2.1176485759191901,1773840,120
18673,2.1173111653492054,1773935,120
18674,2.1171645898876292,1774030,120
18675,2.1170306337258982,1774125,120
18676,2.1181467298401246,1774220,120
18677,2.1181623139019496,1774315,120
18678,2.1180349367904885,1774410,120
18679,2.1183957655838541,1774505,120
18680,2.118114285118927,1774600,120
18681,2.117523240596126,1774695,120
18682,2.117009998409153,1774790,120
18683,2.116975468148516,1774885,120
18684,2.1168966946194345,1774980,120
18685,2.1167421726259064,1775075,120
18686,2.116387804458522,1775170,120
18687,2.1160399443893545,1775265,120
18688,2.1156585958793461,1775360,120
18689,2.1156009646975704,1775455,120
18690,2.1151031769353255,1775550,120
18691,2.1159076137630488,1775645,120
18692,2.1152863568044857,1775740,120
18693,2.1146966985351834,1775835,120
18694,2.116429690447247,1775930,120
18695,2.1168440815304601,1776025,120
18696,2.1183004075460388,1776120,120
18697,2.1189354387304369,1776215,120
18698,2.1191921556269202,1776310,120
18699,2.1186256313701781,1776405,120
18700,2.1191504809738206,1776500,120
18701,2.1197233921941274,1776595,120
18702,2.1197788724067386,1776690,120
18703,2.1192676654159555,1776785,120
18704,2.1199635451541292,1776880,120
18705,2.1200125592427916,1776975,120
18706,2.1192434393866288,1777070,120
18707,2.1197353994713608,1777165,120
18708,2.1196995126255245,1777260,120
18709,2.1195903815405361,1777355,120
18710,2.1199499549329879,1777450,120
18711,2.1202394599856005,1777545,120
18712,2.1202825263541265,1777640,120
18713,2.1214140640529333,1777735,120
18714,2.1219371506076463,1777830,120
18715,2.1223088142657072,1777925,120
18716,2.1226350815025121,1778020,120
18717,2.1224717916402165,1778115,120
18718,2.1216572940607987,1778210,120
18719,2.1219413096127582,1778305,120
18720,2.122398929325978,1778400,120
18721,2.1233283523417765,1778495,120
18722,2.1237399575485876,1778590,120
18723,2.1230599167538546,1778685,120
18724,2.122496672963075,1778780,120
18725,2.1225710429061482,1778875,120
18726,2.121695058189101,1778970,120
18727,2.1216655515887499,1779065,120
18728,2.1234571963502216,1779160,120
18729,2.1220066258564332,1779255,120
18730,2.1215471046616288,1779350,120
18731,2.1218361190169452,1779445,120
18732,2.1215341473056886,1779540,120
18733,2.1208913927010324,1779635,120
18734,2.1213993929019472,1779730,120
18735,2.1211737636148875,1779825,120
18736,2.1212793671204784,1779920,120
18737,2.1212554109008122,1780015,120
18738,2.1211170080377619,1780110,120
18739,2.1219859707721085,1780205,120
18740,2.1217309212274906,1780300,120
18741,2.1225064545160079,1780395,120
18742,2.1222786369013731,1780490,120
18743,2.1220125942446817,1780585,120
18744,2.1219397869905374,1780680,120
18745,2.1230248461885441,1780775,120
18746,2.1226091862645462,1780870,120
18747,2.1222663375534405,1780965,120
18748,2.1221726035131749,1781060,120
18749,2.1215078136160166,1781155,120
18750,2.1209559288880153,1781250,120
18751,2.1207281059464078,1781345,120
18752,2.1201137288836454,1781440,120
18753,2.1208621074751695,1781535,120
18754,2.1207197574119929,1781630,120
18755,2.1212513565819453,1781725,120
18756,2.1218611020173772,1781820,120
18757,2.1220040145735801,1781915,120
18758,2.1221356047643583,1782010,120
18759,2.1221332461944598,1782105,120
18760,2.1216944370144044,1782200,120
18761,2.1210586225733969,1782295,120
18762,2.1211240954986121,1782390,120
18763,2.1218217009171805,1782485,120
18764,2.1220733157778993,1782580,120
18765,2.122604258439353,1782675,120
18766,2.1242500329938334,1782770,120
18767,2.1241442594854267,1782865,120
18768,2.1239098550416569,1782960,120
18769,2.1237518461826661,1783055,120
18770,2.1233487548395646,1783150,120
18771,2.1230327428339884,1783245,120
18772,2.1238046815309288,1783340,120
18773,2.1236562515974806,1783435,120
18774,2.1239222774745321,1783530,120
18775,2.1241032315519659,1783625,120
18776,2.123771559372166,1783720,120
18777,2.1233984104569039,1783815,120
18778,2.1238466595632639,1783910,120
18779,2.1245331216195527,1784005,120
18780,2.1253354118931997,1784100,120
18781,2.1253015902056567,1784195,120
18782,2.1259155379283046,1784290,120
18783,2.1262535504812297,1784385,120
18784,2.1252270382241143,1784480,120
18785,2.1261128230870399,1784575,120
18786,2.1258688403127737,1784670,120
18787,2.1263448792058997,1784765,120
18788,2.1264638706717296,1784860,120
18789,2.1263446601539853,1784955,120
18790,2.12696582846461,1785050,120
18791,2.127802776825702,1785145,120
18792,2.1267598343424488,1785240,120
18793,2.1261088879357475,1785335,120
18794,2.1278008828636943,1785430,120
18795,2.1286643863347954,1785525,120
18796,2.1294398577013736,1785620,120
18797,2.1287217227705701,1785715,120
18798,2.1283432461982441,1785810,120
18799,2.1284362408705384,1785905,120
18800,2.1275848418601124,1786000,120
18801,2.1270181620567645,1786095,120
18802,2.1266529008542925,1786190,120
18803,2.1259937083551987,1786285,120
18804,2.1253312057752676,1786380,120
18805,2.1255448677047042,1786475,120
18806,2.1253091424870876,1786570,120
18807,2.1249405619051083,1786665,120
18808,2.1240598555677499,1786760,120
18809,2.1231857047194609,1786855,120
18810,2.12437212417549,1786950,120
18811,2.1234141085529727,1787045,120
18812,2.1237395654611206,1787140,120
18813,2.1235368800954388,1787235,120
18814,2.1243281213920535,1787330,120
18815,2.1249046447266964,1787425,120
18816,2.1251251984522357,1787520,120
18817,2.12471704356286,1787615,120
18818,2.1244072666305627,1787710,120
18819,2.1250105990059649,1787805,120
18820,2.1240755645947194,1787900,120
18821,2.1251679980836684,1787995,120
18822,2.1265695879965181,1788090,120
18823,2.1274864472692201,1788185,120
18824,2.127124613965905,1788280,120
18825,2.1260379848622106,1788375,120
18826,2.1257282266121953,1788470,120
18827,2.1248367975280908,1788565,120
18828,2.1241564523082634,1788660,120
18829,2.1239456731878925,1788755,120
18830,2.125058185370214,1788850,120
18831,2.1250682662490368,1788945,120
18832,2.1257108689778468,1789040,120
18833,2.1252167058838638,1789135,120
18834,2.1265214761537101,1789230,120
18835,2.1280172212023483,1789325,120
18836,2.1273188258829716,1789420,120
18837,2.1282268933154587,1789515,120
18838,2.1277901973400244,1789610,120
18839,2.1278068010664803,1789705,120
18840,2.1275361405933397,1789800,120
18841,2.1281217777588304,1789895,120
18842,2.1276233001785978,1789990,120
18843,2.127731681158374,1790085,120
18844,2.1274008578117964,1790180,120
18845,2.1280246366457489,1790275,120
18846,2.1281238086707646,1790370,120
18847,2.1283800187632775,1790465,120
18848,2.127939206709895,1790560,120
18849,2.1285377070195297,1790655,120
18850,2.1284599199188454,1790750,120
18851,2.1274683930418501,1790845,120
18852,2.1264632362983846,1790940,120
18853,2.1267419415193047,1791035,120
18854,2.1266216827638726,1791130,120
18855,2.1266257728140583,1791225,120
18856,2.1267158788658218,1791320,120
18857,2.1268842438809008,1791415,120
18858,2.1279171068519283,1791510,120
18859,2.1275865827476075,1791605,120
18860,2.126573893965821,1791700,120
18861,2.1273429761062155,1791795,120
18862,2.127449415021843,1791890,120
18863,2.1273417142818269,1791985,120
18864,2.1284403933423324,1792080,120
18865,2.128489600693102,1792175,120
18866,2.1283753099232214,1792270,120
18867,2.1289006435328686,1792365,120
18868,2.1286115438749245,1792460,120
18869,2.1288911103775208,1792555,120
18870,2.1284342547541284,1792650,120
18871,2.1280813818648712,1792745,120
18872,2.1281684022962457,1792840,120
18873,2.1284447879170623,1792935,120
18874,2.1278426055395729,1793030,120
18875,2.1275404920096128,1793125,120
18876,2.1270235961870037,1793220,120
18877,2.1287416883163348,1793315,120
18878,2.1288992273155314,1793410,120
18879,2.1292226081476886,1793505,120
18880,2.1294059855010805,1793600,120
18881,2.1286906709998004,1793695,120
18882,2.1296241175821184,1793790,120
18883,2.1291391233490087,1793885,120
18884,2.1295970380163425,1793980,120
18885,2.1297598800757136,1794075,120
18886,2.1298618121342066,1794170,120
18887,2.1308372228354102,1794265,120
18888,2.1312723794127781,1794360,120
18889,2.1315911598576749,1794455,120
18890,2.1319300328922934,1794550,120
18891,2.13215214421919,1794645,120
18892,2.1319286137064712,1794740,120
18893,2.1314935666341746,1794835,120
18894,2.1317706445119522,1794930,120
18895,2.1333616794353869,1795025,120
18896,2.1319878074235699,1795120,120
18897,2.131121268827505,1795215,120
18898,2.1303148608100004,1795310,120
18899,2.1297248466629388,1795405,120
18900,2.1301814765159106,1795500,120
18901,2.130702718499657,1795595,120
18902,2.130187833956104,1795690,120
18903,2.1305201810467826,1795785,120
18904,2.1305607306137739,1795880,120
18905,2.1301083532210559,1795975,120
18906,2.1308017887439377,1796070,120
18907,2.1306249329892615,1796165,120
18908,2.131360106085082,1796260,120
18909,2.1313043024286098,1796355,120
18910,2.1312850214058878,1796450,120
18911,2.1310267649359251,1796545,120
18912,2.1300481007715235,1796640,120
18913,2.1293998579442501,1796735,120
18914,2.129291589268473,1796830,120
18915,2.1294178373114501,1796925,120
18916,2.1290873717532017,1797020,120
18917,2.1291033428403492,1797115,120
18918,2.1298641701614223,1797210,120
18919,2.1296044152026474,1797305,120
18920,2.1290923298689068,1797400,120
18921,2.1293817344712465,1797495,120
18922,2.1292701568616499,1797590,120
18923,2.129900913313596,1797685,120
18924,2.1296211396880094,1797780,120
18925,2.12886154059282,1797875,120
18926,2.1292398419084861,1797970,120
18927,2.1283292832689349,1798065,120
18928,2.1283446767077829,1798160,120
18929,2.1286866993170435,1798255,120
18930,2.1292983847370679,1798350,120
18931,2.1287353260010113,1798445,120
18932,2.1290332749546006,1798540,120
18933,2.1293139940783599,1798635,120
18934,2.1291737583030059,1798730,120
18935,2.1294628493867749,1798825,120
18936,2.1302265583774722,1798920,120
18937,2.1298567454959252,1799015,120
18938,2.1298884698169593,1799110,120
18939,2.1292035084028496,1799205,120
18940,2.1289975182457304,1799300,120
18941,2.1284842408797284,1799395,120
18942,2.1283781283165406,1799490,120
18943,2.1284349089237034,1799585,120
18944,2.1292678228187789,1799680,120
18945,2.1287506007118102,1799775,120
18946,2.1287222647610422,1799870,120
18947,2.1285259612800931,1799965,120
18948,2.1275596713504585,1800060,120
18949,2.1273873319312471,1800155,120
18950,2.127744049871942,1800250,120
18951,2.1295119584400788,1800345,120
18952,2.1286545063514022,1800440,120
18953,2.1293071463667803,1800535,120
18954,2.1292543835509381,1800630,120
18955,2.1297891890434264,1800725,120
18956,2.1292989288236011,1800820,120
18957,2.1296522044188286,1800915,120
18958,2.129029933059706,1801010,120
18959,2.1295879043158408,1801105,120
18960,2.1301593296607844,1801200,120
18961,2.1299603582610804,1801295,120
18962,2.1307769482150261,1801390,120
18963,2.130361582071354,1801485,120
18964,2.1300590576405578,1801580,120
18965,2.1288792394178557,1801675,120
18966,2.1293427975006654,1801770,120
18967,2.1289823396121301,1801865,120
18968,2.1292187086514063,1801960,120
18969,2.1290684406138132,1802055,120
18970,2.128406120628326,1802150,120
18971,2.1278589646109145,1802245,120
18972,2.1287536226056787,1802340,120
18973,2.1297697420964572,1802435,120
18974,2.1290421845610656,1802530,120
18975,2.1298673401204504,1802625,120
18976,2.1296450041542925,1802720,120
18977,2.1291234401737986,1802815,120
18978,2.128573763557922,1802910,120
18979,2.1282196521829926,1803005,120
18980,2.1277966430571582,1803100,120
18981,2.1271484811114947,1803195,120
18982,2.1265762563731556,1803290,120
18983,2.1258039018603792,1803385,120
18984,2.1251368289618249,1803480,120
18985,2.1250547740967201,1803575,120
18986,2.1253478147018527,1803670,120
18987,2.1251114825038724,1803765,120
18988,2.124855335740361,1803860,120
18989,2.1248118633508204,1803955,120
18990,2.1242030712235533,1804050,120
18991,2.1239523161428697,1804145,120
18992,2.1241152368640885,1804240,120
18993,2.1269342424683382,1804335,120
18994,2.1269000178933704,1804430,120
18995,2.1263192142960534,1804525,120
18996,2.1256773105937317,1804620,120
18997,2.1254845676238254,1804715,120
18998,2.1247086736976257,1804810,120
18999,2.124433797258694,1804905,120
19000,2.1246901480592748,1805000,120
19001,2.1248272979773803,1805095,120
19002,2.1249701295421541,1805190,120
19003,2.1247476806394872,1805285,120
19004,2.1240975109484941,1805380,120
19005,2.1238125309216453,1805475,120
19006,2.1237840622422124,1805570,120
19007,2.123627489956732,1805665,120
19008,2.1224036246159512,1805760,120
19009,2.1227907973667706,1805855,120
19010,2.1234158410686108,1805950,120
19011,2.1224760113691152,1806045,120
19012,2.122530503443171,1806140,120
19013,2.1218852462224747,1806235,120
19014,2.1223287147362195,1806330,120
19015,2.1223204219197838,1806425,120
19016,2.1236475656949771,1806520,120
19017,2.1238530377167972,1806615,120
19018,2.1250874816622072,1806710,120
19019,2.1266955535039456,1806805,120
19020,2.1268641412423368,1806900,120
19021,2.1263539978546167,1806995,120
19022,2.126952679123661,1807090,120
19023,2.1271709735512196,1807185,120
19024,2.1280624039092357,1807280,120
19025,2.1277493692853371,1807375,120
19026,2.1279357187528207,1807470,120
19027,2.1279738209276755,1807565,120
19028,2.1293183430735678,1807660,120
19029,2.1299043157489654,1807755,120
19030,2.1306137617396579,1807850,120
19031,2.1312974055771474,1807945,120
19032,2.1311168367235096,1808040,120
19033,2.1304464078213838,1808135,120
19034,2.1313205279899212,1808230,120
19035,2.1320150791439003,1808325,120
19036,2.1317977632272189,1808420,120
19037,2.1314583900646142,1808515,120
19038,2.131356366356894,1808610,120
19039,2.1326331895098405,1808705,120
19040,2.1319270075072221,1808800,120
19041,2.1317305049443411,1808895,120
19042,2.1307751572328759,1808990,120
19043,2.1309190694367035,1809085,120
19044,2.1315106388615472,1809180,120
19045,2.1310745034473584,1809275,120
19046,2.1311061986297655,1809370,120
19047,2.1320922176425441,1809465,120
19048,2.1316902675528171,1809560,120
19049,2.1310561221328435,1809655,120
19050,2.1313581083734006,1809750,120
19051,2.1310692895638415,1809845,120
19052,2.1313025046495246,1809940,120
19053,2.1311815018081486,1810035,120
19054,2.1316460777870647,1810130,120
19055,2.1323556630000184,1810225,120
19056,2.1325372880603854,1810320,120
19057,2.1338310276498729,1810415,120
19058,2.134027861790476,1810510,120
19059,2.1338646752604591,1810605,120
19060,2.1336960391841648,1810700,120
19061,2.1331883366894533,1810795,120
19062,2.1328253953015071,1810890,120
19063,2.13269634547094,1810985,120
19064,2.1320157600344682,1811080,120
19065,2.1317082726538619,1811175,120
19066,2.1318365476419014,1811270,120
19067,2.1321764384032256,1811365,120
19068,2.1315313576661468,1811460,120
19069,2.1317952326024208,1811555,120
19070,2.1318403953374543,1811650,120
19071,2.1323188233506554,1811745,120
19072,2.1319359869013028,1811840,120
19073,2.1321938101675717,1811935,120
19074,2.1321205866475226,1812030,120
19075,2.1322525169869224,1812125,120
19076,2.1331090546974414,1812220,120
19077,2.133464493146767,1812315,120
19078,2.1333713181544054,1812410,120
19079,2.1329332599469422,1812505,120
19080,2.1329848808396656,1812600,120
19081,2.133104612991501,1812695,120
19082,2.1329088850594098,1812790,120
19083,2.132365935512246,1812885,120
19084,2.1319572650413661,1812980,120
19085,2.1316159891121815,1813075,120
19086,2.1312734128107782,1813170,120
19087,2.1305735536323396,1813265,120
19088,2.1298281215959087,1813360,120
19089,2.1290545149951252,1813455,120
19090,2.1305143069378838,1813550,120
19091,2.1313980762805773,1813645,120
19092,2.1315485095448499,1813740,120
19093,2.1319713505583042,1813835,120
19094,2.1323292056218262,1813930,120
19095,2.1323665653012558,1814025,120
19096,2.1315069047744091,1814120,120
19097,2.1301430041201126,1814215,120
19098,2.1296496166538037,1814310,120
19099,2.1296336806208211,1814405,120
19100,2.1297129603407106,1814500,120
19101,2.1287310943899334,1814595,120
19102,2.1284464009375594,1814690,120
19103,2.1283069465207518,1814785,120
19104,2.128843260844933,1814880,120
19105,2.1288502426072142,1814975,120
19106,2.1276693416082511,1815070,120
19107,2.1275468111191698,1815165,120
19108,2.1275784833126581,1815260,120
19109,2.1275488959567674,1815355,120
19110,2.1282841666723815,1815450,120
19111,2.1289875396355677,1815545,120
19112,2.128003100327355,1815640,120
19113,2.128561957310092,1815735,120
19114,2.1272075068548371,1815830,120
19115,2.1280620200169129,1815925,120
19116,2.1283215312555042,1816020,120
19117,2.1289563654616135,1816115,120
19118,2.1280818067130003,1816210,120
19119,2.1285316515415418,1816305,120
19120,2.1275513994890165,1816400,120
19121,2.126797238357832,1816495,120
19122,2.1277475759203743,1816590,120
19123,2.1282851003999674,1816685,120
19124,2.1287213281021415,1816780,120
19125,2.1284845987641994,1816875,120
19126,2.1280031390941692,1816970,120
19127,2.127083678078642,1817065,120
19128,2.1281801824170801,1817160,120
19129,2.1280447669684595,1817255,120
19130,2.1274733140311413,1817350,120
19131,2.126841553880634,1817445,120
19132,2.1268742320946088,1817540,120
19133,2.1262670828740413,1817635,120
19134,2.1259636159892148,1817730,120
19135,2.1263288390886146,1817825,120
19136,2.1261741470198539,1817920,120
19137,2.1252426040904102,1818015,120
19138,2.1246563953992328,1818110,120
19139,2.124681318497696,1818205,120
19140,2.1243268456999465,1818300,120
19141,2.1237307640578886,1818395,120
19142,2.125029625282874,1818490,120
19143,2.1259431663708188,1818585,120
19144,2.127362175036954,1818680,120
19145,2.1278381181385595,1818775,120
19146,2.1286831450593966,1818870,120
19147,2.1288985152812514,1818965,120
19148,2.1283663607939807,1819060,120
19149,2.1275478727957284,1819155,120
19150,2.1284776587754028,1819250,120
19151,2.1282349284244848,1819345,120
19152,2.1278354321463144,1819440,120
19153,2.127663030380571,1819535,120
19154,2.1270302656856237,1819630,120
19155,2.1265656533120865,1819725,120
19156,2.125796536618811,1819820,120
19157,2.1257557592526268,1819915,120
19158,2.1263645811379241,1820010,120
19159,2.126599447402612,1820105,120
19160,2.1261660553878921,1820200,120
19161,2.1270025342369991,1820295,120
19162,2.1277872055253209,1820390,120
19163,2.1280789352581819,1820485,120
19164,2.1287335311892654,1820580,120
19165,2.1282051858548972,1820675,120
19166,2.1301321400194713,1820770,120
19167,2.1292717579533362,1820865,120
19168,2.129952811964908,1820960,120
19169,2.1301529310349814,1821055,120
19170,2.1316162616258718,1821150,120
19171,2.1311649832660713,1821245,120
19172,2.1312837796847526,1821340,120
19173,2.1310966332231374,1821435,120
19174,2.1326577780117115,1821530,120
19175,2.131946025194845,1821625,120
19176,2.1327943892979131,1821720,120
19177,2.1325740604474581,1821815,120
19178,2.1325917356701969,1821910,120
19179,2.1313762727372403,1822005,120
19180,2.1339753078448536,1822100,120
19181,2.135204256625161,1822195,120
19182,2.1345694650227784,1822290,120
19183,2.1342554701508543,1822385,120
19184,2.1339564635659323,1822480,120
19185,2.133677079221751,1822575,120
19186,2.1337064727097919,1822670,120
19187,2.1329060699922979,1822765,120
19188,2.1321104793058057,1822860,120
19189,2.1336125482191641,1822955,120
19190,2.1337601116360889,1823050,120
19191,2.1335357114576912,1823145,120
19192,2.1327671406213318,1823240,120
19193,2.1322770310191506,1823335,120
19194,2.1313982824265669,1823430,120
19195,2.1321629852284985,1823525,120
19196,2.1329735557752474,1823620,120
19197,2.1332548513748124,1823715,120
19198,2.1332491770318711,1823810,120
19199,2.1328189430794477,1823905,120
19200,2.1327989628471764,1824000,120
19201,2.1325747169735796,1824095,120
19202,2.1331824829109851,1824190,120
19203,2.13277017643827,1824285,120
19204,2.1324873496645531,1824380,120
19205,2.1326140136236251,1824475,120
19206,2.1324140522450405,1824570,120
19207,2.1322600319856875,1824665,120
19208,2.1331667991759637,1824760,120
19209,2.1327375525590271,1824855,120
19210,2.1320912711579916,1824950,120
19211,2.1323539824641502,1825045,120
19212,2.1322590873517706,1825140,120
19213,2.1318929029255709,1825235,120
19214,2.1314206420742949,1825330,120
19215,2.1332440968769735,1825425,120
19216,2.1336545149904174,1825520,120
19217,2.1340818888290398,1825615,120
19218,2.1336911082101095,1825710,120
19219,2.1335765849857045,1825805,120
19220,2.1346730693927793,1825900,120
19221,2.1350800223745434,1825995,120
19222,2.1357797314536002,1826090,120
19223,2.1359371181937696,1826185,120
19224,2.1352969397908108,1826280,120
19225,2.1347986835408568,1826375,120
19226,2.1358555346057622,1826470,120
19227,2.1353873081590646,1826565,120
19228,2.1350929415339785,1826660,120
19229,2.1347727730822998,1826755,120
19230,2.1347783464214354,1826850,120
19231,2.1357070197817176,1826945,120
19232,2.1359384712078722,1827040,120
19233,2.1359020703849865,1827135,120
19234,2.1369621152680147,1827230,120
19235,2.1373645310841822,1827325,120
19236,2.13779602292992,1827420,120
19237,2.1382517616236445,1827515,120
19238,2.1374280112359134,1827610,120
19239,2.1366962353772414,1827705,120
19240,2.1371023348997209,1827800,120
19241,2.1380224492585365,1827895,120
19242,2.1393580721126977,1827990,120
19243,2.1402847391254221,1828085,120
19244,2.1400355268955065,1828180,120
19245,2.1392642638828665,1828275,120
19246,2.1384811870697198,1828370,120
19247,2.1393877245825852,1828465,120
19248,2.1381561664191127,1828560,120
19249,2.1380132195119104,1828655,120
19250,2.1379991293683358,1828750,120
19251,2.137561325068948,1828845,120
19252,2.1378706026130625,1828940,120
19253,2.1384615865587842,1829035,120
19254,2.138419370528001,1829130,120
19255,2.1393520001220088,1829225,120
19256,2.1389457449713354,1829320,120
19257,2.1385214017368743,1829415,120
19258,2.1382167436554402,1829510,120
19259,2.1374300485086164,1829605,120
19260,2.1369717253406506,1829700,120
19261,2.1367331327890184,1829795,120
19262,2.1358839178684184,1829890,120
19263,2.1366331731417145,1829985,120
19264,2.1361841839420941,1830080,120
19265,2.1359028333402588,1830175,120
19266,2.1360492797874016,1830270,120
19267,2.1369371052229744,1830365,120
19268,2.1359695705455883,1830460,120
19269,2.1355583848318251,1830555,120
19270,2.1356946070615139,1830650,120
19271,2.1357668820782076,1830745,120
19272,2.136967995181986,1830840,120
19273,2.1358660019900197,1830935,120
19274,2.1362488450059192,1831030,120
19275,2.1360985663056558,1831125,120
19276,2.1358801033970871,1831220,120
19277,2.1350891185149758,1831315,120
19278,2.1354783108914703,1831410,120
19279,2.13501300301786,1831505,120
19280,2.1339716923854439,1831600,120
19281,2.1345873988144137,1831695,120
19282,2.134244197030509,1831790,120
19283,2.1346981627877706,1831885,120
19284,2.1351251894520522,1831980,120
19285,2.1357226053641378,1832075,120
19286,2.1356191172128858,1832170,120
19287,2.1348991925710887,1832265,120
19288,2.1347801056112159,1832360,120
19289,2.1354626503276513,1832455,120
19290,2.1359835834175129,1832550,120
19291,2.1366813324544642,1832645,120
19292,2.1380541286154879,1832740,120
19293,2.1380449428515096,1832835,120
19294,2.1382552742611107,1832930,120
19295,2.1385455613703765,1833025,120
19296,2.137769486833637,1833120,120
19297,2.1377940470122705,1833215,120
19298,2.1375618810518469,1833310,120
19299,2.1375826894694345,1833405,120
19300,2.1389030019875084,1833500,120
19301,2.1394327336436496,1833595,120
19302,2.140669187541492,1833690,120
19303,2.1404364722881617,1833785,120
19304,2.1406447075383745,1833880,120
19305,2.1401784840843043,1833975,120
19306,2.1404075519069092,1834070,120
19307,2.1420198401544304,1834165,120
19308,2.1420175879368757,1834260,120
19309,2.1423554219928631,1834355,120
19310,2.1420335953291412,1834450,120
19311,2.1426785440224583,1834545,120
19312,2.142787667659618,1834640,120
19313,2.1424041039927801,1834735,120
19314,2.1423702550475041,1834830,120
19315,2.1421363654025987,1834925,120
19316,2.1427924786151746,1835020,120
19317,2.1427214680410094,1835115,120
19318,2.1424088363818363,1835210,120
19319,2.142944127045403,1835305,120
19320,2.1420000874480007,1835400,120
19321,2.1416753811905473,1835495,120
19322,2.1410608885932008,1835590,120
19323,2.1414237382671484,1835685,120
19324,2.1413379306903626,1835780,120
19325,2.1416189613713064,1835875,120
19326,2.1431417655613014,1835970,120
19327,2.1436302639578018,1836065,120
19328,2.1445426970887485,1836160,120
19329,2.1448208664006718,1836255,120
19330,2.1447402896934253,1836350,120
19331,2.1447478844801671,1836445,120
19332,2.1459800032921312,1836540,120
19333,2.147330130297791,1836635,120
19334,2.1464985841209301,1836730,120
19335,2.1465724466626308,1836825,120
19336,2.146312834873493,1836920,120
19337,2.1463076186766896,1837015,120
19338,2.1451623944879925,1837110,120
19339,2.1447708202977736,1837205,120
19340,2.1449431913009889,1837300,120
19341,2.1466503055272916,1837395,120
19342,2.147756362064861,1837490,120
19343,2.1488120404416904,1837585,120
19344,2.1476859644934496,1837680,120
19345,2.1468438271767236,1837775,120
19346,2.1470655224778303,1837870,120
19347,2.1479753176737701,1837965,120
19348,2.1474187766416368,1838060,120
19349,2.146953772661524,1838155,120
19350,2.1465113173641095,1838250,120
19351,2.1462915450742952,1838345,120
19352,2.1471583997665529,1838440,120
19353,2.1457930214360221,1838535,120
19354,2.145688054303116,1838630,120
19355,2.1448770605690424,1838725,120
19356,2.1442742325393307,1838820,120
19357,2.1462091294415382,1838915,120
19358,2.1465035554303507,1839010,120
19359,2.1464209668103371,1839105,120
19360,2.1465189797658764,1839200,120
19361,2.1461214212450406,1839295,120
19362,2.1469360033259344,1839390,120
19363,2.1465902761852504,1839485,120
19364,2.1463167946324564,1839580,120
19365,2.1458604370701462,1839675,120
19366,2.1456532035817268,1839770,120
19367,2.14654801597732,1839865,120
19368,2.1461637153494686,1839960,120
19369,2.1460852152340917,1840055,120
19370,2.1468013402135506,1840150,120
19371,2.1466652793509118,1840245,120
19372,2.1464885550620965,1840340,120
19373,2.1476622035707282,1840435,120
19374,2.1480473523734718,1840530,120
19375,2.1482745922598552,1840625,120
19376,2.1491236660440278,1840720,120
19377,2.148834063546579,1840815,120
19378,2.1486928620863672,1840910,120
19379,2.1493987580692706,1841005,120
19380,2.1492786629963465,1841100,120
19381,2.1495003661157588,1841195,120
19382,2.1484884943050968,1841290,120
19383,2.1502667432127214,1841385,120
19384,2.1511440948810083,1841480,120
19385,2.1520276178754454,1841575,120
19386,2.1517796609223954,1841670,120
19387,2.1512924993159479,1841765,120
19388,2.1516263392942188,1841860,120
19389,2.1516452080515585,1841955,120
19390,2.151188429626814,1842050,120
19391,2.1521773880677428,1842145,120
19392,2.151957589477655,1842240,120
19393,2.1517500351660317,1842335,120
19394,2.1515234009751532,1842430,120
19395,2.1516539563529382,1842525,120
19396,2.1509849098487237,1842620,120
19397,2.150854887925953,1842715,120
19398,2.149971696212964,1842810,120
19399,2.1506740749503823,1842905,120
19400,2.1498974810664553,1843000,120
19401,2.1495835595514676,1843095,120
19402,2.1505887918321602,1843190,120
19403,2.1505144388123516,1843285,120
19404,2.1500710740035647,1843380,120
19405,2.1510716142765269,1843475,120
19406,2.1506927221401888,1843570,120
19407,2.1515552938106879,1843665,120
19408,2.1515637324712462,1843760,120
19409,2.1509503400725429,1843855,120
19410,2.1508035247646498,1843950,120
19411,2.149966372131964,1844045,120
19412,2.1498207675665664,1844140,120
19413,2.1495021231041718,1844235,120
19414,2.1489149308987905,1844330,120
19415,2.1499153874924639,1844425,120
19416,2.1493203031544534,1844520,120
19417,2.1505357553518127,1844615,120
19418,2.1499945811836381,1844710,120
19419,2.1499861278889676,1844805,120
19420,2.1499092082515783,1844900,120
19421,2.1509039024457075,1844995,120
19422,2.151204101769852,1845090,120
19423,2.1516044014223206,1845185,120
19424,2.1507136339972472,1845280,120
19425,2.1501454908203339,1845375,120
19426,2.1497382839889565,1845470,120
19427,2.1492580980289113,1845565,120
19428,2.1497516447348515,1845660,120
19429,2.1505825608121714,1845755,120
19430,2.1508506866177273,1845850,120
19431,2.1521319748374728,1845945,120
19432,2.1510230387536935,1846040,120
19433,2.1518077073137913,1846135,120
19434,2.1524205250489206,1846230,120
19435,2.1530883442758442,1846325,120
19436,2.1523095004591402,1846420,120
19437,2.1523520949710937,1846515,120
19438,2.1532153411869359,1846610,120
19439,2.1529345407832534,1846705,120
19440,2.1532936518230517,1846800,120
19441,2.1520573334225048,1846895,120
19442,2.1520310126093967,1846990,120
19443,2.1516872009778316,1847085,120
19444,2.1513476871569437,1847180,120
19445,2.1515325228669844,1847275,120
19446,2.1526269821195672,1847370,120
19447,2.1530783079820885,1847465,120
19448,2.1525657979527417,1847560,120
19449,2.1525002704761964,1847655,120
19450,2.1531082418139915,1847750,120
19451,2.15304451088259,1847845,120
19452,2.1532270755242076,1847940,120
19453,2.1524415698957902,1848035,120
19454,2.1525331585693412,1848130,120
19455,2.1526913495361368,1848225,120
19456,2.1528744574527949,1848320,120
19457,2.1529299696458817,1848415,120
19458,2.1529292239670936,1848510,120
19459,2.1522387462776145,1848605,120
19460,2.1521495706862961,1848700,120
19461,2.1520414540892636,1848795,120
19462,2.1521976802046461,1848890,120
19463,2.1516994825890072,1848985,120
19464,2.1510815927020306,1849080,120
19465,2.1511065389310167,1849175,120
19466,2.1512273247581213,1849270,120
19467,2.15213647364935,1849365,120
19468,2.1512762688689184,1849460,120
19469,2.1516939963409265,1849555,120
19470,2.1508954689449329,1849650,120
19471,2.1504148241868775,1849745,120
19472,2.1519595196004864,1849840,120
19473,2.1531562685536287,1849935,120
19474,2.1526993402523176,1850030,120
19475,2.1526791706831196,1850125,120
19476,2.153017117676578,1850220,120
19477,2.1528559937697933,1850315,120
19478,2.1523061958744214,1850410,120
19479,2.1529564929058562,1850505,120
19480,2.1529472546223576,1850600,120
19481,2.1519808166074044,1850695,120
19482,2.1513125494151559,1850790,120
19483,2.151405301710978,1850885,120
19484,2.1515970476911699,1850980,120
19485,2.151032752617434,1851075,120
19486,2.150000834033055,1851170,120
19487,2.1492101721573511,1851265,120
19488,2.1487836038761379,1851360,120
19489,2.1501041703055401,1851455,120
19490,2.1497171521158647,1851550,120
19491,2.1495967812421588,1851645,120
19492,2.1493035769955444,1851740,120
19493,2.1488702491697542,1851835,120
19494,2.1491291656334881,1851930,120
19495,2.1478470140027688,1852025,120
19496,2.1480939998767039,1852120,120
19497,2.1487853070937515,1852215,120
19498,2.148754784663736,1852310,120
19499,2.1481356477616527,1852405,120
19500,2.1482123422416679,1852500,120
19501,2.1479051115249539,1852595,120
19502,2.1477792442469412,1852690,120
19503,2.1494948060848138,1852785,120
19504,2.149371486695451,1852880,120
19505,2.1486815420800354,1852975,120
19506,2.1498962939746722,1853070,120
19507,2.1494508249828925,1853165,120
19508,2.1495169638099245,1853260,120
19509,2.1491775436619043,1853355,120
19510,2.1489981376521965,1853450,120
19511,2.1487920145753425,1853545,120
19512,2.1484874745653286,1853640,120
19513,2.1479604508496459,1853735,120
19514,2.147806394144204,1853830,120
19515,2.1473374762691448,1853925,120
19516,2.147273813812189,1854020,120
19517,2.1493259805750382,1854115,120
19518,2.1490464042672892,1854210,120
19519,2.1489016754147485,1854305,120
19520,2.1485464762511746,1854400,120
19521,2.149689913825251,1854495,120
19522,2.1502174662807949,1854590,120
19523,2.1500146558127402,1854685,120
19524,2.1497198647859719,1854780,120
19525,2.1505062125343968,1854875,120
19526,2.1498042690998576,1854970,120
19527,2.1491079819116119,1855065,120
19528,2.1489223250807759,1855160,120
19529,2.1488452461233316,1855255,120
19530,2.1496403665176946,1855350,120
19531,2.1492547709497289,1855445,120
19532,2.1499267621943337,1855540,120
19533,2.1500327446570848,1855635,120
19534,2.1489935924418635,1855730,120
19535,2.1492507232622513,1855825,120
19536,2.1485435209062649,1855920,120
19537,2.1482517618790373,1856015,120
19538,2.1486593172121107,1856110,120
19539,2.1482888827798554,1856205,120
19540,2.148558585364571,1856300,120
19541,2.1494180032480092,1856395,120
19542,2.1496750846053061,1856490,120
19543,2.149987143223874,1856585,120
19544,2.1498986306337509,1856680,120
19545,2.1497479079676372,1856775,120
19546,2.1494220569946796,1856870,120
19547,2.1483026209454112,1856965,120
19548,2.1478320232489772,1857060,120
19549,2.1478254165756829,1857155,120
19550,2.1468893155340454,1857250,120
19551,2.1462466185718299,1857345,120
19552,2.1458193764332263,1857440,120
19553,2.1452879785666772,1857535,120
19554,2.1457480859690534,1857630,120
19555,2.1464031912252799,1857725,120
19556,2.1467428690212338,1857820,120
19557,2.1467817248587466,1857915,120
19558,2.1468914771756116,1858010,120
19559,2.1469431540485209,1858105,120
19560,2.1488723105396961,1858200,120
19561,2.1495764294142563,1858295,120
19562,2.1496952060105383,1858390,120
19563,2.1488996406649408,1858485,120
19564,2.1493628066884813,1858580,120
19565,2.1497437956863332,1858675,120
19566,2.1511985657995436,1858770,120
19567,2.1516917207351112,1858865,120
19568,2.1508731895449023,1858960,120
19569,2.1500801221851478,1859055,120
19570,2.1495409813078141,1859150,120
19571,2.1497842267703016,1859245,120
19572,2.1494200617627497,1859340,120
19573,2.1482614354271732,1859435,120
19574,2.1494123322848218,1859530,120
19575,2.1490558217726798,1859625,120
19576,2.1493683078586505,1859720,120
19577,2.1483191793863763,1859815,120
19578,2.1481815985577088,1859910,120
19579,2.1480099987590906,1860005,120
19580,2.1495370591590164,1860100,120
19581,2.1499475916533699,1860195,120
19582,2.15015429882187,1860290,120
19583,2.1502314075168236,1860385,120
19584,2.1503739019130945,1860480,120
19585,2.1491882171969197,1860575,120
19586,2.1499778110706407,1860670,120
19587,2.1496369670915243,1860765,120
19588,2.1494543097332111,1860860,120
19589,2.149003173525541,1860955,120
19590,2.1496446297362515,1861050,120
19591,2.1498285876164553,1861145,120
19592,2.1512685797195954,1861240,120
19593,2.1513698996527983,1861335,120
19594,2.1512077762334485,1861430,120
19595,2.1513412158878187,1861525,120
19596,2.1500102748164447,1861620,120
19597,2.1500796222338594,1861715,120
19598,2.1498928917464308,1861810,120
19599,2.1492348317530441,1861905,120
19600,2.1495290185086002,1862000,120
19601,2.1486981350091616,1862095,120
19602,2.1481053908901262,1862190,120
19603,2.1477850056801637,1862285,120
19604,2.1477864401953668,1862380,120
19605,2.1476648503345781,1862475,120
19606,2.1475446197947328,1862570,120
19607,2.1482762007483553,1862665,120
19608,2.1490553318069092,1862760,120
19609,2.1495978419262367,1862855,120
19610,2.1486654487359798,1862950,120
19611,2.1484819269814786,1863045,120
19612,2.1479279305936645,1863140,120
19613,2.1477641292193841,1863235,120
19614,2.1473147051913632,1863330,120
19615,2.147743509493794,1863425,120
19616,2.1467953976213074,1863520,120
19617,2.1472695322143536,1863615,120
19618,2.1475448103800847,1863710,120
19619,2.1472433158770405,1863805,120
19620,2.146191421270379,1863900,120
19621,2.1467460635566611,1863995,120
19622,2.1464029206687338,1864090,120
19623,2.1474312757041423,1864185,120
19624,2.146846471385174,1864280,120
19625,2.1467590595278567,1864375,120
19626,2.14690310167631,1864470,120
19627,2.146836403642522,1864565,120
19628,2.1479189055563759,1864660,120
19629,2.1480755200487094,1864755,120
19630,2.1483839472399282,1864850,120
19631,2.1482302740401078,1864945,120
19632,2.1481466285418769,1865040,120
19633,2.1477288190748749,1865135,120
19634,2.1480212213522916,1865230,120
19635,2.1476451180932044,1865325,120
19636,2.1481070603341585,1865420,120
19637,2.1475443936059126,1865515,120
19638,2.1473006782526194,1865610,120
19639,2.1477508382149146,1865705,120
19640,2.1470098811455616,1865800,120
19641,2.1459088943644322,1865895,120
19642,2.1468696193755905,1865990,120
19643,2.1471170031540634,1866085,120
19644,2.1466083332494588,1866180,120
19645,2.1465287592175186,1866275,120
19646,2.1468338470710471,1866370,120
19647,2.1480459344301188,1866465,120
19648,2.1479097404544127,1866560,120
19649,2.1473935228503751,1866655,120
19650,2.1469079327532294,1866750,120
19651,2.1475295045190159,1866845,120
19652,2.147206859977961,1866940,120
19653,2.146860341946315,1867035,120
19654,2.14588503958274,1867130,120
19655,2.1450682035563546,1867225,120
19656,2.1448662366047015,1867320,120
19657,2.1440029206043794,1867415,120
19658,2.1455571064125882,1867510,120
19659,2.1461580127765294,1867605,120
19660,2.14622946179133,1867700,120
19661,2.1465609408723494,1867795,120
19662,2.1473393778237893,1867890,120
19663,2.1483723662870786,1867985,120
19664,2.1483131009482808,1868080,120
19665,2.1485803014173568,1868175,120
19666,2.1499736002092056,1868270,120
19667,2.1493248671684344,1868365,120
19668,2.1485199972609719,1868460,120
19669,2.1483501708680683,1868555,120
19670,2.148795850406819,1868650,120
19671,2.1484960227398089,1868745,120
19672,2.1478192006707983,1868840,120
19673,2.147752540717847,1868935,120
19674,2.1467968634638721,1869030,120
19675,2.1467779053653744,1869125,120
19676,2.1470828339203845,1869220,120
19677,2.1471591165113098,1869315,120
19678,2.1467096102278016,1869410,120
19679,2.1461820157094431,1869505,120
19680,2.1457170222088959,1869600,120
19681,2.1459032669053024,1869695,120
19682,2.1466501520422816,1869790,120
19683,2.1461115058899796,1869885,120
19684,2.1455849578858515,1869980,120
19685,2.1462185098480573,1870075,120
19686,2.1462391658747597,1870170,120
19687,2.1458496079363805,1870265,120
19688,2.1467050799823784,1870360,120
19689,2.1474069306099324,1870455,120
19690,2.1477108128313565,1870550,120
19691,2.1483611317270332,1870645,120
19692,2.1475407858692397,1870740,120
19693,2.1473840689957489,1870835,120
19694,2.1474968673006698,1870930,120
19695,2.1480018844717708,1871025,120
19696,2.147573985006646,1871120,120
19697,2.1479356547517292,1871215,120
19698,2.1474918439192088,1871310,120
19699,2.1473688512196918,1871405,120
19700,2.1474485259318254,1871500,120
19701,2.1481506790118057,1871595,120
19702,2.1487414763165611,1871690,120
19703,2.1493105294418258,1871785,120
19704,2.1487418330196077,1871880,120
19705,2.1493886513190108,1871975,120
19706,2.1501822251941594,1872070,120
19707,2.1496706814375606,1872165,120
19708,2.1490499930500722,1872260,120
19709,2.1486633321537978,1872355,120
19710,2.1481513700646953,1872450,120
19711,2.1476028859697958,1872545,120
19712,2.1480897979023115,1872640,120
19713,2.1478449479865622,1872735,120
19714,2.1475180227668309,1872830,120
19715,2.1471348791409408,1872925,120
19716,2.1468749356560739,1873020,120
19717,2.1464494080666592,1873115,120
19718,2.1467119524650169,1873210,120
19719,2.1466027292269882,1873305,120
19720,2.1467512176384043,1873400,120
19721,2.1458153826861572,1873495,120
19722,2.1455226617562877,1873590,120
19723,2.1462719024576948,1873685,120
19724,2.1460453125713612,1873780,120
19725,2.1465348961543222,1873875,120
19726,2.1470544221227983,1873970,120
19727,2.1472117834723599,1874065,120
19728,2.1469593991961142,1874160,120
19729,2.1460958254750211,1874255,120
19730,2.1467643126574014,1874350,120
19731,2.1455615296123489,1874445,120
19732,2.1450416046581533,1874540,120
19733,2.1448817805003495,1874635,120
19734,2.1451337977329739,1874730,120
19735,2.1454272407920758,1874825,120
19736,2.1452436253370402,1874920,120
19737,2.1444478031353635,1875015,120
19738,2.1447536874093509,1875110,120
19739,2.1450251917954608,1875205,120
19740,2.1451064936124027,1875300,120
19741,2.1441345325690246,1875395,120
19742,2.144208791382948,1875490,120
19743,2.1440077851097024,1875585,120
19744,2.1454543088051068,1875680,120
19745,2.1449314237708075,1875775,120
19746,2.1455775721625958,1875870,120
19747,2.1452744115637388,1875965,120
19748,2.1448288353433513,1876060,120
19749,2.144884630318713,1876155,120
19750,2.1448620986427289,1876250,120
19751,2.1446366992086094,1876345,120
19752,2.1457850750185594,1876440,120
19753,2.1457023011167524,1876535,120
19754,2.1463786408844321,1876630,120
19755,2.1477023445903671,1876725,120
19756,2.1474914428706309,1876820,120
19757,2.1470984830865807,1876915,120
19758,2.1472928629664079,1877010,120
19759,2.1474508294778412,1877105,120
19760,2.1475283065962931,1877200,120
19761,2.1469324415582083,1877295,120
19762,2.1467638429904792,1877390,120
19763,2.14602428724467,1877485,120
19764,2.1466624244083681,1877580,120
19765,2.1476812487564021,1877675,120
19766,2.1476284839642226,1877770,120
19767,2.147603041293153,1877865,120
19768,2.1485249368846024,1877960,120
19769,2.1507351050393804,1878055,120
19770,2.1499517517883957,1878150,120
19771,2.1513003045346042,1878245,120
19772,2.1506132220348269,1878340,120
19773,2.1497518695747937,1878435,120
19774,2.1496519611182712,1878530,120
19775,2.1502251294469343,1878625,120
19776,2.1510884898110638,1878720,120
19777,2.152351795942419,1878815,120
19778,2.1517001516051697,1878910,120
19779,2.1517606866337462,1879005,120
19780,2.1523992464740829,1879100,120
19781,2.1513342232046559,1879195,120
19782,2.1522362667559443,1879290,120
19783,2.1522511401469249,1879385,120
19784,2.1520434975827687,1879480,120
19785,2.1522236708551805,1879575,120
19786,2.1515587552138542,1879670,120
19787,2.1516075051453289,1879765,120
19788,2.1514705099822793,1879860,120
19789,2.1514370392755962,1879955,120
19790,2.1506861676227786,1880050,120
19791,2.1512075194221105,1880145,120
19792,2.1517004005667202,1880240,120
19793,2.1507635569344425,1880335,120
19794,2.1509457713313496,1880430,120
19795,2.151254505962648,1880525,120
19796,2.1510272810487581,1880620,120
19797,2.1509565142521332,1880715,120
19798,2.1521670528464218,1880810,120
19799,2.1514134573906345,1880905,120
19800,2.1511359409100339,1881000,120
19801,2.1509530111642565,1881095,120
19802,2.1506465486046547,1881190,120
19803,2.1502539627691428,1881285,120
19804,2.1513614987912875,1881380,120
19805,2.151213202584803,1881475,120
19806,2.1516007677958573,1881570,120
19807,2.1516814397877728,1881665,120
19808,2.1518058700618088,1881760,120
19809,2.1519038446717542,1881855,120
19810,2.1513087435075939,1881950,120
19811,2.1510933853416119,1882045,120
19812,2.1516522622180343,1882140,120
19813,2.1531346855651829,1882235,120
19814,2.1548861568009676,1882330,120
19815,2.1545738751421761,1882425,120
19816,2.1544776878512404,1882520,120
19817,2.1546271826314354,1882615,120
19818,2.1553497771999388,1882710,120
19819,2.156402036043092,1882805,120
19820,2.1557699452942627,1882900,120
19821,2.1562998740179835,1882995,120
19822,2.1559730890155593,1883090,120
19823,2.1554043086495116,1883185,120
19824,2.1545038153746932,1883280,120
19825,2.1543627691869887,1883375,120
19826,2.1548464818329527,1883470,120
19827,2.1547162527509856,1883565,120
19828,2.1539948377052807,1883660,120
19829,2.1548603382219333,1883755,120
19830,2.1549550176149386,1883850,120
19831,2.1545393048703527,1883945,120
19832,2.1537685090019605,1884040,120
19833,2.1530931880392021,1884135,120
19834,2.1540204809138102,1884230,120
19835,2.1549530050944101,1884325,120
19836,2.155473107385486,1884420,120
19837,2.1552876785246662,1884515,120
19838,2.1553686422255383,1884610,120
19839,2.1548099534236429,1884705,120
19840,2.1538958625199438,1884800,120
19841,2.1539253209692721,1884895,120
19842,2.1540987278745609,1884990,120
19843,2.1534822395200726,1885085,120
19844,2.1534656831673145,1885180,120
19845,2.1541323860590391,1885275,120
19846,2.1528883525426949,1885370,120
19847,2.1542354595173681,1885465,120
19848,2.1546232799713869,1885560,120
19849,2.1562916834229369,1885655,120
19850,2.1559353869681623,1885750,120
19851,2.1557366381063936,1885845,120
19852,2.1549973859484743,1885940,120
19853,2.1561165046132338,1886035,120
19854,2.1571663510811021,1886130,120
19855,2.1571430788558605,1886225,120
19856,2.1563769274134219,1886320,120
19857,2.1565025589082447,1886415,120
19858,2.1566319122465742,1886510,120
19859,2.1567995013517485,1886605,120
19860,2.1584864437693909,1886700,120
19861,2.1588370861973676,1886795,120
19862,2.1586372821031472,1886890,120
19863,2.1584141673700969,1886985,120
19864,2.15758115986181,1887080,120
19865,2.1585999740752602,1887175,120
19866,2.1575781356404824,1887270,120
19867,2.1577634836991253,1887365,120
19868,2.158070031235138,1887460,120
19869,2.1578464686295296,1887555,120
19870,2.1575093901623874,1887650,120
19871,2.1580315289478249,1887745,120
19872,2.1569344179556107,1887840,120
19873,2.1578297964284339,1887935,120
19874,2.1583380888234687,1888030,120
19875,2.157996423084239,1888125,120
19876,2.1583155188976493,1888220,120
19877,2.1594819280598099,1888315,120
19878,2.1607690326247746,1888410,120
19879,2.1602321925099406,1888505,120
19880,2.1612530063512305,1888600,120
19881,2.1613026620865812,1888695,120
19882,2.1618417598151005,1888790,120
19883,2.1622574902020064,1888885,120
19884,2.1619032144813506,1888980,120
19885,2.1629389853022953,1889075,120
19886,2.1628293703869077,1889170,120
19887,2.1643325704733485,1889265,120
19888,2.1639689299523082,1889360,120
19889,2.1632381274810837,1889455,120
19890,2.1630918033624362,1889550,120
19891,2.1627144356069836,1889645,120
19892,2.161832782429451,1889740,120
19893,2.1616682639836675,1889835,120
19894,2.1632125443937382,1889930,120
19895,2.1632402300936975,1890025,120
19896,2.164269414381812,1890120,120
19897,2.1637423373605156,1890215,120
19898,2.1633810548681756,1890310,120
19899,2.1632673004770493,1890405,120
19900,2.1628619863389744,1890500,120
19901,2.1627747544829643,1890595,120
19902,2.1637798240159416,1890690,120
19903,2.1642723145923664,1890785,120
19904,2.1643318314863813,1890880,120
19905,2.1644245007138201,1890975,120
19906,2.1635690631440854,1891070,120
19907,2.1635644843364203,1891165,120
19908,2.1635152386938472,1891260,120
19909,2.1635250872950595,1891355,120
19910,2.1628485081547302,1891450,120
19911,2.1628253958937842,1891545,120
19912,2.1627213037002186,1891640,120
19913,2.1625447770991579,1891735,120
19914,2.1636455415148177,1891830,120
19915,2.1630963300120016,1891925,120
19916,2.1631534941675037,1892020,120
19917,2.1628593363854822,1892115,120
19918,2.1619598671188585,1892210,120
19919,2.1619803336169108,1892305,120
19920,2.1617323144795328,1892400,120
19921,2.160736952963203,1892495,120
19922,2.1616113078231836,1892590,120
19923,2.1615160623583201,1892685,120
19924,2.1612226874714353,1892780,120
19925,2.1607715378889125,1892875,120
19926,2.16250302391837,1892970,120
19927,2.1613265820553278,1893065,120
19928,2.1606678338635223,1893160,120
19929,2.1618055902115336,1893255,120
19930,2.1612581188002049,1893350,120
19931,2.1614409484922992,1893445,120
19932,2.1606412643606188,1893540,120
19933,2.1599531563355803,1893635,120
19934,2.1608481280246616,1893730,120
19935,2.1615385894240933,1893825,120
19936,2.1616502118245271,1893920,120
19937,2.1615361534402471,1894015,120
19938,2.1612772845646364,1894110,120
19939,2.1613336609352207,1894205,120
19940,2.1606186657211301,1894300,120
19941,2.1606866823096622,1894395,120
19942,2.1603921060339162,1894490,120
19943,2.1609901053280973,1894585,120
19944,2.1617616269201392,1894680,120
19945,2.1617158007893678,1894775,120
19946,2.1612335901393323,1894870,120
19947,2.1605433930022722,1894965,120
19948,2.1594882061723655,1895060,120
19949,2.1602318233705931,1895155,120
19950,2.159821632224614,1895250,120
19951,2.159395433275034,1895345,120
19952,2.1598182782785944,1895440,120
19953,2.1609887550594684,1895535,120
19954,2.1604568929892833,1895630,120
19955,2.1595072329262242,1895725,120
19956,2.160627141917387,1895820,120
19957,2.1615292407275843,1895915,120
19958,2.162048017589377,1896010,120
19959,2.1611508632209566,1896105,120
19960,2.1615348643559074,1896200,120
19961,2.1612371084152397,1896295,120
19962,2.1600288673194994,1896390,120
19963,2.1617365396315269,1896485,120
19964,2.1608176375815731,1896580,120
19965,2.1624738830333832,1896675,120
19966,2.1615994758487922,1896770,120
19967,2.161018713026972,1896865,120
19968,2.1598050258484629,1896960,120
19969,2.1596846604276845,1897055,120
19970,2.1594849636058884,1897150,120
19971,2.1592440721878852,1897245,120
19972,2.1584691580304973,1897340,120
19973,2.1575056789789158,1897435,120
19974,2.1572763285804584,1897530,120
19975,2.1571770855228913,1897625,120
19976,2.1577573319634418,1897720,120
19977,2.1576237809923486,1897815,120
19978,2.1577042712981083,1897910,120
19979,2.1567639432256476,1898005,120
19980,2.1576680953029022,1898100,120
19981,2.1583463862268846,1898195,120
19982,2.1599638451587264,1898290,120
19983,2.1602830983680055,1898385,120
19984,2.1602101672921652,1898480,120
19985,2.1595715292881308,1898575,120
19986,2.1594734156785305,1898670,120
19987,2.1584434431031343,1898765,120
19988,2.1597176786673837,1898860,120
19989,2.1590568648451387,1898955,120
19990,2.1597185319391774,1899050,120
19991,2.1597794640453483,1899145,120
19992,2.1600175580191623,1899240,120
19993,2.1596737981478205,1899335,120
19994,2.1607887675618431,1899430,120
19995,2.1599002049204321,1899525,120
19996,2.1604412093353225,1899620,120
19997,2.1602838748479196,1899715,120
19998,2.1605107572481272,1899810,120
19999,2.160151390615761,1899905,120
20000,2.1606572542469085,1900000,120
